schema_version,source_workbook,source_workbook_sha256,source_sheet,source_range,extraction_date,units,cell,formula_json,cached_value_json,cell_data_type
1.0.0,"Таблица по подбору сечений теплых ангаров пролетами 9м, 12м, 15м, 18м, 21м, 24м версия 1,5.xlsx",0271b96c6fe725d3e50ad7891401958322a5ae97866bb0bf8cb190bc4bbeff3f,вывод,"O6:O11,AP1:AZ63",2026-09-16,deck key; step mm where labelled,O6,null,"""С44-1000-0,5""",s
1.0.0,"Таблица по подбору сечений теплых ангаров пролетами 9м, 12м, 15м, 18м, 21м, 24м версия 1,5.xlsx",0271b96c6fe725d3e50ad7891401958322a5ae97866bb0bf8cb190bc4bbeff3f,вывод,"O6:O11,AP1:AZ63",2026-09-16,deck key; step mm where labelled,O7,null,"""С44-1000-0,7""",s
1.0.0,"Таблица по подбору сечений теплых ангаров пролетами 9м, 12м, 15м, 18м, 21м, 24м версия 1,5.xlsx",0271b96c6fe725d3e50ad7891401958322a5ae97866bb0bf8cb190bc4bbeff3f,вывод,"O6:O11,AP1:AZ63",2026-09-16,deck key; step mm where labelled,O8,null,"""Н60-845-0,7""",s
1.0.0,"Таблица по подбору сечений теплых ангаров пролетами 9м, 12м, 15м, 18м, 21м, 24м версия 1,5.xlsx",0271b96c6fe725d3e50ad7891401958322a5ae97866bb0bf8cb190bc4bbeff3f,вывод,"O6:O11,AP1:AZ63",2026-09-16,deck key; step mm where labelled,O9,null,"""Н60-845-0,8""",s
1.0.0,"Таблица по подбору сечений теплых ангаров пролетами 9м, 12м, 15м, 18м, 21м, 24м версия 1,5.xlsx",0271b96c6fe725d3e50ad7891401958322a5ae97866bb0bf8cb190bc4bbeff3f,вывод,"O6:O11,AP1:AZ63",2026-09-16,deck key; step mm where labelled,O10,null,null,n
1.0.0,"Таблица по подбору сечений теплых ангаров пролетами 9м, 12м, 15м, 18м, 21м, 24м версия 1,5.xlsx",0271b96c6fe725d3e50ad7891401958322a5ae97866bb0bf8cb190bc4bbeff3f,вывод,"O6:O11,AP1:AZ63",2026-09-16,deck key; step mm where labelled,O11,null,null,n
1.0.0,"Таблица по подбору сечений теплых ангаров пролетами 9м, 12м, 15м, 18м, 21м, 24м версия 1,5.xlsx",0271b96c6fe725d3e50ad7891401958322a5ae97866bb0bf8cb190bc4bbeff3f,вывод,"O6:O11,AP1:AZ63",2026-09-16,deck key; step mm where labelled,AP1,null,null,n
1.0.0,"Таблица по подбору сечений теплых ангаров пролетами 9м, 12м, 15м, 18м, 21м, 24м версия 1,5.xlsx",0271b96c6fe725d3e50ad7891401958322a5ae97866bb0bf8cb190bc4bbeff3f,вывод,"O6:O11,AP1:AZ63",2026-09-16,deck key; step mm where labelled,AQ1,null,null,n
1.0.0,"Таблица по подбору сечений теплых ангаров пролетами 9м, 12м, 15м, 18м, 21м, 24м версия 1,5.xlsx",0271b96c6fe725d3e50ad7891401958322a5ae97866bb0bf8cb190bc4bbeff3f,вывод,"O6:O11,AP1:AZ63",2026-09-16,deck key; step mm where labelled,AR1,null,null,n
1.0.0,"Таблица по подбору сечений теплых ангаров пролетами 9м, 12м, 15м, 18м, 21м, 24м версия 1,5.xlsx",0271b96c6fe725d3e50ad7891401958322a5ae97866bb0bf8cb190bc4bbeff3f,вывод,"O6:O11,AP1:AZ63",2026-09-16,deck key; step mm where labelled,AS1,null,null,n
1.0.0,"Таблица по подбору сечений теплых ангаров пролетами 9м, 12м, 15м, 18м, 21м, 24м версия 1,5.xlsx",0271b96c6fe725d3e50ad7891401958322a5ae97866bb0bf8cb190bc4bbeff3f,вывод,"O6:O11,AP1:AZ63",2026-09-16,deck key; step mm where labelled,AT1,null,null,n
1.0.0,"Таблица по подбору сечений теплых ангаров пролетами 9м, 12м, 15м, 18м, 21м, 24м версия 1,5.xlsx",0271b96c6fe725d3e50ad7891401958322a5ae97866bb0bf8cb190bc4bbeff3f,вывод,"O6:O11,AP1:AZ63",2026-09-16,deck key; step mm where labelled,AU1,null,null,n
1.0.0,"Таблица по подбору сечений теплых ангаров пролетами 9м, 12м, 15м, 18м, 21м, 24м версия 1,5.xlsx",0271b96c6fe725d3e50ad7891401958322a5ae97866bb0bf8cb190bc4bbeff3f,вывод,"O6:O11,AP1:AZ63",2026-09-16,deck key; step mm where labelled,AV1,null,null,n
1.0.0,"Таблица по подбору сечений теплых ангаров пролетами 9м, 12м, 15м, 18м, 21м, 24м версия 1,5.xlsx",0271b96c6fe725d3e50ad7891401958322a5ae97866bb0bf8cb190bc4bbeff3f,вывод,"O6:O11,AP1:AZ63",2026-09-16,deck key; step mm where labelled,AW1,null,null,n
1.0.0,"Таблица по подбору сечений теплых ангаров пролетами 9м, 12м, 15м, 18м, 21м, 24м версия 1,5.xlsx",0271b96c6fe725d3e50ad7891401958322a5ae97866bb0bf8cb190bc4bbeff3f,вывод,"O6:O11,AP1:AZ63",2026-09-16,deck key; step mm where labelled,AX1,null,null,n
1.0.0,"Таблица по подбору сечений теплых ангаров пролетами 9м, 12м, 15м, 18м, 21м, 24м версия 1,5.xlsx",0271b96c6fe725d3e50ad7891401958322a5ae97866bb0bf8cb190bc4bbeff3f,вывод,"O6:O11,AP1:AZ63",2026-09-16,deck key; step mm where labelled,AY1,null,null,n
1.0.0,"Таблица по подбору сечений теплых ангаров пролетами 9м, 12м, 15м, 18м, 21м, 24м версия 1,5.xlsx",0271b96c6fe725d3e50ad7891401958322a5ae97866bb0bf8cb190bc4bbeff3f,вывод,"O6:O11,AP1:AZ63",2026-09-16,deck key; step mm where labelled,AZ1,null,null,n
1.0.0,"Таблица по подбору сечений теплых ангаров пролетами 9м, 12м, 15м, 18м, 21м, 24м версия 1,5.xlsx",0271b96c6fe725d3e50ad7891401958322a5ae97866bb0bf8cb190bc4bbeff3f,вывод,"O6:O11,AP1:AZ63",2026-09-16,deck key; step mm where labelled,AP2,null,null,n
1.0.0,"Таблица по подбору сечений теплых ангаров пролетами 9м, 12м, 15м, 18м, 21м, 24м версия 1,5.xlsx",0271b96c6fe725d3e50ad7891401958322a5ae97866bb0bf8cb190bc4bbeff3f,вывод,"O6:O11,AP1:AZ63",2026-09-16,deck key; step mm where labelled,AQ2,null,null,n
1.0.0,"Таблица по подбору сечений теплых ангаров пролетами 9м, 12м, 15м, 18м, 21м, 24м версия 1,5.xlsx",0271b96c6fe725d3e50ad7891401958322a5ae97866bb0bf8cb190bc4bbeff3f,вывод,"O6:O11,AP1:AZ63",2026-09-16,deck key; step mm where labelled,AR2,null,null,n
1.0.0,"Таблица по подбору сечений теплых ангаров пролетами 9м, 12м, 15м, 18м, 21м, 24м версия 1,5.xlsx",0271b96c6fe725d3e50ad7891401958322a5ae97866bb0bf8cb190bc4bbeff3f,вывод,"O6:O11,AP1:AZ63",2026-09-16,deck key; step mm where labelled,AS2,null,null,n
1.0.0,"Таблица по подбору сечений теплых ангаров пролетами 9м, 12м, 15м, 18м, 21м, 24м версия 1,5.xlsx",0271b96c6fe725d3e50ad7891401958322a5ae97866bb0bf8cb190bc4bbeff3f,вывод,"O6:O11,AP1:AZ63",2026-09-16,deck key; step mm where labelled,AT2,null,null,n
1.0.0,"Таблица по подбору сечений теплых ангаров пролетами 9м, 12м, 15м, 18м, 21м, 24м версия 1,5.xlsx",0271b96c6fe725d3e50ad7891401958322a5ae97866bb0bf8cb190bc4bbeff3f,вывод,"O6:O11,AP1:AZ63",2026-09-16,deck key; step mm where labelled,AU2,null,null,n
1.0.0,"Таблица по подбору сечений теплых ангаров пролетами 9м, 12м, 15м, 18м, 21м, 24м версия 1,5.xlsx",0271b96c6fe725d3e50ad7891401958322a5ae97866bb0bf8cb190bc4bbeff3f,вывод,"O6:O11,AP1:AZ63",2026-09-16,deck key; step mm where labelled,AV2,null,null,n
1.0.0,"Таблица по подбору сечений теплых ангаров пролетами 9м, 12м, 15м, 18м, 21м, 24м версия 1,5.xlsx",0271b96c6fe725d3e50ad7891401958322a5ae97866bb0bf8cb190bc4bbeff3f,вывод,"O6:O11,AP1:AZ63",2026-09-16,deck key; step mm where labelled,AW2,null,null,n
1.0.0,"Таблица по подбору сечений теплых ангаров пролетами 9м, 12м, 15м, 18м, 21м, 24м версия 1,5.xlsx",0271b96c6fe725d3e50ad7891401958322a5ae97866bb0bf8cb190bc4bbeff3f,вывод,"O6:O11,AP1:AZ63",2026-09-16,deck key; step mm where labelled,AX2,null,null,n
1.0.0,"Таблица по подбору сечений теплых ангаров пролетами 9м, 12м, 15м, 18м, 21м, 24м версия 1,5.xlsx",0271b96c6fe725d3e50ad7891401958322a5ae97866bb0bf8cb190bc4bbeff3f,вывод,"O6:O11,AP1:AZ63",2026-09-16,deck key; step mm where labelled,AY2,null,null,n
1.0.0,"Таблица по подбору сечений теплых ангаров пролетами 9м, 12м, 15м, 18м, 21м, 24м версия 1,5.xlsx",0271b96c6fe725d3e50ad7891401958322a5ae97866bb0bf8cb190bc4bbeff3f,вывод,"O6:O11,AP1:AZ63",2026-09-16,deck key; step mm where labelled,AZ2,null,null,n
1.0.0,"Таблица по подбору сечений теплых ангаров пролетами 9м, 12м, 15м, 18м, 21м, 24м версия 1,5.xlsx",0271b96c6fe725d3e50ad7891401958322a5ae97866bb0bf8cb190bc4bbeff3f,вывод,"O6:O11,AP1:AZ63",2026-09-16,deck key; step mm where labelled,AP3,null,null,n
1.0.0,"Таблица по подбору сечений теплых ангаров пролетами 9м, 12м, 15м, 18м, 21м, 24м версия 1,5.xlsx",0271b96c6fe725d3e50ad7891401958322a5ae97866bb0bf8cb190bc4bbeff3f,вывод,"O6:O11,AP1:AZ63",2026-09-16,deck key; step mm where labelled,AQ3,null,null,n
1.0.0,"Таблица по подбору сечений теплых ангаров пролетами 9м, 12м, 15м, 18м, 21м, 24м версия 1,5.xlsx",0271b96c6fe725d3e50ad7891401958322a5ae97866bb0bf8cb190bc4bbeff3f,вывод,"O6:O11,AP1:AZ63",2026-09-16,deck key; step mm where labelled,AR3,null,null,n
1.0.0,"Таблица по подбору сечений теплых ангаров пролетами 9м, 12м, 15м, 18м, 21м, 24м версия 1,5.xlsx",0271b96c6fe725d3e50ad7891401958322a5ae97866bb0bf8cb190bc4bbeff3f,вывод,"O6:O11,AP1:AZ63",2026-09-16,deck key; step mm where labelled,AS3,null,null,n
1.0.0,"Таблица по подбору сечений теплых ангаров пролетами 9м, 12м, 15м, 18м, 21м, 24м версия 1,5.xlsx",0271b96c6fe725d3e50ad7891401958322a5ae97866bb0bf8cb190bc4bbeff3f,вывод,"O6:O11,AP1:AZ63",2026-09-16,deck key; step mm where labelled,AT3,null,null,n
1.0.0,"Таблица по подбору сечений теплых ангаров пролетами 9м, 12м, 15м, 18м, 21м, 24м версия 1,5.xlsx",0271b96c6fe725d3e50ad7891401958322a5ae97866bb0bf8cb190bc4bbeff3f,вывод,"O6:O11,AP1:AZ63",2026-09-16,deck key; step mm where labelled,AU3,null,null,n
1.0.0,"Таблица по подбору сечений теплых ангаров пролетами 9м, 12м, 15м, 18м, 21м, 24м версия 1,5.xlsx",0271b96c6fe725d3e50ad7891401958322a5ae97866bb0bf8cb190bc4bbeff3f,вывод,"O6:O11,AP1:AZ63",2026-09-16,deck key; step mm where labelled,AV3,null,null,n
1.0.0,"Таблица по подбору сечений теплых ангаров пролетами 9м, 12м, 15м, 18м, 21м, 24м версия 1,5.xlsx",0271b96c6fe725d3e50ad7891401958322a5ae97866bb0bf8cb190bc4bbeff3f,вывод,"O6:O11,AP1:AZ63",2026-09-16,deck key; step mm where labelled,AW3,null,null,n
1.0.0,"Таблица по подбору сечений теплых ангаров пролетами 9м, 12м, 15м, 18м, 21м, 24м версия 1,5.xlsx",0271b96c6fe725d3e50ad7891401958322a5ae97866bb0bf8cb190bc4bbeff3f,вывод,"O6:O11,AP1:AZ63",2026-09-16,deck key; step mm where labelled,AX3,null,null,n
1.0.0,"Таблица по подбору сечений теплых ангаров пролетами 9м, 12м, 15м, 18м, 21м, 24м версия 1,5.xlsx",0271b96c6fe725d3e50ad7891401958322a5ae97866bb0bf8cb190bc4bbeff3f,вывод,"O6:O11,AP1:AZ63",2026-09-16,deck key; step mm where labelled,AY3,null,null,n
1.0.0,"Таблица по подбору сечений теплых ангаров пролетами 9м, 12м, 15м, 18м, 21м, 24м версия 1,5.xlsx",0271b96c6fe725d3e50ad7891401958322a5ae97866bb0bf8cb190bc4bbeff3f,вывод,"O6:O11,AP1:AZ63",2026-09-16,deck key; step mm where labelled,AZ3,null,null,n
1.0.0,"Таблица по подбору сечений теплых ангаров пролетами 9м, 12м, 15м, 18м, 21м, 24м версия 1,5.xlsx",0271b96c6fe725d3e50ad7891401958322a5ae97866bb0bf8cb190bc4bbeff3f,вывод,"O6:O11,AP1:AZ63",2026-09-16,deck key; step mm where labelled,AP4,null,null,n
1.0.0,"Таблица по подбору сечений теплых ангаров пролетами 9м, 12м, 15м, 18м, 21м, 24м версия 1,5.xlsx",0271b96c6fe725d3e50ad7891401958322a5ae97866bb0bf8cb190bc4bbeff3f,вывод,"O6:O11,AP1:AZ63",2026-09-16,deck key; step mm where labelled,AQ4,null,null,n
1.0.0,"Таблица по подбору сечений теплых ангаров пролетами 9м, 12м, 15м, 18м, 21м, 24м версия 1,5.xlsx",0271b96c6fe725d3e50ad7891401958322a5ae97866bb0bf8cb190bc4bbeff3f,вывод,"O6:O11,AP1:AZ63",2026-09-16,deck key; step mm where labelled,AR4,null,null,n
1.0.0,"Таблица по подбору сечений теплых ангаров пролетами 9м, 12м, 15м, 18м, 21м, 24м версия 1,5.xlsx",0271b96c6fe725d3e50ad7891401958322a5ae97866bb0bf8cb190bc4bbeff3f,вывод,"O6:O11,AP1:AZ63",2026-09-16,deck key; step mm where labelled,AS4,null,null,n
1.0.0,"Таблица по подбору сечений теплых ангаров пролетами 9м, 12м, 15м, 18м, 21м, 24м версия 1,5.xlsx",0271b96c6fe725d3e50ad7891401958322a5ae97866bb0bf8cb190bc4bbeff3f,вывод,"O6:O11,AP1:AZ63",2026-09-16,deck key; step mm where labelled,AT4,null,null,n
1.0.0,"Таблица по подбору сечений теплых ангаров пролетами 9м, 12м, 15м, 18м, 21м, 24м версия 1,5.xlsx",0271b96c6fe725d3e50ad7891401958322a5ae97866bb0bf8cb190bc4bbeff3f,вывод,"O6:O11,AP1:AZ63",2026-09-16,deck key; step mm where labelled,AU4,null,null,n
1.0.0,"Таблица по подбору сечений теплых ангаров пролетами 9м, 12м, 15м, 18м, 21м, 24м версия 1,5.xlsx",0271b96c6fe725d3e50ad7891401958322a5ae97866bb0bf8cb190bc4bbeff3f,вывод,"O6:O11,AP1:AZ63",2026-09-16,deck key; step mm where labelled,AV4,null,null,n
1.0.0,"Таблица по подбору сечений теплых ангаров пролетами 9м, 12м, 15м, 18м, 21м, 24м версия 1,5.xlsx",0271b96c6fe725d3e50ad7891401958322a5ae97866bb0bf8cb190bc4bbeff3f,вывод,"O6:O11,AP1:AZ63",2026-09-16,deck key; step mm where labelled,AW4,null,null,n
1.0.0,"Таблица по подбору сечений теплых ангаров пролетами 9м, 12м, 15м, 18м, 21м, 24м версия 1,5.xlsx",0271b96c6fe725d3e50ad7891401958322a5ae97866bb0bf8cb190bc4bbeff3f,вывод,"O6:O11,AP1:AZ63",2026-09-16,deck key; step mm where labelled,AX4,null,null,n
1.0.0,"Таблица по подбору сечений теплых ангаров пролетами 9м, 12м, 15м, 18м, 21м, 24м версия 1,5.xlsx",0271b96c6fe725d3e50ad7891401958322a5ae97866bb0bf8cb190bc4bbeff3f,вывод,"O6:O11,AP1:AZ63",2026-09-16,deck key; step mm where labelled,AY4,null,null,n
1.0.0,"Таблица по подбору сечений теплых ангаров пролетами 9м, 12м, 15м, 18м, 21м, 24м версия 1,5.xlsx",0271b96c6fe725d3e50ad7891401958322a5ae97866bb0bf8cb190bc4bbeff3f,вывод,"O6:O11,AP1:AZ63",2026-09-16,deck key; step mm where labelled,AZ4,null,null,n
1.0.0,"Таблица по подбору сечений теплых ангаров пролетами 9м, 12м, 15м, 18м, 21м, 24м версия 1,5.xlsx",0271b96c6fe725d3e50ad7891401958322a5ae97866bb0bf8cb190bc4bbeff3f,вывод,"O6:O11,AP1:AZ63",2026-09-16,deck key; step mm where labelled,AP5,null,null,n
1.0.0,"Таблица по подбору сечений теплых ангаров пролетами 9м, 12м, 15м, 18м, 21м, 24м версия 1,5.xlsx",0271b96c6fe725d3e50ad7891401958322a5ae97866bb0bf8cb190bc4bbeff3f,вывод,"O6:O11,AP1:AZ63",2026-09-16,deck key; step mm where labelled,AQ5,null,null,n
1.0.0,"Таблица по подбору сечений теплых ангаров пролетами 9м, 12м, 15м, 18м, 21м, 24м версия 1,5.xlsx",0271b96c6fe725d3e50ad7891401958322a5ae97866bb0bf8cb190bc4bbeff3f,вывод,"O6:O11,AP1:AZ63",2026-09-16,deck key; step mm where labelled,AR5,null,null,n
1.0.0,"Таблица по подбору сечений теплых ангаров пролетами 9м, 12м, 15м, 18м, 21м, 24м версия 1,5.xlsx",0271b96c6fe725d3e50ad7891401958322a5ae97866bb0bf8cb190bc4bbeff3f,вывод,"O6:O11,AP1:AZ63",2026-09-16,deck key; step mm where labelled,AS5,null,null,n
1.0.0,"Таблица по подбору сечений теплых ангаров пролетами 9м, 12м, 15м, 18м, 21м, 24м версия 1,5.xlsx",0271b96c6fe725d3e50ad7891401958322a5ae97866bb0bf8cb190bc4bbeff3f,вывод,"O6:O11,AP1:AZ63",2026-09-16,deck key; step mm where labelled,AT5,null,null,n
1.0.0,"Таблица по подбору сечений теплых ангаров пролетами 9м, 12м, 15м, 18м, 21м, 24м версия 1,5.xlsx",0271b96c6fe725d3e50ad7891401958322a5ae97866bb0bf8cb190bc4bbeff3f,вывод,"O6:O11,AP1:AZ63",2026-09-16,deck key; step mm where labelled,AU5,null,null,n
1.0.0,"Таблица по подбору сечений теплых ангаров пролетами 9м, 12м, 15м, 18м, 21м, 24м версия 1,5.xlsx",0271b96c6fe725d3e50ad7891401958322a5ae97866bb0bf8cb190bc4bbeff3f,вывод,"O6:O11,AP1:AZ63",2026-09-16,deck key; step mm where labelled,AV5,null,null,n
1.0.0,"Таблица по подбору сечений теплых ангаров пролетами 9м, 12м, 15м, 18м, 21м, 24м версия 1,5.xlsx",0271b96c6fe725d3e50ad7891401958322a5ae97866bb0bf8cb190bc4bbeff3f,вывод,"O6:O11,AP1:AZ63",2026-09-16,deck key; step mm where labelled,AW5,null,null,n
1.0.0,"Таблица по подбору сечений теплых ангаров пролетами 9м, 12м, 15м, 18м, 21м, 24м версия 1,5.xlsx",0271b96c6fe725d3e50ad7891401958322a5ae97866bb0bf8cb190bc4bbeff3f,вывод,"O6:O11,AP1:AZ63",2026-09-16,deck key; step mm where labelled,AX5,null,null,n
1.0.0,"Таблица по подбору сечений теплых ангаров пролетами 9м, 12м, 15м, 18м, 21м, 24м версия 1,5.xlsx",0271b96c6fe725d3e50ad7891401958322a5ae97866bb0bf8cb190bc4bbeff3f,вывод,"O6:O11,AP1:AZ63",2026-09-16,deck key; step mm where labelled,AY5,null,null,n
1.0.0,"Таблица по подбору сечений теплых ангаров пролетами 9м, 12м, 15м, 18м, 21м, 24м версия 1,5.xlsx",0271b96c6fe725d3e50ad7891401958322a5ae97866bb0bf8cb190bc4bbeff3f,вывод,"O6:O11,AP1:AZ63",2026-09-16,deck key; step mm where labelled,AZ5,null,null,n
1.0.0,"Таблица по подбору сечений теплых ангаров пролетами 9м, 12м, 15м, 18м, 21м, 24м версия 1,5.xlsx",0271b96c6fe725d3e50ad7891401958322a5ae97866bb0bf8cb190bc4bbeff3f,вывод,"O6:O11,AP1:AZ63",2026-09-16,deck key; step mm where labelled,AP6,null,null,n
1.0.0,"Таблица по подбору сечений теплых ангаров пролетами 9м, 12м, 15м, 18м, 21м, 24м версия 1,5.xlsx",0271b96c6fe725d3e50ad7891401958322a5ae97866bb0bf8cb190bc4bbeff3f,вывод,"O6:O11,AP1:AZ63",2026-09-16,deck key; step mm where labelled,AQ6,null,null,n
1.0.0,"Таблица по подбору сечений теплых ангаров пролетами 9м, 12м, 15м, 18м, 21м, 24м версия 1,5.xlsx",0271b96c6fe725d3e50ad7891401958322a5ae97866bb0bf8cb190bc4bbeff3f,вывод,"O6:O11,AP1:AZ63",2026-09-16,deck key; step mm where labelled,AR6,null,null,n
1.0.0,"Таблица по подбору сечений теплых ангаров пролетами 9м, 12м, 15м, 18м, 21м, 24м версия 1,5.xlsx",0271b96c6fe725d3e50ad7891401958322a5ae97866bb0bf8cb190bc4bbeff3f,вывод,"O6:O11,AP1:AZ63",2026-09-16,deck key; step mm where labelled,AS6,null,null,n
1.0.0,"Таблица по подбору сечений теплых ангаров пролетами 9м, 12м, 15м, 18м, 21м, 24м версия 1,5.xlsx",0271b96c6fe725d3e50ad7891401958322a5ae97866bb0bf8cb190bc4bbeff3f,вывод,"O6:O11,AP1:AZ63",2026-09-16,deck key; step mm where labelled,AT6,null,null,n
1.0.0,"Таблица по подбору сечений теплых ангаров пролетами 9м, 12м, 15м, 18м, 21м, 24м версия 1,5.xlsx",0271b96c6fe725d3e50ad7891401958322a5ae97866bb0bf8cb190bc4bbeff3f,вывод,"O6:O11,AP1:AZ63",2026-09-16,deck key; step mm where labelled,AU6,null,null,n
1.0.0,"Таблица по подбору сечений теплых ангаров пролетами 9м, 12м, 15м, 18м, 21м, 24м версия 1,5.xlsx",0271b96c6fe725d3e50ad7891401958322a5ae97866bb0bf8cb190bc4bbeff3f,вывод,"O6:O11,AP1:AZ63",2026-09-16,deck key; step mm where labelled,AV6,null,null,n
1.0.0,"Таблица по подбору сечений теплых ангаров пролетами 9м, 12м, 15м, 18м, 21м, 24м версия 1,5.xlsx",0271b96c6fe725d3e50ad7891401958322a5ae97866bb0bf8cb190bc4bbeff3f,вывод,"O6:O11,AP1:AZ63",2026-09-16,deck key; step mm where labelled,AW6,null,null,n
1.0.0,"Таблица по подбору сечений теплых ангаров пролетами 9м, 12м, 15м, 18м, 21м, 24м версия 1,5.xlsx",0271b96c6fe725d3e50ad7891401958322a5ae97866bb0bf8cb190bc4bbeff3f,вывод,"O6:O11,AP1:AZ63",2026-09-16,deck key; step mm where labelled,AX6,null,null,n
1.0.0,"Таблица по подбору сечений теплых ангаров пролетами 9м, 12м, 15м, 18м, 21м, 24м версия 1,5.xlsx",0271b96c6fe725d3e50ad7891401958322a5ae97866bb0bf8cb190bc4bbeff3f,вывод,"O6:O11,AP1:AZ63",2026-09-16,deck key; step mm where labelled,AY6,null,null,n
1.0.0,"Таблица по подбору сечений теплых ангаров пролетами 9м, 12м, 15м, 18м, 21м, 24м версия 1,5.xlsx",0271b96c6fe725d3e50ad7891401958322a5ae97866bb0bf8cb190bc4bbeff3f,вывод,"O6:O11,AP1:AZ63",2026-09-16,deck key; step mm where labelled,AZ6,null,null,n
1.0.0,"Таблица по подбору сечений теплых ангаров пролетами 9м, 12м, 15м, 18м, 21м, 24м версия 1,5.xlsx",0271b96c6fe725d3e50ad7891401958322a5ae97866bb0bf8cb190bc4bbeff3f,вывод,"O6:O11,AP1:AZ63",2026-09-16,deck key; step mm where labelled,AP7,null,null,n
1.0.0,"Таблица по подбору сечений теплых ангаров пролетами 9м, 12м, 15м, 18м, 21м, 24м версия 1,5.xlsx",0271b96c6fe725d3e50ad7891401958322a5ae97866bb0bf8cb190bc4bbeff3f,вывод,"O6:O11,AP1:AZ63",2026-09-16,deck key; step mm where labelled,AQ7,null,null,n
1.0.0,"Таблица по подбору сечений теплых ангаров пролетами 9м, 12м, 15м, 18м, 21м, 24м версия 1,5.xlsx",0271b96c6fe725d3e50ad7891401958322a5ae97866bb0bf8cb190bc4bbeff3f,вывод,"O6:O11,AP1:AZ63",2026-09-16,deck key; step mm where labelled,AR7,null,null,n
1.0.0,"Таблица по подбору сечений теплых ангаров пролетами 9м, 12м, 15м, 18м, 21м, 24м версия 1,5.xlsx",0271b96c6fe725d3e50ad7891401958322a5ae97866bb0bf8cb190bc4bbeff3f,вывод,"O6:O11,AP1:AZ63",2026-09-16,deck key; step mm where labelled,AS7,null,null,n
1.0.0,"Таблица по подбору сечений теплых ангаров пролетами 9м, 12м, 15м, 18м, 21м, 24м версия 1,5.xlsx",0271b96c6fe725d3e50ad7891401958322a5ae97866bb0bf8cb190bc4bbeff3f,вывод,"O6:O11,AP1:AZ63",2026-09-16,deck key; step mm where labelled,AT7,null,null,n
1.0.0,"Таблица по подбору сечений теплых ангаров пролетами 9м, 12м, 15м, 18м, 21м, 24м версия 1,5.xlsx",0271b96c6fe725d3e50ad7891401958322a5ae97866bb0bf8cb190bc4bbeff3f,вывод,"O6:O11,AP1:AZ63",2026-09-16,deck key; step mm where labelled,AU7,null,null,n
1.0.0,"Таблица по подбору сечений теплых ангаров пролетами 9м, 12м, 15м, 18м, 21м, 24м версия 1,5.xlsx",0271b96c6fe725d3e50ad7891401958322a5ae97866bb0bf8cb190bc4bbeff3f,вывод,"O6:O11,AP1:AZ63",2026-09-16,deck key; step mm where labelled,AV7,null,null,n
1.0.0,"Таблица по подбору сечений теплых ангаров пролетами 9м, 12м, 15м, 18м, 21м, 24м версия 1,5.xlsx",0271b96c6fe725d3e50ad7891401958322a5ae97866bb0bf8cb190bc4bbeff3f,вывод,"O6:O11,AP1:AZ63",2026-09-16,deck key; step mm where labelled,AW7,null,null,n
1.0.0,"Таблица по подбору сечений теплых ангаров пролетами 9м, 12м, 15м, 18м, 21м, 24м версия 1,5.xlsx",0271b96c6fe725d3e50ad7891401958322a5ae97866bb0bf8cb190bc4bbeff3f,вывод,"O6:O11,AP1:AZ63",2026-09-16,deck key; step mm where labelled,AX7,null,null,n
1.0.0,"Таблица по подбору сечений теплых ангаров пролетами 9м, 12м, 15м, 18м, 21м, 24м версия 1,5.xlsx",0271b96c6fe725d3e50ad7891401958322a5ae97866bb0bf8cb190bc4bbeff3f,вывод,"O6:O11,AP1:AZ63",2026-09-16,deck key; step mm where labelled,AY7,null,null,n
1.0.0,"Таблица по подбору сечений теплых ангаров пролетами 9м, 12м, 15м, 18м, 21м, 24м версия 1,5.xlsx",0271b96c6fe725d3e50ad7891401958322a5ae97866bb0bf8cb190bc4bbeff3f,вывод,"O6:O11,AP1:AZ63",2026-09-16,deck key; step mm where labelled,AZ7,null,null,n
1.0.0,"Таблица по подбору сечений теплых ангаров пролетами 9м, 12м, 15м, 18м, 21м, 24м версия 1,5.xlsx",0271b96c6fe725d3e50ad7891401958322a5ae97866bb0bf8cb190bc4bbeff3f,вывод,"O6:O11,AP1:AZ63",2026-09-16,deck key; step mm where labelled,AP8,null,null,n
1.0.0,"Таблица по подбору сечений теплых ангаров пролетами 9м, 12м, 15м, 18м, 21м, 24м версия 1,5.xlsx",0271b96c6fe725d3e50ad7891401958322a5ae97866bb0bf8cb190bc4bbeff3f,вывод,"O6:O11,AP1:AZ63",2026-09-16,deck key; step mm where labelled,AQ8,null,null,n
1.0.0,"Таблица по подбору сечений теплых ангаров пролетами 9м, 12м, 15м, 18м, 21м, 24м версия 1,5.xlsx",0271b96c6fe725d3e50ad7891401958322a5ae97866bb0bf8cb190bc4bbeff3f,вывод,"O6:O11,AP1:AZ63",2026-09-16,deck key; step mm where labelled,AR8,null,null,n
1.0.0,"Таблица по подбору сечений теплых ангаров пролетами 9м, 12м, 15м, 18м, 21м, 24м версия 1,5.xlsx",0271b96c6fe725d3e50ad7891401958322a5ae97866bb0bf8cb190bc4bbeff3f,вывод,"O6:O11,AP1:AZ63",2026-09-16,deck key; step mm where labelled,AS8,null,null,n
1.0.0,"Таблица по подбору сечений теплых ангаров пролетами 9м, 12м, 15м, 18м, 21м, 24м версия 1,5.xlsx",0271b96c6fe725d3e50ad7891401958322a5ae97866bb0bf8cb190bc4bbeff3f,вывод,"O6:O11,AP1:AZ63",2026-09-16,deck key; step mm where labelled,AT8,null,null,n
1.0.0,"Таблица по подбору сечений теплых ангаров пролетами 9м, 12м, 15м, 18м, 21м, 24м версия 1,5.xlsx",0271b96c6fe725d3e50ad7891401958322a5ae97866bb0bf8cb190bc4bbeff3f,вывод,"O6:O11,AP1:AZ63",2026-09-16,deck key; step mm where labelled,AU8,null,null,n
1.0.0,"Таблица по подбору сечений теплых ангаров пролетами 9м, 12м, 15м, 18м, 21м, 24м версия 1,5.xlsx",0271b96c6fe725d3e50ad7891401958322a5ae97866bb0bf8cb190bc4bbeff3f,вывод,"O6:O11,AP1:AZ63",2026-09-16,deck key; step mm where labelled,AV8,null,null,n
1.0.0,"Таблица по подбору сечений теплых ангаров пролетами 9м, 12м, 15м, 18м, 21м, 24м версия 1,5.xlsx",0271b96c6fe725d3e50ad7891401958322a5ae97866bb0bf8cb190bc4bbeff3f,вывод,"O6:O11,AP1:AZ63",2026-09-16,deck key; step mm where labelled,AW8,null,null,n
1.0.0,"Таблица по подбору сечений теплых ангаров пролетами 9м, 12м, 15м, 18м, 21м, 24м версия 1,5.xlsx",0271b96c6fe725d3e50ad7891401958322a5ae97866bb0bf8cb190bc4bbeff3f,вывод,"O6:O11,AP1:AZ63",2026-09-16,deck key; step mm where labelled,AX8,null,null,n
1.0.0,"Таблица по подбору сечений теплых ангаров пролетами 9м, 12м, 15м, 18м, 21м, 24м версия 1,5.xlsx",0271b96c6fe725d3e50ad7891401958322a5ae97866bb0bf8cb190bc4bbeff3f,вывод,"O6:O11,AP1:AZ63",2026-09-16,deck key; step mm where labelled,AY8,null,null,n
1.0.0,"Таблица по подбору сечений теплых ангаров пролетами 9м, 12м, 15м, 18м, 21м, 24м версия 1,5.xlsx",0271b96c6fe725d3e50ad7891401958322a5ae97866bb0bf8cb190bc4bbeff3f,вывод,"O6:O11,AP1:AZ63",2026-09-16,deck key; step mm where labelled,AZ8,null,null,n
1.0.0,"Таблица по подбору сечений теплых ангаров пролетами 9м, 12м, 15м, 18м, 21м, 24м версия 1,5.xlsx",0271b96c6fe725d3e50ad7891401958322a5ae97866bb0bf8cb190bc4bbeff3f,вывод,"O6:O11,AP1:AZ63",2026-09-16,deck key; step mm where labelled,AP9,null,null,n
1.0.0,"Таблица по подбору сечений теплых ангаров пролетами 9м, 12м, 15м, 18м, 21м, 24м версия 1,5.xlsx",0271b96c6fe725d3e50ad7891401958322a5ae97866bb0bf8cb190bc4bbeff3f,вывод,"O6:O11,AP1:AZ63",2026-09-16,deck key; step mm where labelled,AQ9,null,null,n
1.0.0,"Таблица по подбору сечений теплых ангаров пролетами 9м, 12м, 15м, 18м, 21м, 24м версия 1,5.xlsx",0271b96c6fe725d3e50ad7891401958322a5ae97866bb0bf8cb190bc4bbeff3f,вывод,"O6:O11,AP1:AZ63",2026-09-16,deck key; step mm where labelled,AR9,null,null,n
1.0.0,"Таблица по подбору сечений теплых ангаров пролетами 9м, 12м, 15м, 18м, 21м, 24м версия 1,5.xlsx",0271b96c6fe725d3e50ad7891401958322a5ae97866bb0bf8cb190bc4bbeff3f,вывод,"O6:O11,AP1:AZ63",2026-09-16,deck key; step mm where labelled,AS9,null,null,n
1.0.0,"Таблица по подбору сечений теплых ангаров пролетами 9м, 12м, 15м, 18м, 21м, 24м версия 1,5.xlsx",0271b96c6fe725d3e50ad7891401958322a5ae97866bb0bf8cb190bc4bbeff3f,вывод,"O6:O11,AP1:AZ63",2026-09-16,deck key; step mm where labelled,AT9,null,null,n
1.0.0,"Таблица по подбору сечений теплых ангаров пролетами 9м, 12м, 15м, 18м, 21м, 24м версия 1,5.xlsx",0271b96c6fe725d3e50ad7891401958322a5ae97866bb0bf8cb190bc4bbeff3f,вывод,"O6:O11,AP1:AZ63",2026-09-16,deck key; step mm where labelled,AU9,null,null,n
1.0.0,"Таблица по подбору сечений теплых ангаров пролетами 9м, 12м, 15м, 18м, 21м, 24м версия 1,5.xlsx",0271b96c6fe725d3e50ad7891401958322a5ae97866bb0bf8cb190bc4bbeff3f,вывод,"O6:O11,AP1:AZ63",2026-09-16,deck key; step mm where labelled,AV9,null,null,n
1.0.0,"Таблица по подбору сечений теплых ангаров пролетами 9м, 12м, 15м, 18м, 21м, 24м версия 1,5.xlsx",0271b96c6fe725d3e50ad7891401958322a5ae97866bb0bf8cb190bc4bbeff3f,вывод,"O6:O11,AP1:AZ63",2026-09-16,deck key; step mm where labelled,AW9,null,null,n
1.0.0,"Таблица по подбору сечений теплых ангаров пролетами 9м, 12м, 15м, 18м, 21м, 24м версия 1,5.xlsx",0271b96c6fe725d3e50ad7891401958322a5ae97866bb0bf8cb190bc4bbeff3f,вывод,"O6:O11,AP1:AZ63",2026-09-16,deck key; step mm where labelled,AX9,null,null,n
1.0.0,"Таблица по подбору сечений теплых ангаров пролетами 9м, 12м, 15м, 18м, 21м, 24м версия 1,5.xlsx",0271b96c6fe725d3e50ad7891401958322a5ae97866bb0bf8cb190bc4bbeff3f,вывод,"O6:O11,AP1:AZ63",2026-09-16,deck key; step mm where labelled,AY9,null,null,n
1.0.0,"Таблица по подбору сечений теплых ангаров пролетами 9м, 12м, 15м, 18м, 21м, 24м версия 1,5.xlsx",0271b96c6fe725d3e50ad7891401958322a5ae97866bb0bf8cb190bc4bbeff3f,вывод,"O6:O11,AP1:AZ63",2026-09-16,deck key; step mm where labelled,AZ9,null,null,n
1.0.0,"Таблица по подбору сечений теплых ангаров пролетами 9м, 12м, 15м, 18м, 21м, 24м версия 1,5.xlsx",0271b96c6fe725d3e50ad7891401958322a5ae97866bb0bf8cb190bc4bbeff3f,вывод,"O6:O11,AP1:AZ63",2026-09-16,deck key; step mm where labelled,AP10,null,"""С44-1000-0,5""",s
1.0.0,"Таблица по подбору сечений теплых ангаров пролетами 9м, 12м, 15м, 18м, 21м, 24м версия 1,5.xlsx",0271b96c6fe725d3e50ad7891401958322a5ae97866bb0bf8cb190bc4bbeff3f,вывод,"O6:O11,AP1:AZ63",2026-09-16,deck key; step mm where labelled,AQ10,null,"""С44-1000-0,7""",s
1.0.0,"Таблица по подбору сечений теплых ангаров пролетами 9м, 12м, 15м, 18м, 21м, 24м версия 1,5.xlsx",0271b96c6fe725d3e50ad7891401958322a5ae97866bb0bf8cb190bc4bbeff3f,вывод,"O6:O11,AP1:AZ63",2026-09-16,deck key; step mm where labelled,AR10,null,"""Н60-845-0,7""",s
1.0.0,"Таблица по подбору сечений теплых ангаров пролетами 9м, 12м, 15м, 18м, 21м, 24м версия 1,5.xlsx",0271b96c6fe725d3e50ad7891401958322a5ae97866bb0bf8cb190bc4bbeff3f,вывод,"O6:O11,AP1:AZ63",2026-09-16,deck key; step mm where labelled,AS10,null,"""Н60-845-0,8""",s
1.0.0,"Таблица по подбору сечений теплых ангаров пролетами 9м, 12м, 15м, 18м, 21м, 24м версия 1,5.xlsx",0271b96c6fe725d3e50ad7891401958322a5ae97866bb0bf8cb190bc4bbeff3f,вывод,"O6:O11,AP1:AZ63",2026-09-16,deck key; step mm where labelled,AT10,null,"""с-п 50""",s
1.0.0,"Таблица по подбору сечений теплых ангаров пролетами 9м, 12м, 15м, 18м, 21м, 24м версия 1,5.xlsx",0271b96c6fe725d3e50ad7891401958322a5ae97866bb0bf8cb190bc4bbeff3f,вывод,"O6:O11,AP1:AZ63",2026-09-16,deck key; step mm where labelled,AU10,null,"""с-п 80""",s
1.0.0,"Таблица по подбору сечений теплых ангаров пролетами 9м, 12м, 15м, 18м, 21м, 24м версия 1,5.xlsx",0271b96c6fe725d3e50ad7891401958322a5ae97866bb0bf8cb190bc4bbeff3f,вывод,"O6:O11,AP1:AZ63",2026-09-16,deck key; step mm where labelled,AV10,null,"""с-п 100""",s
1.0.0,"Таблица по подбору сечений теплых ангаров пролетами 9м, 12м, 15м, 18м, 21м, 24м версия 1,5.xlsx",0271b96c6fe725d3e50ad7891401958322a5ae97866bb0bf8cb190bc4bbeff3f,вывод,"O6:O11,AP1:AZ63",2026-09-16,deck key; step mm where labelled,AW10,null,"""с-п 120""",s
1.0.0,"Таблица по подбору сечений теплых ангаров пролетами 9м, 12м, 15м, 18м, 21м, 24м версия 1,5.xlsx",0271b96c6fe725d3e50ad7891401958322a5ae97866bb0bf8cb190bc4bbeff3f,вывод,"O6:O11,AP1:AZ63",2026-09-16,deck key; step mm where labelled,AX10,null,"""с-п 150""",s
1.0.0,"Таблица по подбору сечений теплых ангаров пролетами 9м, 12м, 15м, 18м, 21м, 24м версия 1,5.xlsx",0271b96c6fe725d3e50ad7891401958322a5ae97866bb0bf8cb190bc4bbeff3f,вывод,"O6:O11,AP1:AZ63",2026-09-16,deck key; step mm where labelled,AY10,null,"""с-п 200""",s
1.0.0,"Таблица по подбору сечений теплых ангаров пролетами 9м, 12м, 15м, 18м, 21м, 24м версия 1,5.xlsx",0271b96c6fe725d3e50ad7891401958322a5ae97866bb0bf8cb190bc4bbeff3f,вывод,"O6:O11,AP1:AZ63",2026-09-16,deck key; step mm where labelled,AZ10,null,"""с-п 250""",s
1.0.0,"Таблица по подбору сечений теплых ангаров пролетами 9м, 12м, 15м, 18м, 21м, 24м версия 1,5.xlsx",0271b96c6fe725d3e50ad7891401958322a5ae97866bb0bf8cb190bc4bbeff3f,вывод,"O6:O11,AP1:AZ63",2026-09-16,deck key; step mm where labelled,AP11,null,5.67,n
1.0.0,"Таблица по подбору сечений теплых ангаров пролетами 9м, 12м, 15м, 18м, 21м, 24м версия 1,5.xlsx",0271b96c6fe725d3e50ad7891401958322a5ae97866bb0bf8cb190bc4bbeff3f,вывод,"O6:O11,AP1:AZ63",2026-09-16,deck key; step mm where labelled,AQ11,null,11.19,n
1.0.0,"Таблица по подбору сечений теплых ангаров пролетами 9м, 12м, 15м, 18м, 21м, 24м версия 1,5.xlsx",0271b96c6fe725d3e50ad7891401958322a5ae97866bb0bf8cb190bc4bbeff3f,вывод,"O6:O11,AP1:AZ63",2026-09-16,deck key; step mm where labelled,AR11,null,18,n
1.0.0,"Таблица по подбору сечений теплых ангаров пролетами 9м, 12м, 15м, 18м, 21м, 24м версия 1,5.xlsx",0271b96c6fe725d3e50ad7891401958322a5ae97866bb0bf8cb190bc4bbeff3f,вывод,"O6:O11,AP1:AZ63",2026-09-16,deck key; step mm where labelled,AS11,null,23.8,n
1.0.0,"Таблица по подбору сечений теплых ангаров пролетами 9м, 12м, 15м, 18м, 21м, 24м версия 1,5.xlsx",0271b96c6fe725d3e50ad7891401958322a5ae97866bb0bf8cb190bc4bbeff3f,вывод,"O6:O11,AP1:AZ63",2026-09-16,deck key; step mm where labelled,AT11,null,7.613999999999999,n
1.0.0,"Таблица по подбору сечений теплых ангаров пролетами 9м, 12м, 15м, 18м, 21м, 24м версия 1,5.xlsx",0271b96c6fe725d3e50ad7891401958322a5ae97866bb0bf8cb190bc4bbeff3f,вывод,"O6:O11,AP1:AZ63",2026-09-16,deck key; step mm where labelled,AU11,null,7.914000000000002,n
1.0.0,"Таблица по подбору сечений теплых ангаров пролетами 9м, 12м, 15м, 18м, 21м, 24м версия 1,5.xlsx",0271b96c6fe725d3e50ad7891401958322a5ae97866bb0bf8cb190bc4bbeff3f,вывод,"O6:O11,AP1:AZ63",2026-09-16,deck key; step mm where labelled,AV11,null,7.905999999999999,n
1.0.0,"Таблица по подбору сечений теплых ангаров пролетами 9м, 12м, 15м, 18м, 21м, 24м версия 1,5.xlsx",0271b96c6fe725d3e50ad7891401958322a5ae97866bb0bf8cb190bc4bbeff3f,вывод,"O6:O11,AP1:AZ63",2026-09-16,deck key; step mm where labelled,AW11,null,8.024,n
1.0.0,"Таблица по подбору сечений теплых ангаров пролетами 9м, 12м, 15м, 18м, 21м, 24м версия 1,5.xlsx",0271b96c6fe725d3e50ad7891401958322a5ae97866bb0bf8cb190bc4bbeff3f,вывод,"O6:O11,AP1:AZ63",2026-09-16,deck key; step mm where labelled,AX11,null,8.510000000000003,n
1.0.0,"Таблица по подбору сечений теплых ангаров пролетами 9м, 12м, 15м, 18м, 21м, 24м версия 1,5.xlsx",0271b96c6fe725d3e50ad7891401958322a5ae97866bb0bf8cb190bc4bbeff3f,вывод,"O6:O11,AP1:AZ63",2026-09-16,deck key; step mm where labelled,AY11,null,8.752,n
1.0.0,"Таблица по подбору сечений теплых ангаров пролетами 9м, 12м, 15м, 18м, 21м, 24м версия 1,5.xlsx",0271b96c6fe725d3e50ad7891401958322a5ae97866bb0bf8cb190bc4bbeff3f,вывод,"O6:O11,AP1:AZ63",2026-09-16,deck key; step mm where labelled,AZ11,null,8.993999999999998,n
1.0.0,"Таблица по подбору сечений теплых ангаров пролетами 9м, 12м, 15м, 18м, 21м, 24м версия 1,5.xlsx",0271b96c6fe725d3e50ad7891401958322a5ae97866bb0bf8cb190bc4bbeff3f,вывод,"O6:O11,AP1:AZ63",2026-09-16,deck key; step mm where labelled,AP12,null,5.283333333333333,n
1.0.0,"Таблица по подбору сечений теплых ангаров пролетами 9м, 12м, 15м, 18м, 21м, 24м версия 1,5.xlsx",0271b96c6fe725d3e50ad7891401958322a5ae97866bb0bf8cb190bc4bbeff3f,вывод,"O6:O11,AP1:AZ63",2026-09-16,deck key; step mm where labelled,AQ12,null,10.433333333333334,n
1.0.0,"Таблица по подбору сечений теплых ангаров пролетами 9м, 12м, 15м, 18м, 21м, 24м версия 1,5.xlsx",0271b96c6fe725d3e50ad7891401958322a5ae97866bb0bf8cb190bc4bbeff3f,вывод,"O6:O11,AP1:AZ63",2026-09-16,deck key; step mm where labelled,AR12,null,16.733333333333334,n
1.0.0,"Таблица по подбору сечений теплых ангаров пролетами 9м, 12м, 15м, 18м, 21м, 24м версия 1,5.xlsx",0271b96c6fe725d3e50ad7891401958322a5ae97866bb0bf8cb190bc4bbeff3f,вывод,"O6:O11,AP1:AZ63",2026-09-16,deck key; step mm where labelled,AS12,null,22.133333333333333,n
1.0.0,"Таблица по подбору сечений теплых ангаров пролетами 9м, 12м, 15м, 18м, 21м, 24м версия 1,5.xlsx",0271b96c6fe725d3e50ad7891401958322a5ae97866bb0bf8cb190bc4bbeff3f,вывод,"O6:O11,AP1:AZ63",2026-09-16,deck key; step mm where labelled,AT12,null,7.475999999999999,n
1.0.0,"Таблица по подбору сечений теплых ангаров пролетами 9м, 12м, 15м, 18м, 21м, 24м версия 1,5.xlsx",0271b96c6fe725d3e50ad7891401958322a5ae97866bb0bf8cb190bc4bbeff3f,вывод,"O6:O11,AP1:AZ63",2026-09-16,deck key; step mm where labelled,AU12,null,7.766000000000002,n
1.0.0,"Таблица по подбору сечений теплых ангаров пролетами 9м, 12м, 15м, 18м, 21м, 24м версия 1,5.xlsx",0271b96c6fe725d3e50ad7891401958322a5ae97866bb0bf8cb190bc4bbeff3f,вывод,"O6:O11,AP1:AZ63",2026-09-16,deck key; step mm where labelled,AV12,null,7.773999999999999,n
1.0.0,"Таблица по подбору сечений теплых ангаров пролетами 9м, 12м, 15м, 18м, 21м, 24м версия 1,5.xlsx",0271b96c6fe725d3e50ad7891401958322a5ae97866bb0bf8cb190bc4bbeff3f,вывод,"O6:O11,AP1:AZ63",2026-09-16,deck key; step mm where labelled,AW12,null,7.895999999999999,n
1.0.0,"Таблица по подбору сечений теплых ангаров пролетами 9м, 12м, 15м, 18м, 21м, 24м версия 1,5.xlsx",0271b96c6fe725d3e50ad7891401958322a5ae97866bb0bf8cb190bc4bbeff3f,вывод,"O6:O11,AP1:AZ63",2026-09-16,deck key; step mm where labelled,AX12,null,8.360000000000003,n
1.0.0,"Таблица по подбору сечений теплых ангаров пролетами 9м, 12м, 15м, 18м, 21м, 24м версия 1,5.xlsx",0271b96c6fe725d3e50ad7891401958322a5ae97866bb0bf8cb190bc4bbeff3f,вывод,"O6:O11,AP1:AZ63",2026-09-16,deck key; step mm where labelled,AY12,null,8.608,n
1.0.0,"Таблица по подбору сечений теплых ангаров пролетами 9м, 12м, 15м, 18м, 21м, 24м версия 1,5.xlsx",0271b96c6fe725d3e50ad7891401958322a5ae97866bb0bf8cb190bc4bbeff3f,вывод,"O6:O11,AP1:AZ63",2026-09-16,deck key; step mm where labelled,AZ12,null,8.855999999999998,n
1.0.0,"Таблица по подбору сечений теплых ангаров пролетами 9м, 12м, 15м, 18м, 21м, 24м версия 1,5.xlsx",0271b96c6fe725d3e50ad7891401958322a5ae97866bb0bf8cb190bc4bbeff3f,вывод,"O6:O11,AP1:AZ63",2026-09-16,deck key; step mm where labelled,AP13,null,4.8966666666666665,n
1.0.0,"Таблица по подбору сечений теплых ангаров пролетами 9м, 12м, 15м, 18м, 21м, 24м версия 1,5.xlsx",0271b96c6fe725d3e50ad7891401958322a5ae97866bb0bf8cb190bc4bbeff3f,вывод,"O6:O11,AP1:AZ63",2026-09-16,deck key; step mm where labelled,AQ13,null,9.676666666666666,n
1.0.0,"Таблица по подбору сечений теплых ангаров пролетами 9м, 12м, 15м, 18м, 21м, 24м версия 1,5.xlsx",0271b96c6fe725d3e50ad7891401958322a5ae97866bb0bf8cb190bc4bbeff3f,вывод,"O6:O11,AP1:AZ63",2026-09-16,deck key; step mm where labelled,AR13,null,15.466666666666667,n
1.0.0,"Таблица по подбору сечений теплых ангаров пролетами 9м, 12м, 15м, 18м, 21м, 24м версия 1,5.xlsx",0271b96c6fe725d3e50ad7891401958322a5ae97866bb0bf8cb190bc4bbeff3f,вывод,"O6:O11,AP1:AZ63",2026-09-16,deck key; step mm where labelled,AS13,null,20.46666666666667,n
1.0.0,"Таблица по подбору сечений теплых ангаров пролетами 9м, 12м, 15м, 18м, 21м, 24м версия 1,5.xlsx",0271b96c6fe725d3e50ad7891401958322a5ae97866bb0bf8cb190bc4bbeff3f,вывод,"O6:O11,AP1:AZ63",2026-09-16,deck key; step mm where labelled,AT13,null,7.337999999999999,n
1.0.0,"Таблица по подбору сечений теплых ангаров пролетами 9м, 12м, 15м, 18м, 21м, 24м версия 1,5.xlsx",0271b96c6fe725d3e50ad7891401958322a5ae97866bb0bf8cb190bc4bbeff3f,вывод,"O6:O11,AP1:AZ63",2026-09-16,deck key; step mm where labelled,AU13,null,7.618000000000002,n
1.0.0,"Таблица по подбору сечений теплых ангаров пролетами 9м, 12м, 15м, 18м, 21м, 24м версия 1,5.xlsx",0271b96c6fe725d3e50ad7891401958322a5ae97866bb0bf8cb190bc4bbeff3f,вывод,"O6:O11,AP1:AZ63",2026-09-16,deck key; step mm where labelled,AV13,null,7.641999999999999,n
1.0.0,"Таблица по подбору сечений теплых ангаров пролетами 9м, 12м, 15м, 18м, 21м, 24м версия 1,5.xlsx",0271b96c6fe725d3e50ad7891401958322a5ae97866bb0bf8cb190bc4bbeff3f,вывод,"O6:O11,AP1:AZ63",2026-09-16,deck key; step mm where labelled,AW13,null,7.768,n
1.0.0,"Таблица по подбору сечений теплых ангаров пролетами 9м, 12м, 15м, 18м, 21м, 24м версия 1,5.xlsx",0271b96c6fe725d3e50ad7891401958322a5ae97866bb0bf8cb190bc4bbeff3f,вывод,"O6:O11,AP1:AZ63",2026-09-16,deck key; step mm where labelled,AX13,null,8.210000000000003,n
1.0.0,"Таблица по подбору сечений теплых ангаров пролетами 9м, 12м, 15м, 18м, 21м, 24м версия 1,5.xlsx",0271b96c6fe725d3e50ad7891401958322a5ae97866bb0bf8cb190bc4bbeff3f,вывод,"O6:O11,AP1:AZ63",2026-09-16,deck key; step mm where labelled,AY13,null,8.464,n
1.0.0,"Таблица по подбору сечений теплых ангаров пролетами 9м, 12м, 15м, 18м, 21м, 24м версия 1,5.xlsx",0271b96c6fe725d3e50ad7891401958322a5ae97866bb0bf8cb190bc4bbeff3f,вывод,"O6:O11,AP1:AZ63",2026-09-16,deck key; step mm where labelled,AZ13,null,8.717999999999998,n
1.0.0,"Таблица по подбору сечений теплых ангаров пролетами 9м, 12м, 15м, 18м, 21м, 24м версия 1,5.xlsx",0271b96c6fe725d3e50ad7891401958322a5ae97866bb0bf8cb190bc4bbeff3f,вывод,"O6:O11,AP1:AZ63",2026-09-16,deck key; step mm where labelled,AP14,null,4.51,n
1.0.0,"Таблица по подбору сечений теплых ангаров пролетами 9м, 12м, 15м, 18м, 21м, 24м версия 1,5.xlsx",0271b96c6fe725d3e50ad7891401958322a5ae97866bb0bf8cb190bc4bbeff3f,вывод,"O6:O11,AP1:AZ63",2026-09-16,deck key; step mm where labelled,AQ14,null,8.92,n
1.0.0,"Таблица по подбору сечений теплых ангаров пролетами 9м, 12м, 15м, 18м, 21м, 24м версия 1,5.xlsx",0271b96c6fe725d3e50ad7891401958322a5ae97866bb0bf8cb190bc4bbeff3f,вывод,"O6:O11,AP1:AZ63",2026-09-16,deck key; step mm where labelled,AR14,null,14.2,n
1.0.0,"Таблица по подбору сечений теплых ангаров пролетами 9м, 12м, 15м, 18м, 21м, 24м версия 1,5.xlsx",0271b96c6fe725d3e50ad7891401958322a5ae97866bb0bf8cb190bc4bbeff3f,вывод,"O6:O11,AP1:AZ63",2026-09-16,deck key; step mm where labelled,AS14,null,18.8,n
1.0.0,"Таблица по подбору сечений теплых ангаров пролетами 9м, 12м, 15м, 18м, 21м, 24м версия 1,5.xlsx",0271b96c6fe725d3e50ad7891401958322a5ae97866bb0bf8cb190bc4bbeff3f,вывод,"O6:O11,AP1:AZ63",2026-09-16,deck key; step mm where labelled,AT14,null,7.199999999999999,n
1.0.0,"Таблица по подбору сечений теплых ангаров пролетами 9м, 12м, 15м, 18м, 21м, 24м версия 1,5.xlsx",0271b96c6fe725d3e50ad7891401958322a5ae97866bb0bf8cb190bc4bbeff3f,вывод,"O6:O11,AP1:AZ63",2026-09-16,deck key; step mm where labelled,AU14,null,7.4700000000000015,n
1.0.0,"Таблица по подбору сечений теплых ангаров пролетами 9м, 12м, 15м, 18м, 21м, 24м версия 1,5.xlsx",0271b96c6fe725d3e50ad7891401958322a5ae97866bb0bf8cb190bc4bbeff3f,вывод,"O6:O11,AP1:AZ63",2026-09-16,deck key; step mm where labelled,AV14,null,7.509999999999999,n
1.0.0,"Таблица по подбору сечений теплых ангаров пролетами 9м, 12м, 15м, 18м, 21м, 24м версия 1,5.xlsx",0271b96c6fe725d3e50ad7891401958322a5ae97866bb0bf8cb190bc4bbeff3f,вывод,"O6:O11,AP1:AZ63",2026-09-16,deck key; step mm where labelled,AW14,null,7.64,n
1.0.0,"Таблица по подбору сечений теплых ангаров пролетами 9м, 12м, 15м, 18м, 21м, 24м версия 1,5.xlsx",0271b96c6fe725d3e50ad7891401958322a5ae97866bb0bf8cb190bc4bbeff3f,вывод,"O6:O11,AP1:AZ63",2026-09-16,deck key; step mm where labelled,AX14,null,8.060000000000002,n
1.0.0,"Таблица по подбору сечений теплых ангаров пролетами 9м, 12м, 15м, 18м, 21м, 24м версия 1,5.xlsx",0271b96c6fe725d3e50ad7891401958322a5ae97866bb0bf8cb190bc4bbeff3f,вывод,"O6:O11,AP1:AZ63",2026-09-16,deck key; step mm where labelled,AY14,null,8.32,n
1.0.0,"Таблица по подбору сечений теплых ангаров пролетами 9м, 12м, 15м, 18м, 21м, 24м версия 1,5.xlsx",0271b96c6fe725d3e50ad7891401958322a5ae97866bb0bf8cb190bc4bbeff3f,вывод,"O6:O11,AP1:AZ63",2026-09-16,deck key; step mm where labelled,AZ14,null,8.579999999999998,n
1.0.0,"Таблица по подбору сечений теплых ангаров пролетами 9м, 12м, 15м, 18м, 21м, 24м версия 1,5.xlsx",0271b96c6fe725d3e50ad7891401958322a5ae97866bb0bf8cb190bc4bbeff3f,вывод,"O6:O11,AP1:AZ63",2026-09-16,deck key; step mm where labelled,AP15,null,4.268,n
1.0.0,"Таблица по подбору сечений теплых ангаров пролетами 9м, 12м, 15м, 18м, 21м, 24м версия 1,5.xlsx",0271b96c6fe725d3e50ad7891401958322a5ae97866bb0bf8cb190bc4bbeff3f,вывод,"O6:O11,AP1:AZ63",2026-09-16,deck key; step mm where labelled,AQ15,null,8.468,n
1.0.0,"Таблица по подбору сечений теплых ангаров пролетами 9м, 12м, 15м, 18м, 21м, 24м версия 1,5.xlsx",0271b96c6fe725d3e50ad7891401958322a5ae97866bb0bf8cb190bc4bbeff3f,вывод,"O6:O11,AP1:AZ63",2026-09-16,deck key; step mm where labelled,AR15,null,13.437999999999999,n
1.0.0,"Таблица по подбору сечений теплых ангаров пролетами 9м, 12м, 15м, 18м, 21м, 24м версия 1,5.xlsx",0271b96c6fe725d3e50ad7891401958322a5ae97866bb0bf8cb190bc4bbeff3f,вывод,"O6:O11,AP1:AZ63",2026-09-16,deck key; step mm where labelled,AS15,null,17.866,n
1.0.0,"Таблица по подбору сечений теплых ангаров пролетами 9м, 12м, 15м, 18м, 21м, 24м версия 1,5.xlsx",0271b96c6fe725d3e50ad7891401958322a5ae97866bb0bf8cb190bc4bbeff3f,вывод,"O6:O11,AP1:AZ63",2026-09-16,deck key; step mm where labelled,AT15,null,7.061999999999999,n
1.0.0,"Таблица по подбору сечений теплых ангаров пролетами 9м, 12м, 15м, 18м, 21м, 24м версия 1,5.xlsx",0271b96c6fe725d3e50ad7891401958322a5ae97866bb0bf8cb190bc4bbeff3f,вывод,"O6:O11,AP1:AZ63",2026-09-16,deck key; step mm where labelled,AU15,null,7.322000000000001,n
1.0.0,"Таблица по подбору сечений теплых ангаров пролетами 9м, 12м, 15м, 18м, 21м, 24м версия 1,5.xlsx",0271b96c6fe725d3e50ad7891401958322a5ae97866bb0bf8cb190bc4bbeff3f,вывод,"O6:O11,AP1:AZ63",2026-09-16,deck key; step mm where labelled,AV15,null,7.377999999999999,n
1.0.0,"Таблица по подбору сечений теплых ангаров пролетами 9м, 12м, 15м, 18м, 21м, 24м версия 1,5.xlsx",0271b96c6fe725d3e50ad7891401958322a5ae97866bb0bf8cb190bc4bbeff3f,вывод,"O6:O11,AP1:AZ63",2026-09-16,deck key; step mm where labelled,AW15,null,7.512,n
1.0.0,"Таблица по подбору сечений теплых ангаров пролетами 9м, 12м, 15м, 18м, 21м, 24м версия 1,5.xlsx",0271b96c6fe725d3e50ad7891401958322a5ae97866bb0bf8cb190bc4bbeff3f,вывод,"O6:O11,AP1:AZ63",2026-09-16,deck key; step mm where labelled,AX15,null,7.910000000000002,n
1.0.0,"Таблица по подбору сечений теплых ангаров пролетами 9м, 12м, 15м, 18м, 21м, 24м версия 1,5.xlsx",0271b96c6fe725d3e50ad7891401958322a5ae97866bb0bf8cb190bc4bbeff3f,вывод,"O6:O11,AP1:AZ63",2026-09-16,deck key; step mm where labelled,AY15,null,8.176,n
1.0.0,"Таблица по подбору сечений теплых ангаров пролетами 9м, 12м, 15м, 18м, 21м, 24м версия 1,5.xlsx",0271b96c6fe725d3e50ad7891401958322a5ae97866bb0bf8cb190bc4bbeff3f,вывод,"O6:O11,AP1:AZ63",2026-09-16,deck key; step mm where labelled,AZ15,null,8.441999999999998,n
1.0.0,"Таблица по подбору сечений теплых ангаров пролетами 9м, 12м, 15м, 18м, 21м, 24м версия 1,5.xlsx",0271b96c6fe725d3e50ad7891401958322a5ae97866bb0bf8cb190bc4bbeff3f,вывод,"O6:O11,AP1:AZ63",2026-09-16,deck key; step mm where labelled,AP16,null,4.026,n
1.0.0,"Таблица по подбору сечений теплых ангаров пролетами 9м, 12м, 15м, 18м, 21м, 24м версия 1,5.xlsx",0271b96c6fe725d3e50ad7891401958322a5ae97866bb0bf8cb190bc4bbeff3f,вывод,"O6:O11,AP1:AZ63",2026-09-16,deck key; step mm where labelled,AQ16,null,8.016,n
1.0.0,"Таблица по подбору сечений теплых ангаров пролетами 9м, 12м, 15м, 18м, 21м, 24м версия 1,5.xlsx",0271b96c6fe725d3e50ad7891401958322a5ae97866bb0bf8cb190bc4bbeff3f,вывод,"O6:O11,AP1:AZ63",2026-09-16,deck key; step mm where labelled,AR16,null,12.676,n
1.0.0,"Таблица по подбору сечений теплых ангаров пролетами 9м, 12м, 15м, 18м, 21м, 24м версия 1,5.xlsx",0271b96c6fe725d3e50ad7891401958322a5ae97866bb0bf8cb190bc4bbeff3f,вывод,"O6:O11,AP1:AZ63",2026-09-16,deck key; step mm where labelled,AS16,null,16.932000000000002,n
1.0.0,"Таблица по подбору сечений теплых ангаров пролетами 9м, 12м, 15м, 18м, 21м, 24м версия 1,5.xlsx",0271b96c6fe725d3e50ad7891401958322a5ae97866bb0bf8cb190bc4bbeff3f,вывод,"O6:O11,AP1:AZ63",2026-09-16,deck key; step mm where labelled,AT16,null,6.9239999999999995,n
1.0.0,"Таблица по подбору сечений теплых ангаров пролетами 9м, 12м, 15м, 18м, 21м, 24м версия 1,5.xlsx",0271b96c6fe725d3e50ad7891401958322a5ae97866bb0bf8cb190bc4bbeff3f,вывод,"O6:O11,AP1:AZ63",2026-09-16,deck key; step mm where labelled,AU16,null,7.174000000000001,n
1.0.0,"Таблица по подбору сечений теплых ангаров пролетами 9м, 12м, 15м, 18м, 21м, 24м версия 1,5.xlsx",0271b96c6fe725d3e50ad7891401958322a5ae97866bb0bf8cb190bc4bbeff3f,вывод,"O6:O11,AP1:AZ63",2026-09-16,deck key; step mm where labelled,AV16,null,7.2459999999999996,n
1.0.0,"Таблица по подбору сечений теплых ангаров пролетами 9м, 12м, 15м, 18м, 21м, 24м версия 1,5.xlsx",0271b96c6fe725d3e50ad7891401958322a5ae97866bb0bf8cb190bc4bbeff3f,вывод,"O6:O11,AP1:AZ63",2026-09-16,deck key; step mm where labelled,AW16,null,7.3839999999999995,n
1.0.0,"Таблица по подбору сечений теплых ангаров пролетами 9м, 12м, 15м, 18м, 21м, 24м версия 1,5.xlsx",0271b96c6fe725d3e50ad7891401958322a5ae97866bb0bf8cb190bc4bbeff3f,вывод,"O6:O11,AP1:AZ63",2026-09-16,deck key; step mm where labelled,AX16,null,7.760000000000002,n
1.0.0,"Таблица по подбору сечений теплых ангаров пролетами 9м, 12м, 15м, 18м, 21м, 24м версия 1,5.xlsx",0271b96c6fe725d3e50ad7891401958322a5ae97866bb0bf8cb190bc4bbeff3f,вывод,"O6:O11,AP1:AZ63",2026-09-16,deck key; step mm where labelled,AY16,null,8.032,n
1.0.0,"Таблица по подбору сечений теплых ангаров пролетами 9м, 12м, 15м, 18м, 21м, 24м версия 1,5.xlsx",0271b96c6fe725d3e50ad7891401958322a5ae97866bb0bf8cb190bc4bbeff3f,вывод,"O6:O11,AP1:AZ63",2026-09-16,deck key; step mm where labelled,AZ16,null,8.303999999999998,n
1.0.0,"Таблица по подбору сечений теплых ангаров пролетами 9м, 12м, 15м, 18м, 21м, 24м версия 1,5.xlsx",0271b96c6fe725d3e50ad7891401958322a5ae97866bb0bf8cb190bc4bbeff3f,вывод,"O6:O11,AP1:AZ63",2026-09-16,deck key; step mm where labelled,AP17,null,3.784,n
1.0.0,"Таблица по подбору сечений теплых ангаров пролетами 9м, 12м, 15м, 18м, 21м, 24м версия 1,5.xlsx",0271b96c6fe725d3e50ad7891401958322a5ae97866bb0bf8cb190bc4bbeff3f,вывод,"O6:O11,AP1:AZ63",2026-09-16,deck key; step mm where labelled,AQ17,null,7.564,n
1.0.0,"Таблица по подбору сечений теплых ангаров пролетами 9м, 12м, 15м, 18м, 21м, 24м версия 1,5.xlsx",0271b96c6fe725d3e50ad7891401958322a5ae97866bb0bf8cb190bc4bbeff3f,вывод,"O6:O11,AP1:AZ63",2026-09-16,deck key; step mm where labelled,AR17,null,11.914,n
1.0.0,"Таблица по подбору сечений теплых ангаров пролетами 9м, 12м, 15м, 18м, 21м, 24м версия 1,5.xlsx",0271b96c6fe725d3e50ad7891401958322a5ae97866bb0bf8cb190bc4bbeff3f,вывод,"O6:O11,AP1:AZ63",2026-09-16,deck key; step mm where labelled,AS17,null,15.998000000000001,n
1.0.0,"Таблица по подбору сечений теплых ангаров пролетами 9м, 12м, 15м, 18м, 21м, 24м версия 1,5.xlsx",0271b96c6fe725d3e50ad7891401958322a5ae97866bb0bf8cb190bc4bbeff3f,вывод,"O6:O11,AP1:AZ63",2026-09-16,deck key; step mm where labelled,AT17,null,6.786,n
1.0.0,"Таблица по подбору сечений теплых ангаров пролетами 9м, 12м, 15м, 18м, 21м, 24м версия 1,5.xlsx",0271b96c6fe725d3e50ad7891401958322a5ae97866bb0bf8cb190bc4bbeff3f,вывод,"O6:O11,AP1:AZ63",2026-09-16,deck key; step mm where labelled,AU17,null,7.026000000000001,n
1.0.0,"Таблица по подбору сечений теплых ангаров пролетами 9м, 12м, 15м, 18м, 21м, 24м версия 1,5.xlsx",0271b96c6fe725d3e50ad7891401958322a5ae97866bb0bf8cb190bc4bbeff3f,вывод,"O6:O11,AP1:AZ63",2026-09-16,deck key; step mm where labelled,AV17,null,7.113999999999999,n
1.0.0,"Таблица по подбору сечений теплых ангаров пролетами 9м, 12м, 15м, 18м, 21м, 24м версия 1,5.xlsx",0271b96c6fe725d3e50ad7891401958322a5ae97866bb0bf8cb190bc4bbeff3f,вывод,"O6:O11,AP1:AZ63",2026-09-16,deck key; step mm where labelled,AW17,null,7.256,n
1.0.0,"Таблица по подбору сечений теплых ангаров пролетами 9м, 12м, 15м, 18м, 21м, 24м версия 1,5.xlsx",0271b96c6fe725d3e50ad7891401958322a5ae97866bb0bf8cb190bc4bbeff3f,вывод,"O6:O11,AP1:AZ63",2026-09-16,deck key; step mm where labelled,AX17,null,7.610000000000002,n
1.0.0,"Таблица по подбору сечений теплых ангаров пролетами 9м, 12м, 15м, 18м, 21м, 24м версия 1,5.xlsx",0271b96c6fe725d3e50ad7891401958322a5ae97866bb0bf8cb190bc4bbeff3f,вывод,"O6:O11,AP1:AZ63",2026-09-16,deck key; step mm where labelled,AY17,null,7.888000000000001,n
1.0.0,"Таблица по подбору сечений теплых ангаров пролетами 9м, 12м, 15м, 18м, 21м, 24м версия 1,5.xlsx",0271b96c6fe725d3e50ad7891401958322a5ae97866bb0bf8cb190bc4bbeff3f,вывод,"O6:O11,AP1:AZ63",2026-09-16,deck key; step mm where labelled,AZ17,null,8.165999999999999,n
1.0.0,"Таблица по подбору сечений теплых ангаров пролетами 9м, 12м, 15м, 18м, 21м, 24м версия 1,5.xlsx",0271b96c6fe725d3e50ad7891401958322a5ae97866bb0bf8cb190bc4bbeff3f,вывод,"O6:O11,AP1:AZ63",2026-09-16,deck key; step mm where labelled,AP18,null,3.542,n
1.0.0,"Таблица по подбору сечений теплых ангаров пролетами 9м, 12м, 15м, 18м, 21м, 24м версия 1,5.xlsx",0271b96c6fe725d3e50ad7891401958322a5ae97866bb0bf8cb190bc4bbeff3f,вывод,"O6:O11,AP1:AZ63",2026-09-16,deck key; step mm where labelled,AQ18,null,7.112,n
1.0.0,"Таблица по подбору сечений теплых ангаров пролетами 9м, 12м, 15м, 18м, 21м, 24м версия 1,5.xlsx",0271b96c6fe725d3e50ad7891401958322a5ae97866bb0bf8cb190bc4bbeff3f,вывод,"O6:O11,AP1:AZ63",2026-09-16,deck key; step mm where labelled,AR18,null,11.152000000000001,n
1.0.0,"Таблица по подбору сечений теплых ангаров пролетами 9м, 12м, 15м, 18м, 21м, 24м версия 1,5.xlsx",0271b96c6fe725d3e50ad7891401958322a5ae97866bb0bf8cb190bc4bbeff3f,вывод,"O6:O11,AP1:AZ63",2026-09-16,deck key; step mm where labelled,AS18,null,15.064,n
1.0.0,"Таблица по подбору сечений теплых ангаров пролетами 9м, 12м, 15м, 18м, 21м, 24м версия 1,5.xlsx",0271b96c6fe725d3e50ad7891401958322a5ae97866bb0bf8cb190bc4bbeff3f,вывод,"O6:O11,AP1:AZ63",2026-09-16,deck key; step mm where labelled,AT18,null,6.648,n
1.0.0,"Таблица по подбору сечений теплых ангаров пролетами 9м, 12м, 15м, 18м, 21м, 24м версия 1,5.xlsx",0271b96c6fe725d3e50ad7891401958322a5ae97866bb0bf8cb190bc4bbeff3f,вывод,"O6:O11,AP1:AZ63",2026-09-16,deck key; step mm where labelled,AU18,null,6.878000000000001,n
1.0.0,"Таблица по подбору сечений теплых ангаров пролетами 9м, 12м, 15м, 18м, 21м, 24м версия 1,5.xlsx",0271b96c6fe725d3e50ad7891401958322a5ae97866bb0bf8cb190bc4bbeff3f,вывод,"O6:O11,AP1:AZ63",2026-09-16,deck key; step mm where labelled,AV18,null,6.981999999999999,n
1.0.0,"Таблица по подбору сечений теплых ангаров пролетами 9м, 12м, 15м, 18м, 21м, 24м версия 1,5.xlsx",0271b96c6fe725d3e50ad7891401958322a5ae97866bb0bf8cb190bc4bbeff3f,вывод,"O6:O11,AP1:AZ63",2026-09-16,deck key; step mm where labelled,AW18,null,7.128,n
1.0.0,"Таблица по подбору сечений теплых ангаров пролетами 9м, 12м, 15м, 18м, 21м, 24м версия 1,5.xlsx",0271b96c6fe725d3e50ad7891401958322a5ae97866bb0bf8cb190bc4bbeff3f,вывод,"O6:O11,AP1:AZ63",2026-09-16,deck key; step mm where labelled,AX18,null,7.460000000000002,n
1.0.0,"Таблица по подбору сечений теплых ангаров пролетами 9м, 12м, 15м, 18м, 21м, 24м версия 1,5.xlsx",0271b96c6fe725d3e50ad7891401958322a5ae97866bb0bf8cb190bc4bbeff3f,вывод,"O6:O11,AP1:AZ63",2026-09-16,deck key; step mm where labelled,AY18,null,7.744000000000001,n
1.0.0,"Таблица по подбору сечений теплых ангаров пролетами 9м, 12м, 15м, 18м, 21м, 24м версия 1,5.xlsx",0271b96c6fe725d3e50ad7891401958322a5ae97866bb0bf8cb190bc4bbeff3f,вывод,"O6:O11,AP1:AZ63",2026-09-16,deck key; step mm where labelled,AZ18,null,8.027999999999999,n
1.0.0,"Таблица по подбору сечений теплых ангаров пролетами 9м, 12м, 15м, 18м, 21м, 24м версия 1,5.xlsx",0271b96c6fe725d3e50ad7891401958322a5ae97866bb0bf8cb190bc4bbeff3f,вывод,"O6:O11,AP1:AZ63",2026-09-16,deck key; step mm where labelled,AP19,null,3.3,n
1.0.0,"Таблица по подбору сечений теплых ангаров пролетами 9м, 12м, 15м, 18м, 21м, 24м версия 1,5.xlsx",0271b96c6fe725d3e50ad7891401958322a5ae97866bb0bf8cb190bc4bbeff3f,вывод,"O6:O11,AP1:AZ63",2026-09-16,deck key; step mm where labelled,AQ19,null,6.66,n
1.0.0,"Таблица по подбору сечений теплых ангаров пролетами 9м, 12м, 15м, 18м, 21м, 24м версия 1,5.xlsx",0271b96c6fe725d3e50ad7891401958322a5ae97866bb0bf8cb190bc4bbeff3f,вывод,"O6:O11,AP1:AZ63",2026-09-16,deck key; step mm where labelled,AR19,null,10.39,n
1.0.0,"Таблица по подбору сечений теплых ангаров пролетами 9м, 12м, 15м, 18м, 21м, 24м версия 1,5.xlsx",0271b96c6fe725d3e50ad7891401958322a5ae97866bb0bf8cb190bc4bbeff3f,вывод,"O6:O11,AP1:AZ63",2026-09-16,deck key; step mm where labelled,AS19,null,14.13,n
1.0.0,"Таблица по подбору сечений теплых ангаров пролетами 9м, 12м, 15м, 18м, 21м, 24м версия 1,5.xlsx",0271b96c6fe725d3e50ad7891401958322a5ae97866bb0bf8cb190bc4bbeff3f,вывод,"O6:O11,AP1:AZ63",2026-09-16,deck key; step mm where labelled,AT19,null,6.51,n
1.0.0,"Таблица по подбору сечений теплых ангаров пролетами 9м, 12м, 15м, 18м, 21м, 24м версия 1,5.xlsx",0271b96c6fe725d3e50ad7891401958322a5ae97866bb0bf8cb190bc4bbeff3f,вывод,"O6:O11,AP1:AZ63",2026-09-16,deck key; step mm where labelled,AU19,null,6.73,n
1.0.0,"Таблица по подбору сечений теплых ангаров пролетами 9м, 12м, 15м, 18м, 21м, 24м версия 1,5.xlsx",0271b96c6fe725d3e50ad7891401958322a5ae97866bb0bf8cb190bc4bbeff3f,вывод,"O6:O11,AP1:AZ63",2026-09-16,deck key; step mm where labelled,AV19,null,6.85,n
1.0.0,"Таблица по подбору сечений теплых ангаров пролетами 9м, 12м, 15м, 18м, 21м, 24м версия 1,5.xlsx",0271b96c6fe725d3e50ad7891401958322a5ae97866bb0bf8cb190bc4bbeff3f,вывод,"O6:O11,AP1:AZ63",2026-09-16,deck key; step mm where labelled,AW19,null,7,n
1.0.0,"Таблица по подбору сечений теплых ангаров пролетами 9м, 12м, 15м, 18м, 21м, 24м версия 1,5.xlsx",0271b96c6fe725d3e50ad7891401958322a5ae97866bb0bf8cb190bc4bbeff3f,вывод,"O6:O11,AP1:AZ63",2026-09-16,deck key; step mm where labelled,AX19,null,7.310000000000001,n
1.0.0,"Таблица по подбору сечений теплых ангаров пролетами 9м, 12м, 15м, 18м, 21м, 24м версия 1,5.xlsx",0271b96c6fe725d3e50ad7891401958322a5ae97866bb0bf8cb190bc4bbeff3f,вывод,"O6:O11,AP1:AZ63",2026-09-16,deck key; step mm where labelled,AY19,null,7.6000000000000005,n
1.0.0,"Таблица по подбору сечений теплых ангаров пролетами 9м, 12м, 15м, 18м, 21м, 24м версия 1,5.xlsx",0271b96c6fe725d3e50ad7891401958322a5ae97866bb0bf8cb190bc4bbeff3f,вывод,"O6:O11,AP1:AZ63",2026-09-16,deck key; step mm where labelled,AZ19,null,7.89,n
1.0.0,"Таблица по подбору сечений теплых ангаров пролетами 9м, 12м, 15м, 18м, 21м, 24м версия 1,5.xlsx",0271b96c6fe725d3e50ad7891401958322a5ae97866bb0bf8cb190bc4bbeff3f,вывод,"O6:O11,AP1:AZ63",2026-09-16,deck key; step mm where labelled,AP20,null,3.155,n
1.0.0,"Таблица по подбору сечений теплых ангаров пролетами 9м, 12м, 15м, 18м, 21м, 24м версия 1,5.xlsx",0271b96c6fe725d3e50ad7891401958322a5ae97866bb0bf8cb190bc4bbeff3f,вывод,"O6:O11,AP1:AZ63",2026-09-16,deck key; step mm where labelled,AQ20,null,6.3575,n
1.0.0,"Таблица по подбору сечений теплых ангаров пролетами 9м, 12м, 15м, 18м, 21м, 24м версия 1,5.xlsx",0271b96c6fe725d3e50ad7891401958322a5ae97866bb0bf8cb190bc4bbeff3f,вывод,"O6:O11,AP1:AZ63",2026-09-16,deck key; step mm where labelled,AR20,null,9.762500000000001,n
1.0.0,"Таблица по подбору сечений теплых ангаров пролетами 9м, 12м, 15м, 18м, 21м, 24м версия 1,5.xlsx",0271b96c6fe725d3e50ad7891401958322a5ae97866bb0bf8cb190bc4bbeff3f,вывод,"O6:O11,AP1:AZ63",2026-09-16,deck key; step mm where labelled,AS20,null,13.5075,n
1.0.0,"Таблица по подбору сечений теплых ангаров пролетами 9м, 12м, 15м, 18м, 21м, 24м версия 1,5.xlsx",0271b96c6fe725d3e50ad7891401958322a5ae97866bb0bf8cb190bc4bbeff3f,вывод,"O6:O11,AP1:AZ63",2026-09-16,deck key; step mm where labelled,AT20,null,6.372,n
1.0.0,"Таблица по подбору сечений теплых ангаров пролетами 9м, 12м, 15м, 18м, 21м, 24м версия 1,5.xlsx",0271b96c6fe725d3e50ad7891401958322a5ae97866bb0bf8cb190bc4bbeff3f,вывод,"O6:O11,AP1:AZ63",2026-09-16,deck key; step mm where labelled,AU20,null,6.582000000000001,n
1.0.0,"Таблица по подбору сечений теплых ангаров пролетами 9м, 12м, 15м, 18м, 21м, 24м версия 1,5.xlsx",0271b96c6fe725d3e50ad7891401958322a5ae97866bb0bf8cb190bc4bbeff3f,вывод,"O6:O11,AP1:AZ63",2026-09-16,deck key; step mm where labelled,AV20,null,6.718,n
1.0.0,"Таблица по подбору сечений теплых ангаров пролетами 9м, 12м, 15м, 18м, 21м, 24м версия 1,5.xlsx",0271b96c6fe725d3e50ad7891401958322a5ae97866bb0bf8cb190bc4bbeff3f,вывод,"O6:O11,AP1:AZ63",2026-09-16,deck key; step mm where labelled,AW20,null,6.872,n
1.0.0,"Таблица по подбору сечений теплых ангаров пролетами 9м, 12м, 15м, 18м, 21м, 24м версия 1,5.xlsx",0271b96c6fe725d3e50ad7891401958322a5ae97866bb0bf8cb190bc4bbeff3f,вывод,"O6:O11,AP1:AZ63",2026-09-16,deck key; step mm where labelled,AX20,null,7.160000000000001,n
1.0.0,"Таблица по подбору сечений теплых ангаров пролетами 9м, 12м, 15м, 18м, 21м, 24м версия 1,5.xlsx",0271b96c6fe725d3e50ad7891401958322a5ae97866bb0bf8cb190bc4bbeff3f,вывод,"O6:O11,AP1:AZ63",2026-09-16,deck key; step mm where labelled,AY20,null,7.456,n
1.0.0,"Таблица по подбору сечений теплых ангаров пролетами 9м, 12м, 15м, 18м, 21м, 24м версия 1,5.xlsx",0271b96c6fe725d3e50ad7891401958322a5ae97866bb0bf8cb190bc4bbeff3f,вывод,"O6:O11,AP1:AZ63",2026-09-16,deck key; step mm where labelled,AZ20,null,7.752,n
1.0.0,"Таблица по подбору сечений теплых ангаров пролетами 9м, 12м, 15м, 18м, 21м, 24м версия 1,5.xlsx",0271b96c6fe725d3e50ad7891401958322a5ae97866bb0bf8cb190bc4bbeff3f,вывод,"O6:O11,AP1:AZ63",2026-09-16,deck key; step mm where labelled,AP21,null,3.01,n
1.0.0,"Таблица по подбору сечений теплых ангаров пролетами 9м, 12м, 15м, 18м, 21м, 24м версия 1,5.xlsx",0271b96c6fe725d3e50ad7891401958322a5ae97866bb0bf8cb190bc4bbeff3f,вывод,"O6:O11,AP1:AZ63",2026-09-16,deck key; step mm where labelled,AQ21,null,6.055,n
1.0.0,"Таблица по подбору сечений теплых ангаров пролетами 9м, 12м, 15м, 18м, 21м, 24м версия 1,5.xlsx",0271b96c6fe725d3e50ad7891401958322a5ae97866bb0bf8cb190bc4bbeff3f,вывод,"O6:O11,AP1:AZ63",2026-09-16,deck key; step mm where labelled,AR21,null,9.135,n
1.0.0,"Таблица по подбору сечений теплых ангаров пролетами 9м, 12м, 15м, 18м, 21м, 24м версия 1,5.xlsx",0271b96c6fe725d3e50ad7891401958322a5ae97866bb0bf8cb190bc4bbeff3f,вывод,"O6:O11,AP1:AZ63",2026-09-16,deck key; step mm where labelled,AS21,null,12.885000000000002,n
1.0.0,"Таблица по подбору сечений теплых ангаров пролетами 9м, 12м, 15м, 18м, 21м, 24м версия 1,5.xlsx",0271b96c6fe725d3e50ad7891401958322a5ae97866bb0bf8cb190bc4bbeff3f,вывод,"O6:O11,AP1:AZ63",2026-09-16,deck key; step mm where labelled,AT21,null,6.234,n
1.0.0,"Таблица по подбору сечений теплых ангаров пролетами 9м, 12м, 15м, 18м, 21м, 24м версия 1,5.xlsx",0271b96c6fe725d3e50ad7891401958322a5ae97866bb0bf8cb190bc4bbeff3f,вывод,"O6:O11,AP1:AZ63",2026-09-16,deck key; step mm where labelled,AU21,null,6.434,n
1.0.0,"Таблица по подбору сечений теплых ангаров пролетами 9м, 12м, 15м, 18м, 21м, 24м версия 1,5.xlsx",0271b96c6fe725d3e50ad7891401958322a5ae97866bb0bf8cb190bc4bbeff3f,вывод,"O6:O11,AP1:AZ63",2026-09-16,deck key; step mm where labelled,AV21,null,6.586,n
1.0.0,"Таблица по подбору сечений теплых ангаров пролетами 9м, 12м, 15м, 18м, 21м, 24м версия 1,5.xlsx",0271b96c6fe725d3e50ad7891401958322a5ae97866bb0bf8cb190bc4bbeff3f,вывод,"O6:O11,AP1:AZ63",2026-09-16,deck key; step mm where labelled,AW21,null,6.744,n
1.0.0,"Таблица по подбору сечений теплых ангаров пролетами 9м, 12м, 15м, 18м, 21м, 24м версия 1,5.xlsx",0271b96c6fe725d3e50ad7891401958322a5ae97866bb0bf8cb190bc4bbeff3f,вывод,"O6:O11,AP1:AZ63",2026-09-16,deck key; step mm where labelled,AX21,null,7.010000000000001,n
1.0.0,"Таблица по подбору сечений теплых ангаров пролетами 9м, 12м, 15м, 18м, 21м, 24м версия 1,5.xlsx",0271b96c6fe725d3e50ad7891401958322a5ae97866bb0bf8cb190bc4bbeff3f,вывод,"O6:O11,AP1:AZ63",2026-09-16,deck key; step mm where labelled,AY21,null,7.312,n
1.0.0,"Таблица по подбору сечений теплых ангаров пролетами 9м, 12м, 15м, 18м, 21м, 24м версия 1,5.xlsx",0271b96c6fe725d3e50ad7891401958322a5ae97866bb0bf8cb190bc4bbeff3f,вывод,"O6:O11,AP1:AZ63",2026-09-16,deck key; step mm where labelled,AZ21,null,7.614,n
1.0.0,"Таблица по подбору сечений теплых ангаров пролетами 9м, 12м, 15м, 18м, 21м, 24м версия 1,5.xlsx",0271b96c6fe725d3e50ad7891401958322a5ae97866bb0bf8cb190bc4bbeff3f,вывод,"O6:O11,AP1:AZ63",2026-09-16,deck key; step mm where labelled,AP22,null,2.865,n
1.0.0,"Таблица по подбору сечений теплых ангаров пролетами 9м, 12м, 15м, 18м, 21м, 24м версия 1,5.xlsx",0271b96c6fe725d3e50ad7891401958322a5ae97866bb0bf8cb190bc4bbeff3f,вывод,"O6:O11,AP1:AZ63",2026-09-16,deck key; step mm where labelled,AQ22,null,5.7525,n
1.0.0,"Таблица по подбору сечений теплых ангаров пролетами 9м, 12м, 15м, 18м, 21м, 24м версия 1,5.xlsx",0271b96c6fe725d3e50ad7891401958322a5ae97866bb0bf8cb190bc4bbeff3f,вывод,"O6:O11,AP1:AZ63",2026-09-16,deck key; step mm where labelled,AR22,null,8.5075,n
1.0.0,"Таблица по подбору сечений теплых ангаров пролетами 9м, 12м, 15м, 18м, 21м, 24м версия 1,5.xlsx",0271b96c6fe725d3e50ad7891401958322a5ae97866bb0bf8cb190bc4bbeff3f,вывод,"O6:O11,AP1:AZ63",2026-09-16,deck key; step mm where labelled,AS22,null,12.262500000000001,n
1.0.0,"Таблица по подбору сечений теплых ангаров пролетами 9м, 12м, 15м, 18м, 21м, 24м версия 1,5.xlsx",0271b96c6fe725d3e50ad7891401958322a5ae97866bb0bf8cb190bc4bbeff3f,вывод,"O6:O11,AP1:AZ63",2026-09-16,deck key; step mm where labelled,AT22,null,6.096,n
1.0.0,"Таблица по подбору сечений теплых ангаров пролетами 9м, 12м, 15м, 18м, 21м, 24м версия 1,5.xlsx",0271b96c6fe725d3e50ad7891401958322a5ae97866bb0bf8cb190bc4bbeff3f,вывод,"O6:O11,AP1:AZ63",2026-09-16,deck key; step mm where labelled,AU22,null,6.286,n
1.0.0,"Таблица по подбору сечений теплых ангаров пролетами 9м, 12м, 15м, 18м, 21м, 24м версия 1,5.xlsx",0271b96c6fe725d3e50ad7891401958322a5ae97866bb0bf8cb190bc4bbeff3f,вывод,"O6:O11,AP1:AZ63",2026-09-16,deck key; step mm where labelled,AV22,null,6.454,n
1.0.0,"Таблица по подбору сечений теплых ангаров пролетами 9м, 12м, 15м, 18м, 21м, 24м версия 1,5.xlsx",0271b96c6fe725d3e50ad7891401958322a5ae97866bb0bf8cb190bc4bbeff3f,вывод,"O6:O11,AP1:AZ63",2026-09-16,deck key; step mm where labelled,AW22,null,6.6160000000000005,n
1.0.0,"Таблица по подбору сечений теплых ангаров пролетами 9м, 12м, 15м, 18м, 21м, 24м версия 1,5.xlsx",0271b96c6fe725d3e50ad7891401958322a5ae97866bb0bf8cb190bc4bbeff3f,вывод,"O6:O11,AP1:AZ63",2026-09-16,deck key; step mm where labelled,AX22,null,6.86,n
1.0.0,"Таблица по подбору сечений теплых ангаров пролетами 9м, 12м, 15м, 18м, 21м, 24м версия 1,5.xlsx",0271b96c6fe725d3e50ad7891401958322a5ae97866bb0bf8cb190bc4bbeff3f,вывод,"O6:O11,AP1:AZ63",2026-09-16,deck key; step mm where labelled,AY22,null,7.168,n
1.0.0,"Таблица по подбору сечений теплых ангаров пролетами 9м, 12м, 15м, 18м, 21м, 24м версия 1,5.xlsx",0271b96c6fe725d3e50ad7891401958322a5ae97866bb0bf8cb190bc4bbeff3f,вывод,"O6:O11,AP1:AZ63",2026-09-16,deck key; step mm where labelled,AZ22,null,7.476,n
1.0.0,"Таблица по подбору сечений теплых ангаров пролетами 9м, 12м, 15м, 18м, 21м, 24м версия 1,5.xlsx",0271b96c6fe725d3e50ad7891401958322a5ae97866bb0bf8cb190bc4bbeff3f,вывод,"O6:O11,AP1:AZ63",2026-09-16,deck key; step mm where labelled,AP23,null,2.72,n
1.0.0,"Таблица по подбору сечений теплых ангаров пролетами 9м, 12м, 15м, 18м, 21м, 24м версия 1,5.xlsx",0271b96c6fe725d3e50ad7891401958322a5ae97866bb0bf8cb190bc4bbeff3f,вывод,"O6:O11,AP1:AZ63",2026-09-16,deck key; step mm where labelled,AQ23,null,5.45,n
1.0.0,"Таблица по подбору сечений теплых ангаров пролетами 9м, 12м, 15м, 18м, 21м, 24м версия 1,5.xlsx",0271b96c6fe725d3e50ad7891401958322a5ae97866bb0bf8cb190bc4bbeff3f,вывод,"O6:O11,AP1:AZ63",2026-09-16,deck key; step mm where labelled,AR23,null,7.88,n
1.0.0,"Таблица по подбору сечений теплых ангаров пролетами 9м, 12м, 15м, 18м, 21м, 24м версия 1,5.xlsx",0271b96c6fe725d3e50ad7891401958322a5ae97866bb0bf8cb190bc4bbeff3f,вывод,"O6:O11,AP1:AZ63",2026-09-16,deck key; step mm where labelled,AS23,null,11.64,n
1.0.0,"Таблица по подбору сечений теплых ангаров пролетами 9м, 12м, 15м, 18м, 21м, 24м версия 1,5.xlsx",0271b96c6fe725d3e50ad7891401958322a5ae97866bb0bf8cb190bc4bbeff3f,вывод,"O6:O11,AP1:AZ63",2026-09-16,deck key; step mm where labelled,AT23,null,5.958,n
1.0.0,"Таблица по подбору сечений теплых ангаров пролетами 9м, 12м, 15м, 18м, 21м, 24м версия 1,5.xlsx",0271b96c6fe725d3e50ad7891401958322a5ae97866bb0bf8cb190bc4bbeff3f,вывод,"O6:O11,AP1:AZ63",2026-09-16,deck key; step mm where labelled,AU23,null,6.138,n
1.0.0,"Таблица по подбору сечений теплых ангаров пролетами 9м, 12м, 15м, 18м, 21м, 24м версия 1,5.xlsx",0271b96c6fe725d3e50ad7891401958322a5ae97866bb0bf8cb190bc4bbeff3f,вывод,"O6:O11,AP1:AZ63",2026-09-16,deck key; step mm where labelled,AV23,null,6.322,n
1.0.0,"Таблица по подбору сечений теплых ангаров пролетами 9м, 12м, 15м, 18м, 21м, 24м версия 1,5.xlsx",0271b96c6fe725d3e50ad7891401958322a5ae97866bb0bf8cb190bc4bbeff3f,вывод,"O6:O11,AP1:AZ63",2026-09-16,deck key; step mm where labelled,AW23,null,6.488,n
1.0.0,"Таблица по подбору сечений теплых ангаров пролетами 9м, 12м, 15м, 18м, 21м, 24м версия 1,5.xlsx",0271b96c6fe725d3e50ad7891401958322a5ae97866bb0bf8cb190bc4bbeff3f,вывод,"O6:O11,AP1:AZ63",2026-09-16,deck key; step mm where labelled,AX23,null,6.71,n
1.0.0,"Таблица по подбору сечений теплых ангаров пролетами 9м, 12м, 15м, 18м, 21м, 24м версия 1,5.xlsx",0271b96c6fe725d3e50ad7891401958322a5ae97866bb0bf8cb190bc4bbeff3f,вывод,"O6:O11,AP1:AZ63",2026-09-16,deck key; step mm where labelled,AY23,null,7.024,n
1.0.0,"Таблица по подбору сечений теплых ангаров пролетами 9м, 12м, 15м, 18м, 21м, 24м версия 1,5.xlsx",0271b96c6fe725d3e50ad7891401958322a5ae97866bb0bf8cb190bc4bbeff3f,вывод,"O6:O11,AP1:AZ63",2026-09-16,deck key; step mm where labelled,AZ23,null,7.338,n
1.0.0,"Таблица по подбору сечений теплых ангаров пролетами 9м, 12м, 15м, 18м, 21м, 24м версия 1,5.xlsx",0271b96c6fe725d3e50ad7891401958322a5ae97866bb0bf8cb190bc4bbeff3f,вывод,"O6:O11,AP1:AZ63",2026-09-16,deck key; step mm where labelled,AP24,null,2.625,n
1.0.0,"Таблица по подбору сечений теплых ангаров пролетами 9м, 12м, 15м, 18м, 21м, 24м версия 1,5.xlsx",0271b96c6fe725d3e50ad7891401958322a5ae97866bb0bf8cb190bc4bbeff3f,вывод,"O6:O11,AP1:AZ63",2026-09-16,deck key; step mm where labelled,AQ24,null,5.261666666666667,n
1.0.0,"Таблица по подбору сечений теплых ангаров пролетами 9м, 12м, 15м, 18м, 21м, 24м версия 1,5.xlsx",0271b96c6fe725d3e50ad7891401958322a5ae97866bb0bf8cb190bc4bbeff3f,вывод,"O6:O11,AP1:AZ63",2026-09-16,deck key; step mm where labelled,AR24,null,7.573333333333333,n
1.0.0,"Таблица по подбору сечений теплых ангаров пролетами 9м, 12м, 15м, 18м, 21м, 24м версия 1,5.xlsx",0271b96c6fe725d3e50ad7891401958322a5ae97866bb0bf8cb190bc4bbeff3f,вывод,"O6:O11,AP1:AZ63",2026-09-16,deck key; step mm where labelled,AS24,null,11.07,n
1.0.0,"Таблица по подбору сечений теплых ангаров пролетами 9м, 12м, 15м, 18м, 21м, 24м версия 1,5.xlsx",0271b96c6fe725d3e50ad7891401958322a5ae97866bb0bf8cb190bc4bbeff3f,вывод,"O6:O11,AP1:AZ63",2026-09-16,deck key; step mm where labelled,AT24,null,5.82,n
1.0.0,"Таблица по подбору сечений теплых ангаров пролетами 9м, 12м, 15м, 18м, 21м, 24м версия 1,5.xlsx",0271b96c6fe725d3e50ad7891401958322a5ae97866bb0bf8cb190bc4bbeff3f,вывод,"O6:O11,AP1:AZ63",2026-09-16,deck key; step mm where labelled,AU24,null,5.99,n
1.0.0,"Таблица по подбору сечений теплых ангаров пролетами 9м, 12м, 15м, 18м, 21м, 24м версия 1,5.xlsx",0271b96c6fe725d3e50ad7891401958322a5ae97866bb0bf8cb190bc4bbeff3f,вывод,"O6:O11,AP1:AZ63",2026-09-16,deck key; step mm where labelled,AV24,null,6.19,n
1.0.0,"Таблица по подбору сечений теплых ангаров пролетами 9м, 12м, 15м, 18м, 21м, 24м версия 1,5.xlsx",0271b96c6fe725d3e50ad7891401958322a5ae97866bb0bf8cb190bc4bbeff3f,вывод,"O6:O11,AP1:AZ63",2026-09-16,deck key; step mm where labelled,AW24,null,6.36,n
1.0.0,"Таблица по подбору сечений теплых ангаров пролетами 9м, 12м, 15м, 18м, 21м, 24м версия 1,5.xlsx",0271b96c6fe725d3e50ad7891401958322a5ae97866bb0bf8cb190bc4bbeff3f,вывод,"O6:O11,AP1:AZ63",2026-09-16,deck key; step mm where labelled,AX24,null,6.56,n
1.0.0,"Таблица по подбору сечений теплых ангаров пролетами 9м, 12м, 15м, 18м, 21м, 24м версия 1,5.xlsx",0271b96c6fe725d3e50ad7891401958322a5ae97866bb0bf8cb190bc4bbeff3f,вывод,"O6:O11,AP1:AZ63",2026-09-16,deck key; step mm where labelled,AY24,null,6.88,n
1.0.0,"Таблица по подбору сечений теплых ангаров пролетами 9м, 12м, 15м, 18м, 21м, 24м версия 1,5.xlsx",0271b96c6fe725d3e50ad7891401958322a5ae97866bb0bf8cb190bc4bbeff3f,вывод,"O6:O11,AP1:AZ63",2026-09-16,deck key; step mm where labelled,AZ24,null,7.2,n
1.0.0,"Таблица по подбору сечений теплых ангаров пролетами 9м, 12м, 15м, 18м, 21м, 24м версия 1,5.xlsx",0271b96c6fe725d3e50ad7891401958322a5ae97866bb0bf8cb190bc4bbeff3f,вывод,"O6:O11,AP1:AZ63",2026-09-16,deck key; step mm where labelled,AP25,null,2.53,n
1.0.0,"Таблица по подбору сечений теплых ангаров пролетами 9м, 12м, 15м, 18м, 21м, 24м версия 1,5.xlsx",0271b96c6fe725d3e50ad7891401958322a5ae97866bb0bf8cb190bc4bbeff3f,вывод,"O6:O11,AP1:AZ63",2026-09-16,deck key; step mm where labelled,AQ25,null,5.073333333333333,n
1.0.0,"Таблица по подбору сечений теплых ангаров пролетами 9м, 12м, 15м, 18м, 21м, 24м версия 1,5.xlsx",0271b96c6fe725d3e50ad7891401958322a5ae97866bb0bf8cb190bc4bbeff3f,вывод,"O6:O11,AP1:AZ63",2026-09-16,deck key; step mm where labelled,AR25,null,7.266666666666667,n
1.0.0,"Таблица по подбору сечений теплых ангаров пролетами 9м, 12м, 15м, 18м, 21м, 24м версия 1,5.xlsx",0271b96c6fe725d3e50ad7891401958322a5ae97866bb0bf8cb190bc4bbeff3f,вывод,"O6:O11,AP1:AZ63",2026-09-16,deck key; step mm where labelled,AS25,null,10.5,n
1.0.0,"Таблица по подбору сечений теплых ангаров пролетами 9м, 12м, 15м, 18м, 21м, 24м версия 1,5.xlsx",0271b96c6fe725d3e50ad7891401958322a5ae97866bb0bf8cb190bc4bbeff3f,вывод,"O6:O11,AP1:AZ63",2026-09-16,deck key; step mm where labelled,AT25,null,5.652,n
1.0.0,"Таблица по подбору сечений теплых ангаров пролетами 9м, 12м, 15м, 18м, 21м, 24м версия 1,5.xlsx",0271b96c6fe725d3e50ad7891401958322a5ae97866bb0bf8cb190bc4bbeff3f,вывод,"O6:O11,AP1:AZ63",2026-09-16,deck key; step mm where labelled,AU25,null,5.828,n
1.0.0,"Таблица по подбору сечений теплых ангаров пролетами 9м, 12м, 15м, 18м, 21м, 24м версия 1,5.xlsx",0271b96c6fe725d3e50ad7891401958322a5ae97866bb0bf8cb190bc4bbeff3f,вывод,"O6:O11,AP1:AZ63",2026-09-16,deck key; step mm where labelled,AV25,null,6.0280000000000005,n
1.0.0,"Таблица по подбору сечений теплых ангаров пролетами 9м, 12м, 15м, 18м, 21м, 24м версия 1,5.xlsx",0271b96c6fe725d3e50ad7891401958322a5ae97866bb0bf8cb190bc4bbeff3f,вывод,"O6:O11,AP1:AZ63",2026-09-16,deck key; step mm where labelled,AW25,null,6.204000000000001,n
1.0.0,"Таблица по подбору сечений теплых ангаров пролетами 9м, 12м, 15м, 18м, 21м, 24м версия 1,5.xlsx",0271b96c6fe725d3e50ad7891401958322a5ae97866bb0bf8cb190bc4bbeff3f,вывод,"O6:O11,AP1:AZ63",2026-09-16,deck key; step mm where labelled,AX25,null,6.409999999999999,n
1.0.0,"Таблица по подбору сечений теплых ангаров пролетами 9м, 12м, 15м, 18м, 21м, 24м версия 1,5.xlsx",0271b96c6fe725d3e50ad7891401958322a5ae97866bb0bf8cb190bc4bbeff3f,вывод,"O6:O11,AP1:AZ63",2026-09-16,deck key; step mm where labelled,AY25,null,6.736,n
1.0.0,"Таблица по подбору сечений теплых ангаров пролетами 9м, 12м, 15м, 18м, 21м, 24м версия 1,5.xlsx",0271b96c6fe725d3e50ad7891401958322a5ae97866bb0bf8cb190bc4bbeff3f,вывод,"O6:O11,AP1:AZ63",2026-09-16,deck key; step mm where labelled,AZ25,null,7.062,n
1.0.0,"Таблица по подбору сечений теплых ангаров пролетами 9м, 12м, 15м, 18м, 21м, 24м версия 1,5.xlsx",0271b96c6fe725d3e50ad7891401958322a5ae97866bb0bf8cb190bc4bbeff3f,вывод,"O6:O11,AP1:AZ63",2026-09-16,deck key; step mm where labelled,AP26,null,2.435,n
1.0.0,"Таблица по подбору сечений теплых ангаров пролетами 9м, 12м, 15м, 18м, 21м, 24м версия 1,5.xlsx",0271b96c6fe725d3e50ad7891401958322a5ae97866bb0bf8cb190bc4bbeff3f,вывод,"O6:O11,AP1:AZ63",2026-09-16,deck key; step mm where labelled,AQ26,null,4.885,n
1.0.0,"Таблица по подбору сечений теплых ангаров пролетами 9м, 12м, 15м, 18м, 21м, 24м версия 1,5.xlsx",0271b96c6fe725d3e50ad7891401958322a5ae97866bb0bf8cb190bc4bbeff3f,вывод,"O6:O11,AP1:AZ63",2026-09-16,deck key; step mm where labelled,AR26,null,6.96,n
1.0.0,"Таблица по подбору сечений теплых ангаров пролетами 9м, 12м, 15м, 18м, 21м, 24м версия 1,5.xlsx",0271b96c6fe725d3e50ad7891401958322a5ae97866bb0bf8cb190bc4bbeff3f,вывод,"O6:O11,AP1:AZ63",2026-09-16,deck key; step mm where labelled,AS26,null,9.93,n
1.0.0,"Таблица по подбору сечений теплых ангаров пролетами 9м, 12м, 15м, 18м, 21м, 24м версия 1,5.xlsx",0271b96c6fe725d3e50ad7891401958322a5ae97866bb0bf8cb190bc4bbeff3f,вывод,"O6:O11,AP1:AZ63",2026-09-16,deck key; step mm where labelled,AT26,null,5.484,n
1.0.0,"Таблица по подбору сечений теплых ангаров пролетами 9м, 12м, 15м, 18м, 21м, 24м версия 1,5.xlsx",0271b96c6fe725d3e50ad7891401958322a5ae97866bb0bf8cb190bc4bbeff3f,вывод,"O6:O11,AP1:AZ63",2026-09-16,deck key; step mm where labelled,AU26,null,5.666,n
1.0.0,"Таблица по подбору сечений теплых ангаров пролетами 9м, 12м, 15м, 18м, 21м, 24м версия 1,5.xlsx",0271b96c6fe725d3e50ad7891401958322a5ae97866bb0bf8cb190bc4bbeff3f,вывод,"O6:O11,AP1:AZ63",2026-09-16,deck key; step mm where labelled,AV26,null,5.8660000000000005,n
1.0.0,"Таблица по подбору сечений теплых ангаров пролетами 9м, 12м, 15м, 18м, 21м, 24м версия 1,5.xlsx",0271b96c6fe725d3e50ad7891401958322a5ae97866bb0bf8cb190bc4bbeff3f,вывод,"O6:O11,AP1:AZ63",2026-09-16,deck key; step mm where labelled,AW26,null,6.048,n
1.0.0,"Таблица по подбору сечений теплых ангаров пролетами 9м, 12м, 15м, 18м, 21м, 24м версия 1,5.xlsx",0271b96c6fe725d3e50ad7891401958322a5ae97866bb0bf8cb190bc4bbeff3f,вывод,"O6:O11,AP1:AZ63",2026-09-16,deck key; step mm where labelled,AX26,null,6.26,n
1.0.0,"Таблица по подбору сечений теплых ангаров пролетами 9м, 12м, 15м, 18м, 21м, 24м версия 1,5.xlsx",0271b96c6fe725d3e50ad7891401958322a5ae97866bb0bf8cb190bc4bbeff3f,вывод,"O6:O11,AP1:AZ63",2026-09-16,deck key; step mm where labelled,AY26,null,6.592,n
1.0.0,"Таблица по подбору сечений теплых ангаров пролетами 9м, 12м, 15м, 18м, 21м, 24м версия 1,5.xlsx",0271b96c6fe725d3e50ad7891401958322a5ae97866bb0bf8cb190bc4bbeff3f,вывод,"O6:O11,AP1:AZ63",2026-09-16,deck key; step mm where labelled,AZ26,null,6.924,n
1.0.0,"Таблица по подбору сечений теплых ангаров пролетами 9м, 12м, 15м, 18м, 21м, 24м версия 1,5.xlsx",0271b96c6fe725d3e50ad7891401958322a5ae97866bb0bf8cb190bc4bbeff3f,вывод,"O6:O11,AP1:AZ63",2026-09-16,deck key; step mm where labelled,AP27,null,2.34,n
1.0.0,"Таблица по подбору сечений теплых ангаров пролетами 9м, 12м, 15м, 18м, 21м, 24м версия 1,5.xlsx",0271b96c6fe725d3e50ad7891401958322a5ae97866bb0bf8cb190bc4bbeff3f,вывод,"O6:O11,AP1:AZ63",2026-09-16,deck key; step mm where labelled,AQ27,null,4.696666666666667,n
1.0.0,"Таблица по подбору сечений теплых ангаров пролетами 9м, 12м, 15м, 18м, 21м, 24м версия 1,5.xlsx",0271b96c6fe725d3e50ad7891401958322a5ae97866bb0bf8cb190bc4bbeff3f,вывод,"O6:O11,AP1:AZ63",2026-09-16,deck key; step mm where labelled,AR27,null,6.653333333333333,n
1.0.0,"Таблица по подбору сечений теплых ангаров пролетами 9м, 12м, 15м, 18м, 21м, 24м версия 1,5.xlsx",0271b96c6fe725d3e50ad7891401958322a5ae97866bb0bf8cb190bc4bbeff3f,вывод,"O6:O11,AP1:AZ63",2026-09-16,deck key; step mm where labelled,AS27,null,9.36,n
1.0.0,"Таблица по подбору сечений теплых ангаров пролетами 9м, 12м, 15м, 18м, 21м, 24м версия 1,5.xlsx",0271b96c6fe725d3e50ad7891401958322a5ae97866bb0bf8cb190bc4bbeff3f,вывод,"O6:O11,AP1:AZ63",2026-09-16,deck key; step mm where labelled,AT27,null,5.316000000000001,n
1.0.0,"Таблица по подбору сечений теплых ангаров пролетами 9м, 12м, 15м, 18м, 21м, 24м версия 1,5.xlsx",0271b96c6fe725d3e50ad7891401958322a5ae97866bb0bf8cb190bc4bbeff3f,вывод,"O6:O11,AP1:AZ63",2026-09-16,deck key; step mm where labelled,AU27,null,5.504,n
1.0.0,"Таблица по подбору сечений теплых ангаров пролетами 9м, 12м, 15м, 18м, 21м, 24м версия 1,5.xlsx",0271b96c6fe725d3e50ad7891401958322a5ae97866bb0bf8cb190bc4bbeff3f,вывод,"O6:O11,AP1:AZ63",2026-09-16,deck key; step mm where labelled,AV27,null,5.704,n
1.0.0,"Таблица по подбору сечений теплых ангаров пролетами 9м, 12м, 15м, 18м, 21м, 24м версия 1,5.xlsx",0271b96c6fe725d3e50ad7891401958322a5ae97866bb0bf8cb190bc4bbeff3f,вывод,"O6:O11,AP1:AZ63",2026-09-16,deck key; step mm where labelled,AW27,null,5.892,n
1.0.0,"Таблица по подбору сечений теплых ангаров пролетами 9м, 12м, 15м, 18м, 21м, 24м версия 1,5.xlsx",0271b96c6fe725d3e50ad7891401958322a5ae97866bb0bf8cb190bc4bbeff3f,вывод,"O6:O11,AP1:AZ63",2026-09-16,deck key; step mm where labelled,AX27,null,6.109999999999999,n
1.0.0,"Таблица по подбору сечений теплых ангаров пролетами 9м, 12м, 15м, 18м, 21м, 24м версия 1,5.xlsx",0271b96c6fe725d3e50ad7891401958322a5ae97866bb0bf8cb190bc4bbeff3f,вывод,"O6:O11,AP1:AZ63",2026-09-16,deck key; step mm where labelled,AY27,null,6.448,n
1.0.0,"Таблица по подбору сечений теплых ангаров пролетами 9м, 12м, 15м, 18м, 21м, 24м версия 1,5.xlsx",0271b96c6fe725d3e50ad7891401958322a5ae97866bb0bf8cb190bc4bbeff3f,вывод,"O6:O11,AP1:AZ63",2026-09-16,deck key; step mm where labelled,AZ27,null,6.786,n
1.0.0,"Таблица по подбору сечений теплых ангаров пролетами 9м, 12м, 15м, 18м, 21м, 24м версия 1,5.xlsx",0271b96c6fe725d3e50ad7891401958322a5ae97866bb0bf8cb190bc4bbeff3f,вывод,"O6:O11,AP1:AZ63",2026-09-16,deck key; step mm where labelled,AP28,null,2.245,n
1.0.0,"Таблица по подбору сечений теплых ангаров пролетами 9м, 12м, 15м, 18м, 21м, 24м версия 1,5.xlsx",0271b96c6fe725d3e50ad7891401958322a5ae97866bb0bf8cb190bc4bbeff3f,вывод,"O6:O11,AP1:AZ63",2026-09-16,deck key; step mm where labelled,AQ28,null,4.508333333333334,n
1.0.0,"Таблица по подбору сечений теплых ангаров пролетами 9м, 12м, 15м, 18м, 21м, 24м версия 1,5.xlsx",0271b96c6fe725d3e50ad7891401958322a5ae97866bb0bf8cb190bc4bbeff3f,вывод,"O6:O11,AP1:AZ63",2026-09-16,deck key; step mm where labelled,AR28,null,6.346666666666667,n
1.0.0,"Таблица по подбору сечений теплых ангаров пролетами 9м, 12м, 15м, 18м, 21м, 24м версия 1,5.xlsx",0271b96c6fe725d3e50ad7891401958322a5ae97866bb0bf8cb190bc4bbeff3f,вывод,"O6:O11,AP1:AZ63",2026-09-16,deck key; step mm where labelled,AS28,null,8.790000000000001,n
1.0.0,"Таблица по подбору сечений теплых ангаров пролетами 9м, 12м, 15м, 18м, 21м, 24м версия 1,5.xlsx",0271b96c6fe725d3e50ad7891401958322a5ae97866bb0bf8cb190bc4bbeff3f,вывод,"O6:O11,AP1:AZ63",2026-09-16,deck key; step mm where labelled,AT28,null,5.148000000000001,n
1.0.0,"Таблица по подбору сечений теплых ангаров пролетами 9м, 12м, 15м, 18м, 21м, 24м версия 1,5.xlsx",0271b96c6fe725d3e50ad7891401958322a5ae97866bb0bf8cb190bc4bbeff3f,вывод,"O6:O11,AP1:AZ63",2026-09-16,deck key; step mm where labelled,AU28,null,5.342,n
1.0.0,"Таблица по подбору сечений теплых ангаров пролетами 9м, 12м, 15м, 18м, 21м, 24м версия 1,5.xlsx",0271b96c6fe725d3e50ad7891401958322a5ae97866bb0bf8cb190bc4bbeff3f,вывод,"O6:O11,AP1:AZ63",2026-09-16,deck key; step mm where labelled,AV28,null,5.542,n
1.0.0,"Таблица по подбору сечений теплых ангаров пролетами 9м, 12м, 15м, 18м, 21м, 24м версия 1,5.xlsx",0271b96c6fe725d3e50ad7891401958322a5ae97866bb0bf8cb190bc4bbeff3f,вывод,"O6:O11,AP1:AZ63",2026-09-16,deck key; step mm where labelled,AW28,null,5.736,n
1.0.0,"Таблица по подбору сечений теплых ангаров пролетами 9м, 12м, 15м, 18м, 21м, 24м версия 1,5.xlsx",0271b96c6fe725d3e50ad7891401958322a5ae97866bb0bf8cb190bc4bbeff3f,вывод,"O6:O11,AP1:AZ63",2026-09-16,deck key; step mm where labelled,AX28,null,5.96,n
1.0.0,"Таблица по подбору сечений теплых ангаров пролетами 9м, 12м, 15м, 18м, 21м, 24м версия 1,5.xlsx",0271b96c6fe725d3e50ad7891401958322a5ae97866bb0bf8cb190bc4bbeff3f,вывод,"O6:O11,AP1:AZ63",2026-09-16,deck key; step mm where labelled,AY28,null,6.304,n
1.0.0,"Таблица по подбору сечений теплых ангаров пролетами 9м, 12м, 15м, 18м, 21м, 24м версия 1,5.xlsx",0271b96c6fe725d3e50ad7891401958322a5ae97866bb0bf8cb190bc4bbeff3f,вывод,"O6:O11,AP1:AZ63",2026-09-16,deck key; step mm where labelled,AZ28,null,6.648,n
1.0.0,"Таблица по подбору сечений теплых ангаров пролетами 9м, 12м, 15м, 18м, 21м, 24м версия 1,5.xlsx",0271b96c6fe725d3e50ad7891401958322a5ae97866bb0bf8cb190bc4bbeff3f,вывод,"O6:O11,AP1:AZ63",2026-09-16,deck key; step mm where labelled,AP29,null,null,n
1.0.0,"Таблица по подбору сечений теплых ангаров пролетами 9м, 12м, 15м, 18м, 21м, 24м версия 1,5.xlsx",0271b96c6fe725d3e50ad7891401958322a5ae97866bb0bf8cb190bc4bbeff3f,вывод,"O6:O11,AP1:AZ63",2026-09-16,deck key; step mm where labelled,AQ29,null,null,n
1.0.0,"Таблица по подбору сечений теплых ангаров пролетами 9м, 12м, 15м, 18м, 21м, 24м версия 1,5.xlsx",0271b96c6fe725d3e50ad7891401958322a5ae97866bb0bf8cb190bc4bbeff3f,вывод,"O6:O11,AP1:AZ63",2026-09-16,deck key; step mm where labelled,AR29,null,null,n
1.0.0,"Таблица по подбору сечений теплых ангаров пролетами 9м, 12м, 15м, 18м, 21м, 24м версия 1,5.xlsx",0271b96c6fe725d3e50ad7891401958322a5ae97866bb0bf8cb190bc4bbeff3f,вывод,"O6:O11,AP1:AZ63",2026-09-16,deck key; step mm where labelled,AS29,null,null,n
1.0.0,"Таблица по подбору сечений теплых ангаров пролетами 9м, 12м, 15м, 18м, 21м, 24м версия 1,5.xlsx",0271b96c6fe725d3e50ad7891401958322a5ae97866bb0bf8cb190bc4bbeff3f,вывод,"O6:O11,AP1:AZ63",2026-09-16,deck key; step mm where labelled,AT29,null,null,n
1.0.0,"Таблица по подбору сечений теплых ангаров пролетами 9м, 12м, 15м, 18м, 21м, 24м версия 1,5.xlsx",0271b96c6fe725d3e50ad7891401958322a5ae97866bb0bf8cb190bc4bbeff3f,вывод,"O6:O11,AP1:AZ63",2026-09-16,deck key; step mm where labelled,AU29,null,null,n
1.0.0,"Таблица по подбору сечений теплых ангаров пролетами 9м, 12м, 15м, 18м, 21м, 24м версия 1,5.xlsx",0271b96c6fe725d3e50ad7891401958322a5ae97866bb0bf8cb190bc4bbeff3f,вывод,"O6:O11,AP1:AZ63",2026-09-16,deck key; step mm where labelled,AV29,null,null,n
1.0.0,"Таблица по подбору сечений теплых ангаров пролетами 9м, 12м, 15м, 18м, 21м, 24м версия 1,5.xlsx",0271b96c6fe725d3e50ad7891401958322a5ae97866bb0bf8cb190bc4bbeff3f,вывод,"O6:O11,AP1:AZ63",2026-09-16,deck key; step mm where labelled,AW29,null,null,n
1.0.0,"Таблица по подбору сечений теплых ангаров пролетами 9м, 12м, 15м, 18м, 21м, 24м версия 1,5.xlsx",0271b96c6fe725d3e50ad7891401958322a5ae97866bb0bf8cb190bc4bbeff3f,вывод,"O6:O11,AP1:AZ63",2026-09-16,deck key; step mm where labelled,AX29,null,null,n
1.0.0,"Таблица по подбору сечений теплых ангаров пролетами 9м, 12м, 15м, 18м, 21м, 24м версия 1,5.xlsx",0271b96c6fe725d3e50ad7891401958322a5ae97866bb0bf8cb190bc4bbeff3f,вывод,"O6:O11,AP1:AZ63",2026-09-16,deck key; step mm where labelled,AY29,null,null,n
1.0.0,"Таблица по подбору сечений теплых ангаров пролетами 9м, 12м, 15м, 18м, 21м, 24м версия 1,5.xlsx",0271b96c6fe725d3e50ad7891401958322a5ae97866bb0bf8cb190bc4bbeff3f,вывод,"O6:O11,AP1:AZ63",2026-09-16,deck key; step mm where labelled,AZ29,null,null,n
1.0.0,"Таблица по подбору сечений теплых ангаров пролетами 9м, 12м, 15м, 18м, 21м, 24м версия 1,5.xlsx",0271b96c6fe725d3e50ad7891401958322a5ae97866bb0bf8cb190bc4bbeff3f,вывод,"O6:O11,AP1:AZ63",2026-09-16,deck key; step mm where labelled,AP30,null,2.15,n
1.0.0,"Таблица по подбору сечений теплых ангаров пролетами 9м, 12м, 15м, 18м, 21м, 24м версия 1,5.xlsx",0271b96c6fe725d3e50ad7891401958322a5ae97866bb0bf8cb190bc4bbeff3f,вывод,"O6:O11,AP1:AZ63",2026-09-16,deck key; step mm where labelled,AQ30,null,4.32,n
1.0.0,"Таблица по подбору сечений теплых ангаров пролетами 9м, 12м, 15м, 18м, 21м, 24м версия 1,5.xlsx",0271b96c6fe725d3e50ad7891401958322a5ae97866bb0bf8cb190bc4bbeff3f,вывод,"O6:O11,AP1:AZ63",2026-09-16,deck key; step mm where labelled,AR30,null,6.04,n
1.0.0,"Таблица по подбору сечений теплых ангаров пролетами 9м, 12м, 15м, 18м, 21м, 24м версия 1,5.xlsx",0271b96c6fe725d3e50ad7891401958322a5ae97866bb0bf8cb190bc4bbeff3f,вывод,"O6:O11,AP1:AZ63",2026-09-16,deck key; step mm where labelled,AS30,null,8.22,n
1.0.0,"Таблица по подбору сечений теплых ангаров пролетами 9м, 12м, 15м, 18м, 21м, 24м версия 1,5.xlsx",0271b96c6fe725d3e50ad7891401958322a5ae97866bb0bf8cb190bc4bbeff3f,вывод,"O6:O11,AP1:AZ63",2026-09-16,deck key; step mm where labelled,AT30,null,4.98,n
1.0.0,"Таблица по подбору сечений теплых ангаров пролетами 9м, 12м, 15м, 18м, 21м, 24м версия 1,5.xlsx",0271b96c6fe725d3e50ad7891401958322a5ae97866bb0bf8cb190bc4bbeff3f,вывод,"O6:O11,AP1:AZ63",2026-09-16,deck key; step mm where labelled,AU30,null,5.18,n
1.0.0,"Таблица по подбору сечений теплых ангаров пролетами 9м, 12м, 15м, 18м, 21м, 24м версия 1,5.xlsx",0271b96c6fe725d3e50ad7891401958322a5ae97866bb0bf8cb190bc4bbeff3f,вывод,"O6:O11,AP1:AZ63",2026-09-16,deck key; step mm where labelled,AV30,null,5.38,n
1.0.0,"Таблица по подбору сечений теплых ангаров пролетами 9м, 12м, 15м, 18м, 21м, 24м версия 1,5.xlsx",0271b96c6fe725d3e50ad7891401958322a5ae97866bb0bf8cb190bc4bbeff3f,вывод,"O6:O11,AP1:AZ63",2026-09-16,deck key; step mm where labelled,AW30,null,5.58,n
1.0.0,"Таблица по подбору сечений теплых ангаров пролетами 9м, 12м, 15м, 18м, 21м, 24м версия 1,5.xlsx",0271b96c6fe725d3e50ad7891401958322a5ae97866bb0bf8cb190bc4bbeff3f,вывод,"O6:O11,AP1:AZ63",2026-09-16,deck key; step mm where labelled,AX30,null,5.81,n
1.0.0,"Таблица по подбору сечений теплых ангаров пролетами 9м, 12м, 15м, 18м, 21м, 24м версия 1,5.xlsx",0271b96c6fe725d3e50ad7891401958322a5ae97866bb0bf8cb190bc4bbeff3f,вывод,"O6:O11,AP1:AZ63",2026-09-16,deck key; step mm where labelled,AY30,null,6.16,n
1.0.0,"Таблица по подбору сечений теплых ангаров пролетами 9м, 12м, 15м, 18м, 21м, 24м версия 1,5.xlsx",0271b96c6fe725d3e50ad7891401958322a5ae97866bb0bf8cb190bc4bbeff3f,вывод,"O6:O11,AP1:AZ63",2026-09-16,deck key; step mm where labelled,AZ30,null,6.51,n
1.0.0,"Таблица по подбору сечений теплых ангаров пролетами 9м, 12м, 15м, 18м, 21м, 24м версия 1,5.xlsx",0271b96c6fe725d3e50ad7891401958322a5ae97866bb0bf8cb190bc4bbeff3f,вывод,"O6:O11,AP1:AZ63",2026-09-16,deck key; step mm where labelled,AP31,null,2.092,n
1.0.0,"Таблица по подбору сечений теплых ангаров пролетами 9м, 12м, 15м, 18м, 21м, 24м версия 1,5.xlsx",0271b96c6fe725d3e50ad7891401958322a5ae97866bb0bf8cb190bc4bbeff3f,вывод,"O6:O11,AP1:AZ63",2026-09-16,deck key; step mm where labelled,AQ31,null,4.207,n
1.0.0,"Таблица по подбору сечений теплых ангаров пролетами 9м, 12м, 15м, 18м, 21м, 24м версия 1,5.xlsx",0271b96c6fe725d3e50ad7891401958322a5ae97866bb0bf8cb190bc4bbeff3f,вывод,"O6:O11,AP1:AZ63",2026-09-16,deck key; step mm where labelled,AR31,null,5.859,n
1.0.0,"Таблица по подбору сечений теплых ангаров пролетами 9м, 12м, 15м, 18м, 21м, 24м версия 1,5.xlsx",0271b96c6fe725d3e50ad7891401958322a5ae97866bb0bf8cb190bc4bbeff3f,вывод,"O6:O11,AP1:AZ63",2026-09-16,deck key; step mm where labelled,AS31,null,7.98,n
1.0.0,"Таблица по подбору сечений теплых ангаров пролетами 9м, 12м, 15м, 18м, 21м, 24м версия 1,5.xlsx",0271b96c6fe725d3e50ad7891401958322a5ae97866bb0bf8cb190bc4bbeff3f,вывод,"O6:O11,AP1:AZ63",2026-09-16,deck key; step mm where labelled,AT31,null,4.812,n
1.0.0,"Таблица по подбору сечений теплых ангаров пролетами 9м, 12м, 15м, 18м, 21м, 24м версия 1,5.xlsx",0271b96c6fe725d3e50ad7891401958322a5ae97866bb0bf8cb190bc4bbeff3f,вывод,"O6:O11,AP1:AZ63",2026-09-16,deck key; step mm where labelled,AU31,null,5.012,n
1.0.0,"Таблица по подбору сечений теплых ангаров пролетами 9м, 12м, 15м, 18м, 21м, 24м версия 1,5.xlsx",0271b96c6fe725d3e50ad7891401958322a5ae97866bb0bf8cb190bc4bbeff3f,вывод,"O6:O11,AP1:AZ63",2026-09-16,deck key; step mm where labelled,AV31,null,5.212,n
1.0.0,"Таблица по подбору сечений теплых ангаров пролетами 9м, 12м, 15м, 18м, 21м, 24м версия 1,5.xlsx",0271b96c6fe725d3e50ad7891401958322a5ae97866bb0bf8cb190bc4bbeff3f,вывод,"O6:O11,AP1:AZ63",2026-09-16,deck key; step mm where labelled,AW31,null,5.41,n
1.0.0,"Таблица по подбору сечений теплых ангаров пролетами 9м, 12м, 15м, 18м, 21м, 24м версия 1,5.xlsx",0271b96c6fe725d3e50ad7891401958322a5ae97866bb0bf8cb190bc4bbeff3f,вывод,"O6:O11,AP1:AZ63",2026-09-16,deck key; step mm where labelled,AX31,null,5.6419999999999995,n
1.0.0,"Таблица по подбору сечений теплых ангаров пролетами 9м, 12м, 15м, 18м, 21м, 24м версия 1,5.xlsx",0271b96c6fe725d3e50ad7891401958322a5ae97866bb0bf8cb190bc4bbeff3f,вывод,"O6:O11,AP1:AZ63",2026-09-16,deck key; step mm where labelled,AY31,null,5.992,n
1.0.0,"Таблица по подбору сечений теплых ангаров пролетами 9м, 12м, 15м, 18м, 21м, 24м версия 1,5.xlsx",0271b96c6fe725d3e50ad7891401958322a5ae97866bb0bf8cb190bc4bbeff3f,вывод,"O6:O11,AP1:AZ63",2026-09-16,deck key; step mm where labelled,AZ31,null,6.342,n
1.0.0,"Таблица по подбору сечений теплых ангаров пролетами 9м, 12м, 15м, 18м, 21м, 24м версия 1,5.xlsx",0271b96c6fe725d3e50ad7891401958322a5ae97866bb0bf8cb190bc4bbeff3f,вывод,"O6:O11,AP1:AZ63",2026-09-16,deck key; step mm where labelled,AP32,null,2.034,n
1.0.0,"Таблица по подбору сечений теплых ангаров пролетами 9м, 12м, 15м, 18м, 21м, 24м версия 1,5.xlsx",0271b96c6fe725d3e50ad7891401958322a5ae97866bb0bf8cb190bc4bbeff3f,вывод,"O6:O11,AP1:AZ63",2026-09-16,deck key; step mm where labelled,AQ32,null,4.094,n
1.0.0,"Таблица по подбору сечений теплых ангаров пролетами 9м, 12м, 15м, 18м, 21м, 24м версия 1,5.xlsx",0271b96c6fe725d3e50ad7891401958322a5ae97866bb0bf8cb190bc4bbeff3f,вывод,"O6:O11,AP1:AZ63",2026-09-16,deck key; step mm where labelled,AR32,null,5.678,n
1.0.0,"Таблица по подбору сечений теплых ангаров пролетами 9м, 12м, 15м, 18м, 21м, 24м версия 1,5.xlsx",0271b96c6fe725d3e50ad7891401958322a5ae97866bb0bf8cb190bc4bbeff3f,вывод,"O6:O11,AP1:AZ63",2026-09-16,deck key; step mm where labelled,AS32,null,7.74,n
1.0.0,"Таблица по подбору сечений теплых ангаров пролетами 9м, 12м, 15м, 18м, 21м, 24м версия 1,5.xlsx",0271b96c6fe725d3e50ad7891401958322a5ae97866bb0bf8cb190bc4bbeff3f,вывод,"O6:O11,AP1:AZ63",2026-09-16,deck key; step mm where labelled,AT32,null,4.644,n
1.0.0,"Таблица по подбору сечений теплых ангаров пролетами 9м, 12м, 15м, 18м, 21м, 24м версия 1,5.xlsx",0271b96c6fe725d3e50ad7891401958322a5ae97866bb0bf8cb190bc4bbeff3f,вывод,"O6:O11,AP1:AZ63",2026-09-16,deck key; step mm where labelled,AU32,null,4.843999999999999,n
1.0.0,"Таблица по подбору сечений теплых ангаров пролетами 9м, 12м, 15м, 18м, 21м, 24м версия 1,5.xlsx",0271b96c6fe725d3e50ad7891401958322a5ae97866bb0bf8cb190bc4bbeff3f,вывод,"O6:O11,AP1:AZ63",2026-09-16,deck key; step mm where labelled,AV32,null,5.044,n
1.0.0,"Таблица по подбору сечений теплых ангаров пролетами 9м, 12м, 15м, 18м, 21м, 24м версия 1,5.xlsx",0271b96c6fe725d3e50ad7891401958322a5ae97866bb0bf8cb190bc4bbeff3f,вывод,"O6:O11,AP1:AZ63",2026-09-16,deck key; step mm where labelled,AW32,null,5.24,n
1.0.0,"Таблица по подбору сечений теплых ангаров пролетами 9м, 12м, 15м, 18м, 21м, 24м версия 1,5.xlsx",0271b96c6fe725d3e50ad7891401958322a5ae97866bb0bf8cb190bc4bbeff3f,вывод,"O6:O11,AP1:AZ63",2026-09-16,deck key; step mm where labelled,AX32,null,5.473999999999999,n
1.0.0,"Таблица по подбору сечений теплых ангаров пролетами 9м, 12м, 15м, 18м, 21м, 24м версия 1,5.xlsx",0271b96c6fe725d3e50ad7891401958322a5ae97866bb0bf8cb190bc4bbeff3f,вывод,"O6:O11,AP1:AZ63",2026-09-16,deck key; step mm where labelled,AY32,null,5.824,n
1.0.0,"Таблица по подбору сечений теплых ангаров пролетами 9м, 12м, 15м, 18м, 21м, 24м версия 1,5.xlsx",0271b96c6fe725d3e50ad7891401958322a5ae97866bb0bf8cb190bc4bbeff3f,вывод,"O6:O11,AP1:AZ63",2026-09-16,deck key; step mm where labelled,AZ32,null,6.1739999999999995,n
1.0.0,"Таблица по подбору сечений теплых ангаров пролетами 9м, 12м, 15м, 18м, 21м, 24м версия 1,5.xlsx",0271b96c6fe725d3e50ad7891401958322a5ae97866bb0bf8cb190bc4bbeff3f,вывод,"O6:O11,AP1:AZ63",2026-09-16,deck key; step mm where labelled,AP33,null,1.976,n
1.0.0,"Таблица по подбору сечений теплых ангаров пролетами 9м, 12м, 15м, 18м, 21м, 24м версия 1,5.xlsx",0271b96c6fe725d3e50ad7891401958322a5ae97866bb0bf8cb190bc4bbeff3f,вывод,"O6:O11,AP1:AZ63",2026-09-16,deck key; step mm where labelled,AQ33,null,3.981,n
1.0.0,"Таблица по подбору сечений теплых ангаров пролетами 9м, 12м, 15м, 18м, 21м, 24м версия 1,5.xlsx",0271b96c6fe725d3e50ad7891401958322a5ae97866bb0bf8cb190bc4bbeff3f,вывод,"O6:O11,AP1:AZ63",2026-09-16,deck key; step mm where labelled,AR33,null,5.497,n
1.0.0,"Таблица по подбору сечений теплых ангаров пролетами 9м, 12м, 15м, 18м, 21м, 24м версия 1,5.xlsx",0271b96c6fe725d3e50ad7891401958322a5ae97866bb0bf8cb190bc4bbeff3f,вывод,"O6:O11,AP1:AZ63",2026-09-16,deck key; step mm where labelled,AS33,null,7.500000000000001,n
1.0.0,"Таблица по подбору сечений теплых ангаров пролетами 9м, 12м, 15м, 18м, 21м, 24м версия 1,5.xlsx",0271b96c6fe725d3e50ad7891401958322a5ae97866bb0bf8cb190bc4bbeff3f,вывод,"O6:O11,AP1:AZ63",2026-09-16,deck key; step mm where labelled,AT33,null,4.476,n
1.0.0,"Таблица по подбору сечений теплых ангаров пролетами 9м, 12м, 15м, 18м, 21м, 24м версия 1,5.xlsx",0271b96c6fe725d3e50ad7891401958322a5ae97866bb0bf8cb190bc4bbeff3f,вывод,"O6:O11,AP1:AZ63",2026-09-16,deck key; step mm where labelled,AU33,null,4.676,n
1.0.0,"Таблица по подбору сечений теплых ангаров пролетами 9м, 12м, 15м, 18м, 21м, 24м версия 1,5.xlsx",0271b96c6fe725d3e50ad7891401958322a5ae97866bb0bf8cb190bc4bbeff3f,вывод,"O6:O11,AP1:AZ63",2026-09-16,deck key; step mm where labelled,AV33,null,4.876,n
1.0.0,"Таблица по подбору сечений теплых ангаров пролетами 9м, 12м, 15м, 18м, 21м, 24м версия 1,5.xlsx",0271b96c6fe725d3e50ad7891401958322a5ae97866bb0bf8cb190bc4bbeff3f,вывод,"O6:O11,AP1:AZ63",2026-09-16,deck key; step mm where labelled,AW33,null,5.07,n
1.0.0,"Таблица по подбору сечений теплых ангаров пролетами 9м, 12м, 15м, 18м, 21м, 24м версия 1,5.xlsx",0271b96c6fe725d3e50ad7891401958322a5ae97866bb0bf8cb190bc4bbeff3f,вывод,"O6:O11,AP1:AZ63",2026-09-16,deck key; step mm where labelled,AX33,null,5.306,n
1.0.0,"Таблица по подбору сечений теплых ангаров пролетами 9м, 12м, 15м, 18м, 21м, 24м версия 1,5.xlsx",0271b96c6fe725d3e50ad7891401958322a5ae97866bb0bf8cb190bc4bbeff3f,вывод,"O6:O11,AP1:AZ63",2026-09-16,deck key; step mm where labelled,AY33,null,5.656000000000001,n
1.0.0,"Таблица по подбору сечений теплых ангаров пролетами 9м, 12м, 15м, 18м, 21м, 24м версия 1,5.xlsx",0271b96c6fe725d3e50ad7891401958322a5ae97866bb0bf8cb190bc4bbeff3f,вывод,"O6:O11,AP1:AZ63",2026-09-16,deck key; step mm where labelled,AZ33,null,6.006,n
1.0.0,"Таблица по подбору сечений теплых ангаров пролетами 9м, 12м, 15м, 18м, 21м, 24м версия 1,5.xlsx",0271b96c6fe725d3e50ad7891401958322a5ae97866bb0bf8cb190bc4bbeff3f,вывод,"O6:O11,AP1:AZ63",2026-09-16,deck key; step mm where labelled,AP34,null,1.918,n
1.0.0,"Таблица по подбору сечений теплых ангаров пролетами 9м, 12м, 15м, 18м, 21м, 24м версия 1,5.xlsx",0271b96c6fe725d3e50ad7891401958322a5ae97866bb0bf8cb190bc4bbeff3f,вывод,"O6:O11,AP1:AZ63",2026-09-16,deck key; step mm where labelled,AQ34,null,3.868,n
1.0.0,"Таблица по подбору сечений теплых ангаров пролетами 9м, 12м, 15м, 18м, 21м, 24м версия 1,5.xlsx",0271b96c6fe725d3e50ad7891401958322a5ae97866bb0bf8cb190bc4bbeff3f,вывод,"O6:O11,AP1:AZ63",2026-09-16,deck key; step mm where labelled,AR34,null,5.316,n
1.0.0,"Таблица по подбору сечений теплых ангаров пролетами 9м, 12м, 15м, 18м, 21м, 24м версия 1,5.xlsx",0271b96c6fe725d3e50ad7891401958322a5ae97866bb0bf8cb190bc4bbeff3f,вывод,"O6:O11,AP1:AZ63",2026-09-16,deck key; step mm where labelled,AS34,null,7.260000000000001,n
1.0.0,"Таблица по подбору сечений теплых ангаров пролетами 9м, 12м, 15м, 18м, 21м, 24м версия 1,5.xlsx",0271b96c6fe725d3e50ad7891401958322a5ae97866bb0bf8cb190bc4bbeff3f,вывод,"O6:O11,AP1:AZ63",2026-09-16,deck key; step mm where labelled,AT34,null,4.308,n
1.0.0,"Таблица по подбору сечений теплых ангаров пролетами 9м, 12м, 15м, 18м, 21м, 24м версия 1,5.xlsx",0271b96c6fe725d3e50ad7891401958322a5ae97866bb0bf8cb190bc4bbeff3f,вывод,"O6:O11,AP1:AZ63",2026-09-16,deck key; step mm where labelled,AU34,null,4.508,n
1.0.0,"Таблица по подбору сечений теплых ангаров пролетами 9м, 12м, 15м, 18м, 21м, 24м версия 1,5.xlsx",0271b96c6fe725d3e50ad7891401958322a5ae97866bb0bf8cb190bc4bbeff3f,вывод,"O6:O11,AP1:AZ63",2026-09-16,deck key; step mm where labelled,AV34,null,4.708,n
1.0.0,"Таблица по подбору сечений теплых ангаров пролетами 9м, 12м, 15м, 18м, 21м, 24м версия 1,5.xlsx",0271b96c6fe725d3e50ad7891401958322a5ae97866bb0bf8cb190bc4bbeff3f,вывод,"O6:O11,AP1:AZ63",2026-09-16,deck key; step mm where labelled,AW34,null,4.9,n
1.0.0,"Таблица по подбору сечений теплых ангаров пролетами 9м, 12м, 15м, 18м, 21м, 24м версия 1,5.xlsx",0271b96c6fe725d3e50ad7891401958322a5ae97866bb0bf8cb190bc4bbeff3f,вывод,"O6:O11,AP1:AZ63",2026-09-16,deck key; step mm where labelled,AX34,null,5.138,n
1.0.0,"Таблица по подбору сечений теплых ангаров пролетами 9м, 12м, 15м, 18м, 21м, 24м версия 1,5.xlsx",0271b96c6fe725d3e50ad7891401958322a5ae97866bb0bf8cb190bc4bbeff3f,вывод,"O6:O11,AP1:AZ63",2026-09-16,deck key; step mm where labelled,AY34,null,5.488,n
1.0.0,"Таблица по подбору сечений теплых ангаров пролетами 9м, 12м, 15м, 18м, 21м, 24м версия 1,5.xlsx",0271b96c6fe725d3e50ad7891401958322a5ae97866bb0bf8cb190bc4bbeff3f,вывод,"O6:O11,AP1:AZ63",2026-09-16,deck key; step mm where labelled,AZ34,null,5.838,n
1.0.0,"Таблица по подбору сечений теплых ангаров пролетами 9м, 12м, 15м, 18м, 21м, 24м версия 1,5.xlsx",0271b96c6fe725d3e50ad7891401958322a5ae97866bb0bf8cb190bc4bbeff3f,вывод,"O6:O11,AP1:AZ63",2026-09-16,deck key; step mm where labelled,AP35,null,1.8599999999999999,n
1.0.0,"Таблица по подбору сечений теплых ангаров пролетами 9м, 12м, 15м, 18м, 21м, 24м версия 1,5.xlsx",0271b96c6fe725d3e50ad7891401958322a5ae97866bb0bf8cb190bc4bbeff3f,вывод,"O6:O11,AP1:AZ63",2026-09-16,deck key; step mm where labelled,AQ35,null,3.755,n
1.0.0,"Таблица по подбору сечений теплых ангаров пролетами 9м, 12м, 15м, 18м, 21м, 24м версия 1,5.xlsx",0271b96c6fe725d3e50ad7891401958322a5ae97866bb0bf8cb190bc4bbeff3f,вывод,"O6:O11,AP1:AZ63",2026-09-16,deck key; step mm where labelled,AR35,null,5.135,n
1.0.0,"Таблица по подбору сечений теплых ангаров пролетами 9м, 12м, 15м, 18м, 21м, 24м версия 1,5.xlsx",0271b96c6fe725d3e50ad7891401958322a5ae97866bb0bf8cb190bc4bbeff3f,вывод,"O6:O11,AP1:AZ63",2026-09-16,deck key; step mm where labelled,AS35,null,7.0200000000000005,n
1.0.0,"Таблица по подбору сечений теплых ангаров пролетами 9м, 12м, 15м, 18м, 21м, 24м версия 1,5.xlsx",0271b96c6fe725d3e50ad7891401958322a5ae97866bb0bf8cb190bc4bbeff3f,вывод,"O6:O11,AP1:AZ63",2026-09-16,deck key; step mm where labelled,AT35,null,4.14,n
1.0.0,"Таблица по подбору сечений теплых ангаров пролетами 9м, 12м, 15м, 18м, 21м, 24м версия 1,5.xlsx",0271b96c6fe725d3e50ad7891401958322a5ae97866bb0bf8cb190bc4bbeff3f,вывод,"O6:O11,AP1:AZ63",2026-09-16,deck key; step mm where labelled,AU35,null,4.34,n
1.0.0,"Таблица по подбору сечений теплых ангаров пролетами 9м, 12м, 15м, 18м, 21м, 24м версия 1,5.xlsx",0271b96c6fe725d3e50ad7891401958322a5ae97866bb0bf8cb190bc4bbeff3f,вывод,"O6:O11,AP1:AZ63",2026-09-16,deck key; step mm where labelled,AV35,null,4.54,n
1.0.0,"Таблица по подбору сечений теплых ангаров пролетами 9м, 12м, 15м, 18м, 21м, 24м версия 1,5.xlsx",0271b96c6fe725d3e50ad7891401958322a5ae97866bb0bf8cb190bc4bbeff3f,вывод,"O6:O11,AP1:AZ63",2026-09-16,deck key; step mm where labelled,AW35,null,4.73,n
1.0.0,"Таблица по подбору сечений теплых ангаров пролетами 9м, 12м, 15м, 18м, 21м, 24м версия 1,5.xlsx",0271b96c6fe725d3e50ad7891401958322a5ae97866bb0bf8cb190bc4bbeff3f,вывод,"O6:O11,AP1:AZ63",2026-09-16,deck key; step mm where labelled,AX35,null,4.97,n
1.0.0,"Таблица по подбору сечений теплых ангаров пролетами 9м, 12м, 15м, 18м, 21м, 24м версия 1,5.xlsx",0271b96c6fe725d3e50ad7891401958322a5ae97866bb0bf8cb190bc4bbeff3f,вывод,"O6:O11,AP1:AZ63",2026-09-16,deck key; step mm where labelled,AY35,null,5.32,n
1.0.0,"Таблица по подбору сечений теплых ангаров пролетами 9м, 12м, 15м, 18м, 21м, 24м версия 1,5.xlsx",0271b96c6fe725d3e50ad7891401958322a5ae97866bb0bf8cb190bc4bbeff3f,вывод,"O6:O11,AP1:AZ63",2026-09-16,deck key; step mm where labelled,AZ35,null,5.67,n
1.0.0,"Таблица по подбору сечений теплых ангаров пролетами 9м, 12м, 15м, 18м, 21м, 24м версия 1,5.xlsx",0271b96c6fe725d3e50ad7891401958322a5ae97866bb0bf8cb190bc4bbeff3f,вывод,"O6:O11,AP1:AZ63",2026-09-16,deck key; step mm where labelled,AP36,null,1.8019999999999998,n
1.0.0,"Таблица по подбору сечений теплых ангаров пролетами 9м, 12м, 15м, 18м, 21м, 24м версия 1,5.xlsx",0271b96c6fe725d3e50ad7891401958322a5ae97866bb0bf8cb190bc4bbeff3f,вывод,"O6:O11,AP1:AZ63",2026-09-16,deck key; step mm where labelled,AQ36,null,3.642,n
1.0.0,"Таблица по подбору сечений теплых ангаров пролетами 9м, 12м, 15м, 18м, 21м, 24м версия 1,5.xlsx",0271b96c6fe725d3e50ad7891401958322a5ae97866bb0bf8cb190bc4bbeff3f,вывод,"O6:O11,AP1:AZ63",2026-09-16,deck key; step mm where labelled,AR36,null,4.954,n
1.0.0,"Таблица по подбору сечений теплых ангаров пролетами 9м, 12м, 15м, 18м, 21м, 24м версия 1,5.xlsx",0271b96c6fe725d3e50ad7891401958322a5ae97866bb0bf8cb190bc4bbeff3f,вывод,"O6:O11,AP1:AZ63",2026-09-16,deck key; step mm where labelled,AS36,null,6.78,n
1.0.0,"Таблица по подбору сечений теплых ангаров пролетами 9м, 12м, 15м, 18м, 21м, 24м версия 1,5.xlsx",0271b96c6fe725d3e50ad7891401958322a5ae97866bb0bf8cb190bc4bbeff3f,вывод,"O6:O11,AP1:AZ63",2026-09-16,deck key; step mm where labelled,AT36,null,3.9539999999999997,n
1.0.0,"Таблица по подбору сечений теплых ангаров пролетами 9м, 12м, 15м, 18м, 21м, 24м версия 1,5.xlsx",0271b96c6fe725d3e50ad7891401958322a5ae97866bb0bf8cb190bc4bbeff3f,вывод,"O6:O11,AP1:AZ63",2026-09-16,deck key; step mm where labelled,AU36,null,4.1579999999999995,n
1.0.0,"Таблица по подбору сечений теплых ангаров пролетами 9м, 12м, 15м, 18м, 21м, 24м версия 1,5.xlsx",0271b96c6fe725d3e50ad7891401958322a5ae97866bb0bf8cb190bc4bbeff3f,вывод,"O6:O11,AP1:AZ63",2026-09-16,deck key; step mm where labelled,AV36,null,4.356,n
1.0.0,"Таблица по подбору сечений теплых ангаров пролетами 9м, 12м, 15м, 18м, 21м, 24м версия 1,5.xlsx",0271b96c6fe725d3e50ad7891401958322a5ae97866bb0bf8cb190bc4bbeff3f,вывод,"O6:O11,AP1:AZ63",2026-09-16,deck key; step mm where labelled,AW36,null,4.548,n
1.0.0,"Таблица по подбору сечений теплых ангаров пролетами 9м, 12м, 15м, 18м, 21м, 24м версия 1,5.xlsx",0271b96c6fe725d3e50ad7891401958322a5ae97866bb0bf8cb190bc4bbeff3f,вывод,"O6:O11,AP1:AZ63",2026-09-16,deck key; step mm where labelled,AX36,null,4.792,n
1.0.0,"Таблица по подбору сечений теплых ангаров пролетами 9м, 12м, 15м, 18м, 21м, 24м версия 1,5.xlsx",0271b96c6fe725d3e50ad7891401958322a5ae97866bb0bf8cb190bc4bbeff3f,вывод,"O6:O11,AP1:AZ63",2026-09-16,deck key; step mm where labelled,AY36,null,5.142,n
1.0.0,"Таблица по подбору сечений теплых ангаров пролетами 9м, 12м, 15м, 18м, 21м, 24м версия 1,5.xlsx",0271b96c6fe725d3e50ad7891401958322a5ae97866bb0bf8cb190bc4bbeff3f,вывод,"O6:O11,AP1:AZ63",2026-09-16,deck key; step mm where labelled,AZ36,null,5.492,n
1.0.0,"Таблица по подбору сечений теплых ангаров пролетами 9м, 12м, 15м, 18м, 21м, 24м версия 1,5.xlsx",0271b96c6fe725d3e50ad7891401958322a5ae97866bb0bf8cb190bc4bbeff3f,вывод,"O6:O11,AP1:AZ63",2026-09-16,deck key; step mm where labelled,AP37,null,1.744,n
1.0.0,"Таблица по подбору сечений теплых ангаров пролетами 9м, 12м, 15м, 18м, 21м, 24м версия 1,5.xlsx",0271b96c6fe725d3e50ad7891401958322a5ae97866bb0bf8cb190bc4bbeff3f,вывод,"O6:O11,AP1:AZ63",2026-09-16,deck key; step mm where labelled,AQ37,null,3.529,n
1.0.0,"Таблица по подбору сечений теплых ангаров пролетами 9м, 12м, 15м, 18м, 21м, 24м версия 1,5.xlsx",0271b96c6fe725d3e50ad7891401958322a5ae97866bb0bf8cb190bc4bbeff3f,вывод,"O6:O11,AP1:AZ63",2026-09-16,deck key; step mm where labelled,AR37,null,4.773,n
1.0.0,"Таблица по подбору сечений теплых ангаров пролетами 9м, 12м, 15м, 18м, 21м, 24м версия 1,5.xlsx",0271b96c6fe725d3e50ad7891401958322a5ae97866bb0bf8cb190bc4bbeff3f,вывод,"O6:O11,AP1:AZ63",2026-09-16,deck key; step mm where labelled,AS37,null,6.54,n
1.0.0,"Таблица по подбору сечений теплых ангаров пролетами 9м, 12м, 15м, 18м, 21м, 24м версия 1,5.xlsx",0271b96c6fe725d3e50ad7891401958322a5ae97866bb0bf8cb190bc4bbeff3f,вывод,"O6:O11,AP1:AZ63",2026-09-16,deck key; step mm where labelled,AT37,null,3.768,n
1.0.0,"Таблица по подбору сечений теплых ангаров пролетами 9м, 12м, 15м, 18м, 21м, 24м версия 1,5.xlsx",0271b96c6fe725d3e50ad7891401958322a5ae97866bb0bf8cb190bc4bbeff3f,вывод,"O6:O11,AP1:AZ63",2026-09-16,deck key; step mm where labelled,AU37,null,3.976,n
1.0.0,"Таблица по подбору сечений теплых ангаров пролетами 9м, 12м, 15м, 18м, 21м, 24м версия 1,5.xlsx",0271b96c6fe725d3e50ad7891401958322a5ae97866bb0bf8cb190bc4bbeff3f,вывод,"O6:O11,AP1:AZ63",2026-09-16,deck key; step mm where labelled,AV37,null,4.172000000000001,n
1.0.0,"Таблица по подбору сечений теплых ангаров пролетами 9м, 12м, 15м, 18м, 21м, 24м версия 1,5.xlsx",0271b96c6fe725d3e50ad7891401958322a5ae97866bb0bf8cb190bc4bbeff3f,вывод,"O6:O11,AP1:AZ63",2026-09-16,deck key; step mm where labelled,AW37,null,4.3660000000000005,n
1.0.0,"Таблица по подбору сечений теплых ангаров пролетами 9м, 12м, 15м, 18м, 21м, 24м версия 1,5.xlsx",0271b96c6fe725d3e50ad7891401958322a5ae97866bb0bf8cb190bc4bbeff3f,вывод,"O6:O11,AP1:AZ63",2026-09-16,deck key; step mm where labelled,AX37,null,4.614,n
1.0.0,"Таблица по подбору сечений теплых ангаров пролетами 9м, 12м, 15м, 18м, 21м, 24м версия 1,5.xlsx",0271b96c6fe725d3e50ad7891401958322a5ae97866bb0bf8cb190bc4bbeff3f,вывод,"O6:O11,AP1:AZ63",2026-09-16,deck key; step mm where labelled,AY37,null,4.964,n
1.0.0,"Таблица по подбору сечений теплых ангаров пролетами 9м, 12м, 15м, 18м, 21м, 24м версия 1,5.xlsx",0271b96c6fe725d3e50ad7891401958322a5ae97866bb0bf8cb190bc4bbeff3f,вывод,"O6:O11,AP1:AZ63",2026-09-16,deck key; step mm where labelled,AZ37,null,5.314,n
1.0.0,"Таблица по подбору сечений теплых ангаров пролетами 9м, 12м, 15м, 18м, 21м, 24м версия 1,5.xlsx",0271b96c6fe725d3e50ad7891401958322a5ae97866bb0bf8cb190bc4bbeff3f,вывод,"O6:O11,AP1:AZ63",2026-09-16,deck key; step mm where labelled,AP38,null,null,n
1.0.0,"Таблица по подбору сечений теплых ангаров пролетами 9м, 12м, 15м, 18м, 21м, 24м версия 1,5.xlsx",0271b96c6fe725d3e50ad7891401958322a5ae97866bb0bf8cb190bc4bbeff3f,вывод,"O6:O11,AP1:AZ63",2026-09-16,deck key; step mm where labelled,AQ38,null,null,n
1.0.0,"Таблица по подбору сечений теплых ангаров пролетами 9м, 12м, 15м, 18м, 21м, 24м версия 1,5.xlsx",0271b96c6fe725d3e50ad7891401958322a5ae97866bb0bf8cb190bc4bbeff3f,вывод,"O6:O11,AP1:AZ63",2026-09-16,deck key; step mm where labelled,AR38,null,null,n
1.0.0,"Таблица по подбору сечений теплых ангаров пролетами 9м, 12м, 15м, 18м, 21м, 24м версия 1,5.xlsx",0271b96c6fe725d3e50ad7891401958322a5ae97866bb0bf8cb190bc4bbeff3f,вывод,"O6:O11,AP1:AZ63",2026-09-16,deck key; step mm where labelled,AS38,null,null,n
1.0.0,"Таблица по подбору сечений теплых ангаров пролетами 9м, 12м, 15м, 18м, 21м, 24м версия 1,5.xlsx",0271b96c6fe725d3e50ad7891401958322a5ae97866bb0bf8cb190bc4bbeff3f,вывод,"O6:O11,AP1:AZ63",2026-09-16,deck key; step mm where labelled,AT38,null,null,n
1.0.0,"Таблица по подбору сечений теплых ангаров пролетами 9м, 12м, 15м, 18м, 21м, 24м версия 1,5.xlsx",0271b96c6fe725d3e50ad7891401958322a5ae97866bb0bf8cb190bc4bbeff3f,вывод,"O6:O11,AP1:AZ63",2026-09-16,deck key; step mm where labelled,AU38,null,null,n
1.0.0,"Таблица по подбору сечений теплых ангаров пролетами 9м, 12м, 15м, 18м, 21м, 24м версия 1,5.xlsx",0271b96c6fe725d3e50ad7891401958322a5ae97866bb0bf8cb190bc4bbeff3f,вывод,"O6:O11,AP1:AZ63",2026-09-16,deck key; step mm where labelled,AV38,null,null,n
1.0.0,"Таблица по подбору сечений теплых ангаров пролетами 9м, 12м, 15м, 18м, 21м, 24м версия 1,5.xlsx",0271b96c6fe725d3e50ad7891401958322a5ae97866bb0bf8cb190bc4bbeff3f,вывод,"O6:O11,AP1:AZ63",2026-09-16,deck key; step mm where labelled,AW38,null,null,n
1.0.0,"Таблица по подбору сечений теплых ангаров пролетами 9м, 12м, 15м, 18м, 21м, 24м версия 1,5.xlsx",0271b96c6fe725d3e50ad7891401958322a5ae97866bb0bf8cb190bc4bbeff3f,вывод,"O6:O11,AP1:AZ63",2026-09-16,deck key; step mm where labelled,AX38,null,null,n
1.0.0,"Таблица по подбору сечений теплых ангаров пролетами 9м, 12м, 15м, 18м, 21м, 24м версия 1,5.xlsx",0271b96c6fe725d3e50ad7891401958322a5ae97866bb0bf8cb190bc4bbeff3f,вывод,"O6:O11,AP1:AZ63",2026-09-16,deck key; step mm where labelled,AY38,null,null,n
1.0.0,"Таблица по подбору сечений теплых ангаров пролетами 9м, 12м, 15м, 18м, 21м, 24м версия 1,5.xlsx",0271b96c6fe725d3e50ad7891401958322a5ae97866bb0bf8cb190bc4bbeff3f,вывод,"O6:O11,AP1:AZ63",2026-09-16,deck key; step mm where labelled,AZ38,null,null,n
1.0.0,"Таблица по подбору сечений теплых ангаров пролетами 9м, 12м, 15м, 18м, 21м, 24м версия 1,5.xlsx",0271b96c6fe725d3e50ad7891401958322a5ae97866bb0bf8cb190bc4bbeff3f,вывод,"O6:O11,AP1:AZ63",2026-09-16,deck key; step mm where labelled,AP39,null,null,n
1.0.0,"Таблица по подбору сечений теплых ангаров пролетами 9м, 12м, 15м, 18м, 21м, 24м версия 1,5.xlsx",0271b96c6fe725d3e50ad7891401958322a5ae97866bb0bf8cb190bc4bbeff3f,вывод,"O6:O11,AP1:AZ63",2026-09-16,deck key; step mm where labelled,AQ39,null,null,n
1.0.0,"Таблица по подбору сечений теплых ангаров пролетами 9м, 12м, 15м, 18м, 21м, 24м версия 1,5.xlsx",0271b96c6fe725d3e50ad7891401958322a5ae97866bb0bf8cb190bc4bbeff3f,вывод,"O6:O11,AP1:AZ63",2026-09-16,deck key; step mm where labelled,AR39,null,null,n
1.0.0,"Таблица по подбору сечений теплых ангаров пролетами 9м, 12м, 15м, 18м, 21м, 24м версия 1,5.xlsx",0271b96c6fe725d3e50ad7891401958322a5ae97866bb0bf8cb190bc4bbeff3f,вывод,"O6:O11,AP1:AZ63",2026-09-16,deck key; step mm where labelled,AS39,null,null,n
1.0.0,"Таблица по подбору сечений теплых ангаров пролетами 9м, 12м, 15м, 18м, 21м, 24м версия 1,5.xlsx",0271b96c6fe725d3e50ad7891401958322a5ae97866bb0bf8cb190bc4bbeff3f,вывод,"O6:O11,AP1:AZ63",2026-09-16,deck key; step mm where labelled,AT39,null,null,n
1.0.0,"Таблица по подбору сечений теплых ангаров пролетами 9м, 12м, 15м, 18м, 21м, 24м версия 1,5.xlsx",0271b96c6fe725d3e50ad7891401958322a5ae97866bb0bf8cb190bc4bbeff3f,вывод,"O6:O11,AP1:AZ63",2026-09-16,deck key; step mm where labelled,AU39,null,null,n
1.0.0,"Таблица по подбору сечений теплых ангаров пролетами 9м, 12м, 15м, 18м, 21м, 24м версия 1,5.xlsx",0271b96c6fe725d3e50ad7891401958322a5ae97866bb0bf8cb190bc4bbeff3f,вывод,"O6:O11,AP1:AZ63",2026-09-16,deck key; step mm where labelled,AV39,null,null,n
1.0.0,"Таблица по подбору сечений теплых ангаров пролетами 9м, 12м, 15м, 18м, 21м, 24м версия 1,5.xlsx",0271b96c6fe725d3e50ad7891401958322a5ae97866bb0bf8cb190bc4bbeff3f,вывод,"O6:O11,AP1:AZ63",2026-09-16,deck key; step mm where labelled,AW39,null,null,n
1.0.0,"Таблица по подбору сечений теплых ангаров пролетами 9м, 12м, 15м, 18м, 21м, 24м версия 1,5.xlsx",0271b96c6fe725d3e50ad7891401958322a5ae97866bb0bf8cb190bc4bbeff3f,вывод,"O6:O11,AP1:AZ63",2026-09-16,deck key; step mm where labelled,AX39,null,null,n
1.0.0,"Таблица по подбору сечений теплых ангаров пролетами 9м, 12м, 15м, 18м, 21м, 24м версия 1,5.xlsx",0271b96c6fe725d3e50ad7891401958322a5ae97866bb0bf8cb190bc4bbeff3f,вывод,"O6:O11,AP1:AZ63",2026-09-16,deck key; step mm where labelled,AY39,null,null,n
1.0.0,"Таблица по подбору сечений теплых ангаров пролетами 9м, 12м, 15м, 18м, 21м, 24м версия 1,5.xlsx",0271b96c6fe725d3e50ad7891401958322a5ae97866bb0bf8cb190bc4bbeff3f,вывод,"O6:O11,AP1:AZ63",2026-09-16,deck key; step mm where labelled,AZ39,null,null,n
1.0.0,"Таблица по подбору сечений теплых ангаров пролетами 9м, 12м, 15м, 18м, 21м, 24м версия 1,5.xlsx",0271b96c6fe725d3e50ad7891401958322a5ae97866bb0bf8cb190bc4bbeff3f,вывод,"O6:O11,AP1:AZ63",2026-09-16,deck key; step mm where labelled,AP40,null,1.686,n
1.0.0,"Таблица по подбору сечений теплых ангаров пролетами 9м, 12м, 15м, 18м, 21м, 24м версия 1,5.xlsx",0271b96c6fe725d3e50ad7891401958322a5ae97866bb0bf8cb190bc4bbeff3f,вывод,"O6:O11,AP1:AZ63",2026-09-16,deck key; step mm where labelled,AQ40,null,3.416,n
1.0.0,"Таблица по подбору сечений теплых ангаров пролетами 9м, 12м, 15м, 18м, 21м, 24м версия 1,5.xlsx",0271b96c6fe725d3e50ad7891401958322a5ae97866bb0bf8cb190bc4bbeff3f,вывод,"O6:O11,AP1:AZ63",2026-09-16,deck key; step mm where labelled,AR40,null,4.5920000000000005,n
1.0.0,"Таблица по подбору сечений теплых ангаров пролетами 9м, 12м, 15м, 18м, 21м, 24м версия 1,5.xlsx",0271b96c6fe725d3e50ad7891401958322a5ae97866bb0bf8cb190bc4bbeff3f,вывод,"O6:O11,AP1:AZ63",2026-09-16,deck key; step mm where labelled,AS40,null,6.300000000000001,n
1.0.0,"Таблица по подбору сечений теплых ангаров пролетами 9м, 12м, 15м, 18м, 21м, 24м версия 1,5.xlsx",0271b96c6fe725d3e50ad7891401958322a5ae97866bb0bf8cb190bc4bbeff3f,вывод,"O6:O11,AP1:AZ63",2026-09-16,deck key; step mm where labelled,AT40,null,3.582,n
1.0.0,"Таблица по подбору сечений теплых ангаров пролетами 9м, 12м, 15м, 18м, 21м, 24м версия 1,5.xlsx",0271b96c6fe725d3e50ad7891401958322a5ae97866bb0bf8cb190bc4bbeff3f,вывод,"O6:O11,AP1:AZ63",2026-09-16,deck key; step mm where labelled,AU40,null,3.794,n
1.0.0,"Таблица по подбору сечений теплых ангаров пролетами 9м, 12м, 15м, 18м, 21м, 24м версия 1,5.xlsx",0271b96c6fe725d3e50ad7891401958322a5ae97866bb0bf8cb190bc4bbeff3f,вывод,"O6:O11,AP1:AZ63",2026-09-16,deck key; step mm where labelled,AV40,null,3.988,n
1.0.0,"Таблица по подбору сечений теплых ангаров пролетами 9м, 12м, 15м, 18м, 21м, 24м версия 1,5.xlsx",0271b96c6fe725d3e50ad7891401958322a5ae97866bb0bf8cb190bc4bbeff3f,вывод,"O6:O11,AP1:AZ63",2026-09-16,deck key; step mm where labelled,AW40,null,4.184,n
1.0.0,"Таблица по подбору сечений теплых ангаров пролетами 9м, 12м, 15м, 18м, 21м, 24м версия 1,5.xlsx",0271b96c6fe725d3e50ad7891401958322a5ae97866bb0bf8cb190bc4bbeff3f,вывод,"O6:O11,AP1:AZ63",2026-09-16,deck key; step mm where labelled,AX40,null,4.436,n
1.0.0,"Таблица по подбору сечений теплых ангаров пролетами 9м, 12м, 15м, 18м, 21м, 24м версия 1,5.xlsx",0271b96c6fe725d3e50ad7891401958322a5ae97866bb0bf8cb190bc4bbeff3f,вывод,"O6:O11,AP1:AZ63",2026-09-16,deck key; step mm where labelled,AY40,null,4.786,n
1.0.0,"Таблица по подбору сечений теплых ангаров пролетами 9м, 12м, 15м, 18м, 21м, 24м версия 1,5.xlsx",0271b96c6fe725d3e50ad7891401958322a5ae97866bb0bf8cb190bc4bbeff3f,вывод,"O6:O11,AP1:AZ63",2026-09-16,deck key; step mm where labelled,AZ40,null,5.136,n
1.0.0,"Таблица по подбору сечений теплых ангаров пролетами 9м, 12м, 15м, 18м, 21м, 24м версия 1,5.xlsx",0271b96c6fe725d3e50ad7891401958322a5ae97866bb0bf8cb190bc4bbeff3f,вывод,"O6:O11,AP1:AZ63",2026-09-16,deck key; step mm where labelled,AP41,null,1.6280000000000001,n
1.0.0,"Таблица по подбору сечений теплых ангаров пролетами 9м, 12м, 15м, 18м, 21м, 24м версия 1,5.xlsx",0271b96c6fe725d3e50ad7891401958322a5ae97866bb0bf8cb190bc4bbeff3f,вывод,"O6:O11,AP1:AZ63",2026-09-16,deck key; step mm where labelled,AQ41,null,3.303,n
1.0.0,"Таблица по подбору сечений теплых ангаров пролетами 9м, 12м, 15м, 18м, 21м, 24м версия 1,5.xlsx",0271b96c6fe725d3e50ad7891401958322a5ae97866bb0bf8cb190bc4bbeff3f,вывод,"O6:O11,AP1:AZ63",2026-09-16,deck key; step mm where labelled,AR41,null,4.4110000000000005,n
1.0.0,"Таблица по подбору сечений теплых ангаров пролетами 9м, 12м, 15м, 18м, 21м, 24м версия 1,5.xlsx",0271b96c6fe725d3e50ad7891401958322a5ae97866bb0bf8cb190bc4bbeff3f,вывод,"O6:O11,AP1:AZ63",2026-09-16,deck key; step mm where labelled,AS41,null,6.0600000000000005,n
1.0.0,"Таблица по подбору сечений теплых ангаров пролетами 9м, 12м, 15м, 18м, 21м, 24м версия 1,5.xlsx",0271b96c6fe725d3e50ad7891401958322a5ae97866bb0bf8cb190bc4bbeff3f,вывод,"O6:O11,AP1:AZ63",2026-09-16,deck key; step mm where labelled,AT41,null,3.396,n
1.0.0,"Таблица по подбору сечений теплых ангаров пролетами 9м, 12м, 15м, 18м, 21м, 24м версия 1,5.xlsx",0271b96c6fe725d3e50ad7891401958322a5ae97866bb0bf8cb190bc4bbeff3f,вывод,"O6:O11,AP1:AZ63",2026-09-16,deck key; step mm where labelled,AU41,null,3.612,n
1.0.0,"Таблица по подбору сечений теплых ангаров пролетами 9м, 12м, 15м, 18м, 21м, 24м версия 1,5.xlsx",0271b96c6fe725d3e50ad7891401958322a5ae97866bb0bf8cb190bc4bbeff3f,вывод,"O6:O11,AP1:AZ63",2026-09-16,deck key; step mm where labelled,AV41,null,3.8040000000000003,n
1.0.0,"Таблица по подбору сечений теплых ангаров пролетами 9м, 12м, 15м, 18м, 21м, 24м версия 1,5.xlsx",0271b96c6fe725d3e50ad7891401958322a5ae97866bb0bf8cb190bc4bbeff3f,вывод,"O6:O11,AP1:AZ63",2026-09-16,deck key; step mm where labelled,AW41,null,4.002,n
1.0.0,"Таблица по подбору сечений теплых ангаров пролетами 9м, 12м, 15м, 18м, 21м, 24м версия 1,5.xlsx",0271b96c6fe725d3e50ad7891401958322a5ae97866bb0bf8cb190bc4bbeff3f,вывод,"O6:O11,AP1:AZ63",2026-09-16,deck key; step mm where labelled,AX41,null,4.258,n
1.0.0,"Таблица по подбору сечений теплых ангаров пролетами 9м, 12м, 15м, 18м, 21м, 24м версия 1,5.xlsx",0271b96c6fe725d3e50ad7891401958322a5ae97866bb0bf8cb190bc4bbeff3f,вывод,"O6:O11,AP1:AZ63",2026-09-16,deck key; step mm where labelled,AY41,null,4.608,n
1.0.0,"Таблица по подбору сечений теплых ангаров пролетами 9м, 12м, 15м, 18м, 21м, 24м версия 1,5.xlsx",0271b96c6fe725d3e50ad7891401958322a5ae97866bb0bf8cb190bc4bbeff3f,вывод,"O6:O11,AP1:AZ63",2026-09-16,deck key; step mm where labelled,AZ41,null,4.958,n
1.0.0,"Таблица по подбору сечений теплых ангаров пролетами 9м, 12м, 15м, 18м, 21м, 24м версия 1,5.xlsx",0271b96c6fe725d3e50ad7891401958322a5ae97866bb0bf8cb190bc4bbeff3f,вывод,"O6:O11,AP1:AZ63",2026-09-16,deck key; step mm where labelled,AP42,null,1.57,n
1.0.0,"Таблица по подбору сечений теплых ангаров пролетами 9м, 12м, 15м, 18м, 21м, 24м версия 1,5.xlsx",0271b96c6fe725d3e50ad7891401958322a5ae97866bb0bf8cb190bc4bbeff3f,вывод,"O6:O11,AP1:AZ63",2026-09-16,deck key; step mm where labelled,AQ42,null,3.19,n
1.0.0,"Таблица по подбору сечений теплых ангаров пролетами 9м, 12м, 15м, 18м, 21м, 24м версия 1,5.xlsx",0271b96c6fe725d3e50ad7891401958322a5ae97866bb0bf8cb190bc4bbeff3f,вывод,"O6:O11,AP1:AZ63",2026-09-16,deck key; step mm where labelled,AR42,null,4.23,n
1.0.0,"Таблица по подбору сечений теплых ангаров пролетами 9м, 12м, 15м, 18м, 21м, 24м версия 1,5.xlsx",0271b96c6fe725d3e50ad7891401958322a5ae97866bb0bf8cb190bc4bbeff3f,вывод,"O6:O11,AP1:AZ63",2026-09-16,deck key; step mm where labelled,AS42,null,5.82,n
1.0.0,"Таблица по подбору сечений теплых ангаров пролетами 9м, 12м, 15м, 18м, 21м, 24м версия 1,5.xlsx",0271b96c6fe725d3e50ad7891401958322a5ae97866bb0bf8cb190bc4bbeff3f,вывод,"O6:O11,AP1:AZ63",2026-09-16,deck key; step mm where labelled,AT42,null,3.21,n
1.0.0,"Таблица по подбору сечений теплых ангаров пролетами 9м, 12м, 15м, 18м, 21м, 24м версия 1,5.xlsx",0271b96c6fe725d3e50ad7891401958322a5ae97866bb0bf8cb190bc4bbeff3f,вывод,"O6:O11,AP1:AZ63",2026-09-16,deck key; step mm where labelled,AU42,null,3.43,n
1.0.0,"Таблица по подбору сечений теплых ангаров пролетами 9м, 12м, 15м, 18м, 21м, 24м версия 1,5.xlsx",0271b96c6fe725d3e50ad7891401958322a5ae97866bb0bf8cb190bc4bbeff3f,вывод,"O6:O11,AP1:AZ63",2026-09-16,deck key; step mm where labelled,AV42,null,3.62,n
1.0.0,"Таблица по подбору сечений теплых ангаров пролетами 9м, 12м, 15м, 18м, 21м, 24м версия 1,5.xlsx",0271b96c6fe725d3e50ad7891401958322a5ae97866bb0bf8cb190bc4bbeff3f,вывод,"O6:O11,AP1:AZ63",2026-09-16,deck key; step mm where labelled,AW42,null,3.82,n
1.0.0,"Таблица по подбору сечений теплых ангаров пролетами 9м, 12м, 15м, 18м, 21м, 24м версия 1,5.xlsx",0271b96c6fe725d3e50ad7891401958322a5ae97866bb0bf8cb190bc4bbeff3f,вывод,"O6:O11,AP1:AZ63",2026-09-16,deck key; step mm where labelled,AX42,null,4.08,n
1.0.0,"Таблица по подбору сечений теплых ангаров пролетами 9м, 12м, 15м, 18м, 21м, 24м версия 1,5.xlsx",0271b96c6fe725d3e50ad7891401958322a5ae97866bb0bf8cb190bc4bbeff3f,вывод,"O6:O11,AP1:AZ63",2026-09-16,deck key; step mm where labelled,AY42,null,4.43,n
1.0.0,"Таблица по подбору сечений теплых ангаров пролетами 9м, 12м, 15м, 18м, 21м, 24м версия 1,5.xlsx",0271b96c6fe725d3e50ad7891401958322a5ae97866bb0bf8cb190bc4bbeff3f,вывод,"O6:O11,AP1:AZ63",2026-09-16,deck key; step mm where labelled,AZ42,null,4.78,n
1.0.0,"Таблица по подбору сечений теплых ангаров пролетами 9м, 12м, 15м, 18м, 21м, 24м версия 1,5.xlsx",0271b96c6fe725d3e50ad7891401958322a5ae97866bb0bf8cb190bc4bbeff3f,вывод,"O6:O11,AP1:AZ63",2026-09-16,deck key; step mm where labelled,AP43,null,1.536,n
1.0.0,"Таблица по подбору сечений теплых ангаров пролетами 9м, 12м, 15м, 18м, 21м, 24м версия 1,5.xlsx",0271b96c6fe725d3e50ad7891401958322a5ae97866bb0bf8cb190bc4bbeff3f,вывод,"O6:O11,AP1:AZ63",2026-09-16,deck key; step mm where labelled,AQ43,null,3.083,n
1.0.0,"Таблица по подбору сечений теплых ангаров пролетами 9м, 12м, 15м, 18м, 21м, 24м версия 1,5.xlsx",0271b96c6fe725d3e50ad7891401958322a5ae97866bb0bf8cb190bc4bbeff3f,вывод,"O6:O11,AP1:AZ63",2026-09-16,deck key; step mm where labelled,AR43,null,4.1240000000000006,n
1.0.0,"Таблица по подбору сечений теплых ангаров пролетами 9м, 12м, 15м, 18м, 21м, 24м версия 1,5.xlsx",0271b96c6fe725d3e50ad7891401958322a5ae97866bb0bf8cb190bc4bbeff3f,вывод,"O6:O11,AP1:AZ63",2026-09-16,deck key; step mm where labelled,AS43,null,5.647,n
1.0.0,"Таблица по подбору сечений теплых ангаров пролетами 9м, 12м, 15м, 18м, 21м, 24м версия 1,5.xlsx",0271b96c6fe725d3e50ad7891401958322a5ae97866bb0bf8cb190bc4bbeff3f,вывод,"O6:O11,AP1:AZ63",2026-09-16,deck key; step mm where labelled,AT43,null,3.06,n
1.0.0,"Таблица по подбору сечений теплых ангаров пролетами 9м, 12м, 15м, 18м, 21м, 24м версия 1,5.xlsx",0271b96c6fe725d3e50ad7891401958322a5ae97866bb0bf8cb190bc4bbeff3f,вывод,"O6:O11,AP1:AZ63",2026-09-16,deck key; step mm where labelled,AU43,null,3.2760000000000002,n
1.0.0,"Таблица по подбору сечений теплых ангаров пролетами 9м, 12м, 15м, 18м, 21м, 24м версия 1,5.xlsx",0271b96c6fe725d3e50ad7891401958322a5ae97866bb0bf8cb190bc4bbeff3f,вывод,"O6:O11,AP1:AZ63",2026-09-16,deck key; step mm where labelled,AV43,null,3.47,n
1.0.0,"Таблица по подбору сечений теплых ангаров пролетами 9м, 12м, 15м, 18м, 21м, 24м версия 1,5.xlsx",0271b96c6fe725d3e50ad7891401958322a5ae97866bb0bf8cb190bc4bbeff3f,вывод,"O6:O11,AP1:AZ63",2026-09-16,deck key; step mm where labelled,AW43,null,3.6679999999999997,n
1.0.0,"Таблица по подбору сечений теплых ангаров пролетами 9м, 12м, 15м, 18м, 21м, 24м версия 1,5.xlsx",0271b96c6fe725d3e50ad7891401958322a5ae97866bb0bf8cb190bc4bbeff3f,вывод,"O6:O11,AP1:AZ63",2026-09-16,deck key; step mm where labelled,AX43,null,3.928,n
1.0.0,"Таблица по подбору сечений теплых ангаров пролетами 9м, 12м, 15м, 18м, 21м, 24м версия 1,5.xlsx",0271b96c6fe725d3e50ad7891401958322a5ae97866bb0bf8cb190bc4bbeff3f,вывод,"O6:O11,AP1:AZ63",2026-09-16,deck key; step mm where labelled,AY43,null,4.276,n
1.0.0,"Таблица по подбору сечений теплых ангаров пролетами 9м, 12м, 15м, 18м, 21м, 24м версия 1,5.xlsx",0271b96c6fe725d3e50ad7891401958322a5ae97866bb0bf8cb190bc4bbeff3f,вывод,"O6:O11,AP1:AZ63",2026-09-16,deck key; step mm where labelled,AZ43,null,4.6240000000000006,n
1.0.0,"Таблица по подбору сечений теплых ангаров пролетами 9м, 12м, 15м, 18м, 21м, 24м версия 1,5.xlsx",0271b96c6fe725d3e50ad7891401958322a5ae97866bb0bf8cb190bc4bbeff3f,вывод,"O6:O11,AP1:AZ63",2026-09-16,deck key; step mm where labelled,AP44,null,1.502,n
1.0.0,"Таблица по подбору сечений теплых ангаров пролетами 9м, 12м, 15м, 18м, 21м, 24м версия 1,5.xlsx",0271b96c6fe725d3e50ad7891401958322a5ae97866bb0bf8cb190bc4bbeff3f,вывод,"O6:O11,AP1:AZ63",2026-09-16,deck key; step mm where labelled,AQ44,null,2.976,n
1.0.0,"Таблица по подбору сечений теплых ангаров пролетами 9м, 12м, 15м, 18м, 21м, 24м версия 1,5.xlsx",0271b96c6fe725d3e50ad7891401958322a5ae97866bb0bf8cb190bc4bbeff3f,вывод,"O6:O11,AP1:AZ63",2026-09-16,deck key; step mm where labelled,AR44,null,4.018000000000001,n
1.0.0,"Таблица по подбору сечений теплых ангаров пролетами 9м, 12м, 15м, 18м, 21м, 24м версия 1,5.xlsx",0271b96c6fe725d3e50ad7891401958322a5ae97866bb0bf8cb190bc4bbeff3f,вывод,"O6:O11,AP1:AZ63",2026-09-16,deck key; step mm where labelled,AS44,null,5.474,n
1.0.0,"Таблица по подбору сечений теплых ангаров пролетами 9м, 12м, 15м, 18м, 21м, 24м версия 1,5.xlsx",0271b96c6fe725d3e50ad7891401958322a5ae97866bb0bf8cb190bc4bbeff3f,вывод,"O6:O11,AP1:AZ63",2026-09-16,deck key; step mm where labelled,AT44,null,2.91,n
1.0.0,"Таблица по подбору сечений теплых ангаров пролетами 9м, 12м, 15м, 18м, 21м, 24м версия 1,5.xlsx",0271b96c6fe725d3e50ad7891401958322a5ae97866bb0bf8cb190bc4bbeff3f,вывод,"O6:O11,AP1:AZ63",2026-09-16,deck key; step mm where labelled,AU44,null,3.1220000000000003,n
1.0.0,"Таблица по подбору сечений теплых ангаров пролетами 9м, 12м, 15м, 18м, 21м, 24м версия 1,5.xlsx",0271b96c6fe725d3e50ad7891401958322a5ae97866bb0bf8cb190bc4bbeff3f,вывод,"O6:O11,AP1:AZ63",2026-09-16,deck key; step mm where labelled,AV44,null,3.3200000000000003,n
1.0.0,"Таблица по подбору сечений теплых ангаров пролетами 9м, 12м, 15м, 18м, 21м, 24м версия 1,5.xlsx",0271b96c6fe725d3e50ad7891401958322a5ae97866bb0bf8cb190bc4bbeff3f,вывод,"O6:O11,AP1:AZ63",2026-09-16,deck key; step mm where labelled,AW44,null,3.516,n
1.0.0,"Таблица по подбору сечений теплых ангаров пролетами 9м, 12м, 15м, 18м, 21м, 24м версия 1,5.xlsx",0271b96c6fe725d3e50ad7891401958322a5ae97866bb0bf8cb190bc4bbeff3f,вывод,"O6:O11,AP1:AZ63",2026-09-16,deck key; step mm where labelled,AX44,null,3.776,n
1.0.0,"Таблица по подбору сечений теплых ангаров пролетами 9м, 12м, 15м, 18м, 21м, 24м версия 1,5.xlsx",0271b96c6fe725d3e50ad7891401958322a5ae97866bb0bf8cb190bc4bbeff3f,вывод,"O6:O11,AP1:AZ63",2026-09-16,deck key; step mm where labelled,AY44,null,4.122,n
1.0.0,"Таблица по подбору сечений теплых ангаров пролетами 9м, 12м, 15м, 18м, 21м, 24м версия 1,5.xlsx",0271b96c6fe725d3e50ad7891401958322a5ae97866bb0bf8cb190bc4bbeff3f,вывод,"O6:O11,AP1:AZ63",2026-09-16,deck key; step mm where labelled,AZ44,null,4.468,n
1.0.0,"Таблица по подбору сечений теплых ангаров пролетами 9м, 12м, 15м, 18м, 21м, 24м версия 1,5.xlsx",0271b96c6fe725d3e50ad7891401958322a5ae97866bb0bf8cb190bc4bbeff3f,вывод,"O6:O11,AP1:AZ63",2026-09-16,deck key; step mm where labelled,AP45,null,1.468,n
1.0.0,"Таблица по подбору сечений теплых ангаров пролетами 9м, 12м, 15м, 18м, 21м, 24м версия 1,5.xlsx",0271b96c6fe725d3e50ad7891401958322a5ae97866bb0bf8cb190bc4bbeff3f,вывод,"O6:O11,AP1:AZ63",2026-09-16,deck key; step mm where labelled,AQ45,null,2.869,n
1.0.0,"Таблица по подбору сечений теплых ангаров пролетами 9м, 12м, 15м, 18м, 21м, 24м версия 1,5.xlsx",0271b96c6fe725d3e50ad7891401958322a5ae97866bb0bf8cb190bc4bbeff3f,вывод,"O6:O11,AP1:AZ63",2026-09-16,deck key; step mm where labelled,AR45,null,3.9120000000000004,n
1.0.0,"Таблица по подбору сечений теплых ангаров пролетами 9м, 12м, 15м, 18м, 21м, 24м версия 1,5.xlsx",0271b96c6fe725d3e50ad7891401958322a5ae97866bb0bf8cb190bc4bbeff3f,вывод,"O6:O11,AP1:AZ63",2026-09-16,deck key; step mm where labelled,AS45,null,5.301,n
1.0.0,"Таблица по подбору сечений теплых ангаров пролетами 9м, 12м, 15м, 18м, 21м, 24м версия 1,5.xlsx",0271b96c6fe725d3e50ad7891401958322a5ae97866bb0bf8cb190bc4bbeff3f,вывод,"O6:O11,AP1:AZ63",2026-09-16,deck key; step mm where labelled,AT45,null,2.76,n
1.0.0,"Таблица по подбору сечений теплых ангаров пролетами 9м, 12м, 15м, 18м, 21м, 24м версия 1,5.xlsx",0271b96c6fe725d3e50ad7891401958322a5ae97866bb0bf8cb190bc4bbeff3f,вывод,"O6:O11,AP1:AZ63",2026-09-16,deck key; step mm where labelled,AU45,null,2.968,n
1.0.0,"Таблица по подбору сечений теплых ангаров пролетами 9м, 12м, 15м, 18м, 21м, 24м версия 1,5.xlsx",0271b96c6fe725d3e50ad7891401958322a5ae97866bb0bf8cb190bc4bbeff3f,вывод,"O6:O11,AP1:AZ63",2026-09-16,deck key; step mm where labelled,AV45,null,3.17,n
1.0.0,"Таблица по подбору сечений теплых ангаров пролетами 9м, 12м, 15м, 18м, 21м, 24м версия 1,5.xlsx",0271b96c6fe725d3e50ad7891401958322a5ae97866bb0bf8cb190bc4bbeff3f,вывод,"O6:O11,AP1:AZ63",2026-09-16,deck key; step mm where labelled,AW45,null,3.364,n
1.0.0,"Таблица по подбору сечений теплых ангаров пролетами 9м, 12м, 15м, 18м, 21м, 24м версия 1,5.xlsx",0271b96c6fe725d3e50ad7891401958322a5ae97866bb0bf8cb190bc4bbeff3f,вывод,"O6:O11,AP1:AZ63",2026-09-16,deck key; step mm where labelled,AX45,null,3.624,n
1.0.0,"Таблица по подбору сечений теплых ангаров пролетами 9м, 12м, 15м, 18м, 21м, 24м версия 1,5.xlsx",0271b96c6fe725d3e50ad7891401958322a5ae97866bb0bf8cb190bc4bbeff3f,вывод,"O6:O11,AP1:AZ63",2026-09-16,deck key; step mm where labelled,AY45,null,3.968,n
1.0.0,"Таблица по подбору сечений теплых ангаров пролетами 9м, 12м, 15м, 18м, 21м, 24м версия 1,5.xlsx",0271b96c6fe725d3e50ad7891401958322a5ae97866bb0bf8cb190bc4bbeff3f,вывод,"O6:O11,AP1:AZ63",2026-09-16,deck key; step mm where labelled,AZ45,null,4.312,n
1.0.0,"Таблица по подбору сечений теплых ангаров пролетами 9м, 12м, 15м, 18м, 21м, 24м версия 1,5.xlsx",0271b96c6fe725d3e50ad7891401958322a5ae97866bb0bf8cb190bc4bbeff3f,вывод,"O6:O11,AP1:AZ63",2026-09-16,deck key; step mm where labelled,AP46,null,1.434,n
1.0.0,"Таблица по подбору сечений теплых ангаров пролетами 9м, 12м, 15м, 18м, 21м, 24м версия 1,5.xlsx",0271b96c6fe725d3e50ad7891401958322a5ae97866bb0bf8cb190bc4bbeff3f,вывод,"O6:O11,AP1:AZ63",2026-09-16,deck key; step mm where labelled,AQ46,null,2.762,n
1.0.0,"Таблица по подбору сечений теплых ангаров пролетами 9м, 12м, 15м, 18м, 21м, 24м версия 1,5.xlsx",0271b96c6fe725d3e50ad7891401958322a5ae97866bb0bf8cb190bc4bbeff3f,вывод,"O6:O11,AP1:AZ63",2026-09-16,deck key; step mm where labelled,AR46,null,3.806,n
1.0.0,"Таблица по подбору сечений теплых ангаров пролетами 9м, 12м, 15м, 18м, 21м, 24м версия 1,5.xlsx",0271b96c6fe725d3e50ad7891401958322a5ae97866bb0bf8cb190bc4bbeff3f,вывод,"O6:O11,AP1:AZ63",2026-09-16,deck key; step mm where labelled,AS46,null,5.128,n
1.0.0,"Таблица по подбору сечений теплых ангаров пролетами 9м, 12м, 15м, 18м, 21м, 24м версия 1,5.xlsx",0271b96c6fe725d3e50ad7891401958322a5ae97866bb0bf8cb190bc4bbeff3f,вывод,"O6:O11,AP1:AZ63",2026-09-16,deck key; step mm where labelled,AT46,null,2.61,n
1.0.0,"Таблица по подбору сечений теплых ангаров пролетами 9м, 12м, 15м, 18м, 21м, 24м версия 1,5.xlsx",0271b96c6fe725d3e50ad7891401958322a5ae97866bb0bf8cb190bc4bbeff3f,вывод,"O6:O11,AP1:AZ63",2026-09-16,deck key; step mm where labelled,AU46,null,2.814,n
1.0.0,"Таблица по подбору сечений теплых ангаров пролетами 9м, 12м, 15м, 18м, 21м, 24м версия 1,5.xlsx",0271b96c6fe725d3e50ad7891401958322a5ae97866bb0bf8cb190bc4bbeff3f,вывод,"O6:O11,AP1:AZ63",2026-09-16,deck key; step mm where labelled,AV46,null,3.02,n
1.0.0,"Таблица по подбору сечений теплых ангаров пролетами 9м, 12м, 15м, 18м, 21м, 24м версия 1,5.xlsx",0271b96c6fe725d3e50ad7891401958322a5ae97866bb0bf8cb190bc4bbeff3f,вывод,"O6:O11,AP1:AZ63",2026-09-16,deck key; step mm where labelled,AW46,null,3.212,n
1.0.0,"Таблица по подбору сечений теплых ангаров пролетами 9м, 12м, 15м, 18м, 21м, 24м версия 1,5.xlsx",0271b96c6fe725d3e50ad7891401958322a5ae97866bb0bf8cb190bc4bbeff3f,вывод,"O6:O11,AP1:AZ63",2026-09-16,deck key; step mm where labelled,AX46,null,3.472,n
1.0.0,"Таблица по подбору сечений теплых ангаров пролетами 9м, 12м, 15м, 18м, 21м, 24м версия 1,5.xlsx",0271b96c6fe725d3e50ad7891401958322a5ae97866bb0bf8cb190bc4bbeff3f,вывод,"O6:O11,AP1:AZ63",2026-09-16,deck key; step mm where labelled,AY46,null,3.814,n
1.0.0,"Таблица по подбору сечений теплых ангаров пролетами 9м, 12м, 15м, 18м, 21м, 24м версия 1,5.xlsx",0271b96c6fe725d3e50ad7891401958322a5ae97866bb0bf8cb190bc4bbeff3f,вывод,"O6:O11,AP1:AZ63",2026-09-16,deck key; step mm where labelled,AZ46,null,4.156,n
1.0.0,"Таблица по подбору сечений теплых ангаров пролетами 9м, 12м, 15м, 18м, 21м, 24м версия 1,5.xlsx",0271b96c6fe725d3e50ad7891401958322a5ae97866bb0bf8cb190bc4bbeff3f,вывод,"O6:O11,AP1:AZ63",2026-09-16,deck key; step mm where labelled,AP47,null,1.4,n
1.0.0,"Таблица по подбору сечений теплых ангаров пролетами 9м, 12м, 15м, 18м, 21м, 24м версия 1,5.xlsx",0271b96c6fe725d3e50ad7891401958322a5ae97866bb0bf8cb190bc4bbeff3f,вывод,"O6:O11,AP1:AZ63",2026-09-16,deck key; step mm where labelled,AQ47,null,2.6550000000000002,n
1.0.0,"Таблица по подбору сечений теплых ангаров пролетами 9м, 12м, 15м, 18м, 21м, 24м версия 1,5.xlsx",0271b96c6fe725d3e50ad7891401958322a5ae97866bb0bf8cb190bc4bbeff3f,вывод,"O6:O11,AP1:AZ63",2026-09-16,deck key; step mm where labelled,AR47,null,3.7,n
1.0.0,"Таблица по подбору сечений теплых ангаров пролетами 9м, 12м, 15м, 18м, 21м, 24м версия 1,5.xlsx",0271b96c6fe725d3e50ad7891401958322a5ae97866bb0bf8cb190bc4bbeff3f,вывод,"O6:O11,AP1:AZ63",2026-09-16,deck key; step mm where labelled,AS47,null,4.955,n
1.0.0,"Таблица по подбору сечений теплых ангаров пролетами 9м, 12м, 15м, 18м, 21м, 24м версия 1,5.xlsx",0271b96c6fe725d3e50ad7891401958322a5ae97866bb0bf8cb190bc4bbeff3f,вывод,"O6:O11,AP1:AZ63",2026-09-16,deck key; step mm where labelled,AT47,null,2.46,n
1.0.0,"Таблица по подбору сечений теплых ангаров пролетами 9м, 12м, 15м, 18м, 21м, 24м версия 1,5.xlsx",0271b96c6fe725d3e50ad7891401958322a5ae97866bb0bf8cb190bc4bbeff3f,вывод,"O6:O11,AP1:AZ63",2026-09-16,deck key; step mm where labelled,AU47,null,2.66,n
1.0.0,"Таблица по подбору сечений теплых ангаров пролетами 9м, 12м, 15м, 18м, 21м, 24м версия 1,5.xlsx",0271b96c6fe725d3e50ad7891401958322a5ae97866bb0bf8cb190bc4bbeff3f,вывод,"O6:O11,AP1:AZ63",2026-09-16,deck key; step mm where labelled,AV47,null,2.87,n
1.0.0,"Таблица по подбору сечений теплых ангаров пролетами 9м, 12м, 15м, 18м, 21м, 24м версия 1,5.xlsx",0271b96c6fe725d3e50ad7891401958322a5ae97866bb0bf8cb190bc4bbeff3f,вывод,"O6:O11,AP1:AZ63",2026-09-16,deck key; step mm where labelled,AW47,null,3.06,n
1.0.0,"Таблица по подбору сечений теплых ангаров пролетами 9м, 12м, 15м, 18м, 21м, 24м версия 1,5.xlsx",0271b96c6fe725d3e50ad7891401958322a5ae97866bb0bf8cb190bc4bbeff3f,вывод,"O6:O11,AP1:AZ63",2026-09-16,deck key; step mm where labelled,AX47,null,3.32,n
1.0.0,"Таблица по подбору сечений теплых ангаров пролетами 9м, 12м, 15м, 18м, 21м, 24м версия 1,5.xlsx",0271b96c6fe725d3e50ad7891401958322a5ae97866bb0bf8cb190bc4bbeff3f,вывод,"O6:O11,AP1:AZ63",2026-09-16,deck key; step mm where labelled,AY47,null,3.66,n
1.0.0,"Таблица по подбору сечений теплых ангаров пролетами 9м, 12м, 15м, 18м, 21м, 24м версия 1,5.xlsx",0271b96c6fe725d3e50ad7891401958322a5ae97866bb0bf8cb190bc4bbeff3f,вывод,"O6:O11,AP1:AZ63",2026-09-16,deck key; step mm where labelled,AZ47,null,4,n
1.0.0,"Таблица по подбору сечений теплых ангаров пролетами 9м, 12м, 15м, 18м, 21м, 24м версия 1,5.xlsx",0271b96c6fe725d3e50ad7891401958322a5ae97866bb0bf8cb190bc4bbeff3f,вывод,"O6:O11,AP1:AZ63",2026-09-16,deck key; step mm where labelled,AP48,null,1.3659999999999999,n
1.0.0,"Таблица по подбору сечений теплых ангаров пролетами 9м, 12м, 15м, 18м, 21м, 24м версия 1,5.xlsx",0271b96c6fe725d3e50ad7891401958322a5ae97866bb0bf8cb190bc4bbeff3f,вывод,"O6:O11,AP1:AZ63",2026-09-16,deck key; step mm where labelled,AQ48,null,2.548,n
1.0.0,"Таблица по подбору сечений теплых ангаров пролетами 9м, 12м, 15м, 18м, 21м, 24м версия 1,5.xlsx",0271b96c6fe725d3e50ad7891401958322a5ae97866bb0bf8cb190bc4bbeff3f,вывод,"O6:O11,AP1:AZ63",2026-09-16,deck key; step mm where labelled,AR48,null,3.5940000000000003,n
1.0.0,"Таблица по подбору сечений теплых ангаров пролетами 9м, 12м, 15м, 18м, 21м, 24м версия 1,5.xlsx",0271b96c6fe725d3e50ad7891401958322a5ae97866bb0bf8cb190bc4bbeff3f,вывод,"O6:O11,AP1:AZ63",2026-09-16,deck key; step mm where labelled,AS48,null,4.782,n
1.0.0,"Таблица по подбору сечений теплых ангаров пролетами 9м, 12м, 15м, 18м, 21м, 24м версия 1,5.xlsx",0271b96c6fe725d3e50ad7891401958322a5ae97866bb0bf8cb190bc4bbeff3f,вывод,"O6:O11,AP1:AZ63",2026-09-16,deck key; step mm where labelled,AT48,null,2.33,n
1.0.0,"Таблица по подбору сечений теплых ангаров пролетами 9м, 12м, 15м, 18м, 21м, 24м версия 1,5.xlsx",0271b96c6fe725d3e50ad7891401958322a5ae97866bb0bf8cb190bc4bbeff3f,вывод,"O6:O11,AP1:AZ63",2026-09-16,deck key; step mm where labelled,AU48,null,2.5340000000000003,n
1.0.0,"Таблица по подбору сечений теплых ангаров пролетами 9м, 12м, 15м, 18м, 21м, 24м версия 1,5.xlsx",0271b96c6fe725d3e50ad7891401958322a5ae97866bb0bf8cb190bc4bbeff3f,вывод,"O6:O11,AP1:AZ63",2026-09-16,deck key; step mm where labelled,AV48,null,2.738,n
1.0.0,"Таблица по подбору сечений теплых ангаров пролетами 9м, 12м, 15м, 18м, 21м, 24м версия 1,5.xlsx",0271b96c6fe725d3e50ad7891401958322a5ae97866bb0bf8cb190bc4bbeff3f,вывод,"O6:O11,AP1:AZ63",2026-09-16,deck key; step mm where labelled,AW48,null,2.92,n
1.0.0,"Таблица по подбору сечений теплых ангаров пролетами 9м, 12м, 15м, 18м, 21м, 24м версия 1,5.xlsx",0271b96c6fe725d3e50ad7891401958322a5ae97866bb0bf8cb190bc4bbeff3f,вывод,"O6:O11,AP1:AZ63",2026-09-16,deck key; step mm where labelled,AX48,null,3.19,n
1.0.0,"Таблица по подбору сечений теплых ангаров пролетами 9м, 12м, 15м, 18м, 21м, 24м версия 1,5.xlsx",0271b96c6fe725d3e50ad7891401958322a5ae97866bb0bf8cb190bc4bbeff3f,вывод,"O6:O11,AP1:AZ63",2026-09-16,deck key; step mm where labelled,AY48,null,3.528,n
1.0.0,"Таблица по подбору сечений теплых ангаров пролетами 9м, 12м, 15м, 18м, 21м, 24м версия 1,5.xlsx",0271b96c6fe725d3e50ad7891401958322a5ae97866bb0bf8cb190bc4bbeff3f,вывод,"O6:O11,AP1:AZ63",2026-09-16,deck key; step mm where labelled,AZ48,null,3.866,n
1.0.0,"Таблица по подбору сечений теплых ангаров пролетами 9м, 12м, 15м, 18м, 21м, 24м версия 1,5.xlsx",0271b96c6fe725d3e50ad7891401958322a5ae97866bb0bf8cb190bc4bbeff3f,вывод,"O6:O11,AP1:AZ63",2026-09-16,deck key; step mm where labelled,AP49,null,1.3319999999999999,n
1.0.0,"Таблица по подбору сечений теплых ангаров пролетами 9м, 12м, 15м, 18м, 21м, 24м версия 1,5.xlsx",0271b96c6fe725d3e50ad7891401958322a5ae97866bb0bf8cb190bc4bbeff3f,вывод,"O6:O11,AP1:AZ63",2026-09-16,deck key; step mm where labelled,AQ49,null,2.4410000000000003,n
1.0.0,"Таблица по подбору сечений теплых ангаров пролетами 9м, 12м, 15м, 18м, 21м, 24м версия 1,5.xlsx",0271b96c6fe725d3e50ad7891401958322a5ae97866bb0bf8cb190bc4bbeff3f,вывод,"O6:O11,AP1:AZ63",2026-09-16,deck key; step mm where labelled,AR49,null,3.488,n
1.0.0,"Таблица по подбору сечений теплых ангаров пролетами 9м, 12м, 15м, 18м, 21м, 24м версия 1,5.xlsx",0271b96c6fe725d3e50ad7891401958322a5ae97866bb0bf8cb190bc4bbeff3f,вывод,"O6:O11,AP1:AZ63",2026-09-16,deck key; step mm where labelled,AS49,null,4.609,n
1.0.0,"Таблица по подбору сечений теплых ангаров пролетами 9м, 12м, 15м, 18м, 21м, 24м версия 1,5.xlsx",0271b96c6fe725d3e50ad7891401958322a5ae97866bb0bf8cb190bc4bbeff3f,вывод,"O6:O11,AP1:AZ63",2026-09-16,deck key; step mm where labelled,AT49,null,2.2,n
1.0.0,"Таблица по подбору сечений теплых ангаров пролетами 9м, 12м, 15м, 18м, 21м, 24м версия 1,5.xlsx",0271b96c6fe725d3e50ad7891401958322a5ae97866bb0bf8cb190bc4bbeff3f,вывод,"O6:O11,AP1:AZ63",2026-09-16,deck key; step mm where labelled,AU49,null,2.408,n
1.0.0,"Таблица по подбору сечений теплых ангаров пролетами 9м, 12м, 15м, 18м, 21м, 24м версия 1,5.xlsx",0271b96c6fe725d3e50ad7891401958322a5ae97866bb0bf8cb190bc4bbeff3f,вывод,"O6:O11,AP1:AZ63",2026-09-16,deck key; step mm where labelled,AV49,null,2.606,n
1.0.0,"Таблица по подбору сечений теплых ангаров пролетами 9м, 12м, 15м, 18м, 21м, 24м версия 1,5.xlsx",0271b96c6fe725d3e50ad7891401958322a5ae97866bb0bf8cb190bc4bbeff3f,вывод,"O6:O11,AP1:AZ63",2026-09-16,deck key; step mm where labelled,AW49,null,2.78,n
1.0.0,"Таблица по подбору сечений теплых ангаров пролетами 9м, 12м, 15м, 18м, 21м, 24м версия 1,5.xlsx",0271b96c6fe725d3e50ad7891401958322a5ae97866bb0bf8cb190bc4bbeff3f,вывод,"O6:O11,AP1:AZ63",2026-09-16,deck key; step mm where labelled,AX49,null,3.06,n
1.0.0,"Таблица по подбору сечений теплых ангаров пролетами 9м, 12м, 15м, 18м, 21м, 24м версия 1,5.xlsx",0271b96c6fe725d3e50ad7891401958322a5ae97866bb0bf8cb190bc4bbeff3f,вывод,"O6:O11,AP1:AZ63",2026-09-16,deck key; step mm where labelled,AY49,null,3.396,n
1.0.0,"Таблица по подбору сечений теплых ангаров пролетами 9м, 12м, 15м, 18м, 21м, 24м версия 1,5.xlsx",0271b96c6fe725d3e50ad7891401958322a5ae97866bb0bf8cb190bc4bbeff3f,вывод,"O6:O11,AP1:AZ63",2026-09-16,deck key; step mm where labelled,AZ49,null,3.732,n
1.0.0,"Таблица по подбору сечений теплых ангаров пролетами 9м, 12м, 15м, 18м, 21м, 24м версия 1,5.xlsx",0271b96c6fe725d3e50ad7891401958322a5ae97866bb0bf8cb190bc4bbeff3f,вывод,"O6:O11,AP1:AZ63",2026-09-16,deck key; step mm where labelled,AP50,null,1.298,n
1.0.0,"Таблица по подбору сечений теплых ангаров пролетами 9м, 12м, 15м, 18м, 21м, 24м версия 1,5.xlsx",0271b96c6fe725d3e50ad7891401958322a5ae97866bb0bf8cb190bc4bbeff3f,вывод,"O6:O11,AP1:AZ63",2026-09-16,deck key; step mm where labelled,AQ50,null,2.334,n
1.0.0,"Таблица по подбору сечений теплых ангаров пролетами 9м, 12м, 15м, 18м, 21м, 24м версия 1,5.xlsx",0271b96c6fe725d3e50ad7891401958322a5ae97866bb0bf8cb190bc4bbeff3f,вывод,"O6:O11,AP1:AZ63",2026-09-16,deck key; step mm where labelled,AR50,null,3.382,n
1.0.0,"Таблица по подбору сечений теплых ангаров пролетами 9м, 12м, 15м, 18м, 21м, 24м версия 1,5.xlsx",0271b96c6fe725d3e50ad7891401958322a5ae97866bb0bf8cb190bc4bbeff3f,вывод,"O6:O11,AP1:AZ63",2026-09-16,deck key; step mm where labelled,AS50,null,4.436,n
1.0.0,"Таблица по подбору сечений теплых ангаров пролетами 9м, 12м, 15м, 18м, 21м, 24м версия 1,5.xlsx",0271b96c6fe725d3e50ad7891401958322a5ae97866bb0bf8cb190bc4bbeff3f,вывод,"O6:O11,AP1:AZ63",2026-09-16,deck key; step mm where labelled,AT50,null,2.07,n
1.0.0,"Таблица по подбору сечений теплых ангаров пролетами 9м, 12м, 15м, 18м, 21м, 24м версия 1,5.xlsx",0271b96c6fe725d3e50ad7891401958322a5ae97866bb0bf8cb190bc4bbeff3f,вывод,"O6:O11,AP1:AZ63",2026-09-16,deck key; step mm where labelled,AU50,null,2.282,n
1.0.0,"Таблица по подбору сечений теплых ангаров пролетами 9м, 12м, 15м, 18м, 21м, 24м версия 1,5.xlsx",0271b96c6fe725d3e50ad7891401958322a5ae97866bb0bf8cb190bc4bbeff3f,вывод,"O6:O11,AP1:AZ63",2026-09-16,deck key; step mm where labelled,AV50,null,2.474,n
1.0.0,"Таблица по подбору сечений теплых ангаров пролетами 9м, 12м, 15м, 18м, 21м, 24м версия 1,5.xlsx",0271b96c6fe725d3e50ad7891401958322a5ae97866bb0bf8cb190bc4bbeff3f,вывод,"O6:O11,AP1:AZ63",2026-09-16,deck key; step mm where labelled,AW50,null,2.64,n
1.0.0,"Таблица по подбору сечений теплых ангаров пролетами 9м, 12м, 15м, 18м, 21м, 24м версия 1,5.xlsx",0271b96c6fe725d3e50ad7891401958322a5ae97866bb0bf8cb190bc4bbeff3f,вывод,"O6:O11,AP1:AZ63",2026-09-16,deck key; step mm where labelled,AX50,null,2.9299999999999997,n
1.0.0,"Таблица по подбору сечений теплых ангаров пролетами 9м, 12м, 15м, 18м, 21м, 24м версия 1,5.xlsx",0271b96c6fe725d3e50ad7891401958322a5ae97866bb0bf8cb190bc4bbeff3f,вывод,"O6:O11,AP1:AZ63",2026-09-16,deck key; step mm where labelled,AY50,null,3.2640000000000002,n
1.0.0,"Таблица по подбору сечений теплых ангаров пролетами 9м, 12м, 15м, 18м, 21м, 24м версия 1,5.xlsx",0271b96c6fe725d3e50ad7891401958322a5ae97866bb0bf8cb190bc4bbeff3f,вывод,"O6:O11,AP1:AZ63",2026-09-16,deck key; step mm where labelled,AZ50,null,3.598,n
1.0.0,"Таблица по подбору сечений теплых ангаров пролетами 9м, 12м, 15м, 18м, 21м, 24м версия 1,5.xlsx",0271b96c6fe725d3e50ad7891401958322a5ae97866bb0bf8cb190bc4bbeff3f,вывод,"O6:O11,AP1:AZ63",2026-09-16,deck key; step mm where labelled,AP51,null,1.264,n
1.0.0,"Таблица по подбору сечений теплых ангаров пролетами 9м, 12м, 15м, 18м, 21м, 24м версия 1,5.xlsx",0271b96c6fe725d3e50ad7891401958322a5ae97866bb0bf8cb190bc4bbeff3f,вывод,"O6:O11,AP1:AZ63",2026-09-16,deck key; step mm where labelled,AQ51,null,2.2270000000000003,n
1.0.0,"Таблица по подбору сечений теплых ангаров пролетами 9м, 12м, 15м, 18м, 21м, 24м версия 1,5.xlsx",0271b96c6fe725d3e50ad7891401958322a5ae97866bb0bf8cb190bc4bbeff3f,вывод,"O6:O11,AP1:AZ63",2026-09-16,deck key; step mm where labelled,AR51,null,3.276,n
1.0.0,"Таблица по подбору сечений теплых ангаров пролетами 9м, 12м, 15м, 18м, 21м, 24м версия 1,5.xlsx",0271b96c6fe725d3e50ad7891401958322a5ae97866bb0bf8cb190bc4bbeff3f,вывод,"O6:O11,AP1:AZ63",2026-09-16,deck key; step mm where labelled,AS51,null,4.263,n
1.0.0,"Таблица по подбору сечений теплых ангаров пролетами 9м, 12м, 15м, 18м, 21м, 24м версия 1,5.xlsx",0271b96c6fe725d3e50ad7891401958322a5ae97866bb0bf8cb190bc4bbeff3f,вывод,"O6:O11,AP1:AZ63",2026-09-16,deck key; step mm where labelled,AT51,null,1.94,n
1.0.0,"Таблица по подбору сечений теплых ангаров пролетами 9м, 12м, 15м, 18м, 21м, 24м версия 1,5.xlsx",0271b96c6fe725d3e50ad7891401958322a5ae97866bb0bf8cb190bc4bbeff3f,вывод,"O6:O11,AP1:AZ63",2026-09-16,deck key; step mm where labelled,AU51,null,2.1559999999999997,n
1.0.0,"Таблица по подбору сечений теплых ангаров пролетами 9м, 12м, 15м, 18м, 21м, 24м версия 1,5.xlsx",0271b96c6fe725d3e50ad7891401958322a5ae97866bb0bf8cb190bc4bbeff3f,вывод,"O6:O11,AP1:AZ63",2026-09-16,deck key; step mm where labelled,AV51,null,2.342,n
1.0.0,"Таблица по подбору сечений теплых ангаров пролетами 9м, 12м, 15м, 18м, 21м, 24м версия 1,5.xlsx",0271b96c6fe725d3e50ad7891401958322a5ae97866bb0bf8cb190bc4bbeff3f,вывод,"O6:O11,AP1:AZ63",2026-09-16,deck key; step mm where labelled,AW51,null,2.5,n
1.0.0,"Таблица по подбору сечений теплых ангаров пролетами 9м, 12м, 15м, 18м, 21м, 24м версия 1,5.xlsx",0271b96c6fe725d3e50ad7891401958322a5ae97866bb0bf8cb190bc4bbeff3f,вывод,"O6:O11,AP1:AZ63",2026-09-16,deck key; step mm where labelled,AX51,null,2.8,n
1.0.0,"Таблица по подбору сечений теплых ангаров пролетами 9м, 12м, 15м, 18м, 21м, 24м версия 1,5.xlsx",0271b96c6fe725d3e50ad7891401958322a5ae97866bb0bf8cb190bc4bbeff3f,вывод,"O6:O11,AP1:AZ63",2026-09-16,deck key; step mm where labelled,AY51,null,3.132,n
1.0.0,"Таблица по подбору сечений теплых ангаров пролетами 9м, 12м, 15м, 18м, 21м, 24м версия 1,5.xlsx",0271b96c6fe725d3e50ad7891401958322a5ae97866bb0bf8cb190bc4bbeff3f,вывод,"O6:O11,AP1:AZ63",2026-09-16,deck key; step mm where labelled,AZ51,null,3.464,n
1.0.0,"Таблица по подбору сечений теплых ангаров пролетами 9м, 12м, 15м, 18м, 21м, 24м версия 1,5.xlsx",0271b96c6fe725d3e50ad7891401958322a5ae97866bb0bf8cb190bc4bbeff3f,вывод,"O6:O11,AP1:AZ63",2026-09-16,deck key; step mm where labelled,AP52,null,1.23,n
1.0.0,"Таблица по подбору сечений теплых ангаров пролетами 9м, 12м, 15м, 18м, 21м, 24м версия 1,5.xlsx",0271b96c6fe725d3e50ad7891401958322a5ae97866bb0bf8cb190bc4bbeff3f,вывод,"O6:O11,AP1:AZ63",2026-09-16,deck key; step mm where labelled,AQ52,null,2.12,n
1.0.0,"Таблица по подбору сечений теплых ангаров пролетами 9м, 12м, 15м, 18м, 21м, 24м версия 1,5.xlsx",0271b96c6fe725d3e50ad7891401958322a5ae97866bb0bf8cb190bc4bbeff3f,вывод,"O6:O11,AP1:AZ63",2026-09-16,deck key; step mm where labelled,AR52,null,3.17,n
1.0.0,"Таблица по подбору сечений теплых ангаров пролетами 9м, 12м, 15м, 18м, 21м, 24м версия 1,5.xlsx",0271b96c6fe725d3e50ad7891401958322a5ae97866bb0bf8cb190bc4bbeff3f,вывод,"O6:O11,AP1:AZ63",2026-09-16,deck key; step mm where labelled,AS52,null,4.09,n
1.0.0,"Таблица по подбору сечений теплых ангаров пролетами 9м, 12м, 15м, 18м, 21м, 24м версия 1,5.xlsx",0271b96c6fe725d3e50ad7891401958322a5ae97866bb0bf8cb190bc4bbeff3f,вывод,"O6:O11,AP1:AZ63",2026-09-16,deck key; step mm where labelled,AT52,null,1.81,n
1.0.0,"Таблица по подбору сечений теплых ангаров пролетами 9м, 12м, 15м, 18м, 21м, 24м версия 1,5.xlsx",0271b96c6fe725d3e50ad7891401958322a5ae97866bb0bf8cb190bc4bbeff3f,вывод,"O6:O11,AP1:AZ63",2026-09-16,deck key; step mm where labelled,AU52,null,2.03,n
1.0.0,"Таблица по подбору сечений теплых ангаров пролетами 9м, 12м, 15м, 18м, 21м, 24м версия 1,5.xlsx",0271b96c6fe725d3e50ad7891401958322a5ae97866bb0bf8cb190bc4bbeff3f,вывод,"O6:O11,AP1:AZ63",2026-09-16,deck key; step mm where labelled,AV52,null,2.21,n
1.0.0,"Таблица по подбору сечений теплых ангаров пролетами 9м, 12м, 15м, 18м, 21м, 24м версия 1,5.xlsx",0271b96c6fe725d3e50ad7891401958322a5ae97866bb0bf8cb190bc4bbeff3f,вывод,"O6:O11,AP1:AZ63",2026-09-16,deck key; step mm where labelled,AW52,null,2.36,n
1.0.0,"Таблица по подбору сечений теплых ангаров пролетами 9м, 12м, 15м, 18м, 21м, 24м версия 1,5.xlsx",0271b96c6fe725d3e50ad7891401958322a5ae97866bb0bf8cb190bc4bbeff3f,вывод,"O6:O11,AP1:AZ63",2026-09-16,deck key; step mm where labelled,AX52,null,2.67,n
1.0.0,"Таблица по подбору сечений теплых ангаров пролетами 9м, 12м, 15м, 18м, 21м, 24м версия 1,5.xlsx",0271b96c6fe725d3e50ad7891401958322a5ae97866bb0bf8cb190bc4bbeff3f,вывод,"O6:O11,AP1:AZ63",2026-09-16,deck key; step mm where labelled,AY52,null,3,n
1.0.0,"Таблица по подбору сечений теплых ангаров пролетами 9м, 12м, 15м, 18м, 21м, 24м версия 1,5.xlsx",0271b96c6fe725d3e50ad7891401958322a5ae97866bb0bf8cb190bc4bbeff3f,вывод,"O6:O11,AP1:AZ63",2026-09-16,deck key; step mm where labelled,AZ52,null,3.33,n
1.0.0,"Таблица по подбору сечений теплых ангаров пролетами 9м, 12м, 15м, 18м, 21м, 24м версия 1,5.xlsx",0271b96c6fe725d3e50ad7891401958322a5ae97866bb0bf8cb190bc4bbeff3f,вывод,"O6:O11,AP1:AZ63",2026-09-16,deck key; step mm where labelled,AP53,null,1.204,n
1.0.0,"Таблица по подбору сечений теплых ангаров пролетами 9м, 12м, 15м, 18м, 21м, 24м версия 1,5.xlsx",0271b96c6fe725d3e50ad7891401958322a5ae97866bb0bf8cb190bc4bbeff3f,вывод,"O6:O11,AP1:AZ63",2026-09-16,deck key; step mm where labelled,AQ53,null,2.055,n
1.0.0,"Таблица по подбору сечений теплых ангаров пролетами 9м, 12м, 15м, 18м, 21м, 24м версия 1,5.xlsx",0271b96c6fe725d3e50ad7891401958322a5ae97866bb0bf8cb190bc4bbeff3f,вывод,"O6:O11,AP1:AZ63",2026-09-16,deck key; step mm where labelled,AR53,null,3.09,n
1.0.0,"Таблица по подбору сечений теплых ангаров пролетами 9м, 12м, 15м, 18м, 21м, 24м версия 1,5.xlsx",0271b96c6fe725d3e50ad7891401958322a5ae97866bb0bf8cb190bc4bbeff3f,вывод,"O6:O11,AP1:AZ63",2026-09-16,deck key; step mm where labelled,AS53,null,3.965,n
1.0.0,"Таблица по подбору сечений теплых ангаров пролетами 9м, 12м, 15м, 18м, 21м, 24м версия 1,5.xlsx",0271b96c6fe725d3e50ad7891401958322a5ae97866bb0bf8cb190bc4bbeff3f,вывод,"O6:O11,AP1:AZ63",2026-09-16,deck key; step mm where labelled,AT53,null,1.7160000000000002,n
1.0.0,"Таблица по подбору сечений теплых ангаров пролетами 9м, 12м, 15м, 18м, 21м, 24м версия 1,5.xlsx",0271b96c6fe725d3e50ad7891401958322a5ae97866bb0bf8cb190bc4bbeff3f,вывод,"O6:O11,AP1:AZ63",2026-09-16,deck key; step mm where labelled,AU53,null,1.9259999999999997,n
1.0.0,"Таблица по подбору сечений теплых ангаров пролетами 9м, 12м, 15м, 18м, 21м, 24м версия 1,5.xlsx",0271b96c6fe725d3e50ad7891401958322a5ae97866bb0bf8cb190bc4bbeff3f,вывод,"O6:O11,AP1:AZ63",2026-09-16,deck key; step mm where labelled,AV53,null,2.11,n
1.0.0,"Таблица по подбору сечений теплых ангаров пролетами 9м, 12м, 15м, 18м, 21м, 24м версия 1,5.xlsx",0271b96c6fe725d3e50ad7891401958322a5ae97866bb0bf8cb190bc4bbeff3f,вывод,"O6:O11,AP1:AZ63",2026-09-16,deck key; step mm where labelled,AW53,null,2.268,n
1.0.0,"Таблица по подбору сечений теплых ангаров пролетами 9м, 12м, 15м, 18м, 21м, 24м версия 1,5.xlsx",0271b96c6fe725d3e50ad7891401958322a5ae97866bb0bf8cb190bc4bbeff3f,вывод,"O6:O11,AP1:AZ63",2026-09-16,deck key; step mm where labelled,AX53,null,2.566,n
1.0.0,"Таблица по подбору сечений теплых ангаров пролетами 9м, 12м, 15м, 18м, 21м, 24м версия 1,5.xlsx",0271b96c6fe725d3e50ad7891401958322a5ae97866bb0bf8cb190bc4bbeff3f,вывод,"O6:O11,AP1:AZ63",2026-09-16,deck key; step mm where labelled,AY53,null,2.886,n
1.0.0,"Таблица по подбору сечений теплых ангаров пролетами 9м, 12м, 15м, 18м, 21м, 24м версия 1,5.xlsx",0271b96c6fe725d3e50ad7891401958322a5ae97866bb0bf8cb190bc4bbeff3f,вывод,"O6:O11,AP1:AZ63",2026-09-16,deck key; step mm where labelled,AZ53,null,3.206,n
1.0.0,"Таблица по подбору сечений теплых ангаров пролетами 9м, 12м, 15м, 18м, 21м, 24м версия 1,5.xlsx",0271b96c6fe725d3e50ad7891401958322a5ae97866bb0bf8cb190bc4bbeff3f,вывод,"O6:O11,AP1:AZ63",2026-09-16,deck key; step mm where labelled,AP54,null,1.178,n
1.0.0,"Таблица по подбору сечений теплых ангаров пролетами 9м, 12м, 15м, 18м, 21м, 24м версия 1,5.xlsx",0271b96c6fe725d3e50ad7891401958322a5ae97866bb0bf8cb190bc4bbeff3f,вывод,"O6:O11,AP1:AZ63",2026-09-16,deck key; step mm where labelled,AQ54,null,1.99,n
1.0.0,"Таблица по подбору сечений теплых ангаров пролетами 9м, 12м, 15м, 18м, 21м, 24м версия 1,5.xlsx",0271b96c6fe725d3e50ad7891401958322a5ae97866bb0bf8cb190bc4bbeff3f,вывод,"O6:O11,AP1:AZ63",2026-09-16,deck key; step mm where labelled,AR54,null,3.01,n
1.0.0,"Таблица по подбору сечений теплых ангаров пролетами 9м, 12м, 15м, 18м, 21м, 24м версия 1,5.xlsx",0271b96c6fe725d3e50ad7891401958322a5ae97866bb0bf8cb190bc4bbeff3f,вывод,"O6:O11,AP1:AZ63",2026-09-16,deck key; step mm where labelled,AS54,null,3.84,n
1.0.0,"Таблица по подбору сечений теплых ангаров пролетами 9м, 12м, 15м, 18м, 21м, 24м версия 1,5.xlsx",0271b96c6fe725d3e50ad7891401958322a5ae97866bb0bf8cb190bc4bbeff3f,вывод,"O6:O11,AP1:AZ63",2026-09-16,deck key; step mm where labelled,AT54,null,1.622,n
1.0.0,"Таблица по подбору сечений теплых ангаров пролетами 9м, 12м, 15м, 18м, 21м, 24м версия 1,5.xlsx",0271b96c6fe725d3e50ad7891401958322a5ae97866bb0bf8cb190bc4bbeff3f,вывод,"O6:O11,AP1:AZ63",2026-09-16,deck key; step mm where labelled,AU54,null,1.8219999999999998,n
1.0.0,"Таблица по подбору сечений теплых ангаров пролетами 9м, 12м, 15м, 18м, 21м, 24м версия 1,5.xlsx",0271b96c6fe725d3e50ad7891401958322a5ae97866bb0bf8cb190bc4bbeff3f,вывод,"O6:O11,AP1:AZ63",2026-09-16,deck key; step mm where labelled,AV54,null,2.01,n
1.0.0,"Таблица по подбору сечений теплых ангаров пролетами 9м, 12м, 15м, 18м, 21м, 24м версия 1,5.xlsx",0271b96c6fe725d3e50ad7891401958322a5ae97866bb0bf8cb190bc4bbeff3f,вывод,"O6:O11,AP1:AZ63",2026-09-16,deck key; step mm where labelled,AW54,null,2.176,n
1.0.0,"Таблица по подбору сечений теплых ангаров пролетами 9м, 12м, 15м, 18м, 21м, 24м версия 1,5.xlsx",0271b96c6fe725d3e50ad7891401958322a5ae97866bb0bf8cb190bc4bbeff3f,вывод,"O6:O11,AP1:AZ63",2026-09-16,deck key; step mm where labelled,AX54,null,2.4619999999999997,n
1.0.0,"Таблица по подбору сечений теплых ангаров пролетами 9м, 12м, 15м, 18м, 21м, 24м версия 1,5.xlsx",0271b96c6fe725d3e50ad7891401958322a5ae97866bb0bf8cb190bc4bbeff3f,вывод,"O6:O11,AP1:AZ63",2026-09-16,deck key; step mm where labelled,AY54,null,2.7720000000000002,n
1.0.0,"Таблица по подбору сечений теплых ангаров пролетами 9м, 12м, 15м, 18м, 21м, 24м версия 1,5.xlsx",0271b96c6fe725d3e50ad7891401958322a5ae97866bb0bf8cb190bc4bbeff3f,вывод,"O6:O11,AP1:AZ63",2026-09-16,deck key; step mm where labelled,AZ54,null,3.082,n
1.0.0,"Таблица по подбору сечений теплых ангаров пролетами 9м, 12м, 15м, 18м, 21м, 24м версия 1,5.xlsx",0271b96c6fe725d3e50ad7891401958322a5ae97866bb0bf8cb190bc4bbeff3f,вывод,"O6:O11,AP1:AZ63",2026-09-16,deck key; step mm where labelled,AP55,null,1.1520000000000001,n
1.0.0,"Таблица по подбору сечений теплых ангаров пролетами 9м, 12м, 15м, 18м, 21м, 24м версия 1,5.xlsx",0271b96c6fe725d3e50ad7891401958322a5ae97866bb0bf8cb190bc4bbeff3f,вывод,"O6:O11,AP1:AZ63",2026-09-16,deck key; step mm where labelled,AQ55,null,1.925,n
1.0.0,"Таблица по подбору сечений теплых ангаров пролетами 9м, 12м, 15м, 18м, 21м, 24м версия 1,5.xlsx",0271b96c6fe725d3e50ad7891401958322a5ae97866bb0bf8cb190bc4bbeff3f,вывод,"O6:O11,AP1:AZ63",2026-09-16,deck key; step mm where labelled,AR55,null,2.93,n
1.0.0,"Таблица по подбору сечений теплых ангаров пролетами 9м, 12м, 15м, 18м, 21м, 24м версия 1,5.xlsx",0271b96c6fe725d3e50ad7891401958322a5ae97866bb0bf8cb190bc4bbeff3f,вывод,"O6:O11,AP1:AZ63",2026-09-16,deck key; step mm where labelled,AS55,null,3.715,n
1.0.0,"Таблица по подбору сечений теплых ангаров пролетами 9м, 12м, 15м, 18м, 21м, 24м версия 1,5.xlsx",0271b96c6fe725d3e50ad7891401958322a5ae97866bb0bf8cb190bc4bbeff3f,вывод,"O6:O11,AP1:AZ63",2026-09-16,deck key; step mm where labelled,AT55,null,1.528,n
1.0.0,"Таблица по подбору сечений теплых ангаров пролетами 9м, 12м, 15м, 18м, 21м, 24м версия 1,5.xlsx",0271b96c6fe725d3e50ad7891401958322a5ae97866bb0bf8cb190bc4bbeff3f,вывод,"O6:O11,AP1:AZ63",2026-09-16,deck key; step mm where labelled,AU55,null,1.718,n
1.0.0,"Таблица по подбору сечений теплых ангаров пролетами 9м, 12м, 15м, 18м, 21м, 24м версия 1,5.xlsx",0271b96c6fe725d3e50ad7891401958322a5ae97866bb0bf8cb190bc4bbeff3f,вывод,"O6:O11,AP1:AZ63",2026-09-16,deck key; step mm where labelled,AV55,null,1.91,n
1.0.0,"Таблица по подбору сечений теплых ангаров пролетами 9м, 12м, 15м, 18м, 21м, 24м версия 1,5.xlsx",0271b96c6fe725d3e50ad7891401958322a5ae97866bb0bf8cb190bc4bbeff3f,вывод,"O6:O11,AP1:AZ63",2026-09-16,deck key; step mm where labelled,AW55,null,2.084,n
1.0.0,"Таблица по подбору сечений теплых ангаров пролетами 9м, 12м, 15м, 18м, 21м, 24м версия 1,5.xlsx",0271b96c6fe725d3e50ad7891401958322a5ae97866bb0bf8cb190bc4bbeff3f,вывод,"O6:O11,AP1:AZ63",2026-09-16,deck key; step mm where labelled,AX55,null,2.358,n
1.0.0,"Таблица по подбору сечений теплых ангаров пролетами 9м, 12м, 15м, 18м, 21м, 24м версия 1,5.xlsx",0271b96c6fe725d3e50ad7891401958322a5ae97866bb0bf8cb190bc4bbeff3f,вывод,"O6:O11,AP1:AZ63",2026-09-16,deck key; step mm where labelled,AY55,null,2.658,n
1.0.0,"Таблица по подбору сечений теплых ангаров пролетами 9м, 12м, 15м, 18м, 21м, 24м версия 1,5.xlsx",0271b96c6fe725d3e50ad7891401958322a5ae97866bb0bf8cb190bc4bbeff3f,вывод,"O6:O11,AP1:AZ63",2026-09-16,deck key; step mm where labelled,AZ55,null,2.958,n
1.0.0,"Таблица по подбору сечений теплых ангаров пролетами 9м, 12м, 15м, 18м, 21м, 24м версия 1,5.xlsx",0271b96c6fe725d3e50ad7891401958322a5ae97866bb0bf8cb190bc4bbeff3f,вывод,"O6:O11,AP1:AZ63",2026-09-16,deck key; step mm where labelled,AP56,null,1.1260000000000001,n
1.0.0,"Таблица по подбору сечений теплых ангаров пролетами 9м, 12м, 15м, 18м, 21м, 24м версия 1,5.xlsx",0271b96c6fe725d3e50ad7891401958322a5ae97866bb0bf8cb190bc4bbeff3f,вывод,"O6:O11,AP1:AZ63",2026-09-16,deck key; step mm where labelled,AQ56,null,1.8599999999999999,n
1.0.0,"Таблица по подбору сечений теплых ангаров пролетами 9м, 12м, 15м, 18м, 21м, 24м версия 1,5.xlsx",0271b96c6fe725d3e50ad7891401958322a5ae97866bb0bf8cb190bc4bbeff3f,вывод,"O6:O11,AP1:AZ63",2026-09-16,deck key; step mm where labelled,AR56,null,2.85,n
1.0.0,"Таблица по подбору сечений теплых ангаров пролетами 9м, 12м, 15м, 18м, 21м, 24м версия 1,5.xlsx",0271b96c6fe725d3e50ad7891401958322a5ae97866bb0bf8cb190bc4bbeff3f,вывод,"O6:O11,AP1:AZ63",2026-09-16,deck key; step mm where labelled,AS56,null,3.59,n
1.0.0,"Таблица по подбору сечений теплых ангаров пролетами 9м, 12м, 15м, 18м, 21м, 24м версия 1,5.xlsx",0271b96c6fe725d3e50ad7891401958322a5ae97866bb0bf8cb190bc4bbeff3f,вывод,"O6:O11,AP1:AZ63",2026-09-16,deck key; step mm where labelled,AT56,null,1.4340000000000002,n
1.0.0,"Таблица по подбору сечений теплых ангаров пролетами 9м, 12м, 15м, 18м, 21м, 24м версия 1,5.xlsx",0271b96c6fe725d3e50ad7891401958322a5ae97866bb0bf8cb190bc4bbeff3f,вывод,"O6:O11,AP1:AZ63",2026-09-16,deck key; step mm where labelled,AU56,null,1.6139999999999999,n
1.0.0,"Таблица по подбору сечений теплых ангаров пролетами 9м, 12м, 15м, 18м, 21м, 24м версия 1,5.xlsx",0271b96c6fe725d3e50ad7891401958322a5ae97866bb0bf8cb190bc4bbeff3f,вывод,"O6:O11,AP1:AZ63",2026-09-16,deck key; step mm where labelled,AV56,null,1.81,n
1.0.0,"Таблица по подбору сечений теплых ангаров пролетами 9м, 12м, 15м, 18м, 21м, 24м версия 1,5.xlsx",0271b96c6fe725d3e50ad7891401958322a5ae97866bb0bf8cb190bc4bbeff3f,вывод,"O6:O11,AP1:AZ63",2026-09-16,deck key; step mm where labelled,AW56,null,1.992,n
1.0.0,"Таблица по подбору сечений теплых ангаров пролетами 9м, 12м, 15м, 18м, 21м, 24м версия 1,5.xlsx",0271b96c6fe725d3e50ad7891401958322a5ae97866bb0bf8cb190bc4bbeff3f,вывод,"O6:O11,AP1:AZ63",2026-09-16,deck key; step mm where labelled,AX56,null,2.254,n
1.0.0,"Таблица по подбору сечений теплых ангаров пролетами 9м, 12м, 15м, 18м, 21м, 24м версия 1,5.xlsx",0271b96c6fe725d3e50ad7891401958322a5ae97866bb0bf8cb190bc4bbeff3f,вывод,"O6:O11,AP1:AZ63",2026-09-16,deck key; step mm where labelled,AY56,null,2.544,n
1.0.0,"Таблица по подбору сечений теплых ангаров пролетами 9м, 12м, 15м, 18м, 21м, 24м версия 1,5.xlsx",0271b96c6fe725d3e50ad7891401958322a5ae97866bb0bf8cb190bc4bbeff3f,вывод,"O6:O11,AP1:AZ63",2026-09-16,deck key; step mm where labelled,AZ56,null,2.834,n
1.0.0,"Таблица по подбору сечений теплых ангаров пролетами 9м, 12м, 15м, 18м, 21м, 24м версия 1,5.xlsx",0271b96c6fe725d3e50ad7891401958322a5ae97866bb0bf8cb190bc4bbeff3f,вывод,"O6:O11,AP1:AZ63",2026-09-16,deck key; step mm where labelled,AP57,null,1.1,n
1.0.0,"Таблица по подбору сечений теплых ангаров пролетами 9м, 12м, 15м, 18м, 21м, 24м версия 1,5.xlsx",0271b96c6fe725d3e50ad7891401958322a5ae97866bb0bf8cb190bc4bbeff3f,вывод,"O6:O11,AP1:AZ63",2026-09-16,deck key; step mm where labelled,AQ57,null,1.795,n
1.0.0,"Таблица по подбору сечений теплых ангаров пролетами 9м, 12м, 15м, 18м, 21м, 24м версия 1,5.xlsx",0271b96c6fe725d3e50ad7891401958322a5ae97866bb0bf8cb190bc4bbeff3f,вывод,"O6:O11,AP1:AZ63",2026-09-16,deck key; step mm where labelled,AR57,null,2.77,n
1.0.0,"Таблица по подбору сечений теплых ангаров пролетами 9м, 12м, 15м, 18м, 21м, 24м версия 1,5.xlsx",0271b96c6fe725d3e50ad7891401958322a5ae97866bb0bf8cb190bc4bbeff3f,вывод,"O6:O11,AP1:AZ63",2026-09-16,deck key; step mm where labelled,AS57,null,3.465,n
1.0.0,"Таблица по подбору сечений теплых ангаров пролетами 9м, 12м, 15м, 18м, 21м, 24м версия 1,5.xlsx",0271b96c6fe725d3e50ad7891401958322a5ae97866bb0bf8cb190bc4bbeff3f,вывод,"O6:O11,AP1:AZ63",2026-09-16,deck key; step mm where labelled,AT57,null,1.34,n
1.0.0,"Таблица по подбору сечений теплых ангаров пролетами 9м, 12м, 15м, 18м, 21м, 24м версия 1,5.xlsx",0271b96c6fe725d3e50ad7891401958322a5ae97866bb0bf8cb190bc4bbeff3f,вывод,"O6:O11,AP1:AZ63",2026-09-16,deck key; step mm where labelled,AU57,null,1.51,n
1.0.0,"Таблица по подбору сечений теплых ангаров пролетами 9м, 12м, 15м, 18м, 21м, 24м версия 1,5.xlsx",0271b96c6fe725d3e50ad7891401958322a5ae97866bb0bf8cb190bc4bbeff3f,вывод,"O6:O11,AP1:AZ63",2026-09-16,deck key; step mm where labelled,AV57,null,1.71,n
1.0.0,"Таблица по подбору сечений теплых ангаров пролетами 9м, 12м, 15м, 18м, 21м, 24м версия 1,5.xlsx",0271b96c6fe725d3e50ad7891401958322a5ae97866bb0bf8cb190bc4bbeff3f,вывод,"O6:O11,AP1:AZ63",2026-09-16,deck key; step mm where labelled,AW57,null,1.9,n
1.0.0,"Таблица по подбору сечений теплых ангаров пролетами 9м, 12м, 15м, 18м, 21м, 24м версия 1,5.xlsx",0271b96c6fe725d3e50ad7891401958322a5ae97866bb0bf8cb190bc4bbeff3f,вывод,"O6:O11,AP1:AZ63",2026-09-16,deck key; step mm where labelled,AX57,null,2.15,n
1.0.0,"Таблица по подбору сечений теплых ангаров пролетами 9м, 12м, 15м, 18м, 21м, 24м версия 1,5.xlsx",0271b96c6fe725d3e50ad7891401958322a5ae97866bb0bf8cb190bc4bbeff3f,вывод,"O6:O11,AP1:AZ63",2026-09-16,deck key; step mm where labelled,AY57,null,2.43,n
1.0.0,"Таблица по подбору сечений теплых ангаров пролетами 9м, 12м, 15м, 18м, 21м, 24м версия 1,5.xlsx",0271b96c6fe725d3e50ad7891401958322a5ae97866bb0bf8cb190bc4bbeff3f,вывод,"O6:O11,AP1:AZ63",2026-09-16,deck key; step mm where labelled,AZ57,null,2.71,n
1.0.0,"Таблица по подбору сечений теплых ангаров пролетами 9м, 12м, 15м, 18м, 21м, 24м версия 1,5.xlsx",0271b96c6fe725d3e50ad7891401958322a5ae97866bb0bf8cb190bc4bbeff3f,вывод,"O6:O11,AP1:AZ63",2026-09-16,deck key; step mm where labelled,AP58,null,1.074,n
1.0.0,"Таблица по подбору сечений теплых ангаров пролетами 9м, 12м, 15м, 18м, 21м, 24м версия 1,5.xlsx",0271b96c6fe725d3e50ad7891401958322a5ae97866bb0bf8cb190bc4bbeff3f,вывод,"O6:O11,AP1:AZ63",2026-09-16,deck key; step mm where labelled,AQ58,null,1.73,n
1.0.0,"Таблица по подбору сечений теплых ангаров пролетами 9м, 12м, 15м, 18м, 21м, 24м версия 1,5.xlsx",0271b96c6fe725d3e50ad7891401958322a5ae97866bb0bf8cb190bc4bbeff3f,вывод,"O6:O11,AP1:AZ63",2026-09-16,deck key; step mm where labelled,AR58,null,2.69,n
1.0.0,"Таблица по подбору сечений теплых ангаров пролетами 9м, 12м, 15м, 18м, 21м, 24м версия 1,5.xlsx",0271b96c6fe725d3e50ad7891401958322a5ae97866bb0bf8cb190bc4bbeff3f,вывод,"O6:O11,AP1:AZ63",2026-09-16,deck key; step mm where labelled,AS58,null,3.34,n
1.0.0,"Таблица по подбору сечений теплых ангаров пролетами 9м, 12м, 15м, 18м, 21м, 24м версия 1,5.xlsx",0271b96c6fe725d3e50ad7891401958322a5ae97866bb0bf8cb190bc4bbeff3f,вывод,"O6:O11,AP1:AZ63",2026-09-16,deck key; step mm where labelled,AT58,null,1.258,n
1.0.0,"Таблица по подбору сечений теплых ангаров пролетами 9м, 12м, 15м, 18м, 21м, 24м версия 1,5.xlsx",0271b96c6fe725d3e50ad7891401958322a5ae97866bb0bf8cb190bc4bbeff3f,вывод,"O6:O11,AP1:AZ63",2026-09-16,deck key; step mm where labelled,AU58,null,1.428,n
1.0.0,"Таблица по подбору сечений теплых ангаров пролетами 9м, 12м, 15м, 18м, 21м, 24м версия 1,5.xlsx",0271b96c6fe725d3e50ad7891401958322a5ae97866bb0bf8cb190bc4bbeff3f,вывод,"O6:O11,AP1:AZ63",2026-09-16,deck key; step mm where labelled,AV58,null,1.6280000000000001,n
1.0.0,"Таблица по подбору сечений теплых ангаров пролетами 9м, 12м, 15м, 18м, 21м, 24м версия 1,5.xlsx",0271b96c6fe725d3e50ad7891401958322a5ae97866bb0bf8cb190bc4bbeff3f,вывод,"O6:O11,AP1:AZ63",2026-09-16,deck key; step mm where labelled,AW58,null,1.822,n
1.0.0,"Таблица по подбору сечений теплых ангаров пролетами 9м, 12м, 15м, 18м, 21м, 24м версия 1,5.xlsx",0271b96c6fe725d3e50ad7891401958322a5ae97866bb0bf8cb190bc4bbeff3f,вывод,"O6:O11,AP1:AZ63",2026-09-16,deck key; step mm where labelled,AX58,null,2.08,n
1.0.0,"Таблица по подбору сечений теплых ангаров пролетами 9м, 12м, 15м, 18м, 21м, 24м версия 1,5.xlsx",0271b96c6fe725d3e50ad7891401958322a5ae97866bb0bf8cb190bc4bbeff3f,вывод,"O6:O11,AP1:AZ63",2026-09-16,deck key; step mm where labelled,AY58,null,2.3520000000000003,n
1.0.0,"Таблица по подбору сечений теплых ангаров пролетами 9м, 12м, 15м, 18м, 21м, 24м версия 1,5.xlsx",0271b96c6fe725d3e50ad7891401958322a5ae97866bb0bf8cb190bc4bbeff3f,вывод,"O6:O11,AP1:AZ63",2026-09-16,deck key; step mm where labelled,AZ58,null,2.624,n
1.0.0,"Таблица по подбору сечений теплых ангаров пролетами 9м, 12м, 15м, 18м, 21м, 24м версия 1,5.xlsx",0271b96c6fe725d3e50ad7891401958322a5ae97866bb0bf8cb190bc4bbeff3f,вывод,"O6:O11,AP1:AZ63",2026-09-16,deck key; step mm where labelled,AP59,null,1.048,n
1.0.0,"Таблица по подбору сечений теплых ангаров пролетами 9м, 12м, 15м, 18м, 21м, 24м версия 1,5.xlsx",0271b96c6fe725d3e50ad7891401958322a5ae97866bb0bf8cb190bc4bbeff3f,вывод,"O6:O11,AP1:AZ63",2026-09-16,deck key; step mm where labelled,AQ59,null,1.665,n
1.0.0,"Таблица по подбору сечений теплых ангаров пролетами 9м, 12м, 15м, 18м, 21м, 24м версия 1,5.xlsx",0271b96c6fe725d3e50ad7891401958322a5ae97866bb0bf8cb190bc4bbeff3f,вывод,"O6:O11,AP1:AZ63",2026-09-16,deck key; step mm where labelled,AR59,null,2.61,n
1.0.0,"Таблица по подбору сечений теплых ангаров пролетами 9м, 12м, 15м, 18м, 21м, 24м версия 1,5.xlsx",0271b96c6fe725d3e50ad7891401958322a5ae97866bb0bf8cb190bc4bbeff3f,вывод,"O6:O11,AP1:AZ63",2026-09-16,deck key; step mm where labelled,AS59,null,3.215,n
1.0.0,"Таблица по подбору сечений теплых ангаров пролетами 9м, 12м, 15м, 18м, 21м, 24м версия 1,5.xlsx",0271b96c6fe725d3e50ad7891401958322a5ae97866bb0bf8cb190bc4bbeff3f,вывод,"O6:O11,AP1:AZ63",2026-09-16,deck key; step mm where labelled,AT59,null,1.1760000000000002,n
1.0.0,"Таблица по подбору сечений теплых ангаров пролетами 9м, 12м, 15м, 18м, 21м, 24м версия 1,5.xlsx",0271b96c6fe725d3e50ad7891401958322a5ae97866bb0bf8cb190bc4bbeff3f,вывод,"O6:O11,AP1:AZ63",2026-09-16,deck key; step mm where labelled,AU59,null,1.346,n
1.0.0,"Таблица по подбору сечений теплых ангаров пролетами 9м, 12м, 15м, 18м, 21м, 24м версия 1,5.xlsx",0271b96c6fe725d3e50ad7891401958322a5ae97866bb0bf8cb190bc4bbeff3f,вывод,"O6:O11,AP1:AZ63",2026-09-16,deck key; step mm where labelled,AV59,null,1.546,n
1.0.0,"Таблица по подбору сечений теплых ангаров пролетами 9м, 12м, 15м, 18м, 21м, 24м версия 1,5.xlsx",0271b96c6fe725d3e50ad7891401958322a5ae97866bb0bf8cb190bc4bbeff3f,вывод,"O6:O11,AP1:AZ63",2026-09-16,deck key; step mm where labelled,AW59,null,1.744,n
1.0.0,"Таблица по подбору сечений теплых ангаров пролетами 9м, 12м, 15м, 18м, 21м, 24м версия 1,5.xlsx",0271b96c6fe725d3e50ad7891401958322a5ae97866bb0bf8cb190bc4bbeff3f,вывод,"O6:O11,AP1:AZ63",2026-09-16,deck key; step mm where labelled,AX59,null,2.01,n
1.0.0,"Таблица по подбору сечений теплых ангаров пролетами 9м, 12м, 15м, 18м, 21м, 24м версия 1,5.xlsx",0271b96c6fe725d3e50ad7891401958322a5ae97866bb0bf8cb190bc4bbeff3f,вывод,"O6:O11,AP1:AZ63",2026-09-16,deck key; step mm where labelled,AY59,null,2.274,n
1.0.0,"Таблица по подбору сечений теплых ангаров пролетами 9м, 12м, 15м, 18м, 21м, 24м версия 1,5.xlsx",0271b96c6fe725d3e50ad7891401958322a5ae97866bb0bf8cb190bc4bbeff3f,вывод,"O6:O11,AP1:AZ63",2026-09-16,deck key; step mm where labelled,AZ59,null,2.538,n
1.0.0,"Таблица по подбору сечений теплых ангаров пролетами 9м, 12м, 15м, 18м, 21м, 24м версия 1,5.xlsx",0271b96c6fe725d3e50ad7891401958322a5ae97866bb0bf8cb190bc4bbeff3f,вывод,"O6:O11,AP1:AZ63",2026-09-16,deck key; step mm where labelled,AP60,null,1.022,n
1.0.0,"Таблица по подбору сечений теплых ангаров пролетами 9м, 12м, 15м, 18м, 21м, 24м версия 1,5.xlsx",0271b96c6fe725d3e50ad7891401958322a5ae97866bb0bf8cb190bc4bbeff3f,вывод,"O6:O11,AP1:AZ63",2026-09-16,deck key; step mm where labelled,AQ60,null,1.5999999999999999,n
1.0.0,"Таблица по подбору сечений теплых ангаров пролетами 9м, 12м, 15м, 18м, 21м, 24м версия 1,5.xlsx",0271b96c6fe725d3e50ad7891401958322a5ae97866bb0bf8cb190bc4bbeff3f,вывод,"O6:O11,AP1:AZ63",2026-09-16,deck key; step mm where labelled,AR60,null,2.5300000000000002,n
1.0.0,"Таблица по подбору сечений теплых ангаров пролетами 9м, 12м, 15м, 18м, 21м, 24м версия 1,5.xlsx",0271b96c6fe725d3e50ad7891401958322a5ae97866bb0bf8cb190bc4bbeff3f,вывод,"O6:O11,AP1:AZ63",2026-09-16,deck key; step mm where labelled,AS60,null,3.09,n
1.0.0,"Таблица по подбору сечений теплых ангаров пролетами 9м, 12м, 15м, 18м, 21м, 24м версия 1,5.xlsx",0271b96c6fe725d3e50ad7891401958322a5ae97866bb0bf8cb190bc4bbeff3f,вывод,"O6:O11,AP1:AZ63",2026-09-16,deck key; step mm where labelled,AT60,null,1.094,n
1.0.0,"Таблица по подбору сечений теплых ангаров пролетами 9м, 12м, 15м, 18м, 21м, 24м версия 1,5.xlsx",0271b96c6fe725d3e50ad7891401958322a5ae97866bb0bf8cb190bc4bbeff3f,вывод,"O6:O11,AP1:AZ63",2026-09-16,deck key; step mm where labelled,AU60,null,1.264,n
1.0.0,"Таблица по подбору сечений теплых ангаров пролетами 9м, 12м, 15м, 18м, 21м, 24м версия 1,5.xlsx",0271b96c6fe725d3e50ad7891401958322a5ae97866bb0bf8cb190bc4bbeff3f,вывод,"O6:O11,AP1:AZ63",2026-09-16,deck key; step mm where labelled,AV60,null,1.464,n
1.0.0,"Таблица по подбору сечений теплых ангаров пролетами 9м, 12м, 15м, 18м, 21м, 24м версия 1,5.xlsx",0271b96c6fe725d3e50ad7891401958322a5ae97866bb0bf8cb190bc4bbeff3f,вывод,"O6:O11,AP1:AZ63",2026-09-16,deck key; step mm where labelled,AW60,null,1.666,n
1.0.0,"Таблица по подбору сечений теплых ангаров пролетами 9м, 12м, 15м, 18м, 21м, 24м версия 1,5.xlsx",0271b96c6fe725d3e50ad7891401958322a5ae97866bb0bf8cb190bc4bbeff3f,вывод,"O6:O11,AP1:AZ63",2026-09-16,deck key; step mm where labelled,AX60,null,1.94,n
1.0.0,"Таблица по подбору сечений теплых ангаров пролетами 9м, 12м, 15м, 18м, 21м, 24м версия 1,5.xlsx",0271b96c6fe725d3e50ad7891401958322a5ae97866bb0bf8cb190bc4bbeff3f,вывод,"O6:O11,AP1:AZ63",2026-09-16,deck key; step mm where labelled,AY60,null,2.196,n
1.0.0,"Таблица по подбору сечений теплых ангаров пролетами 9м, 12м, 15м, 18м, 21м, 24м версия 1,5.xlsx",0271b96c6fe725d3e50ad7891401958322a5ae97866bb0bf8cb190bc4bbeff3f,вывод,"O6:O11,AP1:AZ63",2026-09-16,deck key; step mm where labelled,AZ60,null,2.452,n
1.0.0,"Таблица по подбору сечений теплых ангаров пролетами 9м, 12м, 15м, 18м, 21м, 24м версия 1,5.xlsx",0271b96c6fe725d3e50ad7891401958322a5ae97866bb0bf8cb190bc4bbeff3f,вывод,"O6:O11,AP1:AZ63",2026-09-16,deck key; step mm where labelled,AP61,null,0.996,n
1.0.0,"Таблица по подбору сечений теплых ангаров пролетами 9м, 12м, 15м, 18м, 21м, 24м версия 1,5.xlsx",0271b96c6fe725d3e50ad7891401958322a5ae97866bb0bf8cb190bc4bbeff3f,вывод,"O6:O11,AP1:AZ63",2026-09-16,deck key; step mm where labelled,AQ61,null,1.535,n
1.0.0,"Таблица по подбору сечений теплых ангаров пролетами 9м, 12м, 15м, 18м, 21м, 24м версия 1,5.xlsx",0271b96c6fe725d3e50ad7891401958322a5ae97866bb0bf8cb190bc4bbeff3f,вывод,"O6:O11,AP1:AZ63",2026-09-16,deck key; step mm where labelled,AR61,null,2.45,n
1.0.0,"Таблица по подбору сечений теплых ангаров пролетами 9м, 12м, 15м, 18м, 21м, 24м версия 1,5.xlsx",0271b96c6fe725d3e50ad7891401958322a5ae97866bb0bf8cb190bc4bbeff3f,вывод,"O6:O11,AP1:AZ63",2026-09-16,deck key; step mm where labelled,AS61,null,2.965,n
1.0.0,"Таблица по подбору сечений теплых ангаров пролетами 9м, 12м, 15м, 18м, 21м, 24м версия 1,5.xlsx",0271b96c6fe725d3e50ad7891401958322a5ae97866bb0bf8cb190bc4bbeff3f,вывод,"O6:O11,AP1:AZ63",2026-09-16,deck key; step mm where labelled,AT61,null,1.012,n
1.0.0,"Таблица по подбору сечений теплых ангаров пролетами 9м, 12м, 15м, 18м, 21м, 24м версия 1,5.xlsx",0271b96c6fe725d3e50ad7891401958322a5ae97866bb0bf8cb190bc4bbeff3f,вывод,"O6:O11,AP1:AZ63",2026-09-16,deck key; step mm where labelled,AU61,null,1.1820000000000002,n
1.0.0,"Таблица по подбору сечений теплых ангаров пролетами 9м, 12м, 15м, 18м, 21м, 24м версия 1,5.xlsx",0271b96c6fe725d3e50ad7891401958322a5ae97866bb0bf8cb190bc4bbeff3f,вывод,"O6:O11,AP1:AZ63",2026-09-16,deck key; step mm where labelled,AV61,null,1.3820000000000001,n
1.0.0,"Таблица по подбору сечений теплых ангаров пролетами 9м, 12м, 15м, 18м, 21м, 24м версия 1,5.xlsx",0271b96c6fe725d3e50ad7891401958322a5ae97866bb0bf8cb190bc4bbeff3f,вывод,"O6:O11,AP1:AZ63",2026-09-16,deck key; step mm where labelled,AW61,null,1.588,n
1.0.0,"Таблица по подбору сечений теплых ангаров пролетами 9м, 12м, 15м, 18м, 21м, 24м версия 1,5.xlsx",0271b96c6fe725d3e50ad7891401958322a5ae97866bb0bf8cb190bc4bbeff3f,вывод,"O6:O11,AP1:AZ63",2026-09-16,deck key; step mm where labelled,AX61,null,1.87,n
1.0.0,"Таблица по подбору сечений теплых ангаров пролетами 9м, 12м, 15м, 18м, 21м, 24м версия 1,5.xlsx",0271b96c6fe725d3e50ad7891401958322a5ae97866bb0bf8cb190bc4bbeff3f,вывод,"O6:O11,AP1:AZ63",2026-09-16,deck key; step mm where labelled,AY61,null,2.118,n
1.0.0,"Таблица по подбору сечений теплых ангаров пролетами 9м, 12м, 15м, 18м, 21м, 24м версия 1,5.xlsx",0271b96c6fe725d3e50ad7891401958322a5ae97866bb0bf8cb190bc4bbeff3f,вывод,"O6:O11,AP1:AZ63",2026-09-16,deck key; step mm where labelled,AZ61,null,2.3659999999999997,n
1.0.0,"Таблица по подбору сечений теплых ангаров пролетами 9м, 12м, 15м, 18м, 21м, 24м версия 1,5.xlsx",0271b96c6fe725d3e50ad7891401958322a5ae97866bb0bf8cb190bc4bbeff3f,вывод,"O6:O11,AP1:AZ63",2026-09-16,deck key; step mm where labelled,AP62,null,0.97,n
1.0.0,"Таблица по подбору сечений теплых ангаров пролетами 9м, 12м, 15м, 18м, 21м, 24м версия 1,5.xlsx",0271b96c6fe725d3e50ad7891401958322a5ae97866bb0bf8cb190bc4bbeff3f,вывод,"O6:O11,AP1:AZ63",2026-09-16,deck key; step mm where labelled,AQ62,null,1.47,n
1.0.0,"Таблица по подбору сечений теплых ангаров пролетами 9м, 12м, 15м, 18м, 21м, 24м версия 1,5.xlsx",0271b96c6fe725d3e50ad7891401958322a5ae97866bb0bf8cb190bc4bbeff3f,вывод,"O6:O11,AP1:AZ63",2026-09-16,deck key; step mm where labelled,AR62,null,2.37,n
1.0.0,"Таблица по подбору сечений теплых ангаров пролетами 9м, 12м, 15м, 18м, 21м, 24м версия 1,5.xlsx",0271b96c6fe725d3e50ad7891401958322a5ae97866bb0bf8cb190bc4bbeff3f,вывод,"O6:O11,AP1:AZ63",2026-09-16,deck key; step mm where labelled,AS62,null,2.84,n
1.0.0,"Таблица по подбору сечений теплых ангаров пролетами 9м, 12м, 15м, 18м, 21м, 24м версия 1,5.xlsx",0271b96c6fe725d3e50ad7891401958322a5ae97866bb0bf8cb190bc4bbeff3f,вывод,"O6:O11,AP1:AZ63",2026-09-16,deck key; step mm where labelled,AT62,null,0.93,n
1.0.0,"Таблица по подбору сечений теплых ангаров пролетами 9м, 12м, 15м, 18м, 21м, 24м версия 1,5.xlsx",0271b96c6fe725d3e50ad7891401958322a5ae97866bb0bf8cb190bc4bbeff3f,вывод,"O6:O11,AP1:AZ63",2026-09-16,deck key; step mm where labelled,AU62,null,1.1,n
1.0.0,"Таблица по подбору сечений теплых ангаров пролетами 9м, 12м, 15м, 18м, 21м, 24м версия 1,5.xlsx",0271b96c6fe725d3e50ad7891401958322a5ae97866bb0bf8cb190bc4bbeff3f,вывод,"O6:O11,AP1:AZ63",2026-09-16,deck key; step mm where labelled,AV62,null,1.3,n
1.0.0,"Таблица по подбору сечений теплых ангаров пролетами 9м, 12м, 15м, 18м, 21м, 24м версия 1,5.xlsx",0271b96c6fe725d3e50ad7891401958322a5ae97866bb0bf8cb190bc4bbeff3f,вывод,"O6:O11,AP1:AZ63",2026-09-16,deck key; step mm where labelled,AW62,null,1.51,n
1.0.0,"Таблица по подбору сечений теплых ангаров пролетами 9м, 12м, 15м, 18м, 21м, 24м версия 1,5.xlsx",0271b96c6fe725d3e50ad7891401958322a5ae97866bb0bf8cb190bc4bbeff3f,вывод,"O6:O11,AP1:AZ63",2026-09-16,deck key; step mm where labelled,AX62,null,1.8,n
1.0.0,"Таблица по подбору сечений теплых ангаров пролетами 9м, 12м, 15м, 18м, 21м, 24м версия 1,5.xlsx",0271b96c6fe725d3e50ad7891401958322a5ae97866bb0bf8cb190bc4bbeff3f,вывод,"O6:O11,AP1:AZ63",2026-09-16,deck key; step mm where labelled,AY62,null,2.04,n
1.0.0,"Таблица по подбору сечений теплых ангаров пролетами 9м, 12м, 15м, 18м, 21м, 24м версия 1,5.xlsx",0271b96c6fe725d3e50ad7891401958322a5ae97866bb0bf8cb190bc4bbeff3f,вывод,"O6:O11,AP1:AZ63",2026-09-16,deck key; step mm where labelled,AZ62,null,2.28,n
1.0.0,"Таблица по подбору сечений теплых ангаров пролетами 9м, 12м, 15м, 18м, 21м, 24м версия 1,5.xlsx",0271b96c6fe725d3e50ad7891401958322a5ae97866bb0bf8cb190bc4bbeff3f,вывод,"O6:O11,AP1:AZ63",2026-09-16,deck key; step mm where labelled,AP63,null,0.97,n
1.0.0,"Таблица по подбору сечений теплых ангаров пролетами 9м, 12м, 15м, 18м, 21м, 24м версия 1,5.xlsx",0271b96c6fe725d3e50ad7891401958322a5ae97866bb0bf8cb190bc4bbeff3f,вывод,"O6:O11,AP1:AZ63",2026-09-16,deck key; step mm where labelled,AQ63,null,1.47,n
1.0.0,"Таблица по подбору сечений теплых ангаров пролетами 9м, 12м, 15м, 18м, 21м, 24м версия 1,5.xlsx",0271b96c6fe725d3e50ad7891401958322a5ae97866bb0bf8cb190bc4bbeff3f,вывод,"O6:O11,AP1:AZ63",2026-09-16,deck key; step mm where labelled,AR63,null,2.37,n
1.0.0,"Таблица по подбору сечений теплых ангаров пролетами 9м, 12м, 15м, 18м, 21м, 24м версия 1,5.xlsx",0271b96c6fe725d3e50ad7891401958322a5ae97866bb0bf8cb190bc4bbeff3f,вывод,"O6:O11,AP1:AZ63",2026-09-16,deck key; step mm where labelled,AS63,null,2.84,n
1.0.0,"Таблица по подбору сечений теплых ангаров пролетами 9м, 12м, 15м, 18м, 21м, 24м версия 1,5.xlsx",0271b96c6fe725d3e50ad7891401958322a5ae97866bb0bf8cb190bc4bbeff3f,вывод,"O6:O11,AP1:AZ63",2026-09-16,deck key; step mm where labelled,AT63,null,0.93,n
1.0.0,"Таблица по подбору сечений теплых ангаров пролетами 9м, 12м, 15м, 18м, 21м, 24м версия 1,5.xlsx",0271b96c6fe725d3e50ad7891401958322a5ae97866bb0bf8cb190bc4bbeff3f,вывод,"O6:O11,AP1:AZ63",2026-09-16,deck key; step mm where labelled,AU63,null,1.1,n
1.0.0,"Таблица по подбору сечений теплых ангаров пролетами 9м, 12м, 15м, 18м, 21м, 24м версия 1,5.xlsx",0271b96c6fe725d3e50ad7891401958322a5ae97866bb0bf8cb190bc4bbeff3f,вывод,"O6:O11,AP1:AZ63",2026-09-16,deck key; step mm where labelled,AV63,null,1.3,n
1.0.0,"Таблица по подбору сечений теплых ангаров пролетами 9м, 12м, 15м, 18м, 21м, 24м версия 1,5.xlsx",0271b96c6fe725d3e50ad7891401958322a5ae97866bb0bf8cb190bc4bbeff3f,вывод,"O6:O11,AP1:AZ63",2026-09-16,deck key; step mm where labelled,AW63,null,1.51,n
1.0.0,"Таблица по подбору сечений теплых ангаров пролетами 9м, 12м, 15м, 18м, 21м, 24м версия 1,5.xlsx",0271b96c6fe725d3e50ad7891401958322a5ae97866bb0bf8cb190bc4bbeff3f,вывод,"O6:O11,AP1:AZ63",2026-09-16,deck key; step mm where labelled,AX63,null,1.8,n
1.0.0,"Таблица по подбору сечений теплых ангаров пролетами 9м, 12м, 15м, 18м, 21м, 24м версия 1,5.xlsx",0271b96c6fe725d3e50ad7891401958322a5ae97866bb0bf8cb190bc4bbeff3f,вывод,"O6:O11,AP1:AZ63",2026-09-16,deck key; step mm where labelled,AY63,null,2.04,n
1.0.0,"Таблица по подбору сечений теплых ангаров пролетами 9м, 12м, 15м, 18м, 21м, 24м версия 1,5.xlsx",0271b96c6fe725d3e50ad7891401958322a5ae97866bb0bf8cb190bc4bbeff3f,вывод,"O6:O11,AP1:AZ63",2026-09-16,deck key; step mm where labelled,AZ63,null,2.28,n
