schema_version,source_workbook,source_workbook_sha256,source_sheet,source_range,extraction_date,units,cell,formula_json,cached_value_json,cell_data_type
1.0.0,"Таблица по подбору сечений теплых ангаров пролетами 9м, 12м, 15м, 18м, 21м, 24м версия 1,5.xlsx",0271b96c6fe725d3e50ad7891401958322a5ae97866bb0bf8cb190bc4bbeff3f,Расчеты,used sparse cells,2026-09-16,mixed,SO1,null,"""К-т использования""",s
1.0.0,"Таблица по подбору сечений теплых ангаров пролетами 9м, 12м, 15м, 18м, 21м, 24м версия 1,5.xlsx",0271b96c6fe725d3e50ad7891401958322a5ae97866bb0bf8cb190bc4bbeff3f,Расчеты,used sparse cells,2026-09-16,mixed,SO2,null,"""Шаг прогонов""",s
1.0.0,"Таблица по подбору сечений теплых ангаров пролетами 9м, 12м, 15м, 18м, 21м, 24м версия 1,5.xlsx",0271b96c6fe725d3e50ad7891401958322a5ae97866bb0bf8cb190bc4bbeff3f,Расчеты,used sparse cells,2026-09-16,mixed,BFE2,null,"""Шаг прогонов""",s
1.0.0,"Таблица по подбору сечений теплых ангаров пролетами 9м, 12м, 15м, 18м, 21м, 24м версия 1,5.xlsx",0271b96c6fe725d3e50ad7891401958322a5ae97866bb0bf8cb190bc4bbeff3f,Расчеты,used sparse cells,2026-09-16,mixed,SO3,null,500,n
1.0.0,"Таблица по подбору сечений теплых ангаров пролетами 9м, 12м, 15м, 18м, 21м, 24м версия 1,5.xlsx",0271b96c6fe725d3e50ad7891401958322a5ae97866bb0bf8cb190bc4bbeff3f,Расчеты,used sparse cells,2026-09-16,mixed,SP3,null,505,n
1.0.0,"Таблица по подбору сечений теплых ангаров пролетами 9м, 12м, 15м, 18м, 21м, 24м версия 1,5.xlsx",0271b96c6fe725d3e50ad7891401958322a5ae97866bb0bf8cb190bc4bbeff3f,Расчеты,used sparse cells,2026-09-16,mixed,SQ3,null,510,n
1.0.0,"Таблица по подбору сечений теплых ангаров пролетами 9м, 12м, 15м, 18м, 21м, 24м версия 1,5.xlsx",0271b96c6fe725d3e50ad7891401958322a5ae97866bb0bf8cb190bc4bbeff3f,Расчеты,used sparse cells,2026-09-16,mixed,SR3,null,515,n
1.0.0,"Таблица по подбору сечений теплых ангаров пролетами 9м, 12м, 15м, 18м, 21м, 24м версия 1,5.xlsx",0271b96c6fe725d3e50ad7891401958322a5ae97866bb0bf8cb190bc4bbeff3f,Расчеты,used sparse cells,2026-09-16,mixed,SS3,null,520,n
1.0.0,"Таблица по подбору сечений теплых ангаров пролетами 9м, 12м, 15м, 18м, 21м, 24м версия 1,5.xlsx",0271b96c6fe725d3e50ad7891401958322a5ae97866bb0bf8cb190bc4bbeff3f,Расчеты,used sparse cells,2026-09-16,mixed,ST3,null,525,n
1.0.0,"Таблица по подбору сечений теплых ангаров пролетами 9м, 12м, 15м, 18м, 21м, 24м версия 1,5.xlsx",0271b96c6fe725d3e50ad7891401958322a5ae97866bb0bf8cb190bc4bbeff3f,Расчеты,used sparse cells,2026-09-16,mixed,SU3,null,530,n
1.0.0,"Таблица по подбору сечений теплых ангаров пролетами 9м, 12м, 15м, 18м, 21м, 24м версия 1,5.xlsx",0271b96c6fe725d3e50ad7891401958322a5ae97866bb0bf8cb190bc4bbeff3f,Расчеты,used sparse cells,2026-09-16,mixed,SV3,null,535,n
1.0.0,"Таблица по подбору сечений теплых ангаров пролетами 9м, 12м, 15м, 18м, 21м, 24м версия 1,5.xlsx",0271b96c6fe725d3e50ad7891401958322a5ae97866bb0bf8cb190bc4bbeff3f,Расчеты,used sparse cells,2026-09-16,mixed,SW3,null,540,n
1.0.0,"Таблица по подбору сечений теплых ангаров пролетами 9м, 12м, 15м, 18м, 21м, 24м версия 1,5.xlsx",0271b96c6fe725d3e50ad7891401958322a5ae97866bb0bf8cb190bc4bbeff3f,Расчеты,used sparse cells,2026-09-16,mixed,SX3,null,545,n
1.0.0,"Таблица по подбору сечений теплых ангаров пролетами 9м, 12м, 15м, 18м, 21м, 24м версия 1,5.xlsx",0271b96c6fe725d3e50ad7891401958322a5ae97866bb0bf8cb190bc4bbeff3f,Расчеты,used sparse cells,2026-09-16,mixed,SY3,null,550,n
1.0.0,"Таблица по подбору сечений теплых ангаров пролетами 9м, 12м, 15м, 18м, 21м, 24м версия 1,5.xlsx",0271b96c6fe725d3e50ad7891401958322a5ae97866bb0bf8cb190bc4bbeff3f,Расчеты,used sparse cells,2026-09-16,mixed,SZ3,null,555,n
1.0.0,"Таблица по подбору сечений теплых ангаров пролетами 9м, 12м, 15м, 18м, 21м, 24м версия 1,5.xlsx",0271b96c6fe725d3e50ad7891401958322a5ae97866bb0bf8cb190bc4bbeff3f,Расчеты,used sparse cells,2026-09-16,mixed,TA3,null,560,n
1.0.0,"Таблица по подбору сечений теплых ангаров пролетами 9м, 12м, 15м, 18м, 21м, 24м версия 1,5.xlsx",0271b96c6fe725d3e50ad7891401958322a5ae97866bb0bf8cb190bc4bbeff3f,Расчеты,used sparse cells,2026-09-16,mixed,TB3,null,565,n
1.0.0,"Таблица по подбору сечений теплых ангаров пролетами 9м, 12м, 15м, 18м, 21м, 24м версия 1,5.xlsx",0271b96c6fe725d3e50ad7891401958322a5ae97866bb0bf8cb190bc4bbeff3f,Расчеты,used sparse cells,2026-09-16,mixed,TC3,null,570,n
1.0.0,"Таблица по подбору сечений теплых ангаров пролетами 9м, 12м, 15м, 18м, 21м, 24м версия 1,5.xlsx",0271b96c6fe725d3e50ad7891401958322a5ae97866bb0bf8cb190bc4bbeff3f,Расчеты,used sparse cells,2026-09-16,mixed,TD3,null,575,n
1.0.0,"Таблица по подбору сечений теплых ангаров пролетами 9м, 12м, 15м, 18м, 21м, 24м версия 1,5.xlsx",0271b96c6fe725d3e50ad7891401958322a5ae97866bb0bf8cb190bc4bbeff3f,Расчеты,used sparse cells,2026-09-16,mixed,TE3,null,580,n
1.0.0,"Таблица по подбору сечений теплых ангаров пролетами 9м, 12м, 15м, 18м, 21м, 24м версия 1,5.xlsx",0271b96c6fe725d3e50ad7891401958322a5ae97866bb0bf8cb190bc4bbeff3f,Расчеты,used sparse cells,2026-09-16,mixed,TF3,null,585,n
1.0.0,"Таблица по подбору сечений теплых ангаров пролетами 9м, 12м, 15м, 18м, 21м, 24м версия 1,5.xlsx",0271b96c6fe725d3e50ad7891401958322a5ae97866bb0bf8cb190bc4bbeff3f,Расчеты,used sparse cells,2026-09-16,mixed,TG3,null,590,n
1.0.0,"Таблица по подбору сечений теплых ангаров пролетами 9м, 12м, 15м, 18м, 21м, 24м версия 1,5.xlsx",0271b96c6fe725d3e50ad7891401958322a5ae97866bb0bf8cb190bc4bbeff3f,Расчеты,used sparse cells,2026-09-16,mixed,TH3,null,595,n
1.0.0,"Таблица по подбору сечений теплых ангаров пролетами 9м, 12м, 15м, 18м, 21м, 24м версия 1,5.xlsx",0271b96c6fe725d3e50ad7891401958322a5ae97866bb0bf8cb190bc4bbeff3f,Расчеты,used sparse cells,2026-09-16,mixed,TI3,null,600,n
1.0.0,"Таблица по подбору сечений теплых ангаров пролетами 9м, 12м, 15м, 18м, 21м, 24м версия 1,5.xlsx",0271b96c6fe725d3e50ad7891401958322a5ae97866bb0bf8cb190bc4bbeff3f,Расчеты,used sparse cells,2026-09-16,mixed,TJ3,null,605,n
1.0.0,"Таблица по подбору сечений теплых ангаров пролетами 9м, 12м, 15м, 18м, 21м, 24м версия 1,5.xlsx",0271b96c6fe725d3e50ad7891401958322a5ae97866bb0bf8cb190bc4bbeff3f,Расчеты,used sparse cells,2026-09-16,mixed,TK3,null,610,n
1.0.0,"Таблица по подбору сечений теплых ангаров пролетами 9м, 12м, 15м, 18м, 21м, 24м версия 1,5.xlsx",0271b96c6fe725d3e50ad7891401958322a5ae97866bb0bf8cb190bc4bbeff3f,Расчеты,used sparse cells,2026-09-16,mixed,TL3,null,615,n
1.0.0,"Таблица по подбору сечений теплых ангаров пролетами 9м, 12м, 15м, 18м, 21м, 24м версия 1,5.xlsx",0271b96c6fe725d3e50ad7891401958322a5ae97866bb0bf8cb190bc4bbeff3f,Расчеты,used sparse cells,2026-09-16,mixed,TM3,null,620,n
1.0.0,"Таблица по подбору сечений теплых ангаров пролетами 9м, 12м, 15м, 18м, 21м, 24м версия 1,5.xlsx",0271b96c6fe725d3e50ad7891401958322a5ae97866bb0bf8cb190bc4bbeff3f,Расчеты,used sparse cells,2026-09-16,mixed,TN3,null,625,n
1.0.0,"Таблица по подбору сечений теплых ангаров пролетами 9м, 12м, 15м, 18м, 21м, 24м версия 1,5.xlsx",0271b96c6fe725d3e50ad7891401958322a5ae97866bb0bf8cb190bc4bbeff3f,Расчеты,used sparse cells,2026-09-16,mixed,TO3,null,630,n
1.0.0,"Таблица по подбору сечений теплых ангаров пролетами 9м, 12м, 15м, 18м, 21м, 24м версия 1,5.xlsx",0271b96c6fe725d3e50ad7891401958322a5ae97866bb0bf8cb190bc4bbeff3f,Расчеты,used sparse cells,2026-09-16,mixed,TP3,null,635,n
1.0.0,"Таблица по подбору сечений теплых ангаров пролетами 9м, 12м, 15м, 18м, 21м, 24м версия 1,5.xlsx",0271b96c6fe725d3e50ad7891401958322a5ae97866bb0bf8cb190bc4bbeff3f,Расчеты,used sparse cells,2026-09-16,mixed,TQ3,null,640,n
1.0.0,"Таблица по подбору сечений теплых ангаров пролетами 9м, 12м, 15м, 18м, 21м, 24м версия 1,5.xlsx",0271b96c6fe725d3e50ad7891401958322a5ae97866bb0bf8cb190bc4bbeff3f,Расчеты,used sparse cells,2026-09-16,mixed,TR3,null,645,n
1.0.0,"Таблица по подбору сечений теплых ангаров пролетами 9м, 12м, 15м, 18м, 21м, 24м версия 1,5.xlsx",0271b96c6fe725d3e50ad7891401958322a5ae97866bb0bf8cb190bc4bbeff3f,Расчеты,used sparse cells,2026-09-16,mixed,TS3,null,650,n
1.0.0,"Таблица по подбору сечений теплых ангаров пролетами 9м, 12м, 15м, 18м, 21м, 24м версия 1,5.xlsx",0271b96c6fe725d3e50ad7891401958322a5ae97866bb0bf8cb190bc4bbeff3f,Расчеты,used sparse cells,2026-09-16,mixed,TT3,null,655,n
1.0.0,"Таблица по подбору сечений теплых ангаров пролетами 9м, 12м, 15м, 18м, 21м, 24м версия 1,5.xlsx",0271b96c6fe725d3e50ad7891401958322a5ae97866bb0bf8cb190bc4bbeff3f,Расчеты,used sparse cells,2026-09-16,mixed,TU3,null,660,n
1.0.0,"Таблица по подбору сечений теплых ангаров пролетами 9м, 12м, 15м, 18м, 21м, 24м версия 1,5.xlsx",0271b96c6fe725d3e50ad7891401958322a5ae97866bb0bf8cb190bc4bbeff3f,Расчеты,used sparse cells,2026-09-16,mixed,TV3,null,665,n
1.0.0,"Таблица по подбору сечений теплых ангаров пролетами 9м, 12м, 15м, 18м, 21м, 24м версия 1,5.xlsx",0271b96c6fe725d3e50ad7891401958322a5ae97866bb0bf8cb190bc4bbeff3f,Расчеты,used sparse cells,2026-09-16,mixed,TW3,null,670,n
1.0.0,"Таблица по подбору сечений теплых ангаров пролетами 9м, 12м, 15м, 18м, 21м, 24м версия 1,5.xlsx",0271b96c6fe725d3e50ad7891401958322a5ae97866bb0bf8cb190bc4bbeff3f,Расчеты,used sparse cells,2026-09-16,mixed,TX3,null,675,n
1.0.0,"Таблица по подбору сечений теплых ангаров пролетами 9м, 12м, 15м, 18м, 21м, 24м версия 1,5.xlsx",0271b96c6fe725d3e50ad7891401958322a5ae97866bb0bf8cb190bc4bbeff3f,Расчеты,used sparse cells,2026-09-16,mixed,TY3,null,680,n
1.0.0,"Таблица по подбору сечений теплых ангаров пролетами 9м, 12м, 15м, 18м, 21м, 24м версия 1,5.xlsx",0271b96c6fe725d3e50ad7891401958322a5ae97866bb0bf8cb190bc4bbeff3f,Расчеты,used sparse cells,2026-09-16,mixed,TZ3,null,685,n
1.0.0,"Таблица по подбору сечений теплых ангаров пролетами 9м, 12м, 15м, 18м, 21м, 24м версия 1,5.xlsx",0271b96c6fe725d3e50ad7891401958322a5ae97866bb0bf8cb190bc4bbeff3f,Расчеты,used sparse cells,2026-09-16,mixed,UA3,null,690,n
1.0.0,"Таблица по подбору сечений теплых ангаров пролетами 9м, 12м, 15м, 18м, 21м, 24м версия 1,5.xlsx",0271b96c6fe725d3e50ad7891401958322a5ae97866bb0bf8cb190bc4bbeff3f,Расчеты,used sparse cells,2026-09-16,mixed,UB3,null,695,n
1.0.0,"Таблица по подбору сечений теплых ангаров пролетами 9м, 12м, 15м, 18м, 21м, 24м версия 1,5.xlsx",0271b96c6fe725d3e50ad7891401958322a5ae97866bb0bf8cb190bc4bbeff3f,Расчеты,used sparse cells,2026-09-16,mixed,UC3,null,700,n
1.0.0,"Таблица по подбору сечений теплых ангаров пролетами 9м, 12м, 15м, 18м, 21м, 24м версия 1,5.xlsx",0271b96c6fe725d3e50ad7891401958322a5ae97866bb0bf8cb190bc4bbeff3f,Расчеты,used sparse cells,2026-09-16,mixed,UD3,null,705,n
1.0.0,"Таблица по подбору сечений теплых ангаров пролетами 9м, 12м, 15м, 18м, 21м, 24м версия 1,5.xlsx",0271b96c6fe725d3e50ad7891401958322a5ae97866bb0bf8cb190bc4bbeff3f,Расчеты,used sparse cells,2026-09-16,mixed,UE3,null,710,n
1.0.0,"Таблица по подбору сечений теплых ангаров пролетами 9м, 12м, 15м, 18м, 21м, 24м версия 1,5.xlsx",0271b96c6fe725d3e50ad7891401958322a5ae97866bb0bf8cb190bc4bbeff3f,Расчеты,used sparse cells,2026-09-16,mixed,UF3,null,715,n
1.0.0,"Таблица по подбору сечений теплых ангаров пролетами 9м, 12м, 15м, 18м, 21м, 24м версия 1,5.xlsx",0271b96c6fe725d3e50ad7891401958322a5ae97866bb0bf8cb190bc4bbeff3f,Расчеты,used sparse cells,2026-09-16,mixed,UG3,null,720,n
1.0.0,"Таблица по подбору сечений теплых ангаров пролетами 9м, 12м, 15м, 18м, 21м, 24м версия 1,5.xlsx",0271b96c6fe725d3e50ad7891401958322a5ae97866bb0bf8cb190bc4bbeff3f,Расчеты,used sparse cells,2026-09-16,mixed,UH3,null,725,n
1.0.0,"Таблица по подбору сечений теплых ангаров пролетами 9м, 12м, 15м, 18м, 21м, 24м версия 1,5.xlsx",0271b96c6fe725d3e50ad7891401958322a5ae97866bb0bf8cb190bc4bbeff3f,Расчеты,used sparse cells,2026-09-16,mixed,UI3,null,730,n
1.0.0,"Таблица по подбору сечений теплых ангаров пролетами 9м, 12м, 15м, 18м, 21м, 24м версия 1,5.xlsx",0271b96c6fe725d3e50ad7891401958322a5ae97866bb0bf8cb190bc4bbeff3f,Расчеты,used sparse cells,2026-09-16,mixed,UJ3,null,735,n
1.0.0,"Таблица по подбору сечений теплых ангаров пролетами 9м, 12м, 15м, 18м, 21м, 24м версия 1,5.xlsx",0271b96c6fe725d3e50ad7891401958322a5ae97866bb0bf8cb190bc4bbeff3f,Расчеты,used sparse cells,2026-09-16,mixed,UK3,null,740,n
1.0.0,"Таблица по подбору сечений теплых ангаров пролетами 9м, 12м, 15м, 18м, 21м, 24м версия 1,5.xlsx",0271b96c6fe725d3e50ad7891401958322a5ae97866bb0bf8cb190bc4bbeff3f,Расчеты,used sparse cells,2026-09-16,mixed,UL3,null,745,n
1.0.0,"Таблица по подбору сечений теплых ангаров пролетами 9м, 12м, 15м, 18м, 21м, 24м версия 1,5.xlsx",0271b96c6fe725d3e50ad7891401958322a5ae97866bb0bf8cb190bc4bbeff3f,Расчеты,used sparse cells,2026-09-16,mixed,UM3,null,750,n
1.0.0,"Таблица по подбору сечений теплых ангаров пролетами 9м, 12м, 15м, 18м, 21м, 24м версия 1,5.xlsx",0271b96c6fe725d3e50ad7891401958322a5ae97866bb0bf8cb190bc4bbeff3f,Расчеты,used sparse cells,2026-09-16,mixed,UN3,null,755,n
1.0.0,"Таблица по подбору сечений теплых ангаров пролетами 9м, 12м, 15м, 18м, 21м, 24м версия 1,5.xlsx",0271b96c6fe725d3e50ad7891401958322a5ae97866bb0bf8cb190bc4bbeff3f,Расчеты,used sparse cells,2026-09-16,mixed,UO3,null,760,n
1.0.0,"Таблица по подбору сечений теплых ангаров пролетами 9м, 12м, 15м, 18м, 21м, 24м версия 1,5.xlsx",0271b96c6fe725d3e50ad7891401958322a5ae97866bb0bf8cb190bc4bbeff3f,Расчеты,used sparse cells,2026-09-16,mixed,UP3,null,765,n
1.0.0,"Таблица по подбору сечений теплых ангаров пролетами 9м, 12м, 15м, 18м, 21м, 24м версия 1,5.xlsx",0271b96c6fe725d3e50ad7891401958322a5ae97866bb0bf8cb190bc4bbeff3f,Расчеты,used sparse cells,2026-09-16,mixed,UQ3,null,770,n
1.0.0,"Таблица по подбору сечений теплых ангаров пролетами 9м, 12м, 15м, 18м, 21м, 24м версия 1,5.xlsx",0271b96c6fe725d3e50ad7891401958322a5ae97866bb0bf8cb190bc4bbeff3f,Расчеты,used sparse cells,2026-09-16,mixed,UR3,null,775,n
1.0.0,"Таблица по подбору сечений теплых ангаров пролетами 9м, 12м, 15м, 18м, 21м, 24м версия 1,5.xlsx",0271b96c6fe725d3e50ad7891401958322a5ae97866bb0bf8cb190bc4bbeff3f,Расчеты,used sparse cells,2026-09-16,mixed,US3,null,780,n
1.0.0,"Таблица по подбору сечений теплых ангаров пролетами 9м, 12м, 15м, 18м, 21м, 24м версия 1,5.xlsx",0271b96c6fe725d3e50ad7891401958322a5ae97866bb0bf8cb190bc4bbeff3f,Расчеты,used sparse cells,2026-09-16,mixed,UT3,null,785,n
1.0.0,"Таблица по подбору сечений теплых ангаров пролетами 9м, 12м, 15м, 18м, 21м, 24м версия 1,5.xlsx",0271b96c6fe725d3e50ad7891401958322a5ae97866bb0bf8cb190bc4bbeff3f,Расчеты,used sparse cells,2026-09-16,mixed,UU3,null,790,n
1.0.0,"Таблица по подбору сечений теплых ангаров пролетами 9м, 12м, 15м, 18м, 21м, 24м версия 1,5.xlsx",0271b96c6fe725d3e50ad7891401958322a5ae97866bb0bf8cb190bc4bbeff3f,Расчеты,used sparse cells,2026-09-16,mixed,UV3,null,795,n
1.0.0,"Таблица по подбору сечений теплых ангаров пролетами 9м, 12м, 15м, 18м, 21м, 24м версия 1,5.xlsx",0271b96c6fe725d3e50ad7891401958322a5ae97866bb0bf8cb190bc4bbeff3f,Расчеты,used sparse cells,2026-09-16,mixed,UW3,null,800,n
1.0.0,"Таблица по подбору сечений теплых ангаров пролетами 9м, 12м, 15м, 18м, 21м, 24м версия 1,5.xlsx",0271b96c6fe725d3e50ad7891401958322a5ae97866bb0bf8cb190bc4bbeff3f,Расчеты,used sparse cells,2026-09-16,mixed,UX3,null,805,n
1.0.0,"Таблица по подбору сечений теплых ангаров пролетами 9м, 12м, 15м, 18м, 21м, 24м версия 1,5.xlsx",0271b96c6fe725d3e50ad7891401958322a5ae97866bb0bf8cb190bc4bbeff3f,Расчеты,used sparse cells,2026-09-16,mixed,UY3,null,810,n
1.0.0,"Таблица по подбору сечений теплых ангаров пролетами 9м, 12м, 15м, 18м, 21м, 24м версия 1,5.xlsx",0271b96c6fe725d3e50ad7891401958322a5ae97866bb0bf8cb190bc4bbeff3f,Расчеты,used sparse cells,2026-09-16,mixed,UZ3,null,815,n
1.0.0,"Таблица по подбору сечений теплых ангаров пролетами 9м, 12м, 15м, 18м, 21м, 24м версия 1,5.xlsx",0271b96c6fe725d3e50ad7891401958322a5ae97866bb0bf8cb190bc4bbeff3f,Расчеты,used sparse cells,2026-09-16,mixed,VA3,null,820,n
1.0.0,"Таблица по подбору сечений теплых ангаров пролетами 9м, 12м, 15м, 18м, 21м, 24м версия 1,5.xlsx",0271b96c6fe725d3e50ad7891401958322a5ae97866bb0bf8cb190bc4bbeff3f,Расчеты,used sparse cells,2026-09-16,mixed,VB3,null,825,n
1.0.0,"Таблица по подбору сечений теплых ангаров пролетами 9м, 12м, 15м, 18м, 21м, 24м версия 1,5.xlsx",0271b96c6fe725d3e50ad7891401958322a5ae97866bb0bf8cb190bc4bbeff3f,Расчеты,used sparse cells,2026-09-16,mixed,VC3,null,830,n
1.0.0,"Таблица по подбору сечений теплых ангаров пролетами 9м, 12м, 15м, 18м, 21м, 24м версия 1,5.xlsx",0271b96c6fe725d3e50ad7891401958322a5ae97866bb0bf8cb190bc4bbeff3f,Расчеты,used sparse cells,2026-09-16,mixed,VD3,null,835,n
1.0.0,"Таблица по подбору сечений теплых ангаров пролетами 9м, 12м, 15м, 18м, 21м, 24м версия 1,5.xlsx",0271b96c6fe725d3e50ad7891401958322a5ae97866bb0bf8cb190bc4bbeff3f,Расчеты,used sparse cells,2026-09-16,mixed,VE3,null,840,n
1.0.0,"Таблица по подбору сечений теплых ангаров пролетами 9м, 12м, 15м, 18м, 21м, 24м версия 1,5.xlsx",0271b96c6fe725d3e50ad7891401958322a5ae97866bb0bf8cb190bc4bbeff3f,Расчеты,used sparse cells,2026-09-16,mixed,VF3,null,845,n
1.0.0,"Таблица по подбору сечений теплых ангаров пролетами 9м, 12м, 15м, 18м, 21м, 24м версия 1,5.xlsx",0271b96c6fe725d3e50ad7891401958322a5ae97866bb0bf8cb190bc4bbeff3f,Расчеты,used sparse cells,2026-09-16,mixed,VG3,null,850,n
1.0.0,"Таблица по подбору сечений теплых ангаров пролетами 9м, 12м, 15м, 18м, 21м, 24м версия 1,5.xlsx",0271b96c6fe725d3e50ad7891401958322a5ae97866bb0bf8cb190bc4bbeff3f,Расчеты,used sparse cells,2026-09-16,mixed,VH3,null,855,n
1.0.0,"Таблица по подбору сечений теплых ангаров пролетами 9м, 12м, 15м, 18м, 21м, 24м версия 1,5.xlsx",0271b96c6fe725d3e50ad7891401958322a5ae97866bb0bf8cb190bc4bbeff3f,Расчеты,used sparse cells,2026-09-16,mixed,VI3,null,860,n
1.0.0,"Таблица по подбору сечений теплых ангаров пролетами 9м, 12м, 15м, 18м, 21м, 24м версия 1,5.xlsx",0271b96c6fe725d3e50ad7891401958322a5ae97866bb0bf8cb190bc4bbeff3f,Расчеты,used sparse cells,2026-09-16,mixed,VJ3,null,865,n
1.0.0,"Таблица по подбору сечений теплых ангаров пролетами 9м, 12м, 15м, 18м, 21м, 24м версия 1,5.xlsx",0271b96c6fe725d3e50ad7891401958322a5ae97866bb0bf8cb190bc4bbeff3f,Расчеты,used sparse cells,2026-09-16,mixed,VK3,null,870,n
1.0.0,"Таблица по подбору сечений теплых ангаров пролетами 9м, 12м, 15м, 18м, 21м, 24м версия 1,5.xlsx",0271b96c6fe725d3e50ad7891401958322a5ae97866bb0bf8cb190bc4bbeff3f,Расчеты,used sparse cells,2026-09-16,mixed,VL3,null,875,n
1.0.0,"Таблица по подбору сечений теплых ангаров пролетами 9м, 12м, 15м, 18м, 21м, 24м версия 1,5.xlsx",0271b96c6fe725d3e50ad7891401958322a5ae97866bb0bf8cb190bc4bbeff3f,Расчеты,used sparse cells,2026-09-16,mixed,VM3,null,880,n
1.0.0,"Таблица по подбору сечений теплых ангаров пролетами 9м, 12м, 15м, 18м, 21м, 24м версия 1,5.xlsx",0271b96c6fe725d3e50ad7891401958322a5ae97866bb0bf8cb190bc4bbeff3f,Расчеты,used sparse cells,2026-09-16,mixed,VN3,null,885,n
1.0.0,"Таблица по подбору сечений теплых ангаров пролетами 9м, 12м, 15м, 18м, 21м, 24м версия 1,5.xlsx",0271b96c6fe725d3e50ad7891401958322a5ae97866bb0bf8cb190bc4bbeff3f,Расчеты,used sparse cells,2026-09-16,mixed,VO3,null,890,n
1.0.0,"Таблица по подбору сечений теплых ангаров пролетами 9м, 12м, 15м, 18м, 21м, 24м версия 1,5.xlsx",0271b96c6fe725d3e50ad7891401958322a5ae97866bb0bf8cb190bc4bbeff3f,Расчеты,used sparse cells,2026-09-16,mixed,VP3,null,895,n
1.0.0,"Таблица по подбору сечений теплых ангаров пролетами 9м, 12м, 15м, 18м, 21м, 24м версия 1,5.xlsx",0271b96c6fe725d3e50ad7891401958322a5ae97866bb0bf8cb190bc4bbeff3f,Расчеты,used sparse cells,2026-09-16,mixed,VQ3,null,900,n
1.0.0,"Таблица по подбору сечений теплых ангаров пролетами 9м, 12м, 15м, 18м, 21м, 24м версия 1,5.xlsx",0271b96c6fe725d3e50ad7891401958322a5ae97866bb0bf8cb190bc4bbeff3f,Расчеты,used sparse cells,2026-09-16,mixed,VR3,null,905,n
1.0.0,"Таблица по подбору сечений теплых ангаров пролетами 9м, 12м, 15м, 18м, 21м, 24м версия 1,5.xlsx",0271b96c6fe725d3e50ad7891401958322a5ae97866bb0bf8cb190bc4bbeff3f,Расчеты,used sparse cells,2026-09-16,mixed,VS3,null,910,n
1.0.0,"Таблица по подбору сечений теплых ангаров пролетами 9м, 12м, 15м, 18м, 21м, 24м версия 1,5.xlsx",0271b96c6fe725d3e50ad7891401958322a5ae97866bb0bf8cb190bc4bbeff3f,Расчеты,used sparse cells,2026-09-16,mixed,VT3,null,915,n
1.0.0,"Таблица по подбору сечений теплых ангаров пролетами 9м, 12м, 15м, 18м, 21м, 24м версия 1,5.xlsx",0271b96c6fe725d3e50ad7891401958322a5ae97866bb0bf8cb190bc4bbeff3f,Расчеты,used sparse cells,2026-09-16,mixed,VU3,null,920,n
1.0.0,"Таблица по подбору сечений теплых ангаров пролетами 9м, 12м, 15м, 18м, 21м, 24м версия 1,5.xlsx",0271b96c6fe725d3e50ad7891401958322a5ae97866bb0bf8cb190bc4bbeff3f,Расчеты,used sparse cells,2026-09-16,mixed,VV3,null,925,n
1.0.0,"Таблица по подбору сечений теплых ангаров пролетами 9м, 12м, 15м, 18м, 21м, 24м версия 1,5.xlsx",0271b96c6fe725d3e50ad7891401958322a5ae97866bb0bf8cb190bc4bbeff3f,Расчеты,used sparse cells,2026-09-16,mixed,VW3,null,930,n
1.0.0,"Таблица по подбору сечений теплых ангаров пролетами 9м, 12м, 15м, 18м, 21м, 24м версия 1,5.xlsx",0271b96c6fe725d3e50ad7891401958322a5ae97866bb0bf8cb190bc4bbeff3f,Расчеты,used sparse cells,2026-09-16,mixed,VX3,null,935,n
1.0.0,"Таблица по подбору сечений теплых ангаров пролетами 9м, 12м, 15м, 18м, 21м, 24м версия 1,5.xlsx",0271b96c6fe725d3e50ad7891401958322a5ae97866bb0bf8cb190bc4bbeff3f,Расчеты,used sparse cells,2026-09-16,mixed,VY3,null,940,n
1.0.0,"Таблица по подбору сечений теплых ангаров пролетами 9м, 12м, 15м, 18м, 21м, 24м версия 1,5.xlsx",0271b96c6fe725d3e50ad7891401958322a5ae97866bb0bf8cb190bc4bbeff3f,Расчеты,used sparse cells,2026-09-16,mixed,VZ3,null,945,n
1.0.0,"Таблица по подбору сечений теплых ангаров пролетами 9м, 12м, 15м, 18м, 21м, 24м версия 1,5.xlsx",0271b96c6fe725d3e50ad7891401958322a5ae97866bb0bf8cb190bc4bbeff3f,Расчеты,used sparse cells,2026-09-16,mixed,WA3,null,950,n
1.0.0,"Таблица по подбору сечений теплых ангаров пролетами 9м, 12м, 15м, 18м, 21м, 24м версия 1,5.xlsx",0271b96c6fe725d3e50ad7891401958322a5ae97866bb0bf8cb190bc4bbeff3f,Расчеты,used sparse cells,2026-09-16,mixed,WB3,null,955,n
1.0.0,"Таблица по подбору сечений теплых ангаров пролетами 9м, 12м, 15м, 18м, 21м, 24м версия 1,5.xlsx",0271b96c6fe725d3e50ad7891401958322a5ae97866bb0bf8cb190bc4bbeff3f,Расчеты,used sparse cells,2026-09-16,mixed,WC3,null,960,n
1.0.0,"Таблица по подбору сечений теплых ангаров пролетами 9м, 12м, 15м, 18м, 21м, 24м версия 1,5.xlsx",0271b96c6fe725d3e50ad7891401958322a5ae97866bb0bf8cb190bc4bbeff3f,Расчеты,used sparse cells,2026-09-16,mixed,WD3,null,965,n
1.0.0,"Таблица по подбору сечений теплых ангаров пролетами 9м, 12м, 15м, 18м, 21м, 24м версия 1,5.xlsx",0271b96c6fe725d3e50ad7891401958322a5ae97866bb0bf8cb190bc4bbeff3f,Расчеты,used sparse cells,2026-09-16,mixed,WE3,null,970,n
1.0.0,"Таблица по подбору сечений теплых ангаров пролетами 9м, 12м, 15м, 18м, 21м, 24м версия 1,5.xlsx",0271b96c6fe725d3e50ad7891401958322a5ae97866bb0bf8cb190bc4bbeff3f,Расчеты,used sparse cells,2026-09-16,mixed,WF3,null,975,n
1.0.0,"Таблица по подбору сечений теплых ангаров пролетами 9м, 12м, 15м, 18м, 21м, 24м версия 1,5.xlsx",0271b96c6fe725d3e50ad7891401958322a5ae97866bb0bf8cb190bc4bbeff3f,Расчеты,used sparse cells,2026-09-16,mixed,WG3,null,980,n
1.0.0,"Таблица по подбору сечений теплых ангаров пролетами 9м, 12м, 15м, 18м, 21м, 24м версия 1,5.xlsx",0271b96c6fe725d3e50ad7891401958322a5ae97866bb0bf8cb190bc4bbeff3f,Расчеты,used sparse cells,2026-09-16,mixed,WH3,null,985,n
1.0.0,"Таблица по подбору сечений теплых ангаров пролетами 9м, 12м, 15м, 18м, 21м, 24м версия 1,5.xlsx",0271b96c6fe725d3e50ad7891401958322a5ae97866bb0bf8cb190bc4bbeff3f,Расчеты,used sparse cells,2026-09-16,mixed,WI3,null,990,n
1.0.0,"Таблица по подбору сечений теплых ангаров пролетами 9м, 12м, 15м, 18м, 21м, 24м версия 1,5.xlsx",0271b96c6fe725d3e50ad7891401958322a5ae97866bb0bf8cb190bc4bbeff3f,Расчеты,used sparse cells,2026-09-16,mixed,WJ3,null,995,n
1.0.0,"Таблица по подбору сечений теплых ангаров пролетами 9м, 12м, 15м, 18м, 21м, 24м версия 1,5.xlsx",0271b96c6fe725d3e50ad7891401958322a5ae97866bb0bf8cb190bc4bbeff3f,Расчеты,used sparse cells,2026-09-16,mixed,WK3,null,1000,n
1.0.0,"Таблица по подбору сечений теплых ангаров пролетами 9м, 12м, 15м, 18м, 21м, 24м версия 1,5.xlsx",0271b96c6fe725d3e50ad7891401958322a5ae97866bb0bf8cb190bc4bbeff3f,Расчеты,used sparse cells,2026-09-16,mixed,WL3,null,1005,n
1.0.0,"Таблица по подбору сечений теплых ангаров пролетами 9м, 12м, 15м, 18м, 21м, 24м версия 1,5.xlsx",0271b96c6fe725d3e50ad7891401958322a5ae97866bb0bf8cb190bc4bbeff3f,Расчеты,used sparse cells,2026-09-16,mixed,WM3,null,1010,n
1.0.0,"Таблица по подбору сечений теплых ангаров пролетами 9м, 12м, 15м, 18м, 21м, 24м версия 1,5.xlsx",0271b96c6fe725d3e50ad7891401958322a5ae97866bb0bf8cb190bc4bbeff3f,Расчеты,used sparse cells,2026-09-16,mixed,WN3,null,1015,n
1.0.0,"Таблица по подбору сечений теплых ангаров пролетами 9м, 12м, 15м, 18м, 21м, 24м версия 1,5.xlsx",0271b96c6fe725d3e50ad7891401958322a5ae97866bb0bf8cb190bc4bbeff3f,Расчеты,used sparse cells,2026-09-16,mixed,WO3,null,1020,n
1.0.0,"Таблица по подбору сечений теплых ангаров пролетами 9м, 12м, 15м, 18м, 21м, 24м версия 1,5.xlsx",0271b96c6fe725d3e50ad7891401958322a5ae97866bb0bf8cb190bc4bbeff3f,Расчеты,used sparse cells,2026-09-16,mixed,WP3,null,1025,n
1.0.0,"Таблица по подбору сечений теплых ангаров пролетами 9м, 12м, 15м, 18м, 21м, 24м версия 1,5.xlsx",0271b96c6fe725d3e50ad7891401958322a5ae97866bb0bf8cb190bc4bbeff3f,Расчеты,used sparse cells,2026-09-16,mixed,WQ3,null,1030,n
1.0.0,"Таблица по подбору сечений теплых ангаров пролетами 9м, 12м, 15м, 18м, 21м, 24м версия 1,5.xlsx",0271b96c6fe725d3e50ad7891401958322a5ae97866bb0bf8cb190bc4bbeff3f,Расчеты,used sparse cells,2026-09-16,mixed,WR3,null,1035,n
1.0.0,"Таблица по подбору сечений теплых ангаров пролетами 9м, 12м, 15м, 18м, 21м, 24м версия 1,5.xlsx",0271b96c6fe725d3e50ad7891401958322a5ae97866bb0bf8cb190bc4bbeff3f,Расчеты,used sparse cells,2026-09-16,mixed,WS3,null,1040,n
1.0.0,"Таблица по подбору сечений теплых ангаров пролетами 9м, 12м, 15м, 18м, 21м, 24м версия 1,5.xlsx",0271b96c6fe725d3e50ad7891401958322a5ae97866bb0bf8cb190bc4bbeff3f,Расчеты,used sparse cells,2026-09-16,mixed,WT3,null,1045,n
1.0.0,"Таблица по подбору сечений теплых ангаров пролетами 9м, 12м, 15м, 18м, 21м, 24м версия 1,5.xlsx",0271b96c6fe725d3e50ad7891401958322a5ae97866bb0bf8cb190bc4bbeff3f,Расчеты,used sparse cells,2026-09-16,mixed,WU3,null,1050,n
1.0.0,"Таблица по подбору сечений теплых ангаров пролетами 9м, 12м, 15м, 18м, 21м, 24м версия 1,5.xlsx",0271b96c6fe725d3e50ad7891401958322a5ae97866bb0bf8cb190bc4bbeff3f,Расчеты,used sparse cells,2026-09-16,mixed,WV3,null,1055,n
1.0.0,"Таблица по подбору сечений теплых ангаров пролетами 9м, 12м, 15м, 18м, 21м, 24м версия 1,5.xlsx",0271b96c6fe725d3e50ad7891401958322a5ae97866bb0bf8cb190bc4bbeff3f,Расчеты,used sparse cells,2026-09-16,mixed,WW3,null,1060,n
1.0.0,"Таблица по подбору сечений теплых ангаров пролетами 9м, 12м, 15м, 18м, 21м, 24м версия 1,5.xlsx",0271b96c6fe725d3e50ad7891401958322a5ae97866bb0bf8cb190bc4bbeff3f,Расчеты,used sparse cells,2026-09-16,mixed,WX3,null,1065,n
1.0.0,"Таблица по подбору сечений теплых ангаров пролетами 9м, 12м, 15м, 18м, 21м, 24м версия 1,5.xlsx",0271b96c6fe725d3e50ad7891401958322a5ae97866bb0bf8cb190bc4bbeff3f,Расчеты,used sparse cells,2026-09-16,mixed,WY3,null,1070,n
1.0.0,"Таблица по подбору сечений теплых ангаров пролетами 9м, 12м, 15м, 18м, 21м, 24м версия 1,5.xlsx",0271b96c6fe725d3e50ad7891401958322a5ae97866bb0bf8cb190bc4bbeff3f,Расчеты,used sparse cells,2026-09-16,mixed,WZ3,null,1075,n
1.0.0,"Таблица по подбору сечений теплых ангаров пролетами 9м, 12м, 15м, 18м, 21м, 24м версия 1,5.xlsx",0271b96c6fe725d3e50ad7891401958322a5ae97866bb0bf8cb190bc4bbeff3f,Расчеты,used sparse cells,2026-09-16,mixed,XA3,null,1080,n
1.0.0,"Таблица по подбору сечений теплых ангаров пролетами 9м, 12м, 15м, 18м, 21м, 24м версия 1,5.xlsx",0271b96c6fe725d3e50ad7891401958322a5ae97866bb0bf8cb190bc4bbeff3f,Расчеты,used sparse cells,2026-09-16,mixed,XB3,null,1085,n
1.0.0,"Таблица по подбору сечений теплых ангаров пролетами 9м, 12м, 15м, 18м, 21м, 24м версия 1,5.xlsx",0271b96c6fe725d3e50ad7891401958322a5ae97866bb0bf8cb190bc4bbeff3f,Расчеты,used sparse cells,2026-09-16,mixed,XC3,null,1090,n
1.0.0,"Таблица по подбору сечений теплых ангаров пролетами 9м, 12м, 15м, 18м, 21м, 24м версия 1,5.xlsx",0271b96c6fe725d3e50ad7891401958322a5ae97866bb0bf8cb190bc4bbeff3f,Расчеты,used sparse cells,2026-09-16,mixed,XD3,null,1095,n
1.0.0,"Таблица по подбору сечений теплых ангаров пролетами 9м, 12м, 15м, 18м, 21м, 24м версия 1,5.xlsx",0271b96c6fe725d3e50ad7891401958322a5ae97866bb0bf8cb190bc4bbeff3f,Расчеты,used sparse cells,2026-09-16,mixed,XE3,null,1100,n
1.0.0,"Таблица по подбору сечений теплых ангаров пролетами 9м, 12м, 15м, 18м, 21м, 24м версия 1,5.xlsx",0271b96c6fe725d3e50ad7891401958322a5ae97866bb0bf8cb190bc4bbeff3f,Расчеты,used sparse cells,2026-09-16,mixed,XF3,null,1105,n
1.0.0,"Таблица по подбору сечений теплых ангаров пролетами 9м, 12м, 15м, 18м, 21м, 24м версия 1,5.xlsx",0271b96c6fe725d3e50ad7891401958322a5ae97866bb0bf8cb190bc4bbeff3f,Расчеты,used sparse cells,2026-09-16,mixed,XG3,null,1110,n
1.0.0,"Таблица по подбору сечений теплых ангаров пролетами 9м, 12м, 15м, 18м, 21м, 24м версия 1,5.xlsx",0271b96c6fe725d3e50ad7891401958322a5ae97866bb0bf8cb190bc4bbeff3f,Расчеты,used sparse cells,2026-09-16,mixed,XH3,null,1115,n
1.0.0,"Таблица по подбору сечений теплых ангаров пролетами 9м, 12м, 15м, 18м, 21м, 24м версия 1,5.xlsx",0271b96c6fe725d3e50ad7891401958322a5ae97866bb0bf8cb190bc4bbeff3f,Расчеты,used sparse cells,2026-09-16,mixed,XI3,null,1120,n
1.0.0,"Таблица по подбору сечений теплых ангаров пролетами 9м, 12м, 15м, 18м, 21м, 24м версия 1,5.xlsx",0271b96c6fe725d3e50ad7891401958322a5ae97866bb0bf8cb190bc4bbeff3f,Расчеты,used sparse cells,2026-09-16,mixed,XJ3,null,1125,n
1.0.0,"Таблица по подбору сечений теплых ангаров пролетами 9м, 12м, 15м, 18м, 21м, 24м версия 1,5.xlsx",0271b96c6fe725d3e50ad7891401958322a5ae97866bb0bf8cb190bc4bbeff3f,Расчеты,used sparse cells,2026-09-16,mixed,XK3,null,1130,n
1.0.0,"Таблица по подбору сечений теплых ангаров пролетами 9м, 12м, 15м, 18м, 21м, 24м версия 1,5.xlsx",0271b96c6fe725d3e50ad7891401958322a5ae97866bb0bf8cb190bc4bbeff3f,Расчеты,used sparse cells,2026-09-16,mixed,XL3,null,1135,n
1.0.0,"Таблица по подбору сечений теплых ангаров пролетами 9м, 12м, 15м, 18м, 21м, 24м версия 1,5.xlsx",0271b96c6fe725d3e50ad7891401958322a5ae97866bb0bf8cb190bc4bbeff3f,Расчеты,used sparse cells,2026-09-16,mixed,XM3,null,1140,n
1.0.0,"Таблица по подбору сечений теплых ангаров пролетами 9м, 12м, 15м, 18м, 21м, 24м версия 1,5.xlsx",0271b96c6fe725d3e50ad7891401958322a5ae97866bb0bf8cb190bc4bbeff3f,Расчеты,used sparse cells,2026-09-16,mixed,XN3,null,1145,n
1.0.0,"Таблица по подбору сечений теплых ангаров пролетами 9м, 12м, 15м, 18м, 21м, 24м версия 1,5.xlsx",0271b96c6fe725d3e50ad7891401958322a5ae97866bb0bf8cb190bc4bbeff3f,Расчеты,used sparse cells,2026-09-16,mixed,XO3,null,1150,n
1.0.0,"Таблица по подбору сечений теплых ангаров пролетами 9м, 12м, 15м, 18м, 21м, 24м версия 1,5.xlsx",0271b96c6fe725d3e50ad7891401958322a5ae97866bb0bf8cb190bc4bbeff3f,Расчеты,used sparse cells,2026-09-16,mixed,XP3,null,1155,n
1.0.0,"Таблица по подбору сечений теплых ангаров пролетами 9м, 12м, 15м, 18м, 21м, 24м версия 1,5.xlsx",0271b96c6fe725d3e50ad7891401958322a5ae97866bb0bf8cb190bc4bbeff3f,Расчеты,used sparse cells,2026-09-16,mixed,XQ3,null,1160,n
1.0.0,"Таблица по подбору сечений теплых ангаров пролетами 9м, 12м, 15м, 18м, 21м, 24м версия 1,5.xlsx",0271b96c6fe725d3e50ad7891401958322a5ae97866bb0bf8cb190bc4bbeff3f,Расчеты,used sparse cells,2026-09-16,mixed,XR3,null,1165,n
1.0.0,"Таблица по подбору сечений теплых ангаров пролетами 9м, 12м, 15м, 18м, 21м, 24м версия 1,5.xlsx",0271b96c6fe725d3e50ad7891401958322a5ae97866bb0bf8cb190bc4bbeff3f,Расчеты,used sparse cells,2026-09-16,mixed,XS3,null,1170,n
1.0.0,"Таблица по подбору сечений теплых ангаров пролетами 9м, 12м, 15м, 18м, 21м, 24м версия 1,5.xlsx",0271b96c6fe725d3e50ad7891401958322a5ae97866bb0bf8cb190bc4bbeff3f,Расчеты,used sparse cells,2026-09-16,mixed,XT3,null,1175,n
1.0.0,"Таблица по подбору сечений теплых ангаров пролетами 9м, 12м, 15м, 18м, 21м, 24м версия 1,5.xlsx",0271b96c6fe725d3e50ad7891401958322a5ae97866bb0bf8cb190bc4bbeff3f,Расчеты,used sparse cells,2026-09-16,mixed,XU3,null,1180,n
1.0.0,"Таблица по подбору сечений теплых ангаров пролетами 9м, 12м, 15м, 18м, 21м, 24м версия 1,5.xlsx",0271b96c6fe725d3e50ad7891401958322a5ae97866bb0bf8cb190bc4bbeff3f,Расчеты,used sparse cells,2026-09-16,mixed,XV3,null,1185,n
1.0.0,"Таблица по подбору сечений теплых ангаров пролетами 9м, 12м, 15м, 18м, 21м, 24м версия 1,5.xlsx",0271b96c6fe725d3e50ad7891401958322a5ae97866bb0bf8cb190bc4bbeff3f,Расчеты,used sparse cells,2026-09-16,mixed,XW3,null,1190,n
1.0.0,"Таблица по подбору сечений теплых ангаров пролетами 9м, 12м, 15м, 18м, 21м, 24м версия 1,5.xlsx",0271b96c6fe725d3e50ad7891401958322a5ae97866bb0bf8cb190bc4bbeff3f,Расчеты,used sparse cells,2026-09-16,mixed,XX3,null,1195,n
1.0.0,"Таблица по подбору сечений теплых ангаров пролетами 9м, 12м, 15м, 18м, 21м, 24м версия 1,5.xlsx",0271b96c6fe725d3e50ad7891401958322a5ae97866bb0bf8cb190bc4bbeff3f,Расчеты,used sparse cells,2026-09-16,mixed,XY3,null,1200,n
1.0.0,"Таблица по подбору сечений теплых ангаров пролетами 9м, 12м, 15м, 18м, 21м, 24м версия 1,5.xlsx",0271b96c6fe725d3e50ad7891401958322a5ae97866bb0bf8cb190bc4bbeff3f,Расчеты,used sparse cells,2026-09-16,mixed,XZ3,null,1205,n
1.0.0,"Таблица по подбору сечений теплых ангаров пролетами 9м, 12м, 15м, 18м, 21м, 24м версия 1,5.xlsx",0271b96c6fe725d3e50ad7891401958322a5ae97866bb0bf8cb190bc4bbeff3f,Расчеты,used sparse cells,2026-09-16,mixed,YA3,null,1210,n
1.0.0,"Таблица по подбору сечений теплых ангаров пролетами 9м, 12м, 15м, 18м, 21м, 24м версия 1,5.xlsx",0271b96c6fe725d3e50ad7891401958322a5ae97866bb0bf8cb190bc4bbeff3f,Расчеты,used sparse cells,2026-09-16,mixed,YB3,null,1215,n
1.0.0,"Таблица по подбору сечений теплых ангаров пролетами 9м, 12м, 15м, 18м, 21м, 24м версия 1,5.xlsx",0271b96c6fe725d3e50ad7891401958322a5ae97866bb0bf8cb190bc4bbeff3f,Расчеты,used sparse cells,2026-09-16,mixed,YC3,null,1220,n
1.0.0,"Таблица по подбору сечений теплых ангаров пролетами 9м, 12м, 15м, 18м, 21м, 24м версия 1,5.xlsx",0271b96c6fe725d3e50ad7891401958322a5ae97866bb0bf8cb190bc4bbeff3f,Расчеты,used sparse cells,2026-09-16,mixed,YD3,null,1225,n
1.0.0,"Таблица по подбору сечений теплых ангаров пролетами 9м, 12м, 15м, 18м, 21м, 24м версия 1,5.xlsx",0271b96c6fe725d3e50ad7891401958322a5ae97866bb0bf8cb190bc4bbeff3f,Расчеты,used sparse cells,2026-09-16,mixed,YE3,null,1230,n
1.0.0,"Таблица по подбору сечений теплых ангаров пролетами 9м, 12м, 15м, 18м, 21м, 24м версия 1,5.xlsx",0271b96c6fe725d3e50ad7891401958322a5ae97866bb0bf8cb190bc4bbeff3f,Расчеты,used sparse cells,2026-09-16,mixed,YF3,null,1235,n
1.0.0,"Таблица по подбору сечений теплых ангаров пролетами 9м, 12м, 15м, 18м, 21м, 24м версия 1,5.xlsx",0271b96c6fe725d3e50ad7891401958322a5ae97866bb0bf8cb190bc4bbeff3f,Расчеты,used sparse cells,2026-09-16,mixed,YG3,null,1240,n
1.0.0,"Таблица по подбору сечений теплых ангаров пролетами 9м, 12м, 15м, 18м, 21м, 24м версия 1,5.xlsx",0271b96c6fe725d3e50ad7891401958322a5ae97866bb0bf8cb190bc4bbeff3f,Расчеты,used sparse cells,2026-09-16,mixed,YH3,null,1245,n
1.0.0,"Таблица по подбору сечений теплых ангаров пролетами 9м, 12м, 15м, 18м, 21м, 24м версия 1,5.xlsx",0271b96c6fe725d3e50ad7891401958322a5ae97866bb0bf8cb190bc4bbeff3f,Расчеты,used sparse cells,2026-09-16,mixed,YI3,null,1250,n
1.0.0,"Таблица по подбору сечений теплых ангаров пролетами 9м, 12м, 15м, 18м, 21м, 24м версия 1,5.xlsx",0271b96c6fe725d3e50ad7891401958322a5ae97866bb0bf8cb190bc4bbeff3f,Расчеты,used sparse cells,2026-09-16,mixed,YJ3,null,1255,n
1.0.0,"Таблица по подбору сечений теплых ангаров пролетами 9м, 12м, 15м, 18м, 21м, 24м версия 1,5.xlsx",0271b96c6fe725d3e50ad7891401958322a5ae97866bb0bf8cb190bc4bbeff3f,Расчеты,used sparse cells,2026-09-16,mixed,YK3,null,1260,n
1.0.0,"Таблица по подбору сечений теплых ангаров пролетами 9м, 12м, 15м, 18м, 21м, 24м версия 1,5.xlsx",0271b96c6fe725d3e50ad7891401958322a5ae97866bb0bf8cb190bc4bbeff3f,Расчеты,used sparse cells,2026-09-16,mixed,YL3,null,1265,n
1.0.0,"Таблица по подбору сечений теплых ангаров пролетами 9м, 12м, 15м, 18м, 21м, 24м версия 1,5.xlsx",0271b96c6fe725d3e50ad7891401958322a5ae97866bb0bf8cb190bc4bbeff3f,Расчеты,used sparse cells,2026-09-16,mixed,YM3,null,1270,n
1.0.0,"Таблица по подбору сечений теплых ангаров пролетами 9м, 12м, 15м, 18м, 21м, 24м версия 1,5.xlsx",0271b96c6fe725d3e50ad7891401958322a5ae97866bb0bf8cb190bc4bbeff3f,Расчеты,used sparse cells,2026-09-16,mixed,YN3,null,1275,n
1.0.0,"Таблица по подбору сечений теплых ангаров пролетами 9м, 12м, 15м, 18м, 21м, 24м версия 1,5.xlsx",0271b96c6fe725d3e50ad7891401958322a5ae97866bb0bf8cb190bc4bbeff3f,Расчеты,used sparse cells,2026-09-16,mixed,YO3,null,1280,n
1.0.0,"Таблица по подбору сечений теплых ангаров пролетами 9м, 12м, 15м, 18м, 21м, 24м версия 1,5.xlsx",0271b96c6fe725d3e50ad7891401958322a5ae97866bb0bf8cb190bc4bbeff3f,Расчеты,used sparse cells,2026-09-16,mixed,YP3,null,1285,n
1.0.0,"Таблица по подбору сечений теплых ангаров пролетами 9м, 12м, 15м, 18м, 21м, 24м версия 1,5.xlsx",0271b96c6fe725d3e50ad7891401958322a5ae97866bb0bf8cb190bc4bbeff3f,Расчеты,used sparse cells,2026-09-16,mixed,YQ3,null,1290,n
1.0.0,"Таблица по подбору сечений теплых ангаров пролетами 9м, 12м, 15м, 18м, 21м, 24м версия 1,5.xlsx",0271b96c6fe725d3e50ad7891401958322a5ae97866bb0bf8cb190bc4bbeff3f,Расчеты,used sparse cells,2026-09-16,mixed,YR3,null,1295,n
1.0.0,"Таблица по подбору сечений теплых ангаров пролетами 9м, 12м, 15м, 18м, 21м, 24м версия 1,5.xlsx",0271b96c6fe725d3e50ad7891401958322a5ae97866bb0bf8cb190bc4bbeff3f,Расчеты,used sparse cells,2026-09-16,mixed,YS3,null,1300,n
1.0.0,"Таблица по подбору сечений теплых ангаров пролетами 9м, 12м, 15м, 18м, 21м, 24м версия 1,5.xlsx",0271b96c6fe725d3e50ad7891401958322a5ae97866bb0bf8cb190bc4bbeff3f,Расчеты,used sparse cells,2026-09-16,mixed,YT3,null,1305,n
1.0.0,"Таблица по подбору сечений теплых ангаров пролетами 9м, 12м, 15м, 18м, 21м, 24м версия 1,5.xlsx",0271b96c6fe725d3e50ad7891401958322a5ae97866bb0bf8cb190bc4bbeff3f,Расчеты,used sparse cells,2026-09-16,mixed,YU3,null,1310,n
1.0.0,"Таблица по подбору сечений теплых ангаров пролетами 9м, 12м, 15м, 18м, 21м, 24м версия 1,5.xlsx",0271b96c6fe725d3e50ad7891401958322a5ae97866bb0bf8cb190bc4bbeff3f,Расчеты,used sparse cells,2026-09-16,mixed,YV3,null,1315,n
1.0.0,"Таблица по подбору сечений теплых ангаров пролетами 9м, 12м, 15м, 18м, 21м, 24м версия 1,5.xlsx",0271b96c6fe725d3e50ad7891401958322a5ae97866bb0bf8cb190bc4bbeff3f,Расчеты,used sparse cells,2026-09-16,mixed,YW3,null,1320,n
1.0.0,"Таблица по подбору сечений теплых ангаров пролетами 9м, 12м, 15м, 18м, 21м, 24м версия 1,5.xlsx",0271b96c6fe725d3e50ad7891401958322a5ae97866bb0bf8cb190bc4bbeff3f,Расчеты,used sparse cells,2026-09-16,mixed,YX3,null,1325,n
1.0.0,"Таблица по подбору сечений теплых ангаров пролетами 9м, 12м, 15м, 18м, 21м, 24м версия 1,5.xlsx",0271b96c6fe725d3e50ad7891401958322a5ae97866bb0bf8cb190bc4bbeff3f,Расчеты,used sparse cells,2026-09-16,mixed,YY3,null,1330,n
1.0.0,"Таблица по подбору сечений теплых ангаров пролетами 9м, 12м, 15м, 18м, 21м, 24м версия 1,5.xlsx",0271b96c6fe725d3e50ad7891401958322a5ae97866bb0bf8cb190bc4bbeff3f,Расчеты,used sparse cells,2026-09-16,mixed,YZ3,null,1335,n
1.0.0,"Таблица по подбору сечений теплых ангаров пролетами 9м, 12м, 15м, 18м, 21м, 24м версия 1,5.xlsx",0271b96c6fe725d3e50ad7891401958322a5ae97866bb0bf8cb190bc4bbeff3f,Расчеты,used sparse cells,2026-09-16,mixed,ZA3,null,1340,n
1.0.0,"Таблица по подбору сечений теплых ангаров пролетами 9м, 12м, 15м, 18м, 21м, 24м версия 1,5.xlsx",0271b96c6fe725d3e50ad7891401958322a5ae97866bb0bf8cb190bc4bbeff3f,Расчеты,used sparse cells,2026-09-16,mixed,ZB3,null,1345,n
1.0.0,"Таблица по подбору сечений теплых ангаров пролетами 9м, 12м, 15м, 18м, 21м, 24м версия 1,5.xlsx",0271b96c6fe725d3e50ad7891401958322a5ae97866bb0bf8cb190bc4bbeff3f,Расчеты,used sparse cells,2026-09-16,mixed,ZC3,null,1350,n
1.0.0,"Таблица по подбору сечений теплых ангаров пролетами 9м, 12м, 15м, 18м, 21м, 24м версия 1,5.xlsx",0271b96c6fe725d3e50ad7891401958322a5ae97866bb0bf8cb190bc4bbeff3f,Расчеты,used sparse cells,2026-09-16,mixed,ZD3,null,1355,n
1.0.0,"Таблица по подбору сечений теплых ангаров пролетами 9м, 12м, 15м, 18м, 21м, 24м версия 1,5.xlsx",0271b96c6fe725d3e50ad7891401958322a5ae97866bb0bf8cb190bc4bbeff3f,Расчеты,used sparse cells,2026-09-16,mixed,ZE3,null,1360,n
1.0.0,"Таблица по подбору сечений теплых ангаров пролетами 9м, 12м, 15м, 18м, 21м, 24м версия 1,5.xlsx",0271b96c6fe725d3e50ad7891401958322a5ae97866bb0bf8cb190bc4bbeff3f,Расчеты,used sparse cells,2026-09-16,mixed,ZF3,null,1365,n
1.0.0,"Таблица по подбору сечений теплых ангаров пролетами 9м, 12м, 15м, 18м, 21м, 24м версия 1,5.xlsx",0271b96c6fe725d3e50ad7891401958322a5ae97866bb0bf8cb190bc4bbeff3f,Расчеты,used sparse cells,2026-09-16,mixed,ZG3,null,1370,n
1.0.0,"Таблица по подбору сечений теплых ангаров пролетами 9м, 12м, 15м, 18м, 21м, 24м версия 1,5.xlsx",0271b96c6fe725d3e50ad7891401958322a5ae97866bb0bf8cb190bc4bbeff3f,Расчеты,used sparse cells,2026-09-16,mixed,ZH3,null,1375,n
1.0.0,"Таблица по подбору сечений теплых ангаров пролетами 9м, 12м, 15м, 18м, 21м, 24м версия 1,5.xlsx",0271b96c6fe725d3e50ad7891401958322a5ae97866bb0bf8cb190bc4bbeff3f,Расчеты,used sparse cells,2026-09-16,mixed,ZI3,null,1380,n
1.0.0,"Таблица по подбору сечений теплых ангаров пролетами 9м, 12м, 15м, 18м, 21м, 24м версия 1,5.xlsx",0271b96c6fe725d3e50ad7891401958322a5ae97866bb0bf8cb190bc4bbeff3f,Расчеты,used sparse cells,2026-09-16,mixed,ZJ3,null,1385,n
1.0.0,"Таблица по подбору сечений теплых ангаров пролетами 9м, 12м, 15м, 18м, 21м, 24м версия 1,5.xlsx",0271b96c6fe725d3e50ad7891401958322a5ae97866bb0bf8cb190bc4bbeff3f,Расчеты,used sparse cells,2026-09-16,mixed,ZK3,null,1390,n
1.0.0,"Таблица по подбору сечений теплых ангаров пролетами 9м, 12м, 15м, 18м, 21м, 24м версия 1,5.xlsx",0271b96c6fe725d3e50ad7891401958322a5ae97866bb0bf8cb190bc4bbeff3f,Расчеты,used sparse cells,2026-09-16,mixed,ZL3,null,1395,n
1.0.0,"Таблица по подбору сечений теплых ангаров пролетами 9м, 12м, 15м, 18м, 21м, 24м версия 1,5.xlsx",0271b96c6fe725d3e50ad7891401958322a5ae97866bb0bf8cb190bc4bbeff3f,Расчеты,used sparse cells,2026-09-16,mixed,ZM3,null,1400,n
1.0.0,"Таблица по подбору сечений теплых ангаров пролетами 9м, 12м, 15м, 18м, 21м, 24м версия 1,5.xlsx",0271b96c6fe725d3e50ad7891401958322a5ae97866bb0bf8cb190bc4bbeff3f,Расчеты,used sparse cells,2026-09-16,mixed,ZN3,null,1405,n
1.0.0,"Таблица по подбору сечений теплых ангаров пролетами 9м, 12м, 15м, 18м, 21м, 24м версия 1,5.xlsx",0271b96c6fe725d3e50ad7891401958322a5ae97866bb0bf8cb190bc4bbeff3f,Расчеты,used sparse cells,2026-09-16,mixed,ZO3,null,1410,n
1.0.0,"Таблица по подбору сечений теплых ангаров пролетами 9м, 12м, 15м, 18м, 21м, 24м версия 1,5.xlsx",0271b96c6fe725d3e50ad7891401958322a5ae97866bb0bf8cb190bc4bbeff3f,Расчеты,used sparse cells,2026-09-16,mixed,ZP3,null,1415,n
1.0.0,"Таблица по подбору сечений теплых ангаров пролетами 9м, 12м, 15м, 18м, 21м, 24м версия 1,5.xlsx",0271b96c6fe725d3e50ad7891401958322a5ae97866bb0bf8cb190bc4bbeff3f,Расчеты,used sparse cells,2026-09-16,mixed,ZQ3,null,1420,n
1.0.0,"Таблица по подбору сечений теплых ангаров пролетами 9м, 12м, 15м, 18м, 21м, 24м версия 1,5.xlsx",0271b96c6fe725d3e50ad7891401958322a5ae97866bb0bf8cb190bc4bbeff3f,Расчеты,used sparse cells,2026-09-16,mixed,ZR3,null,1425,n
1.0.0,"Таблица по подбору сечений теплых ангаров пролетами 9м, 12м, 15м, 18м, 21м, 24м версия 1,5.xlsx",0271b96c6fe725d3e50ad7891401958322a5ae97866bb0bf8cb190bc4bbeff3f,Расчеты,used sparse cells,2026-09-16,mixed,ZS3,null,1430,n
1.0.0,"Таблица по подбору сечений теплых ангаров пролетами 9м, 12м, 15м, 18м, 21м, 24м версия 1,5.xlsx",0271b96c6fe725d3e50ad7891401958322a5ae97866bb0bf8cb190bc4bbeff3f,Расчеты,used sparse cells,2026-09-16,mixed,ZT3,null,1435,n
1.0.0,"Таблица по подбору сечений теплых ангаров пролетами 9м, 12м, 15м, 18м, 21м, 24м версия 1,5.xlsx",0271b96c6fe725d3e50ad7891401958322a5ae97866bb0bf8cb190bc4bbeff3f,Расчеты,used sparse cells,2026-09-16,mixed,ZU3,null,1440,n
1.0.0,"Таблица по подбору сечений теплых ангаров пролетами 9м, 12м, 15м, 18м, 21м, 24м версия 1,5.xlsx",0271b96c6fe725d3e50ad7891401958322a5ae97866bb0bf8cb190bc4bbeff3f,Расчеты,used sparse cells,2026-09-16,mixed,ZV3,null,1445,n
1.0.0,"Таблица по подбору сечений теплых ангаров пролетами 9м, 12м, 15м, 18м, 21м, 24м версия 1,5.xlsx",0271b96c6fe725d3e50ad7891401958322a5ae97866bb0bf8cb190bc4bbeff3f,Расчеты,used sparse cells,2026-09-16,mixed,ZW3,null,1450,n
1.0.0,"Таблица по подбору сечений теплых ангаров пролетами 9м, 12м, 15м, 18м, 21м, 24м версия 1,5.xlsx",0271b96c6fe725d3e50ad7891401958322a5ae97866bb0bf8cb190bc4bbeff3f,Расчеты,used sparse cells,2026-09-16,mixed,ZX3,null,1455,n
1.0.0,"Таблица по подбору сечений теплых ангаров пролетами 9м, 12м, 15м, 18м, 21м, 24м версия 1,5.xlsx",0271b96c6fe725d3e50ad7891401958322a5ae97866bb0bf8cb190bc4bbeff3f,Расчеты,used sparse cells,2026-09-16,mixed,ZY3,null,1460,n
1.0.0,"Таблица по подбору сечений теплых ангаров пролетами 9м, 12м, 15м, 18м, 21м, 24м версия 1,5.xlsx",0271b96c6fe725d3e50ad7891401958322a5ae97866bb0bf8cb190bc4bbeff3f,Расчеты,used sparse cells,2026-09-16,mixed,ZZ3,null,1465,n
1.0.0,"Таблица по подбору сечений теплых ангаров пролетами 9м, 12м, 15м, 18м, 21м, 24м версия 1,5.xlsx",0271b96c6fe725d3e50ad7891401958322a5ae97866bb0bf8cb190bc4bbeff3f,Расчеты,used sparse cells,2026-09-16,mixed,AAA3,null,1470,n
1.0.0,"Таблица по подбору сечений теплых ангаров пролетами 9м, 12м, 15м, 18м, 21м, 24м версия 1,5.xlsx",0271b96c6fe725d3e50ad7891401958322a5ae97866bb0bf8cb190bc4bbeff3f,Расчеты,used sparse cells,2026-09-16,mixed,AAB3,null,1475,n
1.0.0,"Таблица по подбору сечений теплых ангаров пролетами 9м, 12м, 15м, 18м, 21м, 24м версия 1,5.xlsx",0271b96c6fe725d3e50ad7891401958322a5ae97866bb0bf8cb190bc4bbeff3f,Расчеты,used sparse cells,2026-09-16,mixed,AAC3,null,1480,n
1.0.0,"Таблица по подбору сечений теплых ангаров пролетами 9м, 12м, 15м, 18м, 21м, 24м версия 1,5.xlsx",0271b96c6fe725d3e50ad7891401958322a5ae97866bb0bf8cb190bc4bbeff3f,Расчеты,used sparse cells,2026-09-16,mixed,AAD3,null,1485,n
1.0.0,"Таблица по подбору сечений теплых ангаров пролетами 9м, 12м, 15м, 18м, 21м, 24м версия 1,5.xlsx",0271b96c6fe725d3e50ad7891401958322a5ae97866bb0bf8cb190bc4bbeff3f,Расчеты,used sparse cells,2026-09-16,mixed,AAE3,null,1490,n
1.0.0,"Таблица по подбору сечений теплых ангаров пролетами 9м, 12м, 15м, 18м, 21м, 24м версия 1,5.xlsx",0271b96c6fe725d3e50ad7891401958322a5ae97866bb0bf8cb190bc4bbeff3f,Расчеты,used sparse cells,2026-09-16,mixed,AAF3,null,1495,n
1.0.0,"Таблица по подбору сечений теплых ангаров пролетами 9м, 12м, 15м, 18м, 21м, 24м версия 1,5.xlsx",0271b96c6fe725d3e50ad7891401958322a5ae97866bb0bf8cb190bc4bbeff3f,Расчеты,used sparse cells,2026-09-16,mixed,AAG3,null,1500,n
1.0.0,"Таблица по подбору сечений теплых ангаров пролетами 9м, 12м, 15м, 18м, 21м, 24м версия 1,5.xlsx",0271b96c6fe725d3e50ad7891401958322a5ae97866bb0bf8cb190bc4bbeff3f,Расчеты,used sparse cells,2026-09-16,mixed,AAH3,null,1505,n
1.0.0,"Таблица по подбору сечений теплых ангаров пролетами 9м, 12м, 15м, 18м, 21м, 24м версия 1,5.xlsx",0271b96c6fe725d3e50ad7891401958322a5ae97866bb0bf8cb190bc4bbeff3f,Расчеты,used sparse cells,2026-09-16,mixed,AAI3,null,1510,n
1.0.0,"Таблица по подбору сечений теплых ангаров пролетами 9м, 12м, 15м, 18м, 21м, 24м версия 1,5.xlsx",0271b96c6fe725d3e50ad7891401958322a5ae97866bb0bf8cb190bc4bbeff3f,Расчеты,used sparse cells,2026-09-16,mixed,AAJ3,null,1515,n
1.0.0,"Таблица по подбору сечений теплых ангаров пролетами 9м, 12м, 15м, 18м, 21м, 24м версия 1,5.xlsx",0271b96c6fe725d3e50ad7891401958322a5ae97866bb0bf8cb190bc4bbeff3f,Расчеты,used sparse cells,2026-09-16,mixed,AAK3,null,1520,n
1.0.0,"Таблица по подбору сечений теплых ангаров пролетами 9м, 12м, 15м, 18м, 21м, 24м версия 1,5.xlsx",0271b96c6fe725d3e50ad7891401958322a5ae97866bb0bf8cb190bc4bbeff3f,Расчеты,used sparse cells,2026-09-16,mixed,AAL3,null,1525,n
1.0.0,"Таблица по подбору сечений теплых ангаров пролетами 9м, 12м, 15м, 18м, 21м, 24м версия 1,5.xlsx",0271b96c6fe725d3e50ad7891401958322a5ae97866bb0bf8cb190bc4bbeff3f,Расчеты,used sparse cells,2026-09-16,mixed,AAM3,null,1530,n
1.0.0,"Таблица по подбору сечений теплых ангаров пролетами 9м, 12м, 15м, 18м, 21м, 24м версия 1,5.xlsx",0271b96c6fe725d3e50ad7891401958322a5ae97866bb0bf8cb190bc4bbeff3f,Расчеты,used sparse cells,2026-09-16,mixed,AAN3,null,1535,n
1.0.0,"Таблица по подбору сечений теплых ангаров пролетами 9м, 12м, 15м, 18м, 21м, 24м версия 1,5.xlsx",0271b96c6fe725d3e50ad7891401958322a5ae97866bb0bf8cb190bc4bbeff3f,Расчеты,used sparse cells,2026-09-16,mixed,AAO3,null,1540,n
1.0.0,"Таблица по подбору сечений теплых ангаров пролетами 9м, 12м, 15м, 18м, 21м, 24м версия 1,5.xlsx",0271b96c6fe725d3e50ad7891401958322a5ae97866bb0bf8cb190bc4bbeff3f,Расчеты,used sparse cells,2026-09-16,mixed,AAP3,null,1545,n
1.0.0,"Таблица по подбору сечений теплых ангаров пролетами 9м, 12м, 15м, 18м, 21м, 24м версия 1,5.xlsx",0271b96c6fe725d3e50ad7891401958322a5ae97866bb0bf8cb190bc4bbeff3f,Расчеты,used sparse cells,2026-09-16,mixed,AAQ3,null,1550,n
1.0.0,"Таблица по подбору сечений теплых ангаров пролетами 9м, 12м, 15м, 18м, 21м, 24м версия 1,5.xlsx",0271b96c6fe725d3e50ad7891401958322a5ae97866bb0bf8cb190bc4bbeff3f,Расчеты,used sparse cells,2026-09-16,mixed,AAR3,null,1555,n
1.0.0,"Таблица по подбору сечений теплых ангаров пролетами 9м, 12м, 15м, 18м, 21м, 24м версия 1,5.xlsx",0271b96c6fe725d3e50ad7891401958322a5ae97866bb0bf8cb190bc4bbeff3f,Расчеты,used sparse cells,2026-09-16,mixed,AAS3,null,1560,n
1.0.0,"Таблица по подбору сечений теплых ангаров пролетами 9м, 12м, 15м, 18м, 21м, 24м версия 1,5.xlsx",0271b96c6fe725d3e50ad7891401958322a5ae97866bb0bf8cb190bc4bbeff3f,Расчеты,used sparse cells,2026-09-16,mixed,AAT3,null,1565,n
1.0.0,"Таблица по подбору сечений теплых ангаров пролетами 9м, 12м, 15м, 18м, 21м, 24м версия 1,5.xlsx",0271b96c6fe725d3e50ad7891401958322a5ae97866bb0bf8cb190bc4bbeff3f,Расчеты,used sparse cells,2026-09-16,mixed,AAU3,null,1570,n
1.0.0,"Таблица по подбору сечений теплых ангаров пролетами 9м, 12м, 15м, 18м, 21м, 24м версия 1,5.xlsx",0271b96c6fe725d3e50ad7891401958322a5ae97866bb0bf8cb190bc4bbeff3f,Расчеты,used sparse cells,2026-09-16,mixed,AAV3,null,1575,n
1.0.0,"Таблица по подбору сечений теплых ангаров пролетами 9м, 12м, 15м, 18м, 21м, 24м версия 1,5.xlsx",0271b96c6fe725d3e50ad7891401958322a5ae97866bb0bf8cb190bc4bbeff3f,Расчеты,used sparse cells,2026-09-16,mixed,AAW3,null,1580,n
1.0.0,"Таблица по подбору сечений теплых ангаров пролетами 9м, 12м, 15м, 18м, 21м, 24м версия 1,5.xlsx",0271b96c6fe725d3e50ad7891401958322a5ae97866bb0bf8cb190bc4bbeff3f,Расчеты,used sparse cells,2026-09-16,mixed,AAX3,null,1585,n
1.0.0,"Таблица по подбору сечений теплых ангаров пролетами 9м, 12м, 15м, 18м, 21м, 24м версия 1,5.xlsx",0271b96c6fe725d3e50ad7891401958322a5ae97866bb0bf8cb190bc4bbeff3f,Расчеты,used sparse cells,2026-09-16,mixed,AAY3,null,1590,n
1.0.0,"Таблица по подбору сечений теплых ангаров пролетами 9м, 12м, 15м, 18м, 21м, 24м версия 1,5.xlsx",0271b96c6fe725d3e50ad7891401958322a5ae97866bb0bf8cb190bc4bbeff3f,Расчеты,used sparse cells,2026-09-16,mixed,AAZ3,null,1595,n
1.0.0,"Таблица по подбору сечений теплых ангаров пролетами 9м, 12м, 15м, 18м, 21м, 24м версия 1,5.xlsx",0271b96c6fe725d3e50ad7891401958322a5ae97866bb0bf8cb190bc4bbeff3f,Расчеты,used sparse cells,2026-09-16,mixed,ABA3,null,1600,n
1.0.0,"Таблица по подбору сечений теплых ангаров пролетами 9м, 12м, 15м, 18м, 21м, 24м версия 1,5.xlsx",0271b96c6fe725d3e50ad7891401958322a5ae97866bb0bf8cb190bc4bbeff3f,Расчеты,used sparse cells,2026-09-16,mixed,ABB3,null,1605,n
1.0.0,"Таблица по подбору сечений теплых ангаров пролетами 9м, 12м, 15м, 18м, 21м, 24м версия 1,5.xlsx",0271b96c6fe725d3e50ad7891401958322a5ae97866bb0bf8cb190bc4bbeff3f,Расчеты,used sparse cells,2026-09-16,mixed,ABC3,null,1610,n
1.0.0,"Таблица по подбору сечений теплых ангаров пролетами 9м, 12м, 15м, 18м, 21м, 24м версия 1,5.xlsx",0271b96c6fe725d3e50ad7891401958322a5ae97866bb0bf8cb190bc4bbeff3f,Расчеты,used sparse cells,2026-09-16,mixed,ABD3,null,1615,n
1.0.0,"Таблица по подбору сечений теплых ангаров пролетами 9м, 12м, 15м, 18м, 21м, 24м версия 1,5.xlsx",0271b96c6fe725d3e50ad7891401958322a5ae97866bb0bf8cb190bc4bbeff3f,Расчеты,used sparse cells,2026-09-16,mixed,ABE3,null,1620,n
1.0.0,"Таблица по подбору сечений теплых ангаров пролетами 9м, 12м, 15м, 18м, 21м, 24м версия 1,5.xlsx",0271b96c6fe725d3e50ad7891401958322a5ae97866bb0bf8cb190bc4bbeff3f,Расчеты,used sparse cells,2026-09-16,mixed,ABF3,null,1625,n
1.0.0,"Таблица по подбору сечений теплых ангаров пролетами 9м, 12м, 15м, 18м, 21м, 24м версия 1,5.xlsx",0271b96c6fe725d3e50ad7891401958322a5ae97866bb0bf8cb190bc4bbeff3f,Расчеты,used sparse cells,2026-09-16,mixed,ABG3,null,1630,n
1.0.0,"Таблица по подбору сечений теплых ангаров пролетами 9м, 12м, 15м, 18м, 21м, 24м версия 1,5.xlsx",0271b96c6fe725d3e50ad7891401958322a5ae97866bb0bf8cb190bc4bbeff3f,Расчеты,used sparse cells,2026-09-16,mixed,ABH3,null,1635,n
1.0.0,"Таблица по подбору сечений теплых ангаров пролетами 9м, 12м, 15м, 18м, 21м, 24м версия 1,5.xlsx",0271b96c6fe725d3e50ad7891401958322a5ae97866bb0bf8cb190bc4bbeff3f,Расчеты,used sparse cells,2026-09-16,mixed,ABI3,null,1640,n
1.0.0,"Таблица по подбору сечений теплых ангаров пролетами 9м, 12м, 15м, 18м, 21м, 24м версия 1,5.xlsx",0271b96c6fe725d3e50ad7891401958322a5ae97866bb0bf8cb190bc4bbeff3f,Расчеты,used sparse cells,2026-09-16,mixed,ABJ3,null,1645,n
1.0.0,"Таблица по подбору сечений теплых ангаров пролетами 9м, 12м, 15м, 18м, 21м, 24м версия 1,5.xlsx",0271b96c6fe725d3e50ad7891401958322a5ae97866bb0bf8cb190bc4bbeff3f,Расчеты,used sparse cells,2026-09-16,mixed,ABK3,null,1650,n
1.0.0,"Таблица по подбору сечений теплых ангаров пролетами 9м, 12м, 15м, 18м, 21м, 24м версия 1,5.xlsx",0271b96c6fe725d3e50ad7891401958322a5ae97866bb0bf8cb190bc4bbeff3f,Расчеты,used sparse cells,2026-09-16,mixed,ABL3,null,1655,n
1.0.0,"Таблица по подбору сечений теплых ангаров пролетами 9м, 12м, 15м, 18м, 21м, 24м версия 1,5.xlsx",0271b96c6fe725d3e50ad7891401958322a5ae97866bb0bf8cb190bc4bbeff3f,Расчеты,used sparse cells,2026-09-16,mixed,ABM3,null,1660,n
1.0.0,"Таблица по подбору сечений теплых ангаров пролетами 9м, 12м, 15м, 18м, 21м, 24м версия 1,5.xlsx",0271b96c6fe725d3e50ad7891401958322a5ae97866bb0bf8cb190bc4bbeff3f,Расчеты,used sparse cells,2026-09-16,mixed,ABN3,null,1665,n
1.0.0,"Таблица по подбору сечений теплых ангаров пролетами 9м, 12м, 15м, 18м, 21м, 24м версия 1,5.xlsx",0271b96c6fe725d3e50ad7891401958322a5ae97866bb0bf8cb190bc4bbeff3f,Расчеты,used sparse cells,2026-09-16,mixed,ABO3,null,1670,n
1.0.0,"Таблица по подбору сечений теплых ангаров пролетами 9м, 12м, 15м, 18м, 21м, 24м версия 1,5.xlsx",0271b96c6fe725d3e50ad7891401958322a5ae97866bb0bf8cb190bc4bbeff3f,Расчеты,used sparse cells,2026-09-16,mixed,ABP3,null,1675,n
1.0.0,"Таблица по подбору сечений теплых ангаров пролетами 9м, 12м, 15м, 18м, 21м, 24м версия 1,5.xlsx",0271b96c6fe725d3e50ad7891401958322a5ae97866bb0bf8cb190bc4bbeff3f,Расчеты,used sparse cells,2026-09-16,mixed,ABQ3,null,1680,n
1.0.0,"Таблица по подбору сечений теплых ангаров пролетами 9м, 12м, 15м, 18м, 21м, 24м версия 1,5.xlsx",0271b96c6fe725d3e50ad7891401958322a5ae97866bb0bf8cb190bc4bbeff3f,Расчеты,used sparse cells,2026-09-16,mixed,ABR3,null,1685,n
1.0.0,"Таблица по подбору сечений теплых ангаров пролетами 9м, 12м, 15м, 18м, 21м, 24м версия 1,5.xlsx",0271b96c6fe725d3e50ad7891401958322a5ae97866bb0bf8cb190bc4bbeff3f,Расчеты,used sparse cells,2026-09-16,mixed,ABS3,null,1690,n
1.0.0,"Таблица по подбору сечений теплых ангаров пролетами 9м, 12м, 15м, 18м, 21м, 24м версия 1,5.xlsx",0271b96c6fe725d3e50ad7891401958322a5ae97866bb0bf8cb190bc4bbeff3f,Расчеты,used sparse cells,2026-09-16,mixed,ABT3,null,1695,n
1.0.0,"Таблица по подбору сечений теплых ангаров пролетами 9м, 12м, 15м, 18м, 21м, 24м версия 1,5.xlsx",0271b96c6fe725d3e50ad7891401958322a5ae97866bb0bf8cb190bc4bbeff3f,Расчеты,used sparse cells,2026-09-16,mixed,ABU3,null,1700,n
1.0.0,"Таблица по подбору сечений теплых ангаров пролетами 9м, 12м, 15м, 18м, 21м, 24м версия 1,5.xlsx",0271b96c6fe725d3e50ad7891401958322a5ae97866bb0bf8cb190bc4bbeff3f,Расчеты,used sparse cells,2026-09-16,mixed,ABV3,null,1705,n
1.0.0,"Таблица по подбору сечений теплых ангаров пролетами 9м, 12м, 15м, 18м, 21м, 24м версия 1,5.xlsx",0271b96c6fe725d3e50ad7891401958322a5ae97866bb0bf8cb190bc4bbeff3f,Расчеты,used sparse cells,2026-09-16,mixed,ABW3,null,1710,n
1.0.0,"Таблица по подбору сечений теплых ангаров пролетами 9м, 12м, 15м, 18м, 21м, 24м версия 1,5.xlsx",0271b96c6fe725d3e50ad7891401958322a5ae97866bb0bf8cb190bc4bbeff3f,Расчеты,used sparse cells,2026-09-16,mixed,ABX3,null,1715,n
1.0.0,"Таблица по подбору сечений теплых ангаров пролетами 9м, 12м, 15м, 18м, 21м, 24м версия 1,5.xlsx",0271b96c6fe725d3e50ad7891401958322a5ae97866bb0bf8cb190bc4bbeff3f,Расчеты,used sparse cells,2026-09-16,mixed,ABY3,null,1720,n
1.0.0,"Таблица по подбору сечений теплых ангаров пролетами 9м, 12м, 15м, 18м, 21м, 24м версия 1,5.xlsx",0271b96c6fe725d3e50ad7891401958322a5ae97866bb0bf8cb190bc4bbeff3f,Расчеты,used sparse cells,2026-09-16,mixed,ABZ3,null,1725,n
1.0.0,"Таблица по подбору сечений теплых ангаров пролетами 9м, 12м, 15м, 18м, 21м, 24м версия 1,5.xlsx",0271b96c6fe725d3e50ad7891401958322a5ae97866bb0bf8cb190bc4bbeff3f,Расчеты,used sparse cells,2026-09-16,mixed,ACA3,null,1730,n
1.0.0,"Таблица по подбору сечений теплых ангаров пролетами 9м, 12м, 15м, 18м, 21м, 24м версия 1,5.xlsx",0271b96c6fe725d3e50ad7891401958322a5ae97866bb0bf8cb190bc4bbeff3f,Расчеты,used sparse cells,2026-09-16,mixed,ACB3,null,1735,n
1.0.0,"Таблица по подбору сечений теплых ангаров пролетами 9м, 12м, 15м, 18м, 21м, 24м версия 1,5.xlsx",0271b96c6fe725d3e50ad7891401958322a5ae97866bb0bf8cb190bc4bbeff3f,Расчеты,used sparse cells,2026-09-16,mixed,ACC3,null,1740,n
1.0.0,"Таблица по подбору сечений теплых ангаров пролетами 9м, 12м, 15м, 18м, 21м, 24м версия 1,5.xlsx",0271b96c6fe725d3e50ad7891401958322a5ae97866bb0bf8cb190bc4bbeff3f,Расчеты,used sparse cells,2026-09-16,mixed,ACD3,null,1745,n
1.0.0,"Таблица по подбору сечений теплых ангаров пролетами 9м, 12м, 15м, 18м, 21м, 24м версия 1,5.xlsx",0271b96c6fe725d3e50ad7891401958322a5ae97866bb0bf8cb190bc4bbeff3f,Расчеты,used sparse cells,2026-09-16,mixed,ACE3,null,1750,n
1.0.0,"Таблица по подбору сечений теплых ангаров пролетами 9м, 12м, 15м, 18м, 21м, 24м версия 1,5.xlsx",0271b96c6fe725d3e50ad7891401958322a5ae97866bb0bf8cb190bc4bbeff3f,Расчеты,used sparse cells,2026-09-16,mixed,ACF3,null,1755,n
1.0.0,"Таблица по подбору сечений теплых ангаров пролетами 9м, 12м, 15м, 18м, 21м, 24м версия 1,5.xlsx",0271b96c6fe725d3e50ad7891401958322a5ae97866bb0bf8cb190bc4bbeff3f,Расчеты,used sparse cells,2026-09-16,mixed,ACG3,null,1760,n
1.0.0,"Таблица по подбору сечений теплых ангаров пролетами 9м, 12м, 15м, 18м, 21м, 24м версия 1,5.xlsx",0271b96c6fe725d3e50ad7891401958322a5ae97866bb0bf8cb190bc4bbeff3f,Расчеты,used sparse cells,2026-09-16,mixed,ACH3,null,1765,n
1.0.0,"Таблица по подбору сечений теплых ангаров пролетами 9м, 12м, 15м, 18м, 21м, 24м версия 1,5.xlsx",0271b96c6fe725d3e50ad7891401958322a5ae97866bb0bf8cb190bc4bbeff3f,Расчеты,used sparse cells,2026-09-16,mixed,ACI3,null,1770,n
1.0.0,"Таблица по подбору сечений теплых ангаров пролетами 9м, 12м, 15м, 18м, 21м, 24м версия 1,5.xlsx",0271b96c6fe725d3e50ad7891401958322a5ae97866bb0bf8cb190bc4bbeff3f,Расчеты,used sparse cells,2026-09-16,mixed,ACJ3,null,1775,n
1.0.0,"Таблица по подбору сечений теплых ангаров пролетами 9м, 12м, 15м, 18м, 21м, 24м версия 1,5.xlsx",0271b96c6fe725d3e50ad7891401958322a5ae97866bb0bf8cb190bc4bbeff3f,Расчеты,used sparse cells,2026-09-16,mixed,ACK3,null,1780,n
1.0.0,"Таблица по подбору сечений теплых ангаров пролетами 9м, 12м, 15м, 18м, 21м, 24м версия 1,5.xlsx",0271b96c6fe725d3e50ad7891401958322a5ae97866bb0bf8cb190bc4bbeff3f,Расчеты,used sparse cells,2026-09-16,mixed,ACL3,null,1785,n
1.0.0,"Таблица по подбору сечений теплых ангаров пролетами 9м, 12м, 15м, 18м, 21м, 24м версия 1,5.xlsx",0271b96c6fe725d3e50ad7891401958322a5ae97866bb0bf8cb190bc4bbeff3f,Расчеты,used sparse cells,2026-09-16,mixed,ACM3,null,1790,n
1.0.0,"Таблица по подбору сечений теплых ангаров пролетами 9м, 12м, 15м, 18м, 21м, 24м версия 1,5.xlsx",0271b96c6fe725d3e50ad7891401958322a5ae97866bb0bf8cb190bc4bbeff3f,Расчеты,used sparse cells,2026-09-16,mixed,ACN3,null,1795,n
1.0.0,"Таблица по подбору сечений теплых ангаров пролетами 9м, 12м, 15м, 18м, 21м, 24м версия 1,5.xlsx",0271b96c6fe725d3e50ad7891401958322a5ae97866bb0bf8cb190bc4bbeff3f,Расчеты,used sparse cells,2026-09-16,mixed,ACO3,null,1800,n
1.0.0,"Таблица по подбору сечений теплых ангаров пролетами 9м, 12м, 15м, 18м, 21м, 24м версия 1,5.xlsx",0271b96c6fe725d3e50ad7891401958322a5ae97866bb0bf8cb190bc4bbeff3f,Расчеты,used sparse cells,2026-09-16,mixed,ACP3,null,1805,n
1.0.0,"Таблица по подбору сечений теплых ангаров пролетами 9м, 12м, 15м, 18м, 21м, 24м версия 1,5.xlsx",0271b96c6fe725d3e50ad7891401958322a5ae97866bb0bf8cb190bc4bbeff3f,Расчеты,used sparse cells,2026-09-16,mixed,ACQ3,null,1810,n
1.0.0,"Таблица по подбору сечений теплых ангаров пролетами 9м, 12м, 15м, 18м, 21м, 24м версия 1,5.xlsx",0271b96c6fe725d3e50ad7891401958322a5ae97866bb0bf8cb190bc4bbeff3f,Расчеты,used sparse cells,2026-09-16,mixed,ACR3,null,1815,n
1.0.0,"Таблица по подбору сечений теплых ангаров пролетами 9м, 12м, 15м, 18м, 21м, 24м версия 1,5.xlsx",0271b96c6fe725d3e50ad7891401958322a5ae97866bb0bf8cb190bc4bbeff3f,Расчеты,used sparse cells,2026-09-16,mixed,ACS3,null,1820,n
1.0.0,"Таблица по подбору сечений теплых ангаров пролетами 9м, 12м, 15м, 18м, 21м, 24м версия 1,5.xlsx",0271b96c6fe725d3e50ad7891401958322a5ae97866bb0bf8cb190bc4bbeff3f,Расчеты,used sparse cells,2026-09-16,mixed,ACT3,null,1825,n
1.0.0,"Таблица по подбору сечений теплых ангаров пролетами 9м, 12м, 15м, 18м, 21м, 24м версия 1,5.xlsx",0271b96c6fe725d3e50ad7891401958322a5ae97866bb0bf8cb190bc4bbeff3f,Расчеты,used sparse cells,2026-09-16,mixed,ACU3,null,1830,n
1.0.0,"Таблица по подбору сечений теплых ангаров пролетами 9м, 12м, 15м, 18м, 21м, 24м версия 1,5.xlsx",0271b96c6fe725d3e50ad7891401958322a5ae97866bb0bf8cb190bc4bbeff3f,Расчеты,used sparse cells,2026-09-16,mixed,ACV3,null,1835,n
1.0.0,"Таблица по подбору сечений теплых ангаров пролетами 9м, 12м, 15м, 18м, 21м, 24м версия 1,5.xlsx",0271b96c6fe725d3e50ad7891401958322a5ae97866bb0bf8cb190bc4bbeff3f,Расчеты,used sparse cells,2026-09-16,mixed,ACW3,null,1840,n
1.0.0,"Таблица по подбору сечений теплых ангаров пролетами 9м, 12м, 15м, 18м, 21м, 24м версия 1,5.xlsx",0271b96c6fe725d3e50ad7891401958322a5ae97866bb0bf8cb190bc4bbeff3f,Расчеты,used sparse cells,2026-09-16,mixed,ACX3,null,1845,n
1.0.0,"Таблица по подбору сечений теплых ангаров пролетами 9м, 12м, 15м, 18м, 21м, 24м версия 1,5.xlsx",0271b96c6fe725d3e50ad7891401958322a5ae97866bb0bf8cb190bc4bbeff3f,Расчеты,used sparse cells,2026-09-16,mixed,ACY3,null,1850,n
1.0.0,"Таблица по подбору сечений теплых ангаров пролетами 9м, 12м, 15м, 18м, 21м, 24м версия 1,5.xlsx",0271b96c6fe725d3e50ad7891401958322a5ae97866bb0bf8cb190bc4bbeff3f,Расчеты,used sparse cells,2026-09-16,mixed,ACZ3,null,1855,n
1.0.0,"Таблица по подбору сечений теплых ангаров пролетами 9м, 12м, 15м, 18м, 21м, 24м версия 1,5.xlsx",0271b96c6fe725d3e50ad7891401958322a5ae97866bb0bf8cb190bc4bbeff3f,Расчеты,used sparse cells,2026-09-16,mixed,ADA3,null,1860,n
1.0.0,"Таблица по подбору сечений теплых ангаров пролетами 9м, 12м, 15м, 18м, 21м, 24м версия 1,5.xlsx",0271b96c6fe725d3e50ad7891401958322a5ae97866bb0bf8cb190bc4bbeff3f,Расчеты,used sparse cells,2026-09-16,mixed,ADB3,null,1865,n
1.0.0,"Таблица по подбору сечений теплых ангаров пролетами 9м, 12м, 15м, 18м, 21м, 24м версия 1,5.xlsx",0271b96c6fe725d3e50ad7891401958322a5ae97866bb0bf8cb190bc4bbeff3f,Расчеты,used sparse cells,2026-09-16,mixed,ADC3,null,1870,n
1.0.0,"Таблица по подбору сечений теплых ангаров пролетами 9м, 12м, 15м, 18м, 21м, 24м версия 1,5.xlsx",0271b96c6fe725d3e50ad7891401958322a5ae97866bb0bf8cb190bc4bbeff3f,Расчеты,used sparse cells,2026-09-16,mixed,ADD3,null,1875,n
1.0.0,"Таблица по подбору сечений теплых ангаров пролетами 9м, 12м, 15м, 18м, 21м, 24м версия 1,5.xlsx",0271b96c6fe725d3e50ad7891401958322a5ae97866bb0bf8cb190bc4bbeff3f,Расчеты,used sparse cells,2026-09-16,mixed,ADE3,null,1880,n
1.0.0,"Таблица по подбору сечений теплых ангаров пролетами 9м, 12м, 15м, 18м, 21м, 24м версия 1,5.xlsx",0271b96c6fe725d3e50ad7891401958322a5ae97866bb0bf8cb190bc4bbeff3f,Расчеты,used sparse cells,2026-09-16,mixed,ADF3,null,1885,n
1.0.0,"Таблица по подбору сечений теплых ангаров пролетами 9м, 12м, 15м, 18м, 21м, 24м версия 1,5.xlsx",0271b96c6fe725d3e50ad7891401958322a5ae97866bb0bf8cb190bc4bbeff3f,Расчеты,used sparse cells,2026-09-16,mixed,ADG3,null,1890,n
1.0.0,"Таблица по подбору сечений теплых ангаров пролетами 9м, 12м, 15м, 18м, 21м, 24м версия 1,5.xlsx",0271b96c6fe725d3e50ad7891401958322a5ae97866bb0bf8cb190bc4bbeff3f,Расчеты,used sparse cells,2026-09-16,mixed,ADH3,null,1895,n
1.0.0,"Таблица по подбору сечений теплых ангаров пролетами 9м, 12м, 15м, 18м, 21м, 24м версия 1,5.xlsx",0271b96c6fe725d3e50ad7891401958322a5ae97866bb0bf8cb190bc4bbeff3f,Расчеты,used sparse cells,2026-09-16,mixed,ADI3,null,1900,n
1.0.0,"Таблица по подбору сечений теплых ангаров пролетами 9м, 12м, 15м, 18м, 21м, 24м версия 1,5.xlsx",0271b96c6fe725d3e50ad7891401958322a5ae97866bb0bf8cb190bc4bbeff3f,Расчеты,used sparse cells,2026-09-16,mixed,ADJ3,null,1905,n
1.0.0,"Таблица по подбору сечений теплых ангаров пролетами 9м, 12м, 15м, 18м, 21м, 24м версия 1,5.xlsx",0271b96c6fe725d3e50ad7891401958322a5ae97866bb0bf8cb190bc4bbeff3f,Расчеты,used sparse cells,2026-09-16,mixed,ADK3,null,1910,n
1.0.0,"Таблица по подбору сечений теплых ангаров пролетами 9м, 12м, 15м, 18м, 21м, 24м версия 1,5.xlsx",0271b96c6fe725d3e50ad7891401958322a5ae97866bb0bf8cb190bc4bbeff3f,Расчеты,used sparse cells,2026-09-16,mixed,ADL3,null,1915,n
1.0.0,"Таблица по подбору сечений теплых ангаров пролетами 9м, 12м, 15м, 18м, 21м, 24м версия 1,5.xlsx",0271b96c6fe725d3e50ad7891401958322a5ae97866bb0bf8cb190bc4bbeff3f,Расчеты,used sparse cells,2026-09-16,mixed,ADM3,null,1920,n
1.0.0,"Таблица по подбору сечений теплых ангаров пролетами 9м, 12м, 15м, 18м, 21м, 24м версия 1,5.xlsx",0271b96c6fe725d3e50ad7891401958322a5ae97866bb0bf8cb190bc4bbeff3f,Расчеты,used sparse cells,2026-09-16,mixed,ADN3,null,1925,n
1.0.0,"Таблица по подбору сечений теплых ангаров пролетами 9м, 12м, 15м, 18м, 21м, 24м версия 1,5.xlsx",0271b96c6fe725d3e50ad7891401958322a5ae97866bb0bf8cb190bc4bbeff3f,Расчеты,used sparse cells,2026-09-16,mixed,ADO3,null,1930,n
1.0.0,"Таблица по подбору сечений теплых ангаров пролетами 9м, 12м, 15м, 18м, 21м, 24м версия 1,5.xlsx",0271b96c6fe725d3e50ad7891401958322a5ae97866bb0bf8cb190bc4bbeff3f,Расчеты,used sparse cells,2026-09-16,mixed,ADP3,null,1935,n
1.0.0,"Таблица по подбору сечений теплых ангаров пролетами 9м, 12м, 15м, 18м, 21м, 24м версия 1,5.xlsx",0271b96c6fe725d3e50ad7891401958322a5ae97866bb0bf8cb190bc4bbeff3f,Расчеты,used sparse cells,2026-09-16,mixed,ADQ3,null,1940,n
1.0.0,"Таблица по подбору сечений теплых ангаров пролетами 9м, 12м, 15м, 18м, 21м, 24м версия 1,5.xlsx",0271b96c6fe725d3e50ad7891401958322a5ae97866bb0bf8cb190bc4bbeff3f,Расчеты,used sparse cells,2026-09-16,mixed,ADR3,null,1945,n
1.0.0,"Таблица по подбору сечений теплых ангаров пролетами 9м, 12м, 15м, 18м, 21м, 24м версия 1,5.xlsx",0271b96c6fe725d3e50ad7891401958322a5ae97866bb0bf8cb190bc4bbeff3f,Расчеты,used sparse cells,2026-09-16,mixed,ADS3,null,1950,n
1.0.0,"Таблица по подбору сечений теплых ангаров пролетами 9м, 12м, 15м, 18м, 21м, 24м версия 1,5.xlsx",0271b96c6fe725d3e50ad7891401958322a5ae97866bb0bf8cb190bc4bbeff3f,Расчеты,used sparse cells,2026-09-16,mixed,ADT3,null,1955,n
1.0.0,"Таблица по подбору сечений теплых ангаров пролетами 9м, 12м, 15м, 18м, 21м, 24м версия 1,5.xlsx",0271b96c6fe725d3e50ad7891401958322a5ae97866bb0bf8cb190bc4bbeff3f,Расчеты,used sparse cells,2026-09-16,mixed,ADU3,null,1960,n
1.0.0,"Таблица по подбору сечений теплых ангаров пролетами 9м, 12м, 15м, 18м, 21м, 24м версия 1,5.xlsx",0271b96c6fe725d3e50ad7891401958322a5ae97866bb0bf8cb190bc4bbeff3f,Расчеты,used sparse cells,2026-09-16,mixed,ADV3,null,1965,n
1.0.0,"Таблица по подбору сечений теплых ангаров пролетами 9м, 12м, 15м, 18м, 21м, 24м версия 1,5.xlsx",0271b96c6fe725d3e50ad7891401958322a5ae97866bb0bf8cb190bc4bbeff3f,Расчеты,used sparse cells,2026-09-16,mixed,ADW3,null,1970,n
1.0.0,"Таблица по подбору сечений теплых ангаров пролетами 9м, 12м, 15м, 18м, 21м, 24м версия 1,5.xlsx",0271b96c6fe725d3e50ad7891401958322a5ae97866bb0bf8cb190bc4bbeff3f,Расчеты,used sparse cells,2026-09-16,mixed,ADX3,null,1975,n
1.0.0,"Таблица по подбору сечений теплых ангаров пролетами 9м, 12м, 15м, 18м, 21м, 24м версия 1,5.xlsx",0271b96c6fe725d3e50ad7891401958322a5ae97866bb0bf8cb190bc4bbeff3f,Расчеты,used sparse cells,2026-09-16,mixed,ADY3,null,1980,n
1.0.0,"Таблица по подбору сечений теплых ангаров пролетами 9м, 12м, 15м, 18м, 21м, 24м версия 1,5.xlsx",0271b96c6fe725d3e50ad7891401958322a5ae97866bb0bf8cb190bc4bbeff3f,Расчеты,used sparse cells,2026-09-16,mixed,ADZ3,null,1985,n
1.0.0,"Таблица по подбору сечений теплых ангаров пролетами 9м, 12м, 15м, 18м, 21м, 24м версия 1,5.xlsx",0271b96c6fe725d3e50ad7891401958322a5ae97866bb0bf8cb190bc4bbeff3f,Расчеты,used sparse cells,2026-09-16,mixed,AEA3,null,1990,n
1.0.0,"Таблица по подбору сечений теплых ангаров пролетами 9м, 12м, 15м, 18м, 21м, 24м версия 1,5.xlsx",0271b96c6fe725d3e50ad7891401958322a5ae97866bb0bf8cb190bc4bbeff3f,Расчеты,used sparse cells,2026-09-16,mixed,AEB3,null,1995,n
1.0.0,"Таблица по подбору сечений теплых ангаров пролетами 9м, 12м, 15м, 18м, 21м, 24м версия 1,5.xlsx",0271b96c6fe725d3e50ad7891401958322a5ae97866bb0bf8cb190bc4bbeff3f,Расчеты,used sparse cells,2026-09-16,mixed,AEC3,null,2000,n
1.0.0,"Таблица по подбору сечений теплых ангаров пролетами 9м, 12м, 15м, 18м, 21м, 24м версия 1,5.xlsx",0271b96c6fe725d3e50ad7891401958322a5ae97866bb0bf8cb190bc4bbeff3f,Расчеты,used sparse cells,2026-09-16,mixed,AED3,null,2005,n
1.0.0,"Таблица по подбору сечений теплых ангаров пролетами 9м, 12м, 15м, 18м, 21м, 24м версия 1,5.xlsx",0271b96c6fe725d3e50ad7891401958322a5ae97866bb0bf8cb190bc4bbeff3f,Расчеты,used sparse cells,2026-09-16,mixed,AEE3,null,2010,n
1.0.0,"Таблица по подбору сечений теплых ангаров пролетами 9м, 12м, 15м, 18м, 21м, 24м версия 1,5.xlsx",0271b96c6fe725d3e50ad7891401958322a5ae97866bb0bf8cb190bc4bbeff3f,Расчеты,used sparse cells,2026-09-16,mixed,AEF3,null,2015,n
1.0.0,"Таблица по подбору сечений теплых ангаров пролетами 9м, 12м, 15м, 18м, 21м, 24м версия 1,5.xlsx",0271b96c6fe725d3e50ad7891401958322a5ae97866bb0bf8cb190bc4bbeff3f,Расчеты,used sparse cells,2026-09-16,mixed,AEG3,null,2020,n
1.0.0,"Таблица по подбору сечений теплых ангаров пролетами 9м, 12м, 15м, 18м, 21м, 24м версия 1,5.xlsx",0271b96c6fe725d3e50ad7891401958322a5ae97866bb0bf8cb190bc4bbeff3f,Расчеты,used sparse cells,2026-09-16,mixed,AEH3,null,2025,n
1.0.0,"Таблица по подбору сечений теплых ангаров пролетами 9м, 12м, 15м, 18м, 21м, 24м версия 1,5.xlsx",0271b96c6fe725d3e50ad7891401958322a5ae97866bb0bf8cb190bc4bbeff3f,Расчеты,used sparse cells,2026-09-16,mixed,AEI3,null,2030,n
1.0.0,"Таблица по подбору сечений теплых ангаров пролетами 9м, 12м, 15м, 18м, 21м, 24м версия 1,5.xlsx",0271b96c6fe725d3e50ad7891401958322a5ae97866bb0bf8cb190bc4bbeff3f,Расчеты,used sparse cells,2026-09-16,mixed,AEJ3,null,2035,n
1.0.0,"Таблица по подбору сечений теплых ангаров пролетами 9м, 12м, 15м, 18м, 21м, 24м версия 1,5.xlsx",0271b96c6fe725d3e50ad7891401958322a5ae97866bb0bf8cb190bc4bbeff3f,Расчеты,used sparse cells,2026-09-16,mixed,AEK3,null,2040,n
1.0.0,"Таблица по подбору сечений теплых ангаров пролетами 9м, 12м, 15м, 18м, 21м, 24м версия 1,5.xlsx",0271b96c6fe725d3e50ad7891401958322a5ae97866bb0bf8cb190bc4bbeff3f,Расчеты,used sparse cells,2026-09-16,mixed,AEL3,null,2045,n
1.0.0,"Таблица по подбору сечений теплых ангаров пролетами 9м, 12м, 15м, 18м, 21м, 24м версия 1,5.xlsx",0271b96c6fe725d3e50ad7891401958322a5ae97866bb0bf8cb190bc4bbeff3f,Расчеты,used sparse cells,2026-09-16,mixed,AEM3,null,2050,n
1.0.0,"Таблица по подбору сечений теплых ангаров пролетами 9м, 12м, 15м, 18м, 21м, 24м версия 1,5.xlsx",0271b96c6fe725d3e50ad7891401958322a5ae97866bb0bf8cb190bc4bbeff3f,Расчеты,used sparse cells,2026-09-16,mixed,AEN3,null,2055,n
1.0.0,"Таблица по подбору сечений теплых ангаров пролетами 9м, 12м, 15м, 18м, 21м, 24м версия 1,5.xlsx",0271b96c6fe725d3e50ad7891401958322a5ae97866bb0bf8cb190bc4bbeff3f,Расчеты,used sparse cells,2026-09-16,mixed,AEO3,null,2060,n
1.0.0,"Таблица по подбору сечений теплых ангаров пролетами 9м, 12м, 15м, 18м, 21м, 24м версия 1,5.xlsx",0271b96c6fe725d3e50ad7891401958322a5ae97866bb0bf8cb190bc4bbeff3f,Расчеты,used sparse cells,2026-09-16,mixed,AEP3,null,2065,n
1.0.0,"Таблица по подбору сечений теплых ангаров пролетами 9м, 12м, 15м, 18м, 21м, 24м версия 1,5.xlsx",0271b96c6fe725d3e50ad7891401958322a5ae97866bb0bf8cb190bc4bbeff3f,Расчеты,used sparse cells,2026-09-16,mixed,AEQ3,null,2070,n
1.0.0,"Таблица по подбору сечений теплых ангаров пролетами 9м, 12м, 15м, 18м, 21м, 24м версия 1,5.xlsx",0271b96c6fe725d3e50ad7891401958322a5ae97866bb0bf8cb190bc4bbeff3f,Расчеты,used sparse cells,2026-09-16,mixed,AER3,null,2075,n
1.0.0,"Таблица по подбору сечений теплых ангаров пролетами 9м, 12м, 15м, 18м, 21м, 24м версия 1,5.xlsx",0271b96c6fe725d3e50ad7891401958322a5ae97866bb0bf8cb190bc4bbeff3f,Расчеты,used sparse cells,2026-09-16,mixed,AES3,null,2080,n
1.0.0,"Таблица по подбору сечений теплых ангаров пролетами 9м, 12м, 15м, 18м, 21м, 24м версия 1,5.xlsx",0271b96c6fe725d3e50ad7891401958322a5ae97866bb0bf8cb190bc4bbeff3f,Расчеты,used sparse cells,2026-09-16,mixed,AET3,null,2085,n
1.0.0,"Таблица по подбору сечений теплых ангаров пролетами 9м, 12м, 15м, 18м, 21м, 24м версия 1,5.xlsx",0271b96c6fe725d3e50ad7891401958322a5ae97866bb0bf8cb190bc4bbeff3f,Расчеты,used sparse cells,2026-09-16,mixed,AEU3,null,2090,n
1.0.0,"Таблица по подбору сечений теплых ангаров пролетами 9м, 12м, 15м, 18м, 21м, 24м версия 1,5.xlsx",0271b96c6fe725d3e50ad7891401958322a5ae97866bb0bf8cb190bc4bbeff3f,Расчеты,used sparse cells,2026-09-16,mixed,AEV3,null,2095,n
1.0.0,"Таблица по подбору сечений теплых ангаров пролетами 9м, 12м, 15м, 18м, 21м, 24м версия 1,5.xlsx",0271b96c6fe725d3e50ad7891401958322a5ae97866bb0bf8cb190bc4bbeff3f,Расчеты,used sparse cells,2026-09-16,mixed,AEW3,null,2100,n
1.0.0,"Таблица по подбору сечений теплых ангаров пролетами 9м, 12м, 15м, 18м, 21м, 24м версия 1,5.xlsx",0271b96c6fe725d3e50ad7891401958322a5ae97866bb0bf8cb190bc4bbeff3f,Расчеты,used sparse cells,2026-09-16,mixed,AEX3,null,2105,n
1.0.0,"Таблица по подбору сечений теплых ангаров пролетами 9м, 12м, 15м, 18м, 21м, 24м версия 1,5.xlsx",0271b96c6fe725d3e50ad7891401958322a5ae97866bb0bf8cb190bc4bbeff3f,Расчеты,used sparse cells,2026-09-16,mixed,AEY3,null,2110,n
1.0.0,"Таблица по подбору сечений теплых ангаров пролетами 9м, 12м, 15м, 18м, 21м, 24м версия 1,5.xlsx",0271b96c6fe725d3e50ad7891401958322a5ae97866bb0bf8cb190bc4bbeff3f,Расчеты,used sparse cells,2026-09-16,mixed,AEZ3,null,2115,n
1.0.0,"Таблица по подбору сечений теплых ангаров пролетами 9м, 12м, 15м, 18м, 21м, 24м версия 1,5.xlsx",0271b96c6fe725d3e50ad7891401958322a5ae97866bb0bf8cb190bc4bbeff3f,Расчеты,used sparse cells,2026-09-16,mixed,AFA3,null,2120,n
1.0.0,"Таблица по подбору сечений теплых ангаров пролетами 9м, 12м, 15м, 18м, 21м, 24м версия 1,5.xlsx",0271b96c6fe725d3e50ad7891401958322a5ae97866bb0bf8cb190bc4bbeff3f,Расчеты,used sparse cells,2026-09-16,mixed,AFB3,null,2125,n
1.0.0,"Таблица по подбору сечений теплых ангаров пролетами 9м, 12м, 15м, 18м, 21м, 24м версия 1,5.xlsx",0271b96c6fe725d3e50ad7891401958322a5ae97866bb0bf8cb190bc4bbeff3f,Расчеты,used sparse cells,2026-09-16,mixed,AFC3,null,2130,n
1.0.0,"Таблица по подбору сечений теплых ангаров пролетами 9м, 12м, 15м, 18м, 21м, 24м версия 1,5.xlsx",0271b96c6fe725d3e50ad7891401958322a5ae97866bb0bf8cb190bc4bbeff3f,Расчеты,used sparse cells,2026-09-16,mixed,AFD3,null,2135,n
1.0.0,"Таблица по подбору сечений теплых ангаров пролетами 9м, 12м, 15м, 18м, 21м, 24м версия 1,5.xlsx",0271b96c6fe725d3e50ad7891401958322a5ae97866bb0bf8cb190bc4bbeff3f,Расчеты,used sparse cells,2026-09-16,mixed,AFE3,null,2140,n
1.0.0,"Таблица по подбору сечений теплых ангаров пролетами 9м, 12м, 15м, 18м, 21м, 24м версия 1,5.xlsx",0271b96c6fe725d3e50ad7891401958322a5ae97866bb0bf8cb190bc4bbeff3f,Расчеты,used sparse cells,2026-09-16,mixed,AFF3,null,2145,n
1.0.0,"Таблица по подбору сечений теплых ангаров пролетами 9м, 12м, 15м, 18м, 21м, 24м версия 1,5.xlsx",0271b96c6fe725d3e50ad7891401958322a5ae97866bb0bf8cb190bc4bbeff3f,Расчеты,used sparse cells,2026-09-16,mixed,AFG3,null,2150,n
1.0.0,"Таблица по подбору сечений теплых ангаров пролетами 9м, 12м, 15м, 18м, 21м, 24м версия 1,5.xlsx",0271b96c6fe725d3e50ad7891401958322a5ae97866bb0bf8cb190bc4bbeff3f,Расчеты,used sparse cells,2026-09-16,mixed,AFH3,null,2155,n
1.0.0,"Таблица по подбору сечений теплых ангаров пролетами 9м, 12м, 15м, 18м, 21м, 24м версия 1,5.xlsx",0271b96c6fe725d3e50ad7891401958322a5ae97866bb0bf8cb190bc4bbeff3f,Расчеты,used sparse cells,2026-09-16,mixed,AFI3,null,2160,n
1.0.0,"Таблица по подбору сечений теплых ангаров пролетами 9м, 12м, 15м, 18м, 21м, 24м версия 1,5.xlsx",0271b96c6fe725d3e50ad7891401958322a5ae97866bb0bf8cb190bc4bbeff3f,Расчеты,used sparse cells,2026-09-16,mixed,AFJ3,null,2165,n
1.0.0,"Таблица по подбору сечений теплых ангаров пролетами 9м, 12м, 15м, 18м, 21м, 24м версия 1,5.xlsx",0271b96c6fe725d3e50ad7891401958322a5ae97866bb0bf8cb190bc4bbeff3f,Расчеты,used sparse cells,2026-09-16,mixed,AFK3,null,2170,n
1.0.0,"Таблица по подбору сечений теплых ангаров пролетами 9м, 12м, 15м, 18м, 21м, 24м версия 1,5.xlsx",0271b96c6fe725d3e50ad7891401958322a5ae97866bb0bf8cb190bc4bbeff3f,Расчеты,used sparse cells,2026-09-16,mixed,AFL3,null,2175,n
1.0.0,"Таблица по подбору сечений теплых ангаров пролетами 9м, 12м, 15м, 18м, 21м, 24м версия 1,5.xlsx",0271b96c6fe725d3e50ad7891401958322a5ae97866bb0bf8cb190bc4bbeff3f,Расчеты,used sparse cells,2026-09-16,mixed,AFM3,null,2180,n
1.0.0,"Таблица по подбору сечений теплых ангаров пролетами 9м, 12м, 15м, 18м, 21м, 24м версия 1,5.xlsx",0271b96c6fe725d3e50ad7891401958322a5ae97866bb0bf8cb190bc4bbeff3f,Расчеты,used sparse cells,2026-09-16,mixed,AFN3,null,2185,n
1.0.0,"Таблица по подбору сечений теплых ангаров пролетами 9м, 12м, 15м, 18м, 21м, 24м версия 1,5.xlsx",0271b96c6fe725d3e50ad7891401958322a5ae97866bb0bf8cb190bc4bbeff3f,Расчеты,used sparse cells,2026-09-16,mixed,AFO3,null,2190,n
1.0.0,"Таблица по подбору сечений теплых ангаров пролетами 9м, 12м, 15м, 18м, 21м, 24м версия 1,5.xlsx",0271b96c6fe725d3e50ad7891401958322a5ae97866bb0bf8cb190bc4bbeff3f,Расчеты,used sparse cells,2026-09-16,mixed,AFP3,null,2195,n
1.0.0,"Таблица по подбору сечений теплых ангаров пролетами 9м, 12м, 15м, 18м, 21м, 24м версия 1,5.xlsx",0271b96c6fe725d3e50ad7891401958322a5ae97866bb0bf8cb190bc4bbeff3f,Расчеты,used sparse cells,2026-09-16,mixed,AFQ3,null,2200,n
1.0.0,"Таблица по подбору сечений теплых ангаров пролетами 9м, 12м, 15м, 18м, 21м, 24м версия 1,5.xlsx",0271b96c6fe725d3e50ad7891401958322a5ae97866bb0bf8cb190bc4bbeff3f,Расчеты,used sparse cells,2026-09-16,mixed,AFR3,null,2205,n
1.0.0,"Таблица по подбору сечений теплых ангаров пролетами 9м, 12м, 15м, 18м, 21м, 24м версия 1,5.xlsx",0271b96c6fe725d3e50ad7891401958322a5ae97866bb0bf8cb190bc4bbeff3f,Расчеты,used sparse cells,2026-09-16,mixed,AFS3,null,2210,n
1.0.0,"Таблица по подбору сечений теплых ангаров пролетами 9м, 12м, 15м, 18м, 21м, 24м версия 1,5.xlsx",0271b96c6fe725d3e50ad7891401958322a5ae97866bb0bf8cb190bc4bbeff3f,Расчеты,used sparse cells,2026-09-16,mixed,AFT3,null,2215,n
1.0.0,"Таблица по подбору сечений теплых ангаров пролетами 9м, 12м, 15м, 18м, 21м, 24м версия 1,5.xlsx",0271b96c6fe725d3e50ad7891401958322a5ae97866bb0bf8cb190bc4bbeff3f,Расчеты,used sparse cells,2026-09-16,mixed,AFU3,null,2220,n
1.0.0,"Таблица по подбору сечений теплых ангаров пролетами 9м, 12м, 15м, 18м, 21м, 24м версия 1,5.xlsx",0271b96c6fe725d3e50ad7891401958322a5ae97866bb0bf8cb190bc4bbeff3f,Расчеты,used sparse cells,2026-09-16,mixed,AFV3,null,2225,n
1.0.0,"Таблица по подбору сечений теплых ангаров пролетами 9м, 12м, 15м, 18м, 21м, 24м версия 1,5.xlsx",0271b96c6fe725d3e50ad7891401958322a5ae97866bb0bf8cb190bc4bbeff3f,Расчеты,used sparse cells,2026-09-16,mixed,AFW3,null,2230,n
1.0.0,"Таблица по подбору сечений теплых ангаров пролетами 9м, 12м, 15м, 18м, 21м, 24м версия 1,5.xlsx",0271b96c6fe725d3e50ad7891401958322a5ae97866bb0bf8cb190bc4bbeff3f,Расчеты,used sparse cells,2026-09-16,mixed,AFX3,null,2235,n
1.0.0,"Таблица по подбору сечений теплых ангаров пролетами 9м, 12м, 15м, 18м, 21м, 24м версия 1,5.xlsx",0271b96c6fe725d3e50ad7891401958322a5ae97866bb0bf8cb190bc4bbeff3f,Расчеты,used sparse cells,2026-09-16,mixed,AFY3,null,2240,n
1.0.0,"Таблица по подбору сечений теплых ангаров пролетами 9м, 12м, 15м, 18м, 21м, 24м версия 1,5.xlsx",0271b96c6fe725d3e50ad7891401958322a5ae97866bb0bf8cb190bc4bbeff3f,Расчеты,used sparse cells,2026-09-16,mixed,AFZ3,null,2245,n
1.0.0,"Таблица по подбору сечений теплых ангаров пролетами 9м, 12м, 15м, 18м, 21м, 24м версия 1,5.xlsx",0271b96c6fe725d3e50ad7891401958322a5ae97866bb0bf8cb190bc4bbeff3f,Расчеты,used sparse cells,2026-09-16,mixed,AGA3,null,2250,n
1.0.0,"Таблица по подбору сечений теплых ангаров пролетами 9м, 12м, 15м, 18м, 21м, 24м версия 1,5.xlsx",0271b96c6fe725d3e50ad7891401958322a5ae97866bb0bf8cb190bc4bbeff3f,Расчеты,used sparse cells,2026-09-16,mixed,AGB3,null,2255,n
1.0.0,"Таблица по подбору сечений теплых ангаров пролетами 9м, 12м, 15м, 18м, 21м, 24м версия 1,5.xlsx",0271b96c6fe725d3e50ad7891401958322a5ae97866bb0bf8cb190bc4bbeff3f,Расчеты,used sparse cells,2026-09-16,mixed,AGC3,null,2260,n
1.0.0,"Таблица по подбору сечений теплых ангаров пролетами 9м, 12м, 15м, 18м, 21м, 24м версия 1,5.xlsx",0271b96c6fe725d3e50ad7891401958322a5ae97866bb0bf8cb190bc4bbeff3f,Расчеты,used sparse cells,2026-09-16,mixed,AGD3,null,2265,n
1.0.0,"Таблица по подбору сечений теплых ангаров пролетами 9м, 12м, 15м, 18м, 21м, 24м версия 1,5.xlsx",0271b96c6fe725d3e50ad7891401958322a5ae97866bb0bf8cb190bc4bbeff3f,Расчеты,used sparse cells,2026-09-16,mixed,AGE3,null,2270,n
1.0.0,"Таблица по подбору сечений теплых ангаров пролетами 9м, 12м, 15м, 18м, 21м, 24м версия 1,5.xlsx",0271b96c6fe725d3e50ad7891401958322a5ae97866bb0bf8cb190bc4bbeff3f,Расчеты,used sparse cells,2026-09-16,mixed,AGF3,null,2275,n
1.0.0,"Таблица по подбору сечений теплых ангаров пролетами 9м, 12м, 15м, 18м, 21м, 24м версия 1,5.xlsx",0271b96c6fe725d3e50ad7891401958322a5ae97866bb0bf8cb190bc4bbeff3f,Расчеты,used sparse cells,2026-09-16,mixed,AGG3,null,2280,n
1.0.0,"Таблица по подбору сечений теплых ангаров пролетами 9м, 12м, 15м, 18м, 21м, 24м версия 1,5.xlsx",0271b96c6fe725d3e50ad7891401958322a5ae97866bb0bf8cb190bc4bbeff3f,Расчеты,used sparse cells,2026-09-16,mixed,AGH3,null,2285,n
1.0.0,"Таблица по подбору сечений теплых ангаров пролетами 9м, 12м, 15м, 18м, 21м, 24м версия 1,5.xlsx",0271b96c6fe725d3e50ad7891401958322a5ae97866bb0bf8cb190bc4bbeff3f,Расчеты,used sparse cells,2026-09-16,mixed,AGI3,null,2290,n
1.0.0,"Таблица по подбору сечений теплых ангаров пролетами 9м, 12м, 15м, 18м, 21м, 24м версия 1,5.xlsx",0271b96c6fe725d3e50ad7891401958322a5ae97866bb0bf8cb190bc4bbeff3f,Расчеты,used sparse cells,2026-09-16,mixed,AGJ3,null,2295,n
1.0.0,"Таблица по подбору сечений теплых ангаров пролетами 9м, 12м, 15м, 18м, 21м, 24м версия 1,5.xlsx",0271b96c6fe725d3e50ad7891401958322a5ae97866bb0bf8cb190bc4bbeff3f,Расчеты,used sparse cells,2026-09-16,mixed,AGK3,null,2300,n
1.0.0,"Таблица по подбору сечений теплых ангаров пролетами 9м, 12м, 15м, 18м, 21м, 24м версия 1,5.xlsx",0271b96c6fe725d3e50ad7891401958322a5ae97866bb0bf8cb190bc4bbeff3f,Расчеты,used sparse cells,2026-09-16,mixed,AGL3,null,2305,n
1.0.0,"Таблица по подбору сечений теплых ангаров пролетами 9м, 12м, 15м, 18м, 21м, 24м версия 1,5.xlsx",0271b96c6fe725d3e50ad7891401958322a5ae97866bb0bf8cb190bc4bbeff3f,Расчеты,used sparse cells,2026-09-16,mixed,AGM3,null,2310,n
1.0.0,"Таблица по подбору сечений теплых ангаров пролетами 9м, 12м, 15м, 18м, 21м, 24м версия 1,5.xlsx",0271b96c6fe725d3e50ad7891401958322a5ae97866bb0bf8cb190bc4bbeff3f,Расчеты,used sparse cells,2026-09-16,mixed,AGN3,null,2315,n
1.0.0,"Таблица по подбору сечений теплых ангаров пролетами 9м, 12м, 15м, 18м, 21м, 24м версия 1,5.xlsx",0271b96c6fe725d3e50ad7891401958322a5ae97866bb0bf8cb190bc4bbeff3f,Расчеты,used sparse cells,2026-09-16,mixed,AGO3,null,2320,n
1.0.0,"Таблица по подбору сечений теплых ангаров пролетами 9м, 12м, 15м, 18м, 21м, 24м версия 1,5.xlsx",0271b96c6fe725d3e50ad7891401958322a5ae97866bb0bf8cb190bc4bbeff3f,Расчеты,used sparse cells,2026-09-16,mixed,AGP3,null,2325,n
1.0.0,"Таблица по подбору сечений теплых ангаров пролетами 9м, 12м, 15м, 18м, 21м, 24м версия 1,5.xlsx",0271b96c6fe725d3e50ad7891401958322a5ae97866bb0bf8cb190bc4bbeff3f,Расчеты,used sparse cells,2026-09-16,mixed,AGQ3,null,2330,n
1.0.0,"Таблица по подбору сечений теплых ангаров пролетами 9м, 12м, 15м, 18м, 21м, 24м версия 1,5.xlsx",0271b96c6fe725d3e50ad7891401958322a5ae97866bb0bf8cb190bc4bbeff3f,Расчеты,used sparse cells,2026-09-16,mixed,AGR3,null,2335,n
1.0.0,"Таблица по подбору сечений теплых ангаров пролетами 9м, 12м, 15м, 18м, 21м, 24м версия 1,5.xlsx",0271b96c6fe725d3e50ad7891401958322a5ae97866bb0bf8cb190bc4bbeff3f,Расчеты,used sparse cells,2026-09-16,mixed,AGS3,null,2340,n
1.0.0,"Таблица по подбору сечений теплых ангаров пролетами 9м, 12м, 15м, 18м, 21м, 24м версия 1,5.xlsx",0271b96c6fe725d3e50ad7891401958322a5ae97866bb0bf8cb190bc4bbeff3f,Расчеты,used sparse cells,2026-09-16,mixed,AGT3,null,2345,n
1.0.0,"Таблица по подбору сечений теплых ангаров пролетами 9м, 12м, 15м, 18м, 21м, 24м версия 1,5.xlsx",0271b96c6fe725d3e50ad7891401958322a5ae97866bb0bf8cb190bc4bbeff3f,Расчеты,used sparse cells,2026-09-16,mixed,AGU3,null,2350,n
1.0.0,"Таблица по подбору сечений теплых ангаров пролетами 9м, 12м, 15м, 18м, 21м, 24м версия 1,5.xlsx",0271b96c6fe725d3e50ad7891401958322a5ae97866bb0bf8cb190bc4bbeff3f,Расчеты,used sparse cells,2026-09-16,mixed,AGV3,null,2355,n
1.0.0,"Таблица по подбору сечений теплых ангаров пролетами 9м, 12м, 15м, 18м, 21м, 24м версия 1,5.xlsx",0271b96c6fe725d3e50ad7891401958322a5ae97866bb0bf8cb190bc4bbeff3f,Расчеты,used sparse cells,2026-09-16,mixed,AGW3,null,2360,n
1.0.0,"Таблица по подбору сечений теплых ангаров пролетами 9м, 12м, 15м, 18м, 21м, 24м версия 1,5.xlsx",0271b96c6fe725d3e50ad7891401958322a5ae97866bb0bf8cb190bc4bbeff3f,Расчеты,used sparse cells,2026-09-16,mixed,AGX3,null,2365,n
1.0.0,"Таблица по подбору сечений теплых ангаров пролетами 9м, 12м, 15м, 18м, 21м, 24м версия 1,5.xlsx",0271b96c6fe725d3e50ad7891401958322a5ae97866bb0bf8cb190bc4bbeff3f,Расчеты,used sparse cells,2026-09-16,mixed,AGY3,null,2370,n
1.0.0,"Таблица по подбору сечений теплых ангаров пролетами 9м, 12м, 15м, 18м, 21м, 24м версия 1,5.xlsx",0271b96c6fe725d3e50ad7891401958322a5ae97866bb0bf8cb190bc4bbeff3f,Расчеты,used sparse cells,2026-09-16,mixed,AGZ3,null,2375,n
1.0.0,"Таблица по подбору сечений теплых ангаров пролетами 9м, 12м, 15м, 18м, 21м, 24м версия 1,5.xlsx",0271b96c6fe725d3e50ad7891401958322a5ae97866bb0bf8cb190bc4bbeff3f,Расчеты,used sparse cells,2026-09-16,mixed,AHA3,null,2380,n
1.0.0,"Таблица по подбору сечений теплых ангаров пролетами 9м, 12м, 15м, 18м, 21м, 24м версия 1,5.xlsx",0271b96c6fe725d3e50ad7891401958322a5ae97866bb0bf8cb190bc4bbeff3f,Расчеты,used sparse cells,2026-09-16,mixed,AHB3,null,2385,n
1.0.0,"Таблица по подбору сечений теплых ангаров пролетами 9м, 12м, 15м, 18м, 21м, 24м версия 1,5.xlsx",0271b96c6fe725d3e50ad7891401958322a5ae97866bb0bf8cb190bc4bbeff3f,Расчеты,used sparse cells,2026-09-16,mixed,AHC3,null,2390,n
1.0.0,"Таблица по подбору сечений теплых ангаров пролетами 9м, 12м, 15м, 18м, 21м, 24м версия 1,5.xlsx",0271b96c6fe725d3e50ad7891401958322a5ae97866bb0bf8cb190bc4bbeff3f,Расчеты,used sparse cells,2026-09-16,mixed,AHD3,null,2395,n
1.0.0,"Таблица по подбору сечений теплых ангаров пролетами 9м, 12м, 15м, 18м, 21м, 24м версия 1,5.xlsx",0271b96c6fe725d3e50ad7891401958322a5ae97866bb0bf8cb190bc4bbeff3f,Расчеты,used sparse cells,2026-09-16,mixed,AHE3,null,2400,n
1.0.0,"Таблица по подбору сечений теплых ангаров пролетами 9м, 12м, 15м, 18м, 21м, 24м версия 1,5.xlsx",0271b96c6fe725d3e50ad7891401958322a5ae97866bb0bf8cb190bc4bbeff3f,Расчеты,used sparse cells,2026-09-16,mixed,AHF3,null,2405,n
1.0.0,"Таблица по подбору сечений теплых ангаров пролетами 9м, 12м, 15м, 18м, 21м, 24м версия 1,5.xlsx",0271b96c6fe725d3e50ad7891401958322a5ae97866bb0bf8cb190bc4bbeff3f,Расчеты,used sparse cells,2026-09-16,mixed,AHG3,null,2410,n
1.0.0,"Таблица по подбору сечений теплых ангаров пролетами 9м, 12м, 15м, 18м, 21м, 24м версия 1,5.xlsx",0271b96c6fe725d3e50ad7891401958322a5ae97866bb0bf8cb190bc4bbeff3f,Расчеты,used sparse cells,2026-09-16,mixed,AHH3,null,2415,n
1.0.0,"Таблица по подбору сечений теплых ангаров пролетами 9м, 12м, 15м, 18м, 21м, 24м версия 1,5.xlsx",0271b96c6fe725d3e50ad7891401958322a5ae97866bb0bf8cb190bc4bbeff3f,Расчеты,used sparse cells,2026-09-16,mixed,AHI3,null,2420,n
1.0.0,"Таблица по подбору сечений теплых ангаров пролетами 9м, 12м, 15м, 18м, 21м, 24м версия 1,5.xlsx",0271b96c6fe725d3e50ad7891401958322a5ae97866bb0bf8cb190bc4bbeff3f,Расчеты,used sparse cells,2026-09-16,mixed,AHJ3,null,2425,n
1.0.0,"Таблица по подбору сечений теплых ангаров пролетами 9м, 12м, 15м, 18м, 21м, 24м версия 1,5.xlsx",0271b96c6fe725d3e50ad7891401958322a5ae97866bb0bf8cb190bc4bbeff3f,Расчеты,used sparse cells,2026-09-16,mixed,AHK3,null,2430,n
1.0.0,"Таблица по подбору сечений теплых ангаров пролетами 9м, 12м, 15м, 18м, 21м, 24м версия 1,5.xlsx",0271b96c6fe725d3e50ad7891401958322a5ae97866bb0bf8cb190bc4bbeff3f,Расчеты,used sparse cells,2026-09-16,mixed,AHL3,null,2435,n
1.0.0,"Таблица по подбору сечений теплых ангаров пролетами 9м, 12м, 15м, 18м, 21м, 24м версия 1,5.xlsx",0271b96c6fe725d3e50ad7891401958322a5ae97866bb0bf8cb190bc4bbeff3f,Расчеты,used sparse cells,2026-09-16,mixed,AHM3,null,2440,n
1.0.0,"Таблица по подбору сечений теплых ангаров пролетами 9м, 12м, 15м, 18м, 21м, 24м версия 1,5.xlsx",0271b96c6fe725d3e50ad7891401958322a5ae97866bb0bf8cb190bc4bbeff3f,Расчеты,used sparse cells,2026-09-16,mixed,AHN3,null,2445,n
1.0.0,"Таблица по подбору сечений теплых ангаров пролетами 9м, 12м, 15м, 18м, 21м, 24м версия 1,5.xlsx",0271b96c6fe725d3e50ad7891401958322a5ae97866bb0bf8cb190bc4bbeff3f,Расчеты,used sparse cells,2026-09-16,mixed,AHO3,null,2450,n
1.0.0,"Таблица по подбору сечений теплых ангаров пролетами 9м, 12м, 15м, 18м, 21м, 24м версия 1,5.xlsx",0271b96c6fe725d3e50ad7891401958322a5ae97866bb0bf8cb190bc4bbeff3f,Расчеты,used sparse cells,2026-09-16,mixed,AHP3,null,2455,n
1.0.0,"Таблица по подбору сечений теплых ангаров пролетами 9м, 12м, 15м, 18м, 21м, 24м версия 1,5.xlsx",0271b96c6fe725d3e50ad7891401958322a5ae97866bb0bf8cb190bc4bbeff3f,Расчеты,used sparse cells,2026-09-16,mixed,AHQ3,null,2460,n
1.0.0,"Таблица по подбору сечений теплых ангаров пролетами 9м, 12м, 15м, 18м, 21м, 24м версия 1,5.xlsx",0271b96c6fe725d3e50ad7891401958322a5ae97866bb0bf8cb190bc4bbeff3f,Расчеты,used sparse cells,2026-09-16,mixed,AHR3,null,2465,n
1.0.0,"Таблица по подбору сечений теплых ангаров пролетами 9м, 12м, 15м, 18м, 21м, 24м версия 1,5.xlsx",0271b96c6fe725d3e50ad7891401958322a5ae97866bb0bf8cb190bc4bbeff3f,Расчеты,used sparse cells,2026-09-16,mixed,AHS3,null,2470,n
1.0.0,"Таблица по подбору сечений теплых ангаров пролетами 9м, 12м, 15м, 18м, 21м, 24м версия 1,5.xlsx",0271b96c6fe725d3e50ad7891401958322a5ae97866bb0bf8cb190bc4bbeff3f,Расчеты,used sparse cells,2026-09-16,mixed,AHT3,null,2475,n
1.0.0,"Таблица по подбору сечений теплых ангаров пролетами 9м, 12м, 15м, 18м, 21м, 24м версия 1,5.xlsx",0271b96c6fe725d3e50ad7891401958322a5ae97866bb0bf8cb190bc4bbeff3f,Расчеты,used sparse cells,2026-09-16,mixed,AHU3,null,2480,n
1.0.0,"Таблица по подбору сечений теплых ангаров пролетами 9м, 12м, 15м, 18м, 21м, 24м версия 1,5.xlsx",0271b96c6fe725d3e50ad7891401958322a5ae97866bb0bf8cb190bc4bbeff3f,Расчеты,used sparse cells,2026-09-16,mixed,AHV3,null,2485,n
1.0.0,"Таблица по подбору сечений теплых ангаров пролетами 9м, 12м, 15м, 18м, 21м, 24м версия 1,5.xlsx",0271b96c6fe725d3e50ad7891401958322a5ae97866bb0bf8cb190bc4bbeff3f,Расчеты,used sparse cells,2026-09-16,mixed,AHW3,null,2490,n
1.0.0,"Таблица по подбору сечений теплых ангаров пролетами 9м, 12м, 15м, 18м, 21м, 24м версия 1,5.xlsx",0271b96c6fe725d3e50ad7891401958322a5ae97866bb0bf8cb190bc4bbeff3f,Расчеты,used sparse cells,2026-09-16,mixed,AHX3,null,2495,n
1.0.0,"Таблица по подбору сечений теплых ангаров пролетами 9м, 12м, 15м, 18м, 21м, 24м версия 1,5.xlsx",0271b96c6fe725d3e50ad7891401958322a5ae97866bb0bf8cb190bc4bbeff3f,Расчеты,used sparse cells,2026-09-16,mixed,AHY3,null,2500,n
1.0.0,"Таблица по подбору сечений теплых ангаров пролетами 9м, 12м, 15м, 18м, 21м, 24м версия 1,5.xlsx",0271b96c6fe725d3e50ad7891401958322a5ae97866bb0bf8cb190bc4bbeff3f,Расчеты,used sparse cells,2026-09-16,mixed,AHZ3,null,2505,n
1.0.0,"Таблица по подбору сечений теплых ангаров пролетами 9м, 12м, 15м, 18м, 21м, 24м версия 1,5.xlsx",0271b96c6fe725d3e50ad7891401958322a5ae97866bb0bf8cb190bc4bbeff3f,Расчеты,used sparse cells,2026-09-16,mixed,AIA3,null,2510,n
1.0.0,"Таблица по подбору сечений теплых ангаров пролетами 9м, 12м, 15м, 18м, 21м, 24м версия 1,5.xlsx",0271b96c6fe725d3e50ad7891401958322a5ae97866bb0bf8cb190bc4bbeff3f,Расчеты,used sparse cells,2026-09-16,mixed,AIB3,null,2515,n
1.0.0,"Таблица по подбору сечений теплых ангаров пролетами 9м, 12м, 15м, 18м, 21м, 24м версия 1,5.xlsx",0271b96c6fe725d3e50ad7891401958322a5ae97866bb0bf8cb190bc4bbeff3f,Расчеты,used sparse cells,2026-09-16,mixed,AIC3,null,2520,n
1.0.0,"Таблица по подбору сечений теплых ангаров пролетами 9м, 12м, 15м, 18м, 21м, 24м версия 1,5.xlsx",0271b96c6fe725d3e50ad7891401958322a5ae97866bb0bf8cb190bc4bbeff3f,Расчеты,used sparse cells,2026-09-16,mixed,AID3,null,2525,n
1.0.0,"Таблица по подбору сечений теплых ангаров пролетами 9м, 12м, 15м, 18м, 21м, 24м версия 1,5.xlsx",0271b96c6fe725d3e50ad7891401958322a5ae97866bb0bf8cb190bc4bbeff3f,Расчеты,used sparse cells,2026-09-16,mixed,AIE3,null,2530,n
1.0.0,"Таблица по подбору сечений теплых ангаров пролетами 9м, 12м, 15м, 18м, 21м, 24м версия 1,5.xlsx",0271b96c6fe725d3e50ad7891401958322a5ae97866bb0bf8cb190bc4bbeff3f,Расчеты,used sparse cells,2026-09-16,mixed,AIF3,null,2535,n
1.0.0,"Таблица по подбору сечений теплых ангаров пролетами 9м, 12м, 15м, 18м, 21м, 24м версия 1,5.xlsx",0271b96c6fe725d3e50ad7891401958322a5ae97866bb0bf8cb190bc4bbeff3f,Расчеты,used sparse cells,2026-09-16,mixed,AIG3,null,2540,n
1.0.0,"Таблица по подбору сечений теплых ангаров пролетами 9м, 12м, 15м, 18м, 21м, 24м версия 1,5.xlsx",0271b96c6fe725d3e50ad7891401958322a5ae97866bb0bf8cb190bc4bbeff3f,Расчеты,used sparse cells,2026-09-16,mixed,AIH3,null,2545,n
1.0.0,"Таблица по подбору сечений теплых ангаров пролетами 9м, 12м, 15м, 18м, 21м, 24м версия 1,5.xlsx",0271b96c6fe725d3e50ad7891401958322a5ae97866bb0bf8cb190bc4bbeff3f,Расчеты,used sparse cells,2026-09-16,mixed,AII3,null,2550,n
1.0.0,"Таблица по подбору сечений теплых ангаров пролетами 9м, 12м, 15м, 18м, 21м, 24м версия 1,5.xlsx",0271b96c6fe725d3e50ad7891401958322a5ae97866bb0bf8cb190bc4bbeff3f,Расчеты,used sparse cells,2026-09-16,mixed,AIJ3,null,2555,n
1.0.0,"Таблица по подбору сечений теплых ангаров пролетами 9м, 12м, 15м, 18м, 21м, 24м версия 1,5.xlsx",0271b96c6fe725d3e50ad7891401958322a5ae97866bb0bf8cb190bc4bbeff3f,Расчеты,used sparse cells,2026-09-16,mixed,AIK3,null,2560,n
1.0.0,"Таблица по подбору сечений теплых ангаров пролетами 9м, 12м, 15м, 18м, 21м, 24м версия 1,5.xlsx",0271b96c6fe725d3e50ad7891401958322a5ae97866bb0bf8cb190bc4bbeff3f,Расчеты,used sparse cells,2026-09-16,mixed,AIL3,null,2565,n
1.0.0,"Таблица по подбору сечений теплых ангаров пролетами 9м, 12м, 15м, 18м, 21м, 24м версия 1,5.xlsx",0271b96c6fe725d3e50ad7891401958322a5ae97866bb0bf8cb190bc4bbeff3f,Расчеты,used sparse cells,2026-09-16,mixed,AIM3,null,2570,n
1.0.0,"Таблица по подбору сечений теплых ангаров пролетами 9м, 12м, 15м, 18м, 21м, 24м версия 1,5.xlsx",0271b96c6fe725d3e50ad7891401958322a5ae97866bb0bf8cb190bc4bbeff3f,Расчеты,used sparse cells,2026-09-16,mixed,AIN3,null,2575,n
1.0.0,"Таблица по подбору сечений теплых ангаров пролетами 9м, 12м, 15м, 18м, 21м, 24м версия 1,5.xlsx",0271b96c6fe725d3e50ad7891401958322a5ae97866bb0bf8cb190bc4bbeff3f,Расчеты,used sparse cells,2026-09-16,mixed,AIO3,null,2580,n
1.0.0,"Таблица по подбору сечений теплых ангаров пролетами 9м, 12м, 15м, 18м, 21м, 24м версия 1,5.xlsx",0271b96c6fe725d3e50ad7891401958322a5ae97866bb0bf8cb190bc4bbeff3f,Расчеты,used sparse cells,2026-09-16,mixed,AIP3,null,2585,n
1.0.0,"Таблица по подбору сечений теплых ангаров пролетами 9м, 12м, 15м, 18м, 21м, 24м версия 1,5.xlsx",0271b96c6fe725d3e50ad7891401958322a5ae97866bb0bf8cb190bc4bbeff3f,Расчеты,used sparse cells,2026-09-16,mixed,AIQ3,null,2590,n
1.0.0,"Таблица по подбору сечений теплых ангаров пролетами 9м, 12м, 15м, 18м, 21м, 24м версия 1,5.xlsx",0271b96c6fe725d3e50ad7891401958322a5ae97866bb0bf8cb190bc4bbeff3f,Расчеты,used sparse cells,2026-09-16,mixed,AIR3,null,2595,n
1.0.0,"Таблица по подбору сечений теплых ангаров пролетами 9м, 12м, 15м, 18м, 21м, 24м версия 1,5.xlsx",0271b96c6fe725d3e50ad7891401958322a5ae97866bb0bf8cb190bc4bbeff3f,Расчеты,used sparse cells,2026-09-16,mixed,AIS3,null,2600,n
1.0.0,"Таблица по подбору сечений теплых ангаров пролетами 9м, 12м, 15м, 18м, 21м, 24м версия 1,5.xlsx",0271b96c6fe725d3e50ad7891401958322a5ae97866bb0bf8cb190bc4bbeff3f,Расчеты,used sparse cells,2026-09-16,mixed,AIT3,null,2605,n
1.0.0,"Таблица по подбору сечений теплых ангаров пролетами 9м, 12м, 15м, 18м, 21м, 24м версия 1,5.xlsx",0271b96c6fe725d3e50ad7891401958322a5ae97866bb0bf8cb190bc4bbeff3f,Расчеты,used sparse cells,2026-09-16,mixed,AIU3,null,2610,n
1.0.0,"Таблица по подбору сечений теплых ангаров пролетами 9м, 12м, 15м, 18м, 21м, 24м версия 1,5.xlsx",0271b96c6fe725d3e50ad7891401958322a5ae97866bb0bf8cb190bc4bbeff3f,Расчеты,used sparse cells,2026-09-16,mixed,AIV3,null,2615,n
1.0.0,"Таблица по подбору сечений теплых ангаров пролетами 9м, 12м, 15м, 18м, 21м, 24м версия 1,5.xlsx",0271b96c6fe725d3e50ad7891401958322a5ae97866bb0bf8cb190bc4bbeff3f,Расчеты,used sparse cells,2026-09-16,mixed,AIW3,null,2620,n
1.0.0,"Таблица по подбору сечений теплых ангаров пролетами 9м, 12м, 15м, 18м, 21м, 24м версия 1,5.xlsx",0271b96c6fe725d3e50ad7891401958322a5ae97866bb0bf8cb190bc4bbeff3f,Расчеты,used sparse cells,2026-09-16,mixed,AIX3,null,2625,n
1.0.0,"Таблица по подбору сечений теплых ангаров пролетами 9м, 12м, 15м, 18м, 21м, 24м версия 1,5.xlsx",0271b96c6fe725d3e50ad7891401958322a5ae97866bb0bf8cb190bc4bbeff3f,Расчеты,used sparse cells,2026-09-16,mixed,AIY3,null,2630,n
1.0.0,"Таблица по подбору сечений теплых ангаров пролетами 9м, 12м, 15м, 18м, 21м, 24м версия 1,5.xlsx",0271b96c6fe725d3e50ad7891401958322a5ae97866bb0bf8cb190bc4bbeff3f,Расчеты,used sparse cells,2026-09-16,mixed,AIZ3,null,2635,n
1.0.0,"Таблица по подбору сечений теплых ангаров пролетами 9м, 12м, 15м, 18м, 21м, 24м версия 1,5.xlsx",0271b96c6fe725d3e50ad7891401958322a5ae97866bb0bf8cb190bc4bbeff3f,Расчеты,used sparse cells,2026-09-16,mixed,AJA3,null,2640,n
1.0.0,"Таблица по подбору сечений теплых ангаров пролетами 9м, 12м, 15м, 18м, 21м, 24м версия 1,5.xlsx",0271b96c6fe725d3e50ad7891401958322a5ae97866bb0bf8cb190bc4bbeff3f,Расчеты,used sparse cells,2026-09-16,mixed,AJB3,null,2645,n
1.0.0,"Таблица по подбору сечений теплых ангаров пролетами 9м, 12м, 15м, 18м, 21м, 24м версия 1,5.xlsx",0271b96c6fe725d3e50ad7891401958322a5ae97866bb0bf8cb190bc4bbeff3f,Расчеты,used sparse cells,2026-09-16,mixed,AJC3,null,2650,n
1.0.0,"Таблица по подбору сечений теплых ангаров пролетами 9м, 12м, 15м, 18м, 21м, 24м версия 1,5.xlsx",0271b96c6fe725d3e50ad7891401958322a5ae97866bb0bf8cb190bc4bbeff3f,Расчеты,used sparse cells,2026-09-16,mixed,AJD3,null,2655,n
1.0.0,"Таблица по подбору сечений теплых ангаров пролетами 9м, 12м, 15м, 18м, 21м, 24м версия 1,5.xlsx",0271b96c6fe725d3e50ad7891401958322a5ae97866bb0bf8cb190bc4bbeff3f,Расчеты,used sparse cells,2026-09-16,mixed,AJE3,null,2660,n
1.0.0,"Таблица по подбору сечений теплых ангаров пролетами 9м, 12м, 15м, 18м, 21м, 24м версия 1,5.xlsx",0271b96c6fe725d3e50ad7891401958322a5ae97866bb0bf8cb190bc4bbeff3f,Расчеты,used sparse cells,2026-09-16,mixed,AJF3,null,2665,n
1.0.0,"Таблица по подбору сечений теплых ангаров пролетами 9м, 12м, 15м, 18м, 21м, 24м версия 1,5.xlsx",0271b96c6fe725d3e50ad7891401958322a5ae97866bb0bf8cb190bc4bbeff3f,Расчеты,used sparse cells,2026-09-16,mixed,AJG3,null,2670,n
1.0.0,"Таблица по подбору сечений теплых ангаров пролетами 9м, 12м, 15м, 18м, 21м, 24м версия 1,5.xlsx",0271b96c6fe725d3e50ad7891401958322a5ae97866bb0bf8cb190bc4bbeff3f,Расчеты,used sparse cells,2026-09-16,mixed,AJH3,null,2675,n
1.0.0,"Таблица по подбору сечений теплых ангаров пролетами 9м, 12м, 15м, 18м, 21м, 24м версия 1,5.xlsx",0271b96c6fe725d3e50ad7891401958322a5ae97866bb0bf8cb190bc4bbeff3f,Расчеты,used sparse cells,2026-09-16,mixed,AJI3,null,2680,n
1.0.0,"Таблица по подбору сечений теплых ангаров пролетами 9м, 12м, 15м, 18м, 21м, 24м версия 1,5.xlsx",0271b96c6fe725d3e50ad7891401958322a5ae97866bb0bf8cb190bc4bbeff3f,Расчеты,used sparse cells,2026-09-16,mixed,AJJ3,null,2685,n
1.0.0,"Таблица по подбору сечений теплых ангаров пролетами 9м, 12м, 15м, 18м, 21м, 24м версия 1,5.xlsx",0271b96c6fe725d3e50ad7891401958322a5ae97866bb0bf8cb190bc4bbeff3f,Расчеты,used sparse cells,2026-09-16,mixed,AJK3,null,2690,n
1.0.0,"Таблица по подбору сечений теплых ангаров пролетами 9м, 12м, 15м, 18м, 21м, 24м версия 1,5.xlsx",0271b96c6fe725d3e50ad7891401958322a5ae97866bb0bf8cb190bc4bbeff3f,Расчеты,used sparse cells,2026-09-16,mixed,AJL3,null,2695,n
1.0.0,"Таблица по подбору сечений теплых ангаров пролетами 9м, 12м, 15м, 18м, 21м, 24м версия 1,5.xlsx",0271b96c6fe725d3e50ad7891401958322a5ae97866bb0bf8cb190bc4bbeff3f,Расчеты,used sparse cells,2026-09-16,mixed,AJM3,null,2700,n
1.0.0,"Таблица по подбору сечений теплых ангаров пролетами 9м, 12м, 15м, 18м, 21м, 24м версия 1,5.xlsx",0271b96c6fe725d3e50ad7891401958322a5ae97866bb0bf8cb190bc4bbeff3f,Расчеты,used sparse cells,2026-09-16,mixed,AJN3,null,2705,n
1.0.0,"Таблица по подбору сечений теплых ангаров пролетами 9м, 12м, 15м, 18м, 21м, 24м версия 1,5.xlsx",0271b96c6fe725d3e50ad7891401958322a5ae97866bb0bf8cb190bc4bbeff3f,Расчеты,used sparse cells,2026-09-16,mixed,AJO3,null,2710,n
1.0.0,"Таблица по подбору сечений теплых ангаров пролетами 9м, 12м, 15м, 18м, 21м, 24м версия 1,5.xlsx",0271b96c6fe725d3e50ad7891401958322a5ae97866bb0bf8cb190bc4bbeff3f,Расчеты,used sparse cells,2026-09-16,mixed,AJP3,null,2715,n
1.0.0,"Таблица по подбору сечений теплых ангаров пролетами 9м, 12м, 15м, 18м, 21м, 24м версия 1,5.xlsx",0271b96c6fe725d3e50ad7891401958322a5ae97866bb0bf8cb190bc4bbeff3f,Расчеты,used sparse cells,2026-09-16,mixed,AJQ3,null,2720,n
1.0.0,"Таблица по подбору сечений теплых ангаров пролетами 9м, 12м, 15м, 18м, 21м, 24м версия 1,5.xlsx",0271b96c6fe725d3e50ad7891401958322a5ae97866bb0bf8cb190bc4bbeff3f,Расчеты,used sparse cells,2026-09-16,mixed,AJR3,null,2725,n
1.0.0,"Таблица по подбору сечений теплых ангаров пролетами 9м, 12м, 15м, 18м, 21м, 24м версия 1,5.xlsx",0271b96c6fe725d3e50ad7891401958322a5ae97866bb0bf8cb190bc4bbeff3f,Расчеты,used sparse cells,2026-09-16,mixed,AJS3,null,2730,n
1.0.0,"Таблица по подбору сечений теплых ангаров пролетами 9м, 12м, 15м, 18м, 21м, 24м версия 1,5.xlsx",0271b96c6fe725d3e50ad7891401958322a5ae97866bb0bf8cb190bc4bbeff3f,Расчеты,used sparse cells,2026-09-16,mixed,AJT3,null,2735,n
1.0.0,"Таблица по подбору сечений теплых ангаров пролетами 9м, 12м, 15м, 18м, 21м, 24м версия 1,5.xlsx",0271b96c6fe725d3e50ad7891401958322a5ae97866bb0bf8cb190bc4bbeff3f,Расчеты,used sparse cells,2026-09-16,mixed,AJU3,null,2740,n
1.0.0,"Таблица по подбору сечений теплых ангаров пролетами 9м, 12м, 15м, 18м, 21м, 24м версия 1,5.xlsx",0271b96c6fe725d3e50ad7891401958322a5ae97866bb0bf8cb190bc4bbeff3f,Расчеты,used sparse cells,2026-09-16,mixed,AJV3,null,2745,n
1.0.0,"Таблица по подбору сечений теплых ангаров пролетами 9м, 12м, 15м, 18м, 21м, 24м версия 1,5.xlsx",0271b96c6fe725d3e50ad7891401958322a5ae97866bb0bf8cb190bc4bbeff3f,Расчеты,used sparse cells,2026-09-16,mixed,AJW3,null,2750,n
1.0.0,"Таблица по подбору сечений теплых ангаров пролетами 9м, 12м, 15м, 18м, 21м, 24м версия 1,5.xlsx",0271b96c6fe725d3e50ad7891401958322a5ae97866bb0bf8cb190bc4bbeff3f,Расчеты,used sparse cells,2026-09-16,mixed,AJX3,null,2755,n
1.0.0,"Таблица по подбору сечений теплых ангаров пролетами 9м, 12м, 15м, 18м, 21м, 24м версия 1,5.xlsx",0271b96c6fe725d3e50ad7891401958322a5ae97866bb0bf8cb190bc4bbeff3f,Расчеты,used sparse cells,2026-09-16,mixed,AJY3,null,2760,n
1.0.0,"Таблица по подбору сечений теплых ангаров пролетами 9м, 12м, 15м, 18м, 21м, 24м версия 1,5.xlsx",0271b96c6fe725d3e50ad7891401958322a5ae97866bb0bf8cb190bc4bbeff3f,Расчеты,used sparse cells,2026-09-16,mixed,AJZ3,null,2765,n
1.0.0,"Таблица по подбору сечений теплых ангаров пролетами 9м, 12м, 15м, 18м, 21м, 24м версия 1,5.xlsx",0271b96c6fe725d3e50ad7891401958322a5ae97866bb0bf8cb190bc4bbeff3f,Расчеты,used sparse cells,2026-09-16,mixed,AKA3,null,2770,n
1.0.0,"Таблица по подбору сечений теплых ангаров пролетами 9м, 12м, 15м, 18м, 21м, 24м версия 1,5.xlsx",0271b96c6fe725d3e50ad7891401958322a5ae97866bb0bf8cb190bc4bbeff3f,Расчеты,used sparse cells,2026-09-16,mixed,AKB3,null,2775,n
1.0.0,"Таблица по подбору сечений теплых ангаров пролетами 9м, 12м, 15м, 18м, 21м, 24м версия 1,5.xlsx",0271b96c6fe725d3e50ad7891401958322a5ae97866bb0bf8cb190bc4bbeff3f,Расчеты,used sparse cells,2026-09-16,mixed,AKC3,null,2780,n
1.0.0,"Таблица по подбору сечений теплых ангаров пролетами 9м, 12м, 15м, 18м, 21м, 24м версия 1,5.xlsx",0271b96c6fe725d3e50ad7891401958322a5ae97866bb0bf8cb190bc4bbeff3f,Расчеты,used sparse cells,2026-09-16,mixed,AKD3,null,2785,n
1.0.0,"Таблица по подбору сечений теплых ангаров пролетами 9м, 12м, 15м, 18м, 21м, 24м версия 1,5.xlsx",0271b96c6fe725d3e50ad7891401958322a5ae97866bb0bf8cb190bc4bbeff3f,Расчеты,used sparse cells,2026-09-16,mixed,AKE3,null,2790,n
1.0.0,"Таблица по подбору сечений теплых ангаров пролетами 9м, 12м, 15м, 18м, 21м, 24м версия 1,5.xlsx",0271b96c6fe725d3e50ad7891401958322a5ae97866bb0bf8cb190bc4bbeff3f,Расчеты,used sparse cells,2026-09-16,mixed,AKF3,null,2795,n
1.0.0,"Таблица по подбору сечений теплых ангаров пролетами 9м, 12м, 15м, 18м, 21м, 24м версия 1,5.xlsx",0271b96c6fe725d3e50ad7891401958322a5ae97866bb0bf8cb190bc4bbeff3f,Расчеты,used sparse cells,2026-09-16,mixed,AKG3,null,2800,n
1.0.0,"Таблица по подбору сечений теплых ангаров пролетами 9м, 12м, 15м, 18м, 21м, 24м версия 1,5.xlsx",0271b96c6fe725d3e50ad7891401958322a5ae97866bb0bf8cb190bc4bbeff3f,Расчеты,used sparse cells,2026-09-16,mixed,AKH3,null,2805,n
1.0.0,"Таблица по подбору сечений теплых ангаров пролетами 9м, 12м, 15м, 18м, 21м, 24м версия 1,5.xlsx",0271b96c6fe725d3e50ad7891401958322a5ae97866bb0bf8cb190bc4bbeff3f,Расчеты,used sparse cells,2026-09-16,mixed,AKI3,null,2810,n
1.0.0,"Таблица по подбору сечений теплых ангаров пролетами 9м, 12м, 15м, 18м, 21м, 24м версия 1,5.xlsx",0271b96c6fe725d3e50ad7891401958322a5ae97866bb0bf8cb190bc4bbeff3f,Расчеты,used sparse cells,2026-09-16,mixed,AKJ3,null,2815,n
1.0.0,"Таблица по подбору сечений теплых ангаров пролетами 9м, 12м, 15м, 18м, 21м, 24м версия 1,5.xlsx",0271b96c6fe725d3e50ad7891401958322a5ae97866bb0bf8cb190bc4bbeff3f,Расчеты,used sparse cells,2026-09-16,mixed,AKK3,null,2820,n
1.0.0,"Таблица по подбору сечений теплых ангаров пролетами 9м, 12м, 15м, 18м, 21м, 24м версия 1,5.xlsx",0271b96c6fe725d3e50ad7891401958322a5ae97866bb0bf8cb190bc4bbeff3f,Расчеты,used sparse cells,2026-09-16,mixed,AKL3,null,2825,n
1.0.0,"Таблица по подбору сечений теплых ангаров пролетами 9м, 12м, 15м, 18м, 21м, 24м версия 1,5.xlsx",0271b96c6fe725d3e50ad7891401958322a5ae97866bb0bf8cb190bc4bbeff3f,Расчеты,used sparse cells,2026-09-16,mixed,AKM3,null,2830,n
1.0.0,"Таблица по подбору сечений теплых ангаров пролетами 9м, 12м, 15м, 18м, 21м, 24м версия 1,5.xlsx",0271b96c6fe725d3e50ad7891401958322a5ae97866bb0bf8cb190bc4bbeff3f,Расчеты,used sparse cells,2026-09-16,mixed,AKN3,null,2835,n
1.0.0,"Таблица по подбору сечений теплых ангаров пролетами 9м, 12м, 15м, 18м, 21м, 24м версия 1,5.xlsx",0271b96c6fe725d3e50ad7891401958322a5ae97866bb0bf8cb190bc4bbeff3f,Расчеты,used sparse cells,2026-09-16,mixed,AKO3,null,2840,n
1.0.0,"Таблица по подбору сечений теплых ангаров пролетами 9м, 12м, 15м, 18м, 21м, 24м версия 1,5.xlsx",0271b96c6fe725d3e50ad7891401958322a5ae97866bb0bf8cb190bc4bbeff3f,Расчеты,used sparse cells,2026-09-16,mixed,AKP3,null,2845,n
1.0.0,"Таблица по подбору сечений теплых ангаров пролетами 9м, 12м, 15м, 18м, 21м, 24м версия 1,5.xlsx",0271b96c6fe725d3e50ad7891401958322a5ae97866bb0bf8cb190bc4bbeff3f,Расчеты,used sparse cells,2026-09-16,mixed,AKQ3,null,2850,n
1.0.0,"Таблица по подбору сечений теплых ангаров пролетами 9м, 12м, 15м, 18м, 21м, 24м версия 1,5.xlsx",0271b96c6fe725d3e50ad7891401958322a5ae97866bb0bf8cb190bc4bbeff3f,Расчеты,used sparse cells,2026-09-16,mixed,AKR3,null,2855,n
1.0.0,"Таблица по подбору сечений теплых ангаров пролетами 9м, 12м, 15м, 18м, 21м, 24м версия 1,5.xlsx",0271b96c6fe725d3e50ad7891401958322a5ae97866bb0bf8cb190bc4bbeff3f,Расчеты,used sparse cells,2026-09-16,mixed,AKS3,null,2860,n
1.0.0,"Таблица по подбору сечений теплых ангаров пролетами 9м, 12м, 15м, 18м, 21м, 24м версия 1,5.xlsx",0271b96c6fe725d3e50ad7891401958322a5ae97866bb0bf8cb190bc4bbeff3f,Расчеты,used sparse cells,2026-09-16,mixed,AKT3,null,2865,n
1.0.0,"Таблица по подбору сечений теплых ангаров пролетами 9м, 12м, 15м, 18м, 21м, 24м версия 1,5.xlsx",0271b96c6fe725d3e50ad7891401958322a5ae97866bb0bf8cb190bc4bbeff3f,Расчеты,used sparse cells,2026-09-16,mixed,AKU3,null,2870,n
1.0.0,"Таблица по подбору сечений теплых ангаров пролетами 9м, 12м, 15м, 18м, 21м, 24м версия 1,5.xlsx",0271b96c6fe725d3e50ad7891401958322a5ae97866bb0bf8cb190bc4bbeff3f,Расчеты,used sparse cells,2026-09-16,mixed,AKV3,null,2875,n
1.0.0,"Таблица по подбору сечений теплых ангаров пролетами 9м, 12м, 15м, 18м, 21м, 24м версия 1,5.xlsx",0271b96c6fe725d3e50ad7891401958322a5ae97866bb0bf8cb190bc4bbeff3f,Расчеты,used sparse cells,2026-09-16,mixed,AKW3,null,2880,n
1.0.0,"Таблица по подбору сечений теплых ангаров пролетами 9м, 12м, 15м, 18м, 21м, 24м версия 1,5.xlsx",0271b96c6fe725d3e50ad7891401958322a5ae97866bb0bf8cb190bc4bbeff3f,Расчеты,used sparse cells,2026-09-16,mixed,AKX3,null,2885,n
1.0.0,"Таблица по подбору сечений теплых ангаров пролетами 9м, 12м, 15м, 18м, 21м, 24м версия 1,5.xlsx",0271b96c6fe725d3e50ad7891401958322a5ae97866bb0bf8cb190bc4bbeff3f,Расчеты,used sparse cells,2026-09-16,mixed,AKY3,null,2890,n
1.0.0,"Таблица по подбору сечений теплых ангаров пролетами 9м, 12м, 15м, 18м, 21м, 24м версия 1,5.xlsx",0271b96c6fe725d3e50ad7891401958322a5ae97866bb0bf8cb190bc4bbeff3f,Расчеты,used sparse cells,2026-09-16,mixed,AKZ3,null,2895,n
1.0.0,"Таблица по подбору сечений теплых ангаров пролетами 9м, 12м, 15м, 18м, 21м, 24м версия 1,5.xlsx",0271b96c6fe725d3e50ad7891401958322a5ae97866bb0bf8cb190bc4bbeff3f,Расчеты,used sparse cells,2026-09-16,mixed,ALA3,null,2900,n
1.0.0,"Таблица по подбору сечений теплых ангаров пролетами 9м, 12м, 15м, 18м, 21м, 24м версия 1,5.xlsx",0271b96c6fe725d3e50ad7891401958322a5ae97866bb0bf8cb190bc4bbeff3f,Расчеты,used sparse cells,2026-09-16,mixed,ALB3,null,2905,n
1.0.0,"Таблица по подбору сечений теплых ангаров пролетами 9м, 12м, 15м, 18м, 21м, 24м версия 1,5.xlsx",0271b96c6fe725d3e50ad7891401958322a5ae97866bb0bf8cb190bc4bbeff3f,Расчеты,used sparse cells,2026-09-16,mixed,ALC3,null,2910,n
1.0.0,"Таблица по подбору сечений теплых ангаров пролетами 9м, 12м, 15м, 18м, 21м, 24м версия 1,5.xlsx",0271b96c6fe725d3e50ad7891401958322a5ae97866bb0bf8cb190bc4bbeff3f,Расчеты,used sparse cells,2026-09-16,mixed,ALD3,null,2915,n
1.0.0,"Таблица по подбору сечений теплых ангаров пролетами 9м, 12м, 15м, 18м, 21м, 24м версия 1,5.xlsx",0271b96c6fe725d3e50ad7891401958322a5ae97866bb0bf8cb190bc4bbeff3f,Расчеты,used sparse cells,2026-09-16,mixed,ALE3,null,2920,n
1.0.0,"Таблица по подбору сечений теплых ангаров пролетами 9м, 12м, 15м, 18м, 21м, 24м версия 1,5.xlsx",0271b96c6fe725d3e50ad7891401958322a5ae97866bb0bf8cb190bc4bbeff3f,Расчеты,used sparse cells,2026-09-16,mixed,ALF3,null,2925,n
1.0.0,"Таблица по подбору сечений теплых ангаров пролетами 9м, 12м, 15м, 18м, 21м, 24м версия 1,5.xlsx",0271b96c6fe725d3e50ad7891401958322a5ae97866bb0bf8cb190bc4bbeff3f,Расчеты,used sparse cells,2026-09-16,mixed,ALG3,null,2930,n
1.0.0,"Таблица по подбору сечений теплых ангаров пролетами 9м, 12м, 15м, 18м, 21м, 24м версия 1,5.xlsx",0271b96c6fe725d3e50ad7891401958322a5ae97866bb0bf8cb190bc4bbeff3f,Расчеты,used sparse cells,2026-09-16,mixed,ALH3,null,2935,n
1.0.0,"Таблица по подбору сечений теплых ангаров пролетами 9м, 12м, 15м, 18м, 21м, 24м версия 1,5.xlsx",0271b96c6fe725d3e50ad7891401958322a5ae97866bb0bf8cb190bc4bbeff3f,Расчеты,used sparse cells,2026-09-16,mixed,ALI3,null,2940,n
1.0.0,"Таблица по подбору сечений теплых ангаров пролетами 9м, 12м, 15м, 18м, 21м, 24м версия 1,5.xlsx",0271b96c6fe725d3e50ad7891401958322a5ae97866bb0bf8cb190bc4bbeff3f,Расчеты,used sparse cells,2026-09-16,mixed,ALJ3,null,2945,n
1.0.0,"Таблица по подбору сечений теплых ангаров пролетами 9м, 12м, 15м, 18м, 21м, 24м версия 1,5.xlsx",0271b96c6fe725d3e50ad7891401958322a5ae97866bb0bf8cb190bc4bbeff3f,Расчеты,used sparse cells,2026-09-16,mixed,ALK3,null,2950,n
1.0.0,"Таблица по подбору сечений теплых ангаров пролетами 9м, 12м, 15м, 18м, 21м, 24м версия 1,5.xlsx",0271b96c6fe725d3e50ad7891401958322a5ae97866bb0bf8cb190bc4bbeff3f,Расчеты,used sparse cells,2026-09-16,mixed,ALL3,null,2955,n
1.0.0,"Таблица по подбору сечений теплых ангаров пролетами 9м, 12м, 15м, 18м, 21м, 24м версия 1,5.xlsx",0271b96c6fe725d3e50ad7891401958322a5ae97866bb0bf8cb190bc4bbeff3f,Расчеты,used sparse cells,2026-09-16,mixed,ALM3,null,2960,n
1.0.0,"Таблица по подбору сечений теплых ангаров пролетами 9м, 12м, 15м, 18м, 21м, 24м версия 1,5.xlsx",0271b96c6fe725d3e50ad7891401958322a5ae97866bb0bf8cb190bc4bbeff3f,Расчеты,used sparse cells,2026-09-16,mixed,ALN3,null,2965,n
1.0.0,"Таблица по подбору сечений теплых ангаров пролетами 9м, 12м, 15м, 18м, 21м, 24м версия 1,5.xlsx",0271b96c6fe725d3e50ad7891401958322a5ae97866bb0bf8cb190bc4bbeff3f,Расчеты,used sparse cells,2026-09-16,mixed,ALO3,null,2970,n
1.0.0,"Таблица по подбору сечений теплых ангаров пролетами 9м, 12м, 15м, 18м, 21м, 24м версия 1,5.xlsx",0271b96c6fe725d3e50ad7891401958322a5ae97866bb0bf8cb190bc4bbeff3f,Расчеты,used sparse cells,2026-09-16,mixed,ALP3,null,2975,n
1.0.0,"Таблица по подбору сечений теплых ангаров пролетами 9м, 12м, 15м, 18м, 21м, 24м версия 1,5.xlsx",0271b96c6fe725d3e50ad7891401958322a5ae97866bb0bf8cb190bc4bbeff3f,Расчеты,used sparse cells,2026-09-16,mixed,ALQ3,null,2980,n
1.0.0,"Таблица по подбору сечений теплых ангаров пролетами 9м, 12м, 15м, 18м, 21м, 24м версия 1,5.xlsx",0271b96c6fe725d3e50ad7891401958322a5ae97866bb0bf8cb190bc4bbeff3f,Расчеты,used sparse cells,2026-09-16,mixed,ALR3,null,2985,n
1.0.0,"Таблица по подбору сечений теплых ангаров пролетами 9м, 12м, 15м, 18м, 21м, 24м версия 1,5.xlsx",0271b96c6fe725d3e50ad7891401958322a5ae97866bb0bf8cb190bc4bbeff3f,Расчеты,used sparse cells,2026-09-16,mixed,ALS3,null,2990,n
1.0.0,"Таблица по подбору сечений теплых ангаров пролетами 9м, 12м, 15м, 18м, 21м, 24м версия 1,5.xlsx",0271b96c6fe725d3e50ad7891401958322a5ae97866bb0bf8cb190bc4bbeff3f,Расчеты,used sparse cells,2026-09-16,mixed,ALT3,null,2995,n
1.0.0,"Таблица по подбору сечений теплых ангаров пролетами 9м, 12м, 15м, 18м, 21м, 24м версия 1,5.xlsx",0271b96c6fe725d3e50ad7891401958322a5ae97866bb0bf8cb190bc4bbeff3f,Расчеты,used sparse cells,2026-09-16,mixed,ALU3,null,3000,n
1.0.0,"Таблица по подбору сечений теплых ангаров пролетами 9м, 12м, 15м, 18м, 21м, 24м версия 1,5.xlsx",0271b96c6fe725d3e50ad7891401958322a5ae97866bb0bf8cb190bc4bbeff3f,Расчеты,used sparse cells,2026-09-16,mixed,ALW3,null,500,n
1.0.0,"Таблица по подбору сечений теплых ангаров пролетами 9м, 12м, 15м, 18м, 21м, 24м версия 1,5.xlsx",0271b96c6fe725d3e50ad7891401958322a5ae97866bb0bf8cb190bc4bbeff3f,Расчеты,used sparse cells,2026-09-16,mixed,ALX3,null,505,n
1.0.0,"Таблица по подбору сечений теплых ангаров пролетами 9м, 12м, 15м, 18м, 21м, 24м версия 1,5.xlsx",0271b96c6fe725d3e50ad7891401958322a5ae97866bb0bf8cb190bc4bbeff3f,Расчеты,used sparse cells,2026-09-16,mixed,ALY3,null,510,n
1.0.0,"Таблица по подбору сечений теплых ангаров пролетами 9м, 12м, 15м, 18м, 21м, 24м версия 1,5.xlsx",0271b96c6fe725d3e50ad7891401958322a5ae97866bb0bf8cb190bc4bbeff3f,Расчеты,used sparse cells,2026-09-16,mixed,ALZ3,null,515,n
1.0.0,"Таблица по подбору сечений теплых ангаров пролетами 9м, 12м, 15м, 18м, 21м, 24м версия 1,5.xlsx",0271b96c6fe725d3e50ad7891401958322a5ae97866bb0bf8cb190bc4bbeff3f,Расчеты,used sparse cells,2026-09-16,mixed,AMA3,null,520,n
1.0.0,"Таблица по подбору сечений теплых ангаров пролетами 9м, 12м, 15м, 18м, 21м, 24м версия 1,5.xlsx",0271b96c6fe725d3e50ad7891401958322a5ae97866bb0bf8cb190bc4bbeff3f,Расчеты,used sparse cells,2026-09-16,mixed,AMB3,null,525,n
1.0.0,"Таблица по подбору сечений теплых ангаров пролетами 9м, 12м, 15м, 18м, 21м, 24м версия 1,5.xlsx",0271b96c6fe725d3e50ad7891401958322a5ae97866bb0bf8cb190bc4bbeff3f,Расчеты,used sparse cells,2026-09-16,mixed,AMC3,null,530,n
1.0.0,"Таблица по подбору сечений теплых ангаров пролетами 9м, 12м, 15м, 18м, 21м, 24м версия 1,5.xlsx",0271b96c6fe725d3e50ad7891401958322a5ae97866bb0bf8cb190bc4bbeff3f,Расчеты,used sparse cells,2026-09-16,mixed,AMD3,null,535,n
1.0.0,"Таблица по подбору сечений теплых ангаров пролетами 9м, 12м, 15м, 18м, 21м, 24м версия 1,5.xlsx",0271b96c6fe725d3e50ad7891401958322a5ae97866bb0bf8cb190bc4bbeff3f,Расчеты,used sparse cells,2026-09-16,mixed,AME3,null,540,n
1.0.0,"Таблица по подбору сечений теплых ангаров пролетами 9м, 12м, 15м, 18м, 21м, 24м версия 1,5.xlsx",0271b96c6fe725d3e50ad7891401958322a5ae97866bb0bf8cb190bc4bbeff3f,Расчеты,used sparse cells,2026-09-16,mixed,AMF3,null,545,n
1.0.0,"Таблица по подбору сечений теплых ангаров пролетами 9м, 12м, 15м, 18м, 21м, 24м версия 1,5.xlsx",0271b96c6fe725d3e50ad7891401958322a5ae97866bb0bf8cb190bc4bbeff3f,Расчеты,used sparse cells,2026-09-16,mixed,AMG3,null,550,n
1.0.0,"Таблица по подбору сечений теплых ангаров пролетами 9м, 12м, 15м, 18м, 21м, 24м версия 1,5.xlsx",0271b96c6fe725d3e50ad7891401958322a5ae97866bb0bf8cb190bc4bbeff3f,Расчеты,used sparse cells,2026-09-16,mixed,AMH3,null,555,n
1.0.0,"Таблица по подбору сечений теплых ангаров пролетами 9м, 12м, 15м, 18м, 21м, 24м версия 1,5.xlsx",0271b96c6fe725d3e50ad7891401958322a5ae97866bb0bf8cb190bc4bbeff3f,Расчеты,used sparse cells,2026-09-16,mixed,AMI3,null,560,n
1.0.0,"Таблица по подбору сечений теплых ангаров пролетами 9м, 12м, 15м, 18м, 21м, 24м версия 1,5.xlsx",0271b96c6fe725d3e50ad7891401958322a5ae97866bb0bf8cb190bc4bbeff3f,Расчеты,used sparse cells,2026-09-16,mixed,AMJ3,null,565,n
1.0.0,"Таблица по подбору сечений теплых ангаров пролетами 9м, 12м, 15м, 18м, 21м, 24м версия 1,5.xlsx",0271b96c6fe725d3e50ad7891401958322a5ae97866bb0bf8cb190bc4bbeff3f,Расчеты,used sparse cells,2026-09-16,mixed,AMK3,null,570,n
1.0.0,"Таблица по подбору сечений теплых ангаров пролетами 9м, 12м, 15м, 18м, 21м, 24м версия 1,5.xlsx",0271b96c6fe725d3e50ad7891401958322a5ae97866bb0bf8cb190bc4bbeff3f,Расчеты,used sparse cells,2026-09-16,mixed,AML3,null,575,n
1.0.0,"Таблица по подбору сечений теплых ангаров пролетами 9м, 12м, 15м, 18м, 21м, 24м версия 1,5.xlsx",0271b96c6fe725d3e50ad7891401958322a5ae97866bb0bf8cb190bc4bbeff3f,Расчеты,used sparse cells,2026-09-16,mixed,AMM3,null,580,n
1.0.0,"Таблица по подбору сечений теплых ангаров пролетами 9м, 12м, 15м, 18м, 21м, 24м версия 1,5.xlsx",0271b96c6fe725d3e50ad7891401958322a5ae97866bb0bf8cb190bc4bbeff3f,Расчеты,used sparse cells,2026-09-16,mixed,AMN3,null,585,n
1.0.0,"Таблица по подбору сечений теплых ангаров пролетами 9м, 12м, 15м, 18м, 21м, 24м версия 1,5.xlsx",0271b96c6fe725d3e50ad7891401958322a5ae97866bb0bf8cb190bc4bbeff3f,Расчеты,used sparse cells,2026-09-16,mixed,AMO3,null,590,n
1.0.0,"Таблица по подбору сечений теплых ангаров пролетами 9м, 12м, 15м, 18м, 21м, 24м версия 1,5.xlsx",0271b96c6fe725d3e50ad7891401958322a5ae97866bb0bf8cb190bc4bbeff3f,Расчеты,used sparse cells,2026-09-16,mixed,AMP3,null,595,n
1.0.0,"Таблица по подбору сечений теплых ангаров пролетами 9м, 12м, 15м, 18м, 21м, 24м версия 1,5.xlsx",0271b96c6fe725d3e50ad7891401958322a5ae97866bb0bf8cb190bc4bbeff3f,Расчеты,used sparse cells,2026-09-16,mixed,AMQ3,null,600,n
1.0.0,"Таблица по подбору сечений теплых ангаров пролетами 9м, 12м, 15м, 18м, 21м, 24м версия 1,5.xlsx",0271b96c6fe725d3e50ad7891401958322a5ae97866bb0bf8cb190bc4bbeff3f,Расчеты,used sparse cells,2026-09-16,mixed,AMR3,null,605,n
1.0.0,"Таблица по подбору сечений теплых ангаров пролетами 9м, 12м, 15м, 18м, 21м, 24м версия 1,5.xlsx",0271b96c6fe725d3e50ad7891401958322a5ae97866bb0bf8cb190bc4bbeff3f,Расчеты,used sparse cells,2026-09-16,mixed,AMS3,null,610,n
1.0.0,"Таблица по подбору сечений теплых ангаров пролетами 9м, 12м, 15м, 18м, 21м, 24м версия 1,5.xlsx",0271b96c6fe725d3e50ad7891401958322a5ae97866bb0bf8cb190bc4bbeff3f,Расчеты,used sparse cells,2026-09-16,mixed,AMT3,null,615,n
1.0.0,"Таблица по подбору сечений теплых ангаров пролетами 9м, 12м, 15м, 18м, 21м, 24м версия 1,5.xlsx",0271b96c6fe725d3e50ad7891401958322a5ae97866bb0bf8cb190bc4bbeff3f,Расчеты,used sparse cells,2026-09-16,mixed,AMU3,null,620,n
1.0.0,"Таблица по подбору сечений теплых ангаров пролетами 9м, 12м, 15м, 18м, 21м, 24м версия 1,5.xlsx",0271b96c6fe725d3e50ad7891401958322a5ae97866bb0bf8cb190bc4bbeff3f,Расчеты,used sparse cells,2026-09-16,mixed,AMV3,null,625,n
1.0.0,"Таблица по подбору сечений теплых ангаров пролетами 9м, 12м, 15м, 18м, 21м, 24м версия 1,5.xlsx",0271b96c6fe725d3e50ad7891401958322a5ae97866bb0bf8cb190bc4bbeff3f,Расчеты,used sparse cells,2026-09-16,mixed,AMW3,null,630,n
1.0.0,"Таблица по подбору сечений теплых ангаров пролетами 9м, 12м, 15м, 18м, 21м, 24м версия 1,5.xlsx",0271b96c6fe725d3e50ad7891401958322a5ae97866bb0bf8cb190bc4bbeff3f,Расчеты,used sparse cells,2026-09-16,mixed,AMX3,null,635,n
1.0.0,"Таблица по подбору сечений теплых ангаров пролетами 9м, 12м, 15м, 18м, 21м, 24м версия 1,5.xlsx",0271b96c6fe725d3e50ad7891401958322a5ae97866bb0bf8cb190bc4bbeff3f,Расчеты,used sparse cells,2026-09-16,mixed,AMY3,null,640,n
1.0.0,"Таблица по подбору сечений теплых ангаров пролетами 9м, 12м, 15м, 18м, 21м, 24м версия 1,5.xlsx",0271b96c6fe725d3e50ad7891401958322a5ae97866bb0bf8cb190bc4bbeff3f,Расчеты,used sparse cells,2026-09-16,mixed,AMZ3,null,645,n
1.0.0,"Таблица по подбору сечений теплых ангаров пролетами 9м, 12м, 15м, 18м, 21м, 24м версия 1,5.xlsx",0271b96c6fe725d3e50ad7891401958322a5ae97866bb0bf8cb190bc4bbeff3f,Расчеты,used sparse cells,2026-09-16,mixed,ANA3,null,650,n
1.0.0,"Таблица по подбору сечений теплых ангаров пролетами 9м, 12м, 15м, 18м, 21м, 24м версия 1,5.xlsx",0271b96c6fe725d3e50ad7891401958322a5ae97866bb0bf8cb190bc4bbeff3f,Расчеты,used sparse cells,2026-09-16,mixed,ANB3,null,655,n
1.0.0,"Таблица по подбору сечений теплых ангаров пролетами 9м, 12м, 15м, 18м, 21м, 24м версия 1,5.xlsx",0271b96c6fe725d3e50ad7891401958322a5ae97866bb0bf8cb190bc4bbeff3f,Расчеты,used sparse cells,2026-09-16,mixed,ANC3,null,660,n
1.0.0,"Таблица по подбору сечений теплых ангаров пролетами 9м, 12м, 15м, 18м, 21м, 24м версия 1,5.xlsx",0271b96c6fe725d3e50ad7891401958322a5ae97866bb0bf8cb190bc4bbeff3f,Расчеты,used sparse cells,2026-09-16,mixed,AND3,null,665,n
1.0.0,"Таблица по подбору сечений теплых ангаров пролетами 9м, 12м, 15м, 18м, 21м, 24м версия 1,5.xlsx",0271b96c6fe725d3e50ad7891401958322a5ae97866bb0bf8cb190bc4bbeff3f,Расчеты,used sparse cells,2026-09-16,mixed,ANE3,null,670,n
1.0.0,"Таблица по подбору сечений теплых ангаров пролетами 9м, 12м, 15м, 18м, 21м, 24м версия 1,5.xlsx",0271b96c6fe725d3e50ad7891401958322a5ae97866bb0bf8cb190bc4bbeff3f,Расчеты,used sparse cells,2026-09-16,mixed,ANF3,null,675,n
1.0.0,"Таблица по подбору сечений теплых ангаров пролетами 9м, 12м, 15м, 18м, 21м, 24м версия 1,5.xlsx",0271b96c6fe725d3e50ad7891401958322a5ae97866bb0bf8cb190bc4bbeff3f,Расчеты,used sparse cells,2026-09-16,mixed,ANG3,null,680,n
1.0.0,"Таблица по подбору сечений теплых ангаров пролетами 9м, 12м, 15м, 18м, 21м, 24м версия 1,5.xlsx",0271b96c6fe725d3e50ad7891401958322a5ae97866bb0bf8cb190bc4bbeff3f,Расчеты,used sparse cells,2026-09-16,mixed,ANH3,null,685,n
1.0.0,"Таблица по подбору сечений теплых ангаров пролетами 9м, 12м, 15м, 18м, 21м, 24м версия 1,5.xlsx",0271b96c6fe725d3e50ad7891401958322a5ae97866bb0bf8cb190bc4bbeff3f,Расчеты,used sparse cells,2026-09-16,mixed,ANI3,null,690,n
1.0.0,"Таблица по подбору сечений теплых ангаров пролетами 9м, 12м, 15м, 18м, 21м, 24м версия 1,5.xlsx",0271b96c6fe725d3e50ad7891401958322a5ae97866bb0bf8cb190bc4bbeff3f,Расчеты,used sparse cells,2026-09-16,mixed,ANJ3,null,695,n
1.0.0,"Таблица по подбору сечений теплых ангаров пролетами 9м, 12м, 15м, 18м, 21м, 24м версия 1,5.xlsx",0271b96c6fe725d3e50ad7891401958322a5ae97866bb0bf8cb190bc4bbeff3f,Расчеты,used sparse cells,2026-09-16,mixed,ANK3,null,700,n
1.0.0,"Таблица по подбору сечений теплых ангаров пролетами 9м, 12м, 15м, 18м, 21м, 24м версия 1,5.xlsx",0271b96c6fe725d3e50ad7891401958322a5ae97866bb0bf8cb190bc4bbeff3f,Расчеты,used sparse cells,2026-09-16,mixed,ANL3,null,705,n
1.0.0,"Таблица по подбору сечений теплых ангаров пролетами 9м, 12м, 15м, 18м, 21м, 24м версия 1,5.xlsx",0271b96c6fe725d3e50ad7891401958322a5ae97866bb0bf8cb190bc4bbeff3f,Расчеты,used sparse cells,2026-09-16,mixed,ANM3,null,710,n
1.0.0,"Таблица по подбору сечений теплых ангаров пролетами 9м, 12м, 15м, 18м, 21м, 24м версия 1,5.xlsx",0271b96c6fe725d3e50ad7891401958322a5ae97866bb0bf8cb190bc4bbeff3f,Расчеты,used sparse cells,2026-09-16,mixed,ANN3,null,715,n
1.0.0,"Таблица по подбору сечений теплых ангаров пролетами 9м, 12м, 15м, 18м, 21м, 24м версия 1,5.xlsx",0271b96c6fe725d3e50ad7891401958322a5ae97866bb0bf8cb190bc4bbeff3f,Расчеты,used sparse cells,2026-09-16,mixed,ANO3,null,720,n
1.0.0,"Таблица по подбору сечений теплых ангаров пролетами 9м, 12м, 15м, 18м, 21м, 24м версия 1,5.xlsx",0271b96c6fe725d3e50ad7891401958322a5ae97866bb0bf8cb190bc4bbeff3f,Расчеты,used sparse cells,2026-09-16,mixed,ANP3,null,725,n
1.0.0,"Таблица по подбору сечений теплых ангаров пролетами 9м, 12м, 15м, 18м, 21м, 24м версия 1,5.xlsx",0271b96c6fe725d3e50ad7891401958322a5ae97866bb0bf8cb190bc4bbeff3f,Расчеты,used sparse cells,2026-09-16,mixed,ANQ3,null,730,n
1.0.0,"Таблица по подбору сечений теплых ангаров пролетами 9м, 12м, 15м, 18м, 21м, 24м версия 1,5.xlsx",0271b96c6fe725d3e50ad7891401958322a5ae97866bb0bf8cb190bc4bbeff3f,Расчеты,used sparse cells,2026-09-16,mixed,ANR3,null,735,n
1.0.0,"Таблица по подбору сечений теплых ангаров пролетами 9м, 12м, 15м, 18м, 21м, 24м версия 1,5.xlsx",0271b96c6fe725d3e50ad7891401958322a5ae97866bb0bf8cb190bc4bbeff3f,Расчеты,used sparse cells,2026-09-16,mixed,ANS3,null,740,n
1.0.0,"Таблица по подбору сечений теплых ангаров пролетами 9м, 12м, 15м, 18м, 21м, 24м версия 1,5.xlsx",0271b96c6fe725d3e50ad7891401958322a5ae97866bb0bf8cb190bc4bbeff3f,Расчеты,used sparse cells,2026-09-16,mixed,ANT3,null,745,n
1.0.0,"Таблица по подбору сечений теплых ангаров пролетами 9м, 12м, 15м, 18м, 21м, 24м версия 1,5.xlsx",0271b96c6fe725d3e50ad7891401958322a5ae97866bb0bf8cb190bc4bbeff3f,Расчеты,used sparse cells,2026-09-16,mixed,ANU3,null,750,n
1.0.0,"Таблица по подбору сечений теплых ангаров пролетами 9м, 12м, 15м, 18м, 21м, 24м версия 1,5.xlsx",0271b96c6fe725d3e50ad7891401958322a5ae97866bb0bf8cb190bc4bbeff3f,Расчеты,used sparse cells,2026-09-16,mixed,ANV3,null,755,n
1.0.0,"Таблица по подбору сечений теплых ангаров пролетами 9м, 12м, 15м, 18м, 21м, 24м версия 1,5.xlsx",0271b96c6fe725d3e50ad7891401958322a5ae97866bb0bf8cb190bc4bbeff3f,Расчеты,used sparse cells,2026-09-16,mixed,ANW3,null,760,n
1.0.0,"Таблица по подбору сечений теплых ангаров пролетами 9м, 12м, 15м, 18м, 21м, 24м версия 1,5.xlsx",0271b96c6fe725d3e50ad7891401958322a5ae97866bb0bf8cb190bc4bbeff3f,Расчеты,used sparse cells,2026-09-16,mixed,ANX3,null,765,n
1.0.0,"Таблица по подбору сечений теплых ангаров пролетами 9м, 12м, 15м, 18м, 21м, 24м версия 1,5.xlsx",0271b96c6fe725d3e50ad7891401958322a5ae97866bb0bf8cb190bc4bbeff3f,Расчеты,used sparse cells,2026-09-16,mixed,ANY3,null,770,n
1.0.0,"Таблица по подбору сечений теплых ангаров пролетами 9м, 12м, 15м, 18м, 21м, 24м версия 1,5.xlsx",0271b96c6fe725d3e50ad7891401958322a5ae97866bb0bf8cb190bc4bbeff3f,Расчеты,used sparse cells,2026-09-16,mixed,ANZ3,null,775,n
1.0.0,"Таблица по подбору сечений теплых ангаров пролетами 9м, 12м, 15м, 18м, 21м, 24м версия 1,5.xlsx",0271b96c6fe725d3e50ad7891401958322a5ae97866bb0bf8cb190bc4bbeff3f,Расчеты,used sparse cells,2026-09-16,mixed,AOA3,null,780,n
1.0.0,"Таблица по подбору сечений теплых ангаров пролетами 9м, 12м, 15м, 18м, 21м, 24м версия 1,5.xlsx",0271b96c6fe725d3e50ad7891401958322a5ae97866bb0bf8cb190bc4bbeff3f,Расчеты,used sparse cells,2026-09-16,mixed,AOB3,null,785,n
1.0.0,"Таблица по подбору сечений теплых ангаров пролетами 9м, 12м, 15м, 18м, 21м, 24м версия 1,5.xlsx",0271b96c6fe725d3e50ad7891401958322a5ae97866bb0bf8cb190bc4bbeff3f,Расчеты,used sparse cells,2026-09-16,mixed,AOC3,null,790,n
1.0.0,"Таблица по подбору сечений теплых ангаров пролетами 9м, 12м, 15м, 18м, 21м, 24м версия 1,5.xlsx",0271b96c6fe725d3e50ad7891401958322a5ae97866bb0bf8cb190bc4bbeff3f,Расчеты,used sparse cells,2026-09-16,mixed,AOD3,null,795,n
1.0.0,"Таблица по подбору сечений теплых ангаров пролетами 9м, 12м, 15м, 18м, 21м, 24м версия 1,5.xlsx",0271b96c6fe725d3e50ad7891401958322a5ae97866bb0bf8cb190bc4bbeff3f,Расчеты,used sparse cells,2026-09-16,mixed,AOE3,null,800,n
1.0.0,"Таблица по подбору сечений теплых ангаров пролетами 9м, 12м, 15м, 18м, 21м, 24м версия 1,5.xlsx",0271b96c6fe725d3e50ad7891401958322a5ae97866bb0bf8cb190bc4bbeff3f,Расчеты,used sparse cells,2026-09-16,mixed,AOF3,null,805,n
1.0.0,"Таблица по подбору сечений теплых ангаров пролетами 9м, 12м, 15м, 18м, 21м, 24м версия 1,5.xlsx",0271b96c6fe725d3e50ad7891401958322a5ae97866bb0bf8cb190bc4bbeff3f,Расчеты,used sparse cells,2026-09-16,mixed,AOG3,null,810,n
1.0.0,"Таблица по подбору сечений теплых ангаров пролетами 9м, 12м, 15м, 18м, 21м, 24м версия 1,5.xlsx",0271b96c6fe725d3e50ad7891401958322a5ae97866bb0bf8cb190bc4bbeff3f,Расчеты,used sparse cells,2026-09-16,mixed,AOH3,null,815,n
1.0.0,"Таблица по подбору сечений теплых ангаров пролетами 9м, 12м, 15м, 18м, 21м, 24м версия 1,5.xlsx",0271b96c6fe725d3e50ad7891401958322a5ae97866bb0bf8cb190bc4bbeff3f,Расчеты,used sparse cells,2026-09-16,mixed,AOI3,null,820,n
1.0.0,"Таблица по подбору сечений теплых ангаров пролетами 9м, 12м, 15м, 18м, 21м, 24м версия 1,5.xlsx",0271b96c6fe725d3e50ad7891401958322a5ae97866bb0bf8cb190bc4bbeff3f,Расчеты,used sparse cells,2026-09-16,mixed,AOJ3,null,825,n
1.0.0,"Таблица по подбору сечений теплых ангаров пролетами 9м, 12м, 15м, 18м, 21м, 24м версия 1,5.xlsx",0271b96c6fe725d3e50ad7891401958322a5ae97866bb0bf8cb190bc4bbeff3f,Расчеты,used sparse cells,2026-09-16,mixed,AOK3,null,830,n
1.0.0,"Таблица по подбору сечений теплых ангаров пролетами 9м, 12м, 15м, 18м, 21м, 24м версия 1,5.xlsx",0271b96c6fe725d3e50ad7891401958322a5ae97866bb0bf8cb190bc4bbeff3f,Расчеты,used sparse cells,2026-09-16,mixed,AOL3,null,835,n
1.0.0,"Таблица по подбору сечений теплых ангаров пролетами 9м, 12м, 15м, 18м, 21м, 24м версия 1,5.xlsx",0271b96c6fe725d3e50ad7891401958322a5ae97866bb0bf8cb190bc4bbeff3f,Расчеты,used sparse cells,2026-09-16,mixed,AOM3,null,840,n
1.0.0,"Таблица по подбору сечений теплых ангаров пролетами 9м, 12м, 15м, 18м, 21м, 24м версия 1,5.xlsx",0271b96c6fe725d3e50ad7891401958322a5ae97866bb0bf8cb190bc4bbeff3f,Расчеты,used sparse cells,2026-09-16,mixed,AON3,null,845,n
1.0.0,"Таблица по подбору сечений теплых ангаров пролетами 9м, 12м, 15м, 18м, 21м, 24м версия 1,5.xlsx",0271b96c6fe725d3e50ad7891401958322a5ae97866bb0bf8cb190bc4bbeff3f,Расчеты,used sparse cells,2026-09-16,mixed,AOO3,null,850,n
1.0.0,"Таблица по подбору сечений теплых ангаров пролетами 9м, 12м, 15м, 18м, 21м, 24м версия 1,5.xlsx",0271b96c6fe725d3e50ad7891401958322a5ae97866bb0bf8cb190bc4bbeff3f,Расчеты,used sparse cells,2026-09-16,mixed,AOP3,null,855,n
1.0.0,"Таблица по подбору сечений теплых ангаров пролетами 9м, 12м, 15м, 18м, 21м, 24м версия 1,5.xlsx",0271b96c6fe725d3e50ad7891401958322a5ae97866bb0bf8cb190bc4bbeff3f,Расчеты,used sparse cells,2026-09-16,mixed,AOQ3,null,860,n
1.0.0,"Таблица по подбору сечений теплых ангаров пролетами 9м, 12м, 15м, 18м, 21м, 24м версия 1,5.xlsx",0271b96c6fe725d3e50ad7891401958322a5ae97866bb0bf8cb190bc4bbeff3f,Расчеты,used sparse cells,2026-09-16,mixed,AOR3,null,865,n
1.0.0,"Таблица по подбору сечений теплых ангаров пролетами 9м, 12м, 15м, 18м, 21м, 24м версия 1,5.xlsx",0271b96c6fe725d3e50ad7891401958322a5ae97866bb0bf8cb190bc4bbeff3f,Расчеты,used sparse cells,2026-09-16,mixed,AOS3,null,870,n
1.0.0,"Таблица по подбору сечений теплых ангаров пролетами 9м, 12м, 15м, 18м, 21м, 24м версия 1,5.xlsx",0271b96c6fe725d3e50ad7891401958322a5ae97866bb0bf8cb190bc4bbeff3f,Расчеты,used sparse cells,2026-09-16,mixed,AOT3,null,875,n
1.0.0,"Таблица по подбору сечений теплых ангаров пролетами 9м, 12м, 15м, 18м, 21м, 24м версия 1,5.xlsx",0271b96c6fe725d3e50ad7891401958322a5ae97866bb0bf8cb190bc4bbeff3f,Расчеты,used sparse cells,2026-09-16,mixed,AOU3,null,880,n
1.0.0,"Таблица по подбору сечений теплых ангаров пролетами 9м, 12м, 15м, 18м, 21м, 24м версия 1,5.xlsx",0271b96c6fe725d3e50ad7891401958322a5ae97866bb0bf8cb190bc4bbeff3f,Расчеты,used sparse cells,2026-09-16,mixed,AOV3,null,885,n
1.0.0,"Таблица по подбору сечений теплых ангаров пролетами 9м, 12м, 15м, 18м, 21м, 24м версия 1,5.xlsx",0271b96c6fe725d3e50ad7891401958322a5ae97866bb0bf8cb190bc4bbeff3f,Расчеты,used sparse cells,2026-09-16,mixed,AOW3,null,890,n
1.0.0,"Таблица по подбору сечений теплых ангаров пролетами 9м, 12м, 15м, 18м, 21м, 24м версия 1,5.xlsx",0271b96c6fe725d3e50ad7891401958322a5ae97866bb0bf8cb190bc4bbeff3f,Расчеты,used sparse cells,2026-09-16,mixed,AOX3,null,895,n
1.0.0,"Таблица по подбору сечений теплых ангаров пролетами 9м, 12м, 15м, 18м, 21м, 24м версия 1,5.xlsx",0271b96c6fe725d3e50ad7891401958322a5ae97866bb0bf8cb190bc4bbeff3f,Расчеты,used sparse cells,2026-09-16,mixed,AOY3,null,900,n
1.0.0,"Таблица по подбору сечений теплых ангаров пролетами 9м, 12м, 15м, 18м, 21м, 24м версия 1,5.xlsx",0271b96c6fe725d3e50ad7891401958322a5ae97866bb0bf8cb190bc4bbeff3f,Расчеты,used sparse cells,2026-09-16,mixed,AOZ3,null,905,n
1.0.0,"Таблица по подбору сечений теплых ангаров пролетами 9м, 12м, 15м, 18м, 21м, 24м версия 1,5.xlsx",0271b96c6fe725d3e50ad7891401958322a5ae97866bb0bf8cb190bc4bbeff3f,Расчеты,used sparse cells,2026-09-16,mixed,APA3,null,910,n
1.0.0,"Таблица по подбору сечений теплых ангаров пролетами 9м, 12м, 15м, 18м, 21м, 24м версия 1,5.xlsx",0271b96c6fe725d3e50ad7891401958322a5ae97866bb0bf8cb190bc4bbeff3f,Расчеты,used sparse cells,2026-09-16,mixed,APB3,null,915,n
1.0.0,"Таблица по подбору сечений теплых ангаров пролетами 9м, 12м, 15м, 18м, 21м, 24м версия 1,5.xlsx",0271b96c6fe725d3e50ad7891401958322a5ae97866bb0bf8cb190bc4bbeff3f,Расчеты,used sparse cells,2026-09-16,mixed,APC3,null,920,n
1.0.0,"Таблица по подбору сечений теплых ангаров пролетами 9м, 12м, 15м, 18м, 21м, 24м версия 1,5.xlsx",0271b96c6fe725d3e50ad7891401958322a5ae97866bb0bf8cb190bc4bbeff3f,Расчеты,used sparse cells,2026-09-16,mixed,APD3,null,925,n
1.0.0,"Таблица по подбору сечений теплых ангаров пролетами 9м, 12м, 15м, 18м, 21м, 24м версия 1,5.xlsx",0271b96c6fe725d3e50ad7891401958322a5ae97866bb0bf8cb190bc4bbeff3f,Расчеты,used sparse cells,2026-09-16,mixed,APE3,null,930,n
1.0.0,"Таблица по подбору сечений теплых ангаров пролетами 9м, 12м, 15м, 18м, 21м, 24м версия 1,5.xlsx",0271b96c6fe725d3e50ad7891401958322a5ae97866bb0bf8cb190bc4bbeff3f,Расчеты,used sparse cells,2026-09-16,mixed,APF3,null,935,n
1.0.0,"Таблица по подбору сечений теплых ангаров пролетами 9м, 12м, 15м, 18м, 21м, 24м версия 1,5.xlsx",0271b96c6fe725d3e50ad7891401958322a5ae97866bb0bf8cb190bc4bbeff3f,Расчеты,used sparse cells,2026-09-16,mixed,APG3,null,940,n
1.0.0,"Таблица по подбору сечений теплых ангаров пролетами 9м, 12м, 15м, 18м, 21м, 24м версия 1,5.xlsx",0271b96c6fe725d3e50ad7891401958322a5ae97866bb0bf8cb190bc4bbeff3f,Расчеты,used sparse cells,2026-09-16,mixed,APH3,null,945,n
1.0.0,"Таблица по подбору сечений теплых ангаров пролетами 9м, 12м, 15м, 18м, 21м, 24м версия 1,5.xlsx",0271b96c6fe725d3e50ad7891401958322a5ae97866bb0bf8cb190bc4bbeff3f,Расчеты,used sparse cells,2026-09-16,mixed,API3,null,950,n
1.0.0,"Таблица по подбору сечений теплых ангаров пролетами 9м, 12м, 15м, 18м, 21м, 24м версия 1,5.xlsx",0271b96c6fe725d3e50ad7891401958322a5ae97866bb0bf8cb190bc4bbeff3f,Расчеты,used sparse cells,2026-09-16,mixed,APJ3,null,955,n
1.0.0,"Таблица по подбору сечений теплых ангаров пролетами 9м, 12м, 15м, 18м, 21м, 24м версия 1,5.xlsx",0271b96c6fe725d3e50ad7891401958322a5ae97866bb0bf8cb190bc4bbeff3f,Расчеты,used sparse cells,2026-09-16,mixed,APK3,null,960,n
1.0.0,"Таблица по подбору сечений теплых ангаров пролетами 9м, 12м, 15м, 18м, 21м, 24м версия 1,5.xlsx",0271b96c6fe725d3e50ad7891401958322a5ae97866bb0bf8cb190bc4bbeff3f,Расчеты,used sparse cells,2026-09-16,mixed,APL3,null,965,n
1.0.0,"Таблица по подбору сечений теплых ангаров пролетами 9м, 12м, 15м, 18м, 21м, 24м версия 1,5.xlsx",0271b96c6fe725d3e50ad7891401958322a5ae97866bb0bf8cb190bc4bbeff3f,Расчеты,used sparse cells,2026-09-16,mixed,APM3,null,970,n
1.0.0,"Таблица по подбору сечений теплых ангаров пролетами 9м, 12м, 15м, 18м, 21м, 24м версия 1,5.xlsx",0271b96c6fe725d3e50ad7891401958322a5ae97866bb0bf8cb190bc4bbeff3f,Расчеты,used sparse cells,2026-09-16,mixed,APN3,null,975,n
1.0.0,"Таблица по подбору сечений теплых ангаров пролетами 9м, 12м, 15м, 18м, 21м, 24м версия 1,5.xlsx",0271b96c6fe725d3e50ad7891401958322a5ae97866bb0bf8cb190bc4bbeff3f,Расчеты,used sparse cells,2026-09-16,mixed,APO3,null,980,n
1.0.0,"Таблица по подбору сечений теплых ангаров пролетами 9м, 12м, 15м, 18м, 21м, 24м версия 1,5.xlsx",0271b96c6fe725d3e50ad7891401958322a5ae97866bb0bf8cb190bc4bbeff3f,Расчеты,used sparse cells,2026-09-16,mixed,APP3,null,985,n
1.0.0,"Таблица по подбору сечений теплых ангаров пролетами 9м, 12м, 15м, 18м, 21м, 24м версия 1,5.xlsx",0271b96c6fe725d3e50ad7891401958322a5ae97866bb0bf8cb190bc4bbeff3f,Расчеты,used sparse cells,2026-09-16,mixed,APQ3,null,990,n
1.0.0,"Таблица по подбору сечений теплых ангаров пролетами 9м, 12м, 15м, 18м, 21м, 24м версия 1,5.xlsx",0271b96c6fe725d3e50ad7891401958322a5ae97866bb0bf8cb190bc4bbeff3f,Расчеты,used sparse cells,2026-09-16,mixed,APR3,null,995,n
1.0.0,"Таблица по подбору сечений теплых ангаров пролетами 9м, 12м, 15м, 18м, 21м, 24м версия 1,5.xlsx",0271b96c6fe725d3e50ad7891401958322a5ae97866bb0bf8cb190bc4bbeff3f,Расчеты,used sparse cells,2026-09-16,mixed,APS3,null,1000,n
1.0.0,"Таблица по подбору сечений теплых ангаров пролетами 9м, 12м, 15м, 18м, 21м, 24м версия 1,5.xlsx",0271b96c6fe725d3e50ad7891401958322a5ae97866bb0bf8cb190bc4bbeff3f,Расчеты,used sparse cells,2026-09-16,mixed,APT3,null,1005,n
1.0.0,"Таблица по подбору сечений теплых ангаров пролетами 9м, 12м, 15м, 18м, 21м, 24м версия 1,5.xlsx",0271b96c6fe725d3e50ad7891401958322a5ae97866bb0bf8cb190bc4bbeff3f,Расчеты,used sparse cells,2026-09-16,mixed,APU3,null,1010,n
1.0.0,"Таблица по подбору сечений теплых ангаров пролетами 9м, 12м, 15м, 18м, 21м, 24м версия 1,5.xlsx",0271b96c6fe725d3e50ad7891401958322a5ae97866bb0bf8cb190bc4bbeff3f,Расчеты,used sparse cells,2026-09-16,mixed,APV3,null,1015,n
1.0.0,"Таблица по подбору сечений теплых ангаров пролетами 9м, 12м, 15м, 18м, 21м, 24м версия 1,5.xlsx",0271b96c6fe725d3e50ad7891401958322a5ae97866bb0bf8cb190bc4bbeff3f,Расчеты,used sparse cells,2026-09-16,mixed,APW3,null,1020,n
1.0.0,"Таблица по подбору сечений теплых ангаров пролетами 9м, 12м, 15м, 18м, 21м, 24м версия 1,5.xlsx",0271b96c6fe725d3e50ad7891401958322a5ae97866bb0bf8cb190bc4bbeff3f,Расчеты,used sparse cells,2026-09-16,mixed,APX3,null,1025,n
1.0.0,"Таблица по подбору сечений теплых ангаров пролетами 9м, 12м, 15м, 18м, 21м, 24м версия 1,5.xlsx",0271b96c6fe725d3e50ad7891401958322a5ae97866bb0bf8cb190bc4bbeff3f,Расчеты,used sparse cells,2026-09-16,mixed,APY3,null,1030,n
1.0.0,"Таблица по подбору сечений теплых ангаров пролетами 9м, 12м, 15м, 18м, 21м, 24м версия 1,5.xlsx",0271b96c6fe725d3e50ad7891401958322a5ae97866bb0bf8cb190bc4bbeff3f,Расчеты,used sparse cells,2026-09-16,mixed,APZ3,null,1035,n
1.0.0,"Таблица по подбору сечений теплых ангаров пролетами 9м, 12м, 15м, 18м, 21м, 24м версия 1,5.xlsx",0271b96c6fe725d3e50ad7891401958322a5ae97866bb0bf8cb190bc4bbeff3f,Расчеты,used sparse cells,2026-09-16,mixed,AQA3,null,1040,n
1.0.0,"Таблица по подбору сечений теплых ангаров пролетами 9м, 12м, 15м, 18м, 21м, 24м версия 1,5.xlsx",0271b96c6fe725d3e50ad7891401958322a5ae97866bb0bf8cb190bc4bbeff3f,Расчеты,used sparse cells,2026-09-16,mixed,AQB3,null,1045,n
1.0.0,"Таблица по подбору сечений теплых ангаров пролетами 9м, 12м, 15м, 18м, 21м, 24м версия 1,5.xlsx",0271b96c6fe725d3e50ad7891401958322a5ae97866bb0bf8cb190bc4bbeff3f,Расчеты,used sparse cells,2026-09-16,mixed,AQC3,null,1050,n
1.0.0,"Таблица по подбору сечений теплых ангаров пролетами 9м, 12м, 15м, 18м, 21м, 24м версия 1,5.xlsx",0271b96c6fe725d3e50ad7891401958322a5ae97866bb0bf8cb190bc4bbeff3f,Расчеты,used sparse cells,2026-09-16,mixed,AQD3,null,1055,n
1.0.0,"Таблица по подбору сечений теплых ангаров пролетами 9м, 12м, 15м, 18м, 21м, 24м версия 1,5.xlsx",0271b96c6fe725d3e50ad7891401958322a5ae97866bb0bf8cb190bc4bbeff3f,Расчеты,used sparse cells,2026-09-16,mixed,AQE3,null,1060,n
1.0.0,"Таблица по подбору сечений теплых ангаров пролетами 9м, 12м, 15м, 18м, 21м, 24м версия 1,5.xlsx",0271b96c6fe725d3e50ad7891401958322a5ae97866bb0bf8cb190bc4bbeff3f,Расчеты,used sparse cells,2026-09-16,mixed,AQF3,null,1065,n
1.0.0,"Таблица по подбору сечений теплых ангаров пролетами 9м, 12м, 15м, 18м, 21м, 24м версия 1,5.xlsx",0271b96c6fe725d3e50ad7891401958322a5ae97866bb0bf8cb190bc4bbeff3f,Расчеты,used sparse cells,2026-09-16,mixed,AQG3,null,1070,n
1.0.0,"Таблица по подбору сечений теплых ангаров пролетами 9м, 12м, 15м, 18м, 21м, 24м версия 1,5.xlsx",0271b96c6fe725d3e50ad7891401958322a5ae97866bb0bf8cb190bc4bbeff3f,Расчеты,used sparse cells,2026-09-16,mixed,AQH3,null,1075,n
1.0.0,"Таблица по подбору сечений теплых ангаров пролетами 9м, 12м, 15м, 18м, 21м, 24м версия 1,5.xlsx",0271b96c6fe725d3e50ad7891401958322a5ae97866bb0bf8cb190bc4bbeff3f,Расчеты,used sparse cells,2026-09-16,mixed,AQI3,null,1080,n
1.0.0,"Таблица по подбору сечений теплых ангаров пролетами 9м, 12м, 15м, 18м, 21м, 24м версия 1,5.xlsx",0271b96c6fe725d3e50ad7891401958322a5ae97866bb0bf8cb190bc4bbeff3f,Расчеты,used sparse cells,2026-09-16,mixed,AQJ3,null,1085,n
1.0.0,"Таблица по подбору сечений теплых ангаров пролетами 9м, 12м, 15м, 18м, 21м, 24м версия 1,5.xlsx",0271b96c6fe725d3e50ad7891401958322a5ae97866bb0bf8cb190bc4bbeff3f,Расчеты,used sparse cells,2026-09-16,mixed,AQK3,null,1090,n
1.0.0,"Таблица по подбору сечений теплых ангаров пролетами 9м, 12м, 15м, 18м, 21м, 24м версия 1,5.xlsx",0271b96c6fe725d3e50ad7891401958322a5ae97866bb0bf8cb190bc4bbeff3f,Расчеты,used sparse cells,2026-09-16,mixed,AQL3,null,1095,n
1.0.0,"Таблица по подбору сечений теплых ангаров пролетами 9м, 12м, 15м, 18м, 21м, 24м версия 1,5.xlsx",0271b96c6fe725d3e50ad7891401958322a5ae97866bb0bf8cb190bc4bbeff3f,Расчеты,used sparse cells,2026-09-16,mixed,AQM3,null,1100,n
1.0.0,"Таблица по подбору сечений теплых ангаров пролетами 9м, 12м, 15м, 18м, 21м, 24м версия 1,5.xlsx",0271b96c6fe725d3e50ad7891401958322a5ae97866bb0bf8cb190bc4bbeff3f,Расчеты,used sparse cells,2026-09-16,mixed,AQN3,null,1105,n
1.0.0,"Таблица по подбору сечений теплых ангаров пролетами 9м, 12м, 15м, 18м, 21м, 24м версия 1,5.xlsx",0271b96c6fe725d3e50ad7891401958322a5ae97866bb0bf8cb190bc4bbeff3f,Расчеты,used sparse cells,2026-09-16,mixed,AQO3,null,1110,n
1.0.0,"Таблица по подбору сечений теплых ангаров пролетами 9м, 12м, 15м, 18м, 21м, 24м версия 1,5.xlsx",0271b96c6fe725d3e50ad7891401958322a5ae97866bb0bf8cb190bc4bbeff3f,Расчеты,used sparse cells,2026-09-16,mixed,AQP3,null,1115,n
1.0.0,"Таблица по подбору сечений теплых ангаров пролетами 9м, 12м, 15м, 18м, 21м, 24м версия 1,5.xlsx",0271b96c6fe725d3e50ad7891401958322a5ae97866bb0bf8cb190bc4bbeff3f,Расчеты,used sparse cells,2026-09-16,mixed,AQQ3,null,1120,n
1.0.0,"Таблица по подбору сечений теплых ангаров пролетами 9м, 12м, 15м, 18м, 21м, 24м версия 1,5.xlsx",0271b96c6fe725d3e50ad7891401958322a5ae97866bb0bf8cb190bc4bbeff3f,Расчеты,used sparse cells,2026-09-16,mixed,AQR3,null,1125,n
1.0.0,"Таблица по подбору сечений теплых ангаров пролетами 9м, 12м, 15м, 18м, 21м, 24м версия 1,5.xlsx",0271b96c6fe725d3e50ad7891401958322a5ae97866bb0bf8cb190bc4bbeff3f,Расчеты,used sparse cells,2026-09-16,mixed,AQS3,null,1130,n
1.0.0,"Таблица по подбору сечений теплых ангаров пролетами 9м, 12м, 15м, 18м, 21м, 24м версия 1,5.xlsx",0271b96c6fe725d3e50ad7891401958322a5ae97866bb0bf8cb190bc4bbeff3f,Расчеты,used sparse cells,2026-09-16,mixed,AQT3,null,1135,n
1.0.0,"Таблица по подбору сечений теплых ангаров пролетами 9м, 12м, 15м, 18м, 21м, 24м версия 1,5.xlsx",0271b96c6fe725d3e50ad7891401958322a5ae97866bb0bf8cb190bc4bbeff3f,Расчеты,used sparse cells,2026-09-16,mixed,AQU3,null,1140,n
1.0.0,"Таблица по подбору сечений теплых ангаров пролетами 9м, 12м, 15м, 18м, 21м, 24м версия 1,5.xlsx",0271b96c6fe725d3e50ad7891401958322a5ae97866bb0bf8cb190bc4bbeff3f,Расчеты,used sparse cells,2026-09-16,mixed,AQV3,null,1145,n
1.0.0,"Таблица по подбору сечений теплых ангаров пролетами 9м, 12м, 15м, 18м, 21м, 24м версия 1,5.xlsx",0271b96c6fe725d3e50ad7891401958322a5ae97866bb0bf8cb190bc4bbeff3f,Расчеты,used sparse cells,2026-09-16,mixed,AQW3,null,1150,n
1.0.0,"Таблица по подбору сечений теплых ангаров пролетами 9м, 12м, 15м, 18м, 21м, 24м версия 1,5.xlsx",0271b96c6fe725d3e50ad7891401958322a5ae97866bb0bf8cb190bc4bbeff3f,Расчеты,used sparse cells,2026-09-16,mixed,AQX3,null,1155,n
1.0.0,"Таблица по подбору сечений теплых ангаров пролетами 9м, 12м, 15м, 18м, 21м, 24м версия 1,5.xlsx",0271b96c6fe725d3e50ad7891401958322a5ae97866bb0bf8cb190bc4bbeff3f,Расчеты,used sparse cells,2026-09-16,mixed,AQY3,null,1160,n
1.0.0,"Таблица по подбору сечений теплых ангаров пролетами 9м, 12м, 15м, 18м, 21м, 24м версия 1,5.xlsx",0271b96c6fe725d3e50ad7891401958322a5ae97866bb0bf8cb190bc4bbeff3f,Расчеты,used sparse cells,2026-09-16,mixed,AQZ3,null,1165,n
1.0.0,"Таблица по подбору сечений теплых ангаров пролетами 9м, 12м, 15м, 18м, 21м, 24м версия 1,5.xlsx",0271b96c6fe725d3e50ad7891401958322a5ae97866bb0bf8cb190bc4bbeff3f,Расчеты,used sparse cells,2026-09-16,mixed,ARA3,null,1170,n
1.0.0,"Таблица по подбору сечений теплых ангаров пролетами 9м, 12м, 15м, 18м, 21м, 24м версия 1,5.xlsx",0271b96c6fe725d3e50ad7891401958322a5ae97866bb0bf8cb190bc4bbeff3f,Расчеты,used sparse cells,2026-09-16,mixed,ARB3,null,1175,n
1.0.0,"Таблица по подбору сечений теплых ангаров пролетами 9м, 12м, 15м, 18м, 21м, 24м версия 1,5.xlsx",0271b96c6fe725d3e50ad7891401958322a5ae97866bb0bf8cb190bc4bbeff3f,Расчеты,used sparse cells,2026-09-16,mixed,ARC3,null,1180,n
1.0.0,"Таблица по подбору сечений теплых ангаров пролетами 9м, 12м, 15м, 18м, 21м, 24м версия 1,5.xlsx",0271b96c6fe725d3e50ad7891401958322a5ae97866bb0bf8cb190bc4bbeff3f,Расчеты,used sparse cells,2026-09-16,mixed,ARD3,null,1185,n
1.0.0,"Таблица по подбору сечений теплых ангаров пролетами 9м, 12м, 15м, 18м, 21м, 24м версия 1,5.xlsx",0271b96c6fe725d3e50ad7891401958322a5ae97866bb0bf8cb190bc4bbeff3f,Расчеты,used sparse cells,2026-09-16,mixed,ARE3,null,1190,n
1.0.0,"Таблица по подбору сечений теплых ангаров пролетами 9м, 12м, 15м, 18м, 21м, 24м версия 1,5.xlsx",0271b96c6fe725d3e50ad7891401958322a5ae97866bb0bf8cb190bc4bbeff3f,Расчеты,used sparse cells,2026-09-16,mixed,ARF3,null,1195,n
1.0.0,"Таблица по подбору сечений теплых ангаров пролетами 9м, 12м, 15м, 18м, 21м, 24м версия 1,5.xlsx",0271b96c6fe725d3e50ad7891401958322a5ae97866bb0bf8cb190bc4bbeff3f,Расчеты,used sparse cells,2026-09-16,mixed,ARG3,null,1200,n
1.0.0,"Таблица по подбору сечений теплых ангаров пролетами 9м, 12м, 15м, 18м, 21м, 24м версия 1,5.xlsx",0271b96c6fe725d3e50ad7891401958322a5ae97866bb0bf8cb190bc4bbeff3f,Расчеты,used sparse cells,2026-09-16,mixed,ARH3,null,1205,n
1.0.0,"Таблица по подбору сечений теплых ангаров пролетами 9м, 12м, 15м, 18м, 21м, 24м версия 1,5.xlsx",0271b96c6fe725d3e50ad7891401958322a5ae97866bb0bf8cb190bc4bbeff3f,Расчеты,used sparse cells,2026-09-16,mixed,ARI3,null,1210,n
1.0.0,"Таблица по подбору сечений теплых ангаров пролетами 9м, 12м, 15м, 18м, 21м, 24м версия 1,5.xlsx",0271b96c6fe725d3e50ad7891401958322a5ae97866bb0bf8cb190bc4bbeff3f,Расчеты,used sparse cells,2026-09-16,mixed,ARJ3,null,1215,n
1.0.0,"Таблица по подбору сечений теплых ангаров пролетами 9м, 12м, 15м, 18м, 21м, 24м версия 1,5.xlsx",0271b96c6fe725d3e50ad7891401958322a5ae97866bb0bf8cb190bc4bbeff3f,Расчеты,used sparse cells,2026-09-16,mixed,ARK3,null,1220,n
1.0.0,"Таблица по подбору сечений теплых ангаров пролетами 9м, 12м, 15м, 18м, 21м, 24м версия 1,5.xlsx",0271b96c6fe725d3e50ad7891401958322a5ae97866bb0bf8cb190bc4bbeff3f,Расчеты,used sparse cells,2026-09-16,mixed,ARL3,null,1225,n
1.0.0,"Таблица по подбору сечений теплых ангаров пролетами 9м, 12м, 15м, 18м, 21м, 24м версия 1,5.xlsx",0271b96c6fe725d3e50ad7891401958322a5ae97866bb0bf8cb190bc4bbeff3f,Расчеты,used sparse cells,2026-09-16,mixed,ARM3,null,1230,n
1.0.0,"Таблица по подбору сечений теплых ангаров пролетами 9м, 12м, 15м, 18м, 21м, 24м версия 1,5.xlsx",0271b96c6fe725d3e50ad7891401958322a5ae97866bb0bf8cb190bc4bbeff3f,Расчеты,used sparse cells,2026-09-16,mixed,ARN3,null,1235,n
1.0.0,"Таблица по подбору сечений теплых ангаров пролетами 9м, 12м, 15м, 18м, 21м, 24м версия 1,5.xlsx",0271b96c6fe725d3e50ad7891401958322a5ae97866bb0bf8cb190bc4bbeff3f,Расчеты,used sparse cells,2026-09-16,mixed,ARO3,null,1240,n
1.0.0,"Таблица по подбору сечений теплых ангаров пролетами 9м, 12м, 15м, 18м, 21м, 24м версия 1,5.xlsx",0271b96c6fe725d3e50ad7891401958322a5ae97866bb0bf8cb190bc4bbeff3f,Расчеты,used sparse cells,2026-09-16,mixed,ARP3,null,1245,n
1.0.0,"Таблица по подбору сечений теплых ангаров пролетами 9м, 12м, 15м, 18м, 21м, 24м версия 1,5.xlsx",0271b96c6fe725d3e50ad7891401958322a5ae97866bb0bf8cb190bc4bbeff3f,Расчеты,used sparse cells,2026-09-16,mixed,ARQ3,null,1250,n
1.0.0,"Таблица по подбору сечений теплых ангаров пролетами 9м, 12м, 15м, 18м, 21м, 24м версия 1,5.xlsx",0271b96c6fe725d3e50ad7891401958322a5ae97866bb0bf8cb190bc4bbeff3f,Расчеты,used sparse cells,2026-09-16,mixed,ARR3,null,1255,n
1.0.0,"Таблица по подбору сечений теплых ангаров пролетами 9м, 12м, 15м, 18м, 21м, 24м версия 1,5.xlsx",0271b96c6fe725d3e50ad7891401958322a5ae97866bb0bf8cb190bc4bbeff3f,Расчеты,used sparse cells,2026-09-16,mixed,ARS3,null,1260,n
1.0.0,"Таблица по подбору сечений теплых ангаров пролетами 9м, 12м, 15м, 18м, 21м, 24м версия 1,5.xlsx",0271b96c6fe725d3e50ad7891401958322a5ae97866bb0bf8cb190bc4bbeff3f,Расчеты,used sparse cells,2026-09-16,mixed,ART3,null,1265,n
1.0.0,"Таблица по подбору сечений теплых ангаров пролетами 9м, 12м, 15м, 18м, 21м, 24м версия 1,5.xlsx",0271b96c6fe725d3e50ad7891401958322a5ae97866bb0bf8cb190bc4bbeff3f,Расчеты,used sparse cells,2026-09-16,mixed,ARU3,null,1270,n
1.0.0,"Таблица по подбору сечений теплых ангаров пролетами 9м, 12м, 15м, 18м, 21м, 24м версия 1,5.xlsx",0271b96c6fe725d3e50ad7891401958322a5ae97866bb0bf8cb190bc4bbeff3f,Расчеты,used sparse cells,2026-09-16,mixed,ARV3,null,1275,n
1.0.0,"Таблица по подбору сечений теплых ангаров пролетами 9м, 12м, 15м, 18м, 21м, 24м версия 1,5.xlsx",0271b96c6fe725d3e50ad7891401958322a5ae97866bb0bf8cb190bc4bbeff3f,Расчеты,used sparse cells,2026-09-16,mixed,ARW3,null,1280,n
1.0.0,"Таблица по подбору сечений теплых ангаров пролетами 9м, 12м, 15м, 18м, 21м, 24м версия 1,5.xlsx",0271b96c6fe725d3e50ad7891401958322a5ae97866bb0bf8cb190bc4bbeff3f,Расчеты,used sparse cells,2026-09-16,mixed,ARX3,null,1285,n
1.0.0,"Таблица по подбору сечений теплых ангаров пролетами 9м, 12м, 15м, 18м, 21м, 24м версия 1,5.xlsx",0271b96c6fe725d3e50ad7891401958322a5ae97866bb0bf8cb190bc4bbeff3f,Расчеты,used sparse cells,2026-09-16,mixed,ARY3,null,1290,n
1.0.0,"Таблица по подбору сечений теплых ангаров пролетами 9м, 12м, 15м, 18м, 21м, 24м версия 1,5.xlsx",0271b96c6fe725d3e50ad7891401958322a5ae97866bb0bf8cb190bc4bbeff3f,Расчеты,used sparse cells,2026-09-16,mixed,ARZ3,null,1295,n
1.0.0,"Таблица по подбору сечений теплых ангаров пролетами 9м, 12м, 15м, 18м, 21м, 24м версия 1,5.xlsx",0271b96c6fe725d3e50ad7891401958322a5ae97866bb0bf8cb190bc4bbeff3f,Расчеты,used sparse cells,2026-09-16,mixed,ASA3,null,1300,n
1.0.0,"Таблица по подбору сечений теплых ангаров пролетами 9м, 12м, 15м, 18м, 21м, 24м версия 1,5.xlsx",0271b96c6fe725d3e50ad7891401958322a5ae97866bb0bf8cb190bc4bbeff3f,Расчеты,used sparse cells,2026-09-16,mixed,ASB3,null,1305,n
1.0.0,"Таблица по подбору сечений теплых ангаров пролетами 9м, 12м, 15м, 18м, 21м, 24м версия 1,5.xlsx",0271b96c6fe725d3e50ad7891401958322a5ae97866bb0bf8cb190bc4bbeff3f,Расчеты,used sparse cells,2026-09-16,mixed,ASC3,null,1310,n
1.0.0,"Таблица по подбору сечений теплых ангаров пролетами 9м, 12м, 15м, 18м, 21м, 24м версия 1,5.xlsx",0271b96c6fe725d3e50ad7891401958322a5ae97866bb0bf8cb190bc4bbeff3f,Расчеты,used sparse cells,2026-09-16,mixed,ASD3,null,1315,n
1.0.0,"Таблица по подбору сечений теплых ангаров пролетами 9м, 12м, 15м, 18м, 21м, 24м версия 1,5.xlsx",0271b96c6fe725d3e50ad7891401958322a5ae97866bb0bf8cb190bc4bbeff3f,Расчеты,used sparse cells,2026-09-16,mixed,ASE3,null,1320,n
1.0.0,"Таблица по подбору сечений теплых ангаров пролетами 9м, 12м, 15м, 18м, 21м, 24м версия 1,5.xlsx",0271b96c6fe725d3e50ad7891401958322a5ae97866bb0bf8cb190bc4bbeff3f,Расчеты,used sparse cells,2026-09-16,mixed,ASF3,null,1325,n
1.0.0,"Таблица по подбору сечений теплых ангаров пролетами 9м, 12м, 15м, 18м, 21м, 24м версия 1,5.xlsx",0271b96c6fe725d3e50ad7891401958322a5ae97866bb0bf8cb190bc4bbeff3f,Расчеты,used sparse cells,2026-09-16,mixed,ASG3,null,1330,n
1.0.0,"Таблица по подбору сечений теплых ангаров пролетами 9м, 12м, 15м, 18м, 21м, 24м версия 1,5.xlsx",0271b96c6fe725d3e50ad7891401958322a5ae97866bb0bf8cb190bc4bbeff3f,Расчеты,used sparse cells,2026-09-16,mixed,ASH3,null,1335,n
1.0.0,"Таблица по подбору сечений теплых ангаров пролетами 9м, 12м, 15м, 18м, 21м, 24м версия 1,5.xlsx",0271b96c6fe725d3e50ad7891401958322a5ae97866bb0bf8cb190bc4bbeff3f,Расчеты,used sparse cells,2026-09-16,mixed,ASI3,null,1340,n
1.0.0,"Таблица по подбору сечений теплых ангаров пролетами 9м, 12м, 15м, 18м, 21м, 24м версия 1,5.xlsx",0271b96c6fe725d3e50ad7891401958322a5ae97866bb0bf8cb190bc4bbeff3f,Расчеты,used sparse cells,2026-09-16,mixed,ASJ3,null,1345,n
1.0.0,"Таблица по подбору сечений теплых ангаров пролетами 9м, 12м, 15м, 18м, 21м, 24м версия 1,5.xlsx",0271b96c6fe725d3e50ad7891401958322a5ae97866bb0bf8cb190bc4bbeff3f,Расчеты,used sparse cells,2026-09-16,mixed,ASK3,null,1350,n
1.0.0,"Таблица по подбору сечений теплых ангаров пролетами 9м, 12м, 15м, 18м, 21м, 24м версия 1,5.xlsx",0271b96c6fe725d3e50ad7891401958322a5ae97866bb0bf8cb190bc4bbeff3f,Расчеты,used sparse cells,2026-09-16,mixed,ASL3,null,1355,n
1.0.0,"Таблица по подбору сечений теплых ангаров пролетами 9м, 12м, 15м, 18м, 21м, 24м версия 1,5.xlsx",0271b96c6fe725d3e50ad7891401958322a5ae97866bb0bf8cb190bc4bbeff3f,Расчеты,used sparse cells,2026-09-16,mixed,ASM3,null,1360,n
1.0.0,"Таблица по подбору сечений теплых ангаров пролетами 9м, 12м, 15м, 18м, 21м, 24м версия 1,5.xlsx",0271b96c6fe725d3e50ad7891401958322a5ae97866bb0bf8cb190bc4bbeff3f,Расчеты,used sparse cells,2026-09-16,mixed,ASN3,null,1365,n
1.0.0,"Таблица по подбору сечений теплых ангаров пролетами 9м, 12м, 15м, 18м, 21м, 24м версия 1,5.xlsx",0271b96c6fe725d3e50ad7891401958322a5ae97866bb0bf8cb190bc4bbeff3f,Расчеты,used sparse cells,2026-09-16,mixed,ASO3,null,1370,n
1.0.0,"Таблица по подбору сечений теплых ангаров пролетами 9м, 12м, 15м, 18м, 21м, 24м версия 1,5.xlsx",0271b96c6fe725d3e50ad7891401958322a5ae97866bb0bf8cb190bc4bbeff3f,Расчеты,used sparse cells,2026-09-16,mixed,ASP3,null,1375,n
1.0.0,"Таблица по подбору сечений теплых ангаров пролетами 9м, 12м, 15м, 18м, 21м, 24м версия 1,5.xlsx",0271b96c6fe725d3e50ad7891401958322a5ae97866bb0bf8cb190bc4bbeff3f,Расчеты,used sparse cells,2026-09-16,mixed,ASQ3,null,1380,n
1.0.0,"Таблица по подбору сечений теплых ангаров пролетами 9м, 12м, 15м, 18м, 21м, 24м версия 1,5.xlsx",0271b96c6fe725d3e50ad7891401958322a5ae97866bb0bf8cb190bc4bbeff3f,Расчеты,used sparse cells,2026-09-16,mixed,ASR3,null,1385,n
1.0.0,"Таблица по подбору сечений теплых ангаров пролетами 9м, 12м, 15м, 18м, 21м, 24м версия 1,5.xlsx",0271b96c6fe725d3e50ad7891401958322a5ae97866bb0bf8cb190bc4bbeff3f,Расчеты,used sparse cells,2026-09-16,mixed,ASS3,null,1390,n
1.0.0,"Таблица по подбору сечений теплых ангаров пролетами 9м, 12м, 15м, 18м, 21м, 24м версия 1,5.xlsx",0271b96c6fe725d3e50ad7891401958322a5ae97866bb0bf8cb190bc4bbeff3f,Расчеты,used sparse cells,2026-09-16,mixed,AST3,null,1395,n
1.0.0,"Таблица по подбору сечений теплых ангаров пролетами 9м, 12м, 15м, 18м, 21м, 24м версия 1,5.xlsx",0271b96c6fe725d3e50ad7891401958322a5ae97866bb0bf8cb190bc4bbeff3f,Расчеты,used sparse cells,2026-09-16,mixed,ASU3,null,1400,n
1.0.0,"Таблица по подбору сечений теплых ангаров пролетами 9м, 12м, 15м, 18м, 21м, 24м версия 1,5.xlsx",0271b96c6fe725d3e50ad7891401958322a5ae97866bb0bf8cb190bc4bbeff3f,Расчеты,used sparse cells,2026-09-16,mixed,ASV3,null,1405,n
1.0.0,"Таблица по подбору сечений теплых ангаров пролетами 9м, 12м, 15м, 18м, 21м, 24м версия 1,5.xlsx",0271b96c6fe725d3e50ad7891401958322a5ae97866bb0bf8cb190bc4bbeff3f,Расчеты,used sparse cells,2026-09-16,mixed,ASW3,null,1410,n
1.0.0,"Таблица по подбору сечений теплых ангаров пролетами 9м, 12м, 15м, 18м, 21м, 24м версия 1,5.xlsx",0271b96c6fe725d3e50ad7891401958322a5ae97866bb0bf8cb190bc4bbeff3f,Расчеты,used sparse cells,2026-09-16,mixed,ASX3,null,1415,n
1.0.0,"Таблица по подбору сечений теплых ангаров пролетами 9м, 12м, 15м, 18м, 21м, 24м версия 1,5.xlsx",0271b96c6fe725d3e50ad7891401958322a5ae97866bb0bf8cb190bc4bbeff3f,Расчеты,used sparse cells,2026-09-16,mixed,ASY3,null,1420,n
1.0.0,"Таблица по подбору сечений теплых ангаров пролетами 9м, 12м, 15м, 18м, 21м, 24м версия 1,5.xlsx",0271b96c6fe725d3e50ad7891401958322a5ae97866bb0bf8cb190bc4bbeff3f,Расчеты,used sparse cells,2026-09-16,mixed,ASZ3,null,1425,n
1.0.0,"Таблица по подбору сечений теплых ангаров пролетами 9м, 12м, 15м, 18м, 21м, 24м версия 1,5.xlsx",0271b96c6fe725d3e50ad7891401958322a5ae97866bb0bf8cb190bc4bbeff3f,Расчеты,used sparse cells,2026-09-16,mixed,ATA3,null,1430,n
1.0.0,"Таблица по подбору сечений теплых ангаров пролетами 9м, 12м, 15м, 18м, 21м, 24м версия 1,5.xlsx",0271b96c6fe725d3e50ad7891401958322a5ae97866bb0bf8cb190bc4bbeff3f,Расчеты,used sparse cells,2026-09-16,mixed,ATB3,null,1435,n
1.0.0,"Таблица по подбору сечений теплых ангаров пролетами 9м, 12м, 15м, 18м, 21м, 24м версия 1,5.xlsx",0271b96c6fe725d3e50ad7891401958322a5ae97866bb0bf8cb190bc4bbeff3f,Расчеты,used sparse cells,2026-09-16,mixed,ATC3,null,1440,n
1.0.0,"Таблица по подбору сечений теплых ангаров пролетами 9м, 12м, 15м, 18м, 21м, 24м версия 1,5.xlsx",0271b96c6fe725d3e50ad7891401958322a5ae97866bb0bf8cb190bc4bbeff3f,Расчеты,used sparse cells,2026-09-16,mixed,ATD3,null,1445,n
1.0.0,"Таблица по подбору сечений теплых ангаров пролетами 9м, 12м, 15м, 18м, 21м, 24м версия 1,5.xlsx",0271b96c6fe725d3e50ad7891401958322a5ae97866bb0bf8cb190bc4bbeff3f,Расчеты,used sparse cells,2026-09-16,mixed,ATE3,null,1450,n
1.0.0,"Таблица по подбору сечений теплых ангаров пролетами 9м, 12м, 15м, 18м, 21м, 24м версия 1,5.xlsx",0271b96c6fe725d3e50ad7891401958322a5ae97866bb0bf8cb190bc4bbeff3f,Расчеты,used sparse cells,2026-09-16,mixed,ATF3,null,1455,n
1.0.0,"Таблица по подбору сечений теплых ангаров пролетами 9м, 12м, 15м, 18м, 21м, 24м версия 1,5.xlsx",0271b96c6fe725d3e50ad7891401958322a5ae97866bb0bf8cb190bc4bbeff3f,Расчеты,used sparse cells,2026-09-16,mixed,ATG3,null,1460,n
1.0.0,"Таблица по подбору сечений теплых ангаров пролетами 9м, 12м, 15м, 18м, 21м, 24м версия 1,5.xlsx",0271b96c6fe725d3e50ad7891401958322a5ae97866bb0bf8cb190bc4bbeff3f,Расчеты,used sparse cells,2026-09-16,mixed,ATH3,null,1465,n
1.0.0,"Таблица по подбору сечений теплых ангаров пролетами 9м, 12м, 15м, 18м, 21м, 24м версия 1,5.xlsx",0271b96c6fe725d3e50ad7891401958322a5ae97866bb0bf8cb190bc4bbeff3f,Расчеты,used sparse cells,2026-09-16,mixed,ATI3,null,1470,n
1.0.0,"Таблица по подбору сечений теплых ангаров пролетами 9м, 12м, 15м, 18м, 21м, 24м версия 1,5.xlsx",0271b96c6fe725d3e50ad7891401958322a5ae97866bb0bf8cb190bc4bbeff3f,Расчеты,used sparse cells,2026-09-16,mixed,ATJ3,null,1475,n
1.0.0,"Таблица по подбору сечений теплых ангаров пролетами 9м, 12м, 15м, 18м, 21м, 24м версия 1,5.xlsx",0271b96c6fe725d3e50ad7891401958322a5ae97866bb0bf8cb190bc4bbeff3f,Расчеты,used sparse cells,2026-09-16,mixed,ATK3,null,1480,n
1.0.0,"Таблица по подбору сечений теплых ангаров пролетами 9м, 12м, 15м, 18м, 21м, 24м версия 1,5.xlsx",0271b96c6fe725d3e50ad7891401958322a5ae97866bb0bf8cb190bc4bbeff3f,Расчеты,used sparse cells,2026-09-16,mixed,ATL3,null,1485,n
1.0.0,"Таблица по подбору сечений теплых ангаров пролетами 9м, 12м, 15м, 18м, 21м, 24м версия 1,5.xlsx",0271b96c6fe725d3e50ad7891401958322a5ae97866bb0bf8cb190bc4bbeff3f,Расчеты,used sparse cells,2026-09-16,mixed,ATM3,null,1490,n
1.0.0,"Таблица по подбору сечений теплых ангаров пролетами 9м, 12м, 15м, 18м, 21м, 24м версия 1,5.xlsx",0271b96c6fe725d3e50ad7891401958322a5ae97866bb0bf8cb190bc4bbeff3f,Расчеты,used sparse cells,2026-09-16,mixed,ATN3,null,1495,n
1.0.0,"Таблица по подбору сечений теплых ангаров пролетами 9м, 12м, 15м, 18м, 21м, 24м версия 1,5.xlsx",0271b96c6fe725d3e50ad7891401958322a5ae97866bb0bf8cb190bc4bbeff3f,Расчеты,used sparse cells,2026-09-16,mixed,ATO3,null,1500,n
1.0.0,"Таблица по подбору сечений теплых ангаров пролетами 9м, 12м, 15м, 18м, 21м, 24м версия 1,5.xlsx",0271b96c6fe725d3e50ad7891401958322a5ae97866bb0bf8cb190bc4bbeff3f,Расчеты,used sparse cells,2026-09-16,mixed,ATP3,null,1505,n
1.0.0,"Таблица по подбору сечений теплых ангаров пролетами 9м, 12м, 15м, 18м, 21м, 24м версия 1,5.xlsx",0271b96c6fe725d3e50ad7891401958322a5ae97866bb0bf8cb190bc4bbeff3f,Расчеты,used sparse cells,2026-09-16,mixed,ATQ3,null,1510,n
1.0.0,"Таблица по подбору сечений теплых ангаров пролетами 9м, 12м, 15м, 18м, 21м, 24м версия 1,5.xlsx",0271b96c6fe725d3e50ad7891401958322a5ae97866bb0bf8cb190bc4bbeff3f,Расчеты,used sparse cells,2026-09-16,mixed,ATR3,null,1515,n
1.0.0,"Таблица по подбору сечений теплых ангаров пролетами 9м, 12м, 15м, 18м, 21м, 24м версия 1,5.xlsx",0271b96c6fe725d3e50ad7891401958322a5ae97866bb0bf8cb190bc4bbeff3f,Расчеты,used sparse cells,2026-09-16,mixed,ATS3,null,1520,n
1.0.0,"Таблица по подбору сечений теплых ангаров пролетами 9м, 12м, 15м, 18м, 21м, 24м версия 1,5.xlsx",0271b96c6fe725d3e50ad7891401958322a5ae97866bb0bf8cb190bc4bbeff3f,Расчеты,used sparse cells,2026-09-16,mixed,ATT3,null,1525,n
1.0.0,"Таблица по подбору сечений теплых ангаров пролетами 9м, 12м, 15м, 18м, 21м, 24м версия 1,5.xlsx",0271b96c6fe725d3e50ad7891401958322a5ae97866bb0bf8cb190bc4bbeff3f,Расчеты,used sparse cells,2026-09-16,mixed,ATU3,null,1530,n
1.0.0,"Таблица по подбору сечений теплых ангаров пролетами 9м, 12м, 15м, 18м, 21м, 24м версия 1,5.xlsx",0271b96c6fe725d3e50ad7891401958322a5ae97866bb0bf8cb190bc4bbeff3f,Расчеты,used sparse cells,2026-09-16,mixed,ATV3,null,1535,n
1.0.0,"Таблица по подбору сечений теплых ангаров пролетами 9м, 12м, 15м, 18м, 21м, 24м версия 1,5.xlsx",0271b96c6fe725d3e50ad7891401958322a5ae97866bb0bf8cb190bc4bbeff3f,Расчеты,used sparse cells,2026-09-16,mixed,ATW3,null,1540,n
1.0.0,"Таблица по подбору сечений теплых ангаров пролетами 9м, 12м, 15м, 18м, 21м, 24м версия 1,5.xlsx",0271b96c6fe725d3e50ad7891401958322a5ae97866bb0bf8cb190bc4bbeff3f,Расчеты,used sparse cells,2026-09-16,mixed,ATX3,null,1545,n
1.0.0,"Таблица по подбору сечений теплых ангаров пролетами 9м, 12м, 15м, 18м, 21м, 24м версия 1,5.xlsx",0271b96c6fe725d3e50ad7891401958322a5ae97866bb0bf8cb190bc4bbeff3f,Расчеты,used sparse cells,2026-09-16,mixed,ATY3,null,1550,n
1.0.0,"Таблица по подбору сечений теплых ангаров пролетами 9м, 12м, 15м, 18м, 21м, 24м версия 1,5.xlsx",0271b96c6fe725d3e50ad7891401958322a5ae97866bb0bf8cb190bc4bbeff3f,Расчеты,used sparse cells,2026-09-16,mixed,ATZ3,null,1555,n
1.0.0,"Таблица по подбору сечений теплых ангаров пролетами 9м, 12м, 15м, 18м, 21м, 24м версия 1,5.xlsx",0271b96c6fe725d3e50ad7891401958322a5ae97866bb0bf8cb190bc4bbeff3f,Расчеты,used sparse cells,2026-09-16,mixed,AUA3,null,1560,n
1.0.0,"Таблица по подбору сечений теплых ангаров пролетами 9м, 12м, 15м, 18м, 21м, 24м версия 1,5.xlsx",0271b96c6fe725d3e50ad7891401958322a5ae97866bb0bf8cb190bc4bbeff3f,Расчеты,used sparse cells,2026-09-16,mixed,AUB3,null,1565,n
1.0.0,"Таблица по подбору сечений теплых ангаров пролетами 9м, 12м, 15м, 18м, 21м, 24м версия 1,5.xlsx",0271b96c6fe725d3e50ad7891401958322a5ae97866bb0bf8cb190bc4bbeff3f,Расчеты,used sparse cells,2026-09-16,mixed,AUC3,null,1570,n
1.0.0,"Таблица по подбору сечений теплых ангаров пролетами 9м, 12м, 15м, 18м, 21м, 24м версия 1,5.xlsx",0271b96c6fe725d3e50ad7891401958322a5ae97866bb0bf8cb190bc4bbeff3f,Расчеты,used sparse cells,2026-09-16,mixed,AUD3,null,1575,n
1.0.0,"Таблица по подбору сечений теплых ангаров пролетами 9м, 12м, 15м, 18м, 21м, 24м версия 1,5.xlsx",0271b96c6fe725d3e50ad7891401958322a5ae97866bb0bf8cb190bc4bbeff3f,Расчеты,used sparse cells,2026-09-16,mixed,AUE3,null,1580,n
1.0.0,"Таблица по подбору сечений теплых ангаров пролетами 9м, 12м, 15м, 18м, 21м, 24м версия 1,5.xlsx",0271b96c6fe725d3e50ad7891401958322a5ae97866bb0bf8cb190bc4bbeff3f,Расчеты,used sparse cells,2026-09-16,mixed,AUF3,null,1585,n
1.0.0,"Таблица по подбору сечений теплых ангаров пролетами 9м, 12м, 15м, 18м, 21м, 24м версия 1,5.xlsx",0271b96c6fe725d3e50ad7891401958322a5ae97866bb0bf8cb190bc4bbeff3f,Расчеты,used sparse cells,2026-09-16,mixed,AUG3,null,1590,n
1.0.0,"Таблица по подбору сечений теплых ангаров пролетами 9м, 12м, 15м, 18м, 21м, 24м версия 1,5.xlsx",0271b96c6fe725d3e50ad7891401958322a5ae97866bb0bf8cb190bc4bbeff3f,Расчеты,used sparse cells,2026-09-16,mixed,AUH3,null,1595,n
1.0.0,"Таблица по подбору сечений теплых ангаров пролетами 9м, 12м, 15м, 18м, 21м, 24м версия 1,5.xlsx",0271b96c6fe725d3e50ad7891401958322a5ae97866bb0bf8cb190bc4bbeff3f,Расчеты,used sparse cells,2026-09-16,mixed,AUI3,null,1600,n
1.0.0,"Таблица по подбору сечений теплых ангаров пролетами 9м, 12м, 15м, 18м, 21м, 24м версия 1,5.xlsx",0271b96c6fe725d3e50ad7891401958322a5ae97866bb0bf8cb190bc4bbeff3f,Расчеты,used sparse cells,2026-09-16,mixed,AUJ3,null,1605,n
1.0.0,"Таблица по подбору сечений теплых ангаров пролетами 9м, 12м, 15м, 18м, 21м, 24м версия 1,5.xlsx",0271b96c6fe725d3e50ad7891401958322a5ae97866bb0bf8cb190bc4bbeff3f,Расчеты,used sparse cells,2026-09-16,mixed,AUK3,null,1610,n
1.0.0,"Таблица по подбору сечений теплых ангаров пролетами 9м, 12м, 15м, 18м, 21м, 24м версия 1,5.xlsx",0271b96c6fe725d3e50ad7891401958322a5ae97866bb0bf8cb190bc4bbeff3f,Расчеты,used sparse cells,2026-09-16,mixed,AUL3,null,1615,n
1.0.0,"Таблица по подбору сечений теплых ангаров пролетами 9м, 12м, 15м, 18м, 21м, 24м версия 1,5.xlsx",0271b96c6fe725d3e50ad7891401958322a5ae97866bb0bf8cb190bc4bbeff3f,Расчеты,used sparse cells,2026-09-16,mixed,AUM3,null,1620,n
1.0.0,"Таблица по подбору сечений теплых ангаров пролетами 9м, 12м, 15м, 18м, 21м, 24м версия 1,5.xlsx",0271b96c6fe725d3e50ad7891401958322a5ae97866bb0bf8cb190bc4bbeff3f,Расчеты,used sparse cells,2026-09-16,mixed,AUN3,null,1625,n
1.0.0,"Таблица по подбору сечений теплых ангаров пролетами 9м, 12м, 15м, 18м, 21м, 24м версия 1,5.xlsx",0271b96c6fe725d3e50ad7891401958322a5ae97866bb0bf8cb190bc4bbeff3f,Расчеты,used sparse cells,2026-09-16,mixed,AUO3,null,1630,n
1.0.0,"Таблица по подбору сечений теплых ангаров пролетами 9м, 12м, 15м, 18м, 21м, 24м версия 1,5.xlsx",0271b96c6fe725d3e50ad7891401958322a5ae97866bb0bf8cb190bc4bbeff3f,Расчеты,used sparse cells,2026-09-16,mixed,AUP3,null,1635,n
1.0.0,"Таблица по подбору сечений теплых ангаров пролетами 9м, 12м, 15м, 18м, 21м, 24м версия 1,5.xlsx",0271b96c6fe725d3e50ad7891401958322a5ae97866bb0bf8cb190bc4bbeff3f,Расчеты,used sparse cells,2026-09-16,mixed,AUQ3,null,1640,n
1.0.0,"Таблица по подбору сечений теплых ангаров пролетами 9м, 12м, 15м, 18м, 21м, 24м версия 1,5.xlsx",0271b96c6fe725d3e50ad7891401958322a5ae97866bb0bf8cb190bc4bbeff3f,Расчеты,used sparse cells,2026-09-16,mixed,AUR3,null,1645,n
1.0.0,"Таблица по подбору сечений теплых ангаров пролетами 9м, 12м, 15м, 18м, 21м, 24м версия 1,5.xlsx",0271b96c6fe725d3e50ad7891401958322a5ae97866bb0bf8cb190bc4bbeff3f,Расчеты,used sparse cells,2026-09-16,mixed,AUS3,null,1650,n
1.0.0,"Таблица по подбору сечений теплых ангаров пролетами 9м, 12м, 15м, 18м, 21м, 24м версия 1,5.xlsx",0271b96c6fe725d3e50ad7891401958322a5ae97866bb0bf8cb190bc4bbeff3f,Расчеты,used sparse cells,2026-09-16,mixed,AUT3,null,1655,n
1.0.0,"Таблица по подбору сечений теплых ангаров пролетами 9м, 12м, 15м, 18м, 21м, 24м версия 1,5.xlsx",0271b96c6fe725d3e50ad7891401958322a5ae97866bb0bf8cb190bc4bbeff3f,Расчеты,used sparse cells,2026-09-16,mixed,AUU3,null,1660,n
1.0.0,"Таблица по подбору сечений теплых ангаров пролетами 9м, 12м, 15м, 18м, 21м, 24м версия 1,5.xlsx",0271b96c6fe725d3e50ad7891401958322a5ae97866bb0bf8cb190bc4bbeff3f,Расчеты,used sparse cells,2026-09-16,mixed,AUV3,null,1665,n
1.0.0,"Таблица по подбору сечений теплых ангаров пролетами 9м, 12м, 15м, 18м, 21м, 24м версия 1,5.xlsx",0271b96c6fe725d3e50ad7891401958322a5ae97866bb0bf8cb190bc4bbeff3f,Расчеты,used sparse cells,2026-09-16,mixed,AUW3,null,1670,n
1.0.0,"Таблица по подбору сечений теплых ангаров пролетами 9м, 12м, 15м, 18м, 21м, 24м версия 1,5.xlsx",0271b96c6fe725d3e50ad7891401958322a5ae97866bb0bf8cb190bc4bbeff3f,Расчеты,used sparse cells,2026-09-16,mixed,AUX3,null,1675,n
1.0.0,"Таблица по подбору сечений теплых ангаров пролетами 9м, 12м, 15м, 18м, 21м, 24м версия 1,5.xlsx",0271b96c6fe725d3e50ad7891401958322a5ae97866bb0bf8cb190bc4bbeff3f,Расчеты,used sparse cells,2026-09-16,mixed,AUY3,null,1680,n
1.0.0,"Таблица по подбору сечений теплых ангаров пролетами 9м, 12м, 15м, 18м, 21м, 24м версия 1,5.xlsx",0271b96c6fe725d3e50ad7891401958322a5ae97866bb0bf8cb190bc4bbeff3f,Расчеты,used sparse cells,2026-09-16,mixed,AUZ3,null,1685,n
1.0.0,"Таблица по подбору сечений теплых ангаров пролетами 9м, 12м, 15м, 18м, 21м, 24м версия 1,5.xlsx",0271b96c6fe725d3e50ad7891401958322a5ae97866bb0bf8cb190bc4bbeff3f,Расчеты,used sparse cells,2026-09-16,mixed,AVA3,null,1690,n
1.0.0,"Таблица по подбору сечений теплых ангаров пролетами 9м, 12м, 15м, 18м, 21м, 24м версия 1,5.xlsx",0271b96c6fe725d3e50ad7891401958322a5ae97866bb0bf8cb190bc4bbeff3f,Расчеты,used sparse cells,2026-09-16,mixed,AVB3,null,1695,n
1.0.0,"Таблица по подбору сечений теплых ангаров пролетами 9м, 12м, 15м, 18м, 21м, 24м версия 1,5.xlsx",0271b96c6fe725d3e50ad7891401958322a5ae97866bb0bf8cb190bc4bbeff3f,Расчеты,used sparse cells,2026-09-16,mixed,AVC3,null,1700,n
1.0.0,"Таблица по подбору сечений теплых ангаров пролетами 9м, 12м, 15м, 18м, 21м, 24м версия 1,5.xlsx",0271b96c6fe725d3e50ad7891401958322a5ae97866bb0bf8cb190bc4bbeff3f,Расчеты,used sparse cells,2026-09-16,mixed,AVD3,null,1705,n
1.0.0,"Таблица по подбору сечений теплых ангаров пролетами 9м, 12м, 15м, 18м, 21м, 24м версия 1,5.xlsx",0271b96c6fe725d3e50ad7891401958322a5ae97866bb0bf8cb190bc4bbeff3f,Расчеты,used sparse cells,2026-09-16,mixed,AVE3,null,1710,n
1.0.0,"Таблица по подбору сечений теплых ангаров пролетами 9м, 12м, 15м, 18м, 21м, 24м версия 1,5.xlsx",0271b96c6fe725d3e50ad7891401958322a5ae97866bb0bf8cb190bc4bbeff3f,Расчеты,used sparse cells,2026-09-16,mixed,AVF3,null,1715,n
1.0.0,"Таблица по подбору сечений теплых ангаров пролетами 9м, 12м, 15м, 18м, 21м, 24м версия 1,5.xlsx",0271b96c6fe725d3e50ad7891401958322a5ae97866bb0bf8cb190bc4bbeff3f,Расчеты,used sparse cells,2026-09-16,mixed,AVG3,null,1720,n
1.0.0,"Таблица по подбору сечений теплых ангаров пролетами 9м, 12м, 15м, 18м, 21м, 24м версия 1,5.xlsx",0271b96c6fe725d3e50ad7891401958322a5ae97866bb0bf8cb190bc4bbeff3f,Расчеты,used sparse cells,2026-09-16,mixed,AVH3,null,1725,n
1.0.0,"Таблица по подбору сечений теплых ангаров пролетами 9м, 12м, 15м, 18м, 21м, 24м версия 1,5.xlsx",0271b96c6fe725d3e50ad7891401958322a5ae97866bb0bf8cb190bc4bbeff3f,Расчеты,used sparse cells,2026-09-16,mixed,AVI3,null,1730,n
1.0.0,"Таблица по подбору сечений теплых ангаров пролетами 9м, 12м, 15м, 18м, 21м, 24м версия 1,5.xlsx",0271b96c6fe725d3e50ad7891401958322a5ae97866bb0bf8cb190bc4bbeff3f,Расчеты,used sparse cells,2026-09-16,mixed,AVJ3,null,1735,n
1.0.0,"Таблица по подбору сечений теплых ангаров пролетами 9м, 12м, 15м, 18м, 21м, 24м версия 1,5.xlsx",0271b96c6fe725d3e50ad7891401958322a5ae97866bb0bf8cb190bc4bbeff3f,Расчеты,used sparse cells,2026-09-16,mixed,AVK3,null,1740,n
1.0.0,"Таблица по подбору сечений теплых ангаров пролетами 9м, 12м, 15м, 18м, 21м, 24м версия 1,5.xlsx",0271b96c6fe725d3e50ad7891401958322a5ae97866bb0bf8cb190bc4bbeff3f,Расчеты,used sparse cells,2026-09-16,mixed,AVL3,null,1745,n
1.0.0,"Таблица по подбору сечений теплых ангаров пролетами 9м, 12м, 15м, 18м, 21м, 24м версия 1,5.xlsx",0271b96c6fe725d3e50ad7891401958322a5ae97866bb0bf8cb190bc4bbeff3f,Расчеты,used sparse cells,2026-09-16,mixed,AVM3,null,1750,n
1.0.0,"Таблица по подбору сечений теплых ангаров пролетами 9м, 12м, 15м, 18м, 21м, 24м версия 1,5.xlsx",0271b96c6fe725d3e50ad7891401958322a5ae97866bb0bf8cb190bc4bbeff3f,Расчеты,used sparse cells,2026-09-16,mixed,AVN3,null,1755,n
1.0.0,"Таблица по подбору сечений теплых ангаров пролетами 9м, 12м, 15м, 18м, 21м, 24м версия 1,5.xlsx",0271b96c6fe725d3e50ad7891401958322a5ae97866bb0bf8cb190bc4bbeff3f,Расчеты,used sparse cells,2026-09-16,mixed,AVO3,null,1760,n
1.0.0,"Таблица по подбору сечений теплых ангаров пролетами 9м, 12м, 15м, 18м, 21м, 24м версия 1,5.xlsx",0271b96c6fe725d3e50ad7891401958322a5ae97866bb0bf8cb190bc4bbeff3f,Расчеты,used sparse cells,2026-09-16,mixed,AVP3,null,1765,n
1.0.0,"Таблица по подбору сечений теплых ангаров пролетами 9м, 12м, 15м, 18м, 21м, 24м версия 1,5.xlsx",0271b96c6fe725d3e50ad7891401958322a5ae97866bb0bf8cb190bc4bbeff3f,Расчеты,used sparse cells,2026-09-16,mixed,AVQ3,null,1770,n
1.0.0,"Таблица по подбору сечений теплых ангаров пролетами 9м, 12м, 15м, 18м, 21м, 24м версия 1,5.xlsx",0271b96c6fe725d3e50ad7891401958322a5ae97866bb0bf8cb190bc4bbeff3f,Расчеты,used sparse cells,2026-09-16,mixed,AVR3,null,1775,n
1.0.0,"Таблица по подбору сечений теплых ангаров пролетами 9м, 12м, 15м, 18м, 21м, 24м версия 1,5.xlsx",0271b96c6fe725d3e50ad7891401958322a5ae97866bb0bf8cb190bc4bbeff3f,Расчеты,used sparse cells,2026-09-16,mixed,AVS3,null,1780,n
1.0.0,"Таблица по подбору сечений теплых ангаров пролетами 9м, 12м, 15м, 18м, 21м, 24м версия 1,5.xlsx",0271b96c6fe725d3e50ad7891401958322a5ae97866bb0bf8cb190bc4bbeff3f,Расчеты,used sparse cells,2026-09-16,mixed,AVT3,null,1785,n
1.0.0,"Таблица по подбору сечений теплых ангаров пролетами 9м, 12м, 15м, 18м, 21м, 24м версия 1,5.xlsx",0271b96c6fe725d3e50ad7891401958322a5ae97866bb0bf8cb190bc4bbeff3f,Расчеты,used sparse cells,2026-09-16,mixed,AVU3,null,1790,n
1.0.0,"Таблица по подбору сечений теплых ангаров пролетами 9м, 12м, 15м, 18м, 21м, 24м версия 1,5.xlsx",0271b96c6fe725d3e50ad7891401958322a5ae97866bb0bf8cb190bc4bbeff3f,Расчеты,used sparse cells,2026-09-16,mixed,AVV3,null,1795,n
1.0.0,"Таблица по подбору сечений теплых ангаров пролетами 9м, 12м, 15м, 18м, 21м, 24м версия 1,5.xlsx",0271b96c6fe725d3e50ad7891401958322a5ae97866bb0bf8cb190bc4bbeff3f,Расчеты,used sparse cells,2026-09-16,mixed,AVW3,null,1800,n
1.0.0,"Таблица по подбору сечений теплых ангаров пролетами 9м, 12м, 15м, 18м, 21м, 24м версия 1,5.xlsx",0271b96c6fe725d3e50ad7891401958322a5ae97866bb0bf8cb190bc4bbeff3f,Расчеты,used sparse cells,2026-09-16,mixed,AVX3,null,1805,n
1.0.0,"Таблица по подбору сечений теплых ангаров пролетами 9м, 12м, 15м, 18м, 21м, 24м версия 1,5.xlsx",0271b96c6fe725d3e50ad7891401958322a5ae97866bb0bf8cb190bc4bbeff3f,Расчеты,used sparse cells,2026-09-16,mixed,AVY3,null,1810,n
1.0.0,"Таблица по подбору сечений теплых ангаров пролетами 9м, 12м, 15м, 18м, 21м, 24м версия 1,5.xlsx",0271b96c6fe725d3e50ad7891401958322a5ae97866bb0bf8cb190bc4bbeff3f,Расчеты,used sparse cells,2026-09-16,mixed,AVZ3,null,1815,n
1.0.0,"Таблица по подбору сечений теплых ангаров пролетами 9м, 12м, 15м, 18м, 21м, 24м версия 1,5.xlsx",0271b96c6fe725d3e50ad7891401958322a5ae97866bb0bf8cb190bc4bbeff3f,Расчеты,used sparse cells,2026-09-16,mixed,AWA3,null,1820,n
1.0.0,"Таблица по подбору сечений теплых ангаров пролетами 9м, 12м, 15м, 18м, 21м, 24м версия 1,5.xlsx",0271b96c6fe725d3e50ad7891401958322a5ae97866bb0bf8cb190bc4bbeff3f,Расчеты,used sparse cells,2026-09-16,mixed,AWB3,null,1825,n
1.0.0,"Таблица по подбору сечений теплых ангаров пролетами 9м, 12м, 15м, 18м, 21м, 24м версия 1,5.xlsx",0271b96c6fe725d3e50ad7891401958322a5ae97866bb0bf8cb190bc4bbeff3f,Расчеты,used sparse cells,2026-09-16,mixed,AWC3,null,1830,n
1.0.0,"Таблица по подбору сечений теплых ангаров пролетами 9м, 12м, 15м, 18м, 21м, 24м версия 1,5.xlsx",0271b96c6fe725d3e50ad7891401958322a5ae97866bb0bf8cb190bc4bbeff3f,Расчеты,used sparse cells,2026-09-16,mixed,AWD3,null,1835,n
1.0.0,"Таблица по подбору сечений теплых ангаров пролетами 9м, 12м, 15м, 18м, 21м, 24м версия 1,5.xlsx",0271b96c6fe725d3e50ad7891401958322a5ae97866bb0bf8cb190bc4bbeff3f,Расчеты,used sparse cells,2026-09-16,mixed,AWE3,null,1840,n
1.0.0,"Таблица по подбору сечений теплых ангаров пролетами 9м, 12м, 15м, 18м, 21м, 24м версия 1,5.xlsx",0271b96c6fe725d3e50ad7891401958322a5ae97866bb0bf8cb190bc4bbeff3f,Расчеты,used sparse cells,2026-09-16,mixed,AWF3,null,1845,n
1.0.0,"Таблица по подбору сечений теплых ангаров пролетами 9м, 12м, 15м, 18м, 21м, 24м версия 1,5.xlsx",0271b96c6fe725d3e50ad7891401958322a5ae97866bb0bf8cb190bc4bbeff3f,Расчеты,used sparse cells,2026-09-16,mixed,AWG3,null,1850,n
1.0.0,"Таблица по подбору сечений теплых ангаров пролетами 9м, 12м, 15м, 18м, 21м, 24м версия 1,5.xlsx",0271b96c6fe725d3e50ad7891401958322a5ae97866bb0bf8cb190bc4bbeff3f,Расчеты,used sparse cells,2026-09-16,mixed,AWH3,null,1855,n
1.0.0,"Таблица по подбору сечений теплых ангаров пролетами 9м, 12м, 15м, 18м, 21м, 24м версия 1,5.xlsx",0271b96c6fe725d3e50ad7891401958322a5ae97866bb0bf8cb190bc4bbeff3f,Расчеты,used sparse cells,2026-09-16,mixed,AWI3,null,1860,n
1.0.0,"Таблица по подбору сечений теплых ангаров пролетами 9м, 12м, 15м, 18м, 21м, 24м версия 1,5.xlsx",0271b96c6fe725d3e50ad7891401958322a5ae97866bb0bf8cb190bc4bbeff3f,Расчеты,used sparse cells,2026-09-16,mixed,AWJ3,null,1865,n
1.0.0,"Таблица по подбору сечений теплых ангаров пролетами 9м, 12м, 15м, 18м, 21м, 24м версия 1,5.xlsx",0271b96c6fe725d3e50ad7891401958322a5ae97866bb0bf8cb190bc4bbeff3f,Расчеты,used sparse cells,2026-09-16,mixed,AWK3,null,1870,n
1.0.0,"Таблица по подбору сечений теплых ангаров пролетами 9м, 12м, 15м, 18м, 21м, 24м версия 1,5.xlsx",0271b96c6fe725d3e50ad7891401958322a5ae97866bb0bf8cb190bc4bbeff3f,Расчеты,used sparse cells,2026-09-16,mixed,AWL3,null,1875,n
1.0.0,"Таблица по подбору сечений теплых ангаров пролетами 9м, 12м, 15м, 18м, 21м, 24м версия 1,5.xlsx",0271b96c6fe725d3e50ad7891401958322a5ae97866bb0bf8cb190bc4bbeff3f,Расчеты,used sparse cells,2026-09-16,mixed,AWM3,null,1880,n
1.0.0,"Таблица по подбору сечений теплых ангаров пролетами 9м, 12м, 15м, 18м, 21м, 24м версия 1,5.xlsx",0271b96c6fe725d3e50ad7891401958322a5ae97866bb0bf8cb190bc4bbeff3f,Расчеты,used sparse cells,2026-09-16,mixed,AWN3,null,1885,n
1.0.0,"Таблица по подбору сечений теплых ангаров пролетами 9м, 12м, 15м, 18м, 21м, 24м версия 1,5.xlsx",0271b96c6fe725d3e50ad7891401958322a5ae97866bb0bf8cb190bc4bbeff3f,Расчеты,used sparse cells,2026-09-16,mixed,AWO3,null,1890,n
1.0.0,"Таблица по подбору сечений теплых ангаров пролетами 9м, 12м, 15м, 18м, 21м, 24м версия 1,5.xlsx",0271b96c6fe725d3e50ad7891401958322a5ae97866bb0bf8cb190bc4bbeff3f,Расчеты,used sparse cells,2026-09-16,mixed,AWP3,null,1895,n
1.0.0,"Таблица по подбору сечений теплых ангаров пролетами 9м, 12м, 15м, 18м, 21м, 24м версия 1,5.xlsx",0271b96c6fe725d3e50ad7891401958322a5ae97866bb0bf8cb190bc4bbeff3f,Расчеты,used sparse cells,2026-09-16,mixed,AWQ3,null,1900,n
1.0.0,"Таблица по подбору сечений теплых ангаров пролетами 9м, 12м, 15м, 18м, 21м, 24м версия 1,5.xlsx",0271b96c6fe725d3e50ad7891401958322a5ae97866bb0bf8cb190bc4bbeff3f,Расчеты,used sparse cells,2026-09-16,mixed,AWR3,null,1905,n
1.0.0,"Таблица по подбору сечений теплых ангаров пролетами 9м, 12м, 15м, 18м, 21м, 24м версия 1,5.xlsx",0271b96c6fe725d3e50ad7891401958322a5ae97866bb0bf8cb190bc4bbeff3f,Расчеты,used sparse cells,2026-09-16,mixed,AWS3,null,1910,n
1.0.0,"Таблица по подбору сечений теплых ангаров пролетами 9м, 12м, 15м, 18м, 21м, 24м версия 1,5.xlsx",0271b96c6fe725d3e50ad7891401958322a5ae97866bb0bf8cb190bc4bbeff3f,Расчеты,used sparse cells,2026-09-16,mixed,AWT3,null,1915,n
1.0.0,"Таблица по подбору сечений теплых ангаров пролетами 9м, 12м, 15м, 18м, 21м, 24м версия 1,5.xlsx",0271b96c6fe725d3e50ad7891401958322a5ae97866bb0bf8cb190bc4bbeff3f,Расчеты,used sparse cells,2026-09-16,mixed,AWU3,null,1920,n
1.0.0,"Таблица по подбору сечений теплых ангаров пролетами 9м, 12м, 15м, 18м, 21м, 24м версия 1,5.xlsx",0271b96c6fe725d3e50ad7891401958322a5ae97866bb0bf8cb190bc4bbeff3f,Расчеты,used sparse cells,2026-09-16,mixed,AWV3,null,1925,n
1.0.0,"Таблица по подбору сечений теплых ангаров пролетами 9м, 12м, 15м, 18м, 21м, 24м версия 1,5.xlsx",0271b96c6fe725d3e50ad7891401958322a5ae97866bb0bf8cb190bc4bbeff3f,Расчеты,used sparse cells,2026-09-16,mixed,AWW3,null,1930,n
1.0.0,"Таблица по подбору сечений теплых ангаров пролетами 9м, 12м, 15м, 18м, 21м, 24м версия 1,5.xlsx",0271b96c6fe725d3e50ad7891401958322a5ae97866bb0bf8cb190bc4bbeff3f,Расчеты,used sparse cells,2026-09-16,mixed,AWX3,null,1935,n
1.0.0,"Таблица по подбору сечений теплых ангаров пролетами 9м, 12м, 15м, 18м, 21м, 24м версия 1,5.xlsx",0271b96c6fe725d3e50ad7891401958322a5ae97866bb0bf8cb190bc4bbeff3f,Расчеты,used sparse cells,2026-09-16,mixed,AWY3,null,1940,n
1.0.0,"Таблица по подбору сечений теплых ангаров пролетами 9м, 12м, 15м, 18м, 21м, 24м версия 1,5.xlsx",0271b96c6fe725d3e50ad7891401958322a5ae97866bb0bf8cb190bc4bbeff3f,Расчеты,used sparse cells,2026-09-16,mixed,AWZ3,null,1945,n
1.0.0,"Таблица по подбору сечений теплых ангаров пролетами 9м, 12м, 15м, 18м, 21м, 24м версия 1,5.xlsx",0271b96c6fe725d3e50ad7891401958322a5ae97866bb0bf8cb190bc4bbeff3f,Расчеты,used sparse cells,2026-09-16,mixed,AXA3,null,1950,n
1.0.0,"Таблица по подбору сечений теплых ангаров пролетами 9м, 12м, 15м, 18м, 21м, 24м версия 1,5.xlsx",0271b96c6fe725d3e50ad7891401958322a5ae97866bb0bf8cb190bc4bbeff3f,Расчеты,used sparse cells,2026-09-16,mixed,AXB3,null,1955,n
1.0.0,"Таблица по подбору сечений теплых ангаров пролетами 9м, 12м, 15м, 18м, 21м, 24м версия 1,5.xlsx",0271b96c6fe725d3e50ad7891401958322a5ae97866bb0bf8cb190bc4bbeff3f,Расчеты,used sparse cells,2026-09-16,mixed,AXC3,null,1960,n
1.0.0,"Таблица по подбору сечений теплых ангаров пролетами 9м, 12м, 15м, 18м, 21м, 24м версия 1,5.xlsx",0271b96c6fe725d3e50ad7891401958322a5ae97866bb0bf8cb190bc4bbeff3f,Расчеты,used sparse cells,2026-09-16,mixed,AXD3,null,1965,n
1.0.0,"Таблица по подбору сечений теплых ангаров пролетами 9м, 12м, 15м, 18м, 21м, 24м версия 1,5.xlsx",0271b96c6fe725d3e50ad7891401958322a5ae97866bb0bf8cb190bc4bbeff3f,Расчеты,used sparse cells,2026-09-16,mixed,AXE3,null,1970,n
1.0.0,"Таблица по подбору сечений теплых ангаров пролетами 9м, 12м, 15м, 18м, 21м, 24м версия 1,5.xlsx",0271b96c6fe725d3e50ad7891401958322a5ae97866bb0bf8cb190bc4bbeff3f,Расчеты,used sparse cells,2026-09-16,mixed,AXF3,null,1975,n
1.0.0,"Таблица по подбору сечений теплых ангаров пролетами 9м, 12м, 15м, 18м, 21м, 24м версия 1,5.xlsx",0271b96c6fe725d3e50ad7891401958322a5ae97866bb0bf8cb190bc4bbeff3f,Расчеты,used sparse cells,2026-09-16,mixed,AXG3,null,1980,n
1.0.0,"Таблица по подбору сечений теплых ангаров пролетами 9м, 12м, 15м, 18м, 21м, 24м версия 1,5.xlsx",0271b96c6fe725d3e50ad7891401958322a5ae97866bb0bf8cb190bc4bbeff3f,Расчеты,used sparse cells,2026-09-16,mixed,AXH3,null,1985,n
1.0.0,"Таблица по подбору сечений теплых ангаров пролетами 9м, 12м, 15м, 18м, 21м, 24м версия 1,5.xlsx",0271b96c6fe725d3e50ad7891401958322a5ae97866bb0bf8cb190bc4bbeff3f,Расчеты,used sparse cells,2026-09-16,mixed,AXI3,null,1990,n
1.0.0,"Таблица по подбору сечений теплых ангаров пролетами 9м, 12м, 15м, 18м, 21м, 24м версия 1,5.xlsx",0271b96c6fe725d3e50ad7891401958322a5ae97866bb0bf8cb190bc4bbeff3f,Расчеты,used sparse cells,2026-09-16,mixed,AXJ3,null,1995,n
1.0.0,"Таблица по подбору сечений теплых ангаров пролетами 9м, 12м, 15м, 18м, 21м, 24м версия 1,5.xlsx",0271b96c6fe725d3e50ad7891401958322a5ae97866bb0bf8cb190bc4bbeff3f,Расчеты,used sparse cells,2026-09-16,mixed,AXK3,null,2000,n
1.0.0,"Таблица по подбору сечений теплых ангаров пролетами 9м, 12м, 15м, 18м, 21м, 24м версия 1,5.xlsx",0271b96c6fe725d3e50ad7891401958322a5ae97866bb0bf8cb190bc4bbeff3f,Расчеты,used sparse cells,2026-09-16,mixed,AXL3,null,2005,n
1.0.0,"Таблица по подбору сечений теплых ангаров пролетами 9м, 12м, 15м, 18м, 21м, 24м версия 1,5.xlsx",0271b96c6fe725d3e50ad7891401958322a5ae97866bb0bf8cb190bc4bbeff3f,Расчеты,used sparse cells,2026-09-16,mixed,AXM3,null,2010,n
1.0.0,"Таблица по подбору сечений теплых ангаров пролетами 9м, 12м, 15м, 18м, 21м, 24м версия 1,5.xlsx",0271b96c6fe725d3e50ad7891401958322a5ae97866bb0bf8cb190bc4bbeff3f,Расчеты,used sparse cells,2026-09-16,mixed,AXN3,null,2015,n
1.0.0,"Таблица по подбору сечений теплых ангаров пролетами 9м, 12м, 15м, 18м, 21м, 24м версия 1,5.xlsx",0271b96c6fe725d3e50ad7891401958322a5ae97866bb0bf8cb190bc4bbeff3f,Расчеты,used sparse cells,2026-09-16,mixed,AXO3,null,2020,n
1.0.0,"Таблица по подбору сечений теплых ангаров пролетами 9м, 12м, 15м, 18м, 21м, 24м версия 1,5.xlsx",0271b96c6fe725d3e50ad7891401958322a5ae97866bb0bf8cb190bc4bbeff3f,Расчеты,used sparse cells,2026-09-16,mixed,AXP3,null,2025,n
1.0.0,"Таблица по подбору сечений теплых ангаров пролетами 9м, 12м, 15м, 18м, 21м, 24м версия 1,5.xlsx",0271b96c6fe725d3e50ad7891401958322a5ae97866bb0bf8cb190bc4bbeff3f,Расчеты,used sparse cells,2026-09-16,mixed,AXQ3,null,2030,n
1.0.0,"Таблица по подбору сечений теплых ангаров пролетами 9м, 12м, 15м, 18м, 21м, 24м версия 1,5.xlsx",0271b96c6fe725d3e50ad7891401958322a5ae97866bb0bf8cb190bc4bbeff3f,Расчеты,used sparse cells,2026-09-16,mixed,AXR3,null,2035,n
1.0.0,"Таблица по подбору сечений теплых ангаров пролетами 9м, 12м, 15м, 18м, 21м, 24м версия 1,5.xlsx",0271b96c6fe725d3e50ad7891401958322a5ae97866bb0bf8cb190bc4bbeff3f,Расчеты,used sparse cells,2026-09-16,mixed,AXS3,null,2040,n
1.0.0,"Таблица по подбору сечений теплых ангаров пролетами 9м, 12м, 15м, 18м, 21м, 24м версия 1,5.xlsx",0271b96c6fe725d3e50ad7891401958322a5ae97866bb0bf8cb190bc4bbeff3f,Расчеты,used sparse cells,2026-09-16,mixed,AXT3,null,2045,n
1.0.0,"Таблица по подбору сечений теплых ангаров пролетами 9м, 12м, 15м, 18м, 21м, 24м версия 1,5.xlsx",0271b96c6fe725d3e50ad7891401958322a5ae97866bb0bf8cb190bc4bbeff3f,Расчеты,used sparse cells,2026-09-16,mixed,AXU3,null,2050,n
1.0.0,"Таблица по подбору сечений теплых ангаров пролетами 9м, 12м, 15м, 18м, 21м, 24м версия 1,5.xlsx",0271b96c6fe725d3e50ad7891401958322a5ae97866bb0bf8cb190bc4bbeff3f,Расчеты,used sparse cells,2026-09-16,mixed,AXV3,null,2055,n
1.0.0,"Таблица по подбору сечений теплых ангаров пролетами 9м, 12м, 15м, 18м, 21м, 24м версия 1,5.xlsx",0271b96c6fe725d3e50ad7891401958322a5ae97866bb0bf8cb190bc4bbeff3f,Расчеты,used sparse cells,2026-09-16,mixed,AXW3,null,2060,n
1.0.0,"Таблица по подбору сечений теплых ангаров пролетами 9м, 12м, 15м, 18м, 21м, 24м версия 1,5.xlsx",0271b96c6fe725d3e50ad7891401958322a5ae97866bb0bf8cb190bc4bbeff3f,Расчеты,used sparse cells,2026-09-16,mixed,AXX3,null,2065,n
1.0.0,"Таблица по подбору сечений теплых ангаров пролетами 9м, 12м, 15м, 18м, 21м, 24м версия 1,5.xlsx",0271b96c6fe725d3e50ad7891401958322a5ae97866bb0bf8cb190bc4bbeff3f,Расчеты,used sparse cells,2026-09-16,mixed,AXY3,null,2070,n
1.0.0,"Таблица по подбору сечений теплых ангаров пролетами 9м, 12м, 15м, 18м, 21м, 24м версия 1,5.xlsx",0271b96c6fe725d3e50ad7891401958322a5ae97866bb0bf8cb190bc4bbeff3f,Расчеты,used sparse cells,2026-09-16,mixed,AXZ3,null,2075,n
1.0.0,"Таблица по подбору сечений теплых ангаров пролетами 9м, 12м, 15м, 18м, 21м, 24м версия 1,5.xlsx",0271b96c6fe725d3e50ad7891401958322a5ae97866bb0bf8cb190bc4bbeff3f,Расчеты,used sparse cells,2026-09-16,mixed,AYA3,null,2080,n
1.0.0,"Таблица по подбору сечений теплых ангаров пролетами 9м, 12м, 15м, 18м, 21м, 24м версия 1,5.xlsx",0271b96c6fe725d3e50ad7891401958322a5ae97866bb0bf8cb190bc4bbeff3f,Расчеты,used sparse cells,2026-09-16,mixed,AYB3,null,2085,n
1.0.0,"Таблица по подбору сечений теплых ангаров пролетами 9м, 12м, 15м, 18м, 21м, 24м версия 1,5.xlsx",0271b96c6fe725d3e50ad7891401958322a5ae97866bb0bf8cb190bc4bbeff3f,Расчеты,used sparse cells,2026-09-16,mixed,AYC3,null,2090,n
1.0.0,"Таблица по подбору сечений теплых ангаров пролетами 9м, 12м, 15м, 18м, 21м, 24м версия 1,5.xlsx",0271b96c6fe725d3e50ad7891401958322a5ae97866bb0bf8cb190bc4bbeff3f,Расчеты,used sparse cells,2026-09-16,mixed,AYD3,null,2095,n
1.0.0,"Таблица по подбору сечений теплых ангаров пролетами 9м, 12м, 15м, 18м, 21м, 24м версия 1,5.xlsx",0271b96c6fe725d3e50ad7891401958322a5ae97866bb0bf8cb190bc4bbeff3f,Расчеты,used sparse cells,2026-09-16,mixed,AYE3,null,2100,n
1.0.0,"Таблица по подбору сечений теплых ангаров пролетами 9м, 12м, 15м, 18м, 21м, 24м версия 1,5.xlsx",0271b96c6fe725d3e50ad7891401958322a5ae97866bb0bf8cb190bc4bbeff3f,Расчеты,used sparse cells,2026-09-16,mixed,AYF3,null,2105,n
1.0.0,"Таблица по подбору сечений теплых ангаров пролетами 9м, 12м, 15м, 18м, 21м, 24м версия 1,5.xlsx",0271b96c6fe725d3e50ad7891401958322a5ae97866bb0bf8cb190bc4bbeff3f,Расчеты,used sparse cells,2026-09-16,mixed,AYG3,null,2110,n
1.0.0,"Таблица по подбору сечений теплых ангаров пролетами 9м, 12м, 15м, 18м, 21м, 24м версия 1,5.xlsx",0271b96c6fe725d3e50ad7891401958322a5ae97866bb0bf8cb190bc4bbeff3f,Расчеты,used sparse cells,2026-09-16,mixed,AYH3,null,2115,n
1.0.0,"Таблица по подбору сечений теплых ангаров пролетами 9м, 12м, 15м, 18м, 21м, 24м версия 1,5.xlsx",0271b96c6fe725d3e50ad7891401958322a5ae97866bb0bf8cb190bc4bbeff3f,Расчеты,used sparse cells,2026-09-16,mixed,AYI3,null,2120,n
1.0.0,"Таблица по подбору сечений теплых ангаров пролетами 9м, 12м, 15м, 18м, 21м, 24м версия 1,5.xlsx",0271b96c6fe725d3e50ad7891401958322a5ae97866bb0bf8cb190bc4bbeff3f,Расчеты,used sparse cells,2026-09-16,mixed,AYJ3,null,2125,n
1.0.0,"Таблица по подбору сечений теплых ангаров пролетами 9м, 12м, 15м, 18м, 21м, 24м версия 1,5.xlsx",0271b96c6fe725d3e50ad7891401958322a5ae97866bb0bf8cb190bc4bbeff3f,Расчеты,used sparse cells,2026-09-16,mixed,AYK3,null,2130,n
1.0.0,"Таблица по подбору сечений теплых ангаров пролетами 9м, 12м, 15м, 18м, 21м, 24м версия 1,5.xlsx",0271b96c6fe725d3e50ad7891401958322a5ae97866bb0bf8cb190bc4bbeff3f,Расчеты,used sparse cells,2026-09-16,mixed,AYL3,null,2135,n
1.0.0,"Таблица по подбору сечений теплых ангаров пролетами 9м, 12м, 15м, 18м, 21м, 24м версия 1,5.xlsx",0271b96c6fe725d3e50ad7891401958322a5ae97866bb0bf8cb190bc4bbeff3f,Расчеты,used sparse cells,2026-09-16,mixed,AYM3,null,2140,n
1.0.0,"Таблица по подбору сечений теплых ангаров пролетами 9м, 12м, 15м, 18м, 21м, 24м версия 1,5.xlsx",0271b96c6fe725d3e50ad7891401958322a5ae97866bb0bf8cb190bc4bbeff3f,Расчеты,used sparse cells,2026-09-16,mixed,AYN3,null,2145,n
1.0.0,"Таблица по подбору сечений теплых ангаров пролетами 9м, 12м, 15м, 18м, 21м, 24м версия 1,5.xlsx",0271b96c6fe725d3e50ad7891401958322a5ae97866bb0bf8cb190bc4bbeff3f,Расчеты,used sparse cells,2026-09-16,mixed,AYO3,null,2150,n
1.0.0,"Таблица по подбору сечений теплых ангаров пролетами 9м, 12м, 15м, 18м, 21м, 24м версия 1,5.xlsx",0271b96c6fe725d3e50ad7891401958322a5ae97866bb0bf8cb190bc4bbeff3f,Расчеты,used sparse cells,2026-09-16,mixed,AYP3,null,2155,n
1.0.0,"Таблица по подбору сечений теплых ангаров пролетами 9м, 12м, 15м, 18м, 21м, 24м версия 1,5.xlsx",0271b96c6fe725d3e50ad7891401958322a5ae97866bb0bf8cb190bc4bbeff3f,Расчеты,used sparse cells,2026-09-16,mixed,AYQ3,null,2160,n
1.0.0,"Таблица по подбору сечений теплых ангаров пролетами 9м, 12м, 15м, 18м, 21м, 24м версия 1,5.xlsx",0271b96c6fe725d3e50ad7891401958322a5ae97866bb0bf8cb190bc4bbeff3f,Расчеты,used sparse cells,2026-09-16,mixed,AYR3,null,2165,n
1.0.0,"Таблица по подбору сечений теплых ангаров пролетами 9м, 12м, 15м, 18м, 21м, 24м версия 1,5.xlsx",0271b96c6fe725d3e50ad7891401958322a5ae97866bb0bf8cb190bc4bbeff3f,Расчеты,used sparse cells,2026-09-16,mixed,AYS3,null,2170,n
1.0.0,"Таблица по подбору сечений теплых ангаров пролетами 9м, 12м, 15м, 18м, 21м, 24м версия 1,5.xlsx",0271b96c6fe725d3e50ad7891401958322a5ae97866bb0bf8cb190bc4bbeff3f,Расчеты,used sparse cells,2026-09-16,mixed,AYT3,null,2175,n
1.0.0,"Таблица по подбору сечений теплых ангаров пролетами 9м, 12м, 15м, 18м, 21м, 24м версия 1,5.xlsx",0271b96c6fe725d3e50ad7891401958322a5ae97866bb0bf8cb190bc4bbeff3f,Расчеты,used sparse cells,2026-09-16,mixed,AYU3,null,2180,n
1.0.0,"Таблица по подбору сечений теплых ангаров пролетами 9м, 12м, 15м, 18м, 21м, 24м версия 1,5.xlsx",0271b96c6fe725d3e50ad7891401958322a5ae97866bb0bf8cb190bc4bbeff3f,Расчеты,used sparse cells,2026-09-16,mixed,AYV3,null,2185,n
1.0.0,"Таблица по подбору сечений теплых ангаров пролетами 9м, 12м, 15м, 18м, 21м, 24м версия 1,5.xlsx",0271b96c6fe725d3e50ad7891401958322a5ae97866bb0bf8cb190bc4bbeff3f,Расчеты,used sparse cells,2026-09-16,mixed,AYW3,null,2190,n
1.0.0,"Таблица по подбору сечений теплых ангаров пролетами 9м, 12м, 15м, 18м, 21м, 24м версия 1,5.xlsx",0271b96c6fe725d3e50ad7891401958322a5ae97866bb0bf8cb190bc4bbeff3f,Расчеты,used sparse cells,2026-09-16,mixed,AYX3,null,2195,n
1.0.0,"Таблица по подбору сечений теплых ангаров пролетами 9м, 12м, 15м, 18м, 21м, 24м версия 1,5.xlsx",0271b96c6fe725d3e50ad7891401958322a5ae97866bb0bf8cb190bc4bbeff3f,Расчеты,used sparse cells,2026-09-16,mixed,AYY3,null,2200,n
1.0.0,"Таблица по подбору сечений теплых ангаров пролетами 9м, 12м, 15м, 18м, 21м, 24м версия 1,5.xlsx",0271b96c6fe725d3e50ad7891401958322a5ae97866bb0bf8cb190bc4bbeff3f,Расчеты,used sparse cells,2026-09-16,mixed,AYZ3,null,2205,n
1.0.0,"Таблица по подбору сечений теплых ангаров пролетами 9м, 12м, 15м, 18м, 21м, 24м версия 1,5.xlsx",0271b96c6fe725d3e50ad7891401958322a5ae97866bb0bf8cb190bc4bbeff3f,Расчеты,used sparse cells,2026-09-16,mixed,AZA3,null,2210,n
1.0.0,"Таблица по подбору сечений теплых ангаров пролетами 9м, 12м, 15м, 18м, 21м, 24м версия 1,5.xlsx",0271b96c6fe725d3e50ad7891401958322a5ae97866bb0bf8cb190bc4bbeff3f,Расчеты,used sparse cells,2026-09-16,mixed,AZB3,null,2215,n
1.0.0,"Таблица по подбору сечений теплых ангаров пролетами 9м, 12м, 15м, 18м, 21м, 24м версия 1,5.xlsx",0271b96c6fe725d3e50ad7891401958322a5ae97866bb0bf8cb190bc4bbeff3f,Расчеты,used sparse cells,2026-09-16,mixed,AZC3,null,2220,n
1.0.0,"Таблица по подбору сечений теплых ангаров пролетами 9м, 12м, 15м, 18м, 21м, 24м версия 1,5.xlsx",0271b96c6fe725d3e50ad7891401958322a5ae97866bb0bf8cb190bc4bbeff3f,Расчеты,used sparse cells,2026-09-16,mixed,AZD3,null,2225,n
1.0.0,"Таблица по подбору сечений теплых ангаров пролетами 9м, 12м, 15м, 18м, 21м, 24м версия 1,5.xlsx",0271b96c6fe725d3e50ad7891401958322a5ae97866bb0bf8cb190bc4bbeff3f,Расчеты,used sparse cells,2026-09-16,mixed,AZE3,null,2230,n
1.0.0,"Таблица по подбору сечений теплых ангаров пролетами 9м, 12м, 15м, 18м, 21м, 24м версия 1,5.xlsx",0271b96c6fe725d3e50ad7891401958322a5ae97866bb0bf8cb190bc4bbeff3f,Расчеты,used sparse cells,2026-09-16,mixed,AZF3,null,2235,n
1.0.0,"Таблица по подбору сечений теплых ангаров пролетами 9м, 12м, 15м, 18м, 21м, 24м версия 1,5.xlsx",0271b96c6fe725d3e50ad7891401958322a5ae97866bb0bf8cb190bc4bbeff3f,Расчеты,used sparse cells,2026-09-16,mixed,AZG3,null,2240,n
1.0.0,"Таблица по подбору сечений теплых ангаров пролетами 9м, 12м, 15м, 18м, 21м, 24м версия 1,5.xlsx",0271b96c6fe725d3e50ad7891401958322a5ae97866bb0bf8cb190bc4bbeff3f,Расчеты,used sparse cells,2026-09-16,mixed,AZH3,null,2245,n
1.0.0,"Таблица по подбору сечений теплых ангаров пролетами 9м, 12м, 15м, 18м, 21м, 24м версия 1,5.xlsx",0271b96c6fe725d3e50ad7891401958322a5ae97866bb0bf8cb190bc4bbeff3f,Расчеты,used sparse cells,2026-09-16,mixed,AZI3,null,2250,n
1.0.0,"Таблица по подбору сечений теплых ангаров пролетами 9м, 12м, 15м, 18м, 21м, 24м версия 1,5.xlsx",0271b96c6fe725d3e50ad7891401958322a5ae97866bb0bf8cb190bc4bbeff3f,Расчеты,used sparse cells,2026-09-16,mixed,AZJ3,null,2255,n
1.0.0,"Таблица по подбору сечений теплых ангаров пролетами 9м, 12м, 15м, 18м, 21м, 24м версия 1,5.xlsx",0271b96c6fe725d3e50ad7891401958322a5ae97866bb0bf8cb190bc4bbeff3f,Расчеты,used sparse cells,2026-09-16,mixed,AZK3,null,2260,n
1.0.0,"Таблица по подбору сечений теплых ангаров пролетами 9м, 12м, 15м, 18м, 21м, 24м версия 1,5.xlsx",0271b96c6fe725d3e50ad7891401958322a5ae97866bb0bf8cb190bc4bbeff3f,Расчеты,used sparse cells,2026-09-16,mixed,AZL3,null,2265,n
1.0.0,"Таблица по подбору сечений теплых ангаров пролетами 9м, 12м, 15м, 18м, 21м, 24м версия 1,5.xlsx",0271b96c6fe725d3e50ad7891401958322a5ae97866bb0bf8cb190bc4bbeff3f,Расчеты,used sparse cells,2026-09-16,mixed,AZM3,null,2270,n
1.0.0,"Таблица по подбору сечений теплых ангаров пролетами 9м, 12м, 15м, 18м, 21м, 24м версия 1,5.xlsx",0271b96c6fe725d3e50ad7891401958322a5ae97866bb0bf8cb190bc4bbeff3f,Расчеты,used sparse cells,2026-09-16,mixed,AZN3,null,2275,n
1.0.0,"Таблица по подбору сечений теплых ангаров пролетами 9м, 12м, 15м, 18м, 21м, 24м версия 1,5.xlsx",0271b96c6fe725d3e50ad7891401958322a5ae97866bb0bf8cb190bc4bbeff3f,Расчеты,used sparse cells,2026-09-16,mixed,AZO3,null,2280,n
1.0.0,"Таблица по подбору сечений теплых ангаров пролетами 9м, 12м, 15м, 18м, 21м, 24м версия 1,5.xlsx",0271b96c6fe725d3e50ad7891401958322a5ae97866bb0bf8cb190bc4bbeff3f,Расчеты,used sparse cells,2026-09-16,mixed,AZP3,null,2285,n
1.0.0,"Таблица по подбору сечений теплых ангаров пролетами 9м, 12м, 15м, 18м, 21м, 24м версия 1,5.xlsx",0271b96c6fe725d3e50ad7891401958322a5ae97866bb0bf8cb190bc4bbeff3f,Расчеты,used sparse cells,2026-09-16,mixed,AZQ3,null,2290,n
1.0.0,"Таблица по подбору сечений теплых ангаров пролетами 9м, 12м, 15м, 18м, 21м, 24м версия 1,5.xlsx",0271b96c6fe725d3e50ad7891401958322a5ae97866bb0bf8cb190bc4bbeff3f,Расчеты,used sparse cells,2026-09-16,mixed,AZR3,null,2295,n
1.0.0,"Таблица по подбору сечений теплых ангаров пролетами 9м, 12м, 15м, 18м, 21м, 24м версия 1,5.xlsx",0271b96c6fe725d3e50ad7891401958322a5ae97866bb0bf8cb190bc4bbeff3f,Расчеты,used sparse cells,2026-09-16,mixed,AZS3,null,2300,n
1.0.0,"Таблица по подбору сечений теплых ангаров пролетами 9м, 12м, 15м, 18м, 21м, 24м версия 1,5.xlsx",0271b96c6fe725d3e50ad7891401958322a5ae97866bb0bf8cb190bc4bbeff3f,Расчеты,used sparse cells,2026-09-16,mixed,AZT3,null,2305,n
1.0.0,"Таблица по подбору сечений теплых ангаров пролетами 9м, 12м, 15м, 18м, 21м, 24м версия 1,5.xlsx",0271b96c6fe725d3e50ad7891401958322a5ae97866bb0bf8cb190bc4bbeff3f,Расчеты,used sparse cells,2026-09-16,mixed,AZU3,null,2310,n
1.0.0,"Таблица по подбору сечений теплых ангаров пролетами 9м, 12м, 15м, 18м, 21м, 24м версия 1,5.xlsx",0271b96c6fe725d3e50ad7891401958322a5ae97866bb0bf8cb190bc4bbeff3f,Расчеты,used sparse cells,2026-09-16,mixed,AZV3,null,2315,n
1.0.0,"Таблица по подбору сечений теплых ангаров пролетами 9м, 12м, 15м, 18м, 21м, 24м версия 1,5.xlsx",0271b96c6fe725d3e50ad7891401958322a5ae97866bb0bf8cb190bc4bbeff3f,Расчеты,used sparse cells,2026-09-16,mixed,AZW3,null,2320,n
1.0.0,"Таблица по подбору сечений теплых ангаров пролетами 9м, 12м, 15м, 18м, 21м, 24м версия 1,5.xlsx",0271b96c6fe725d3e50ad7891401958322a5ae97866bb0bf8cb190bc4bbeff3f,Расчеты,used sparse cells,2026-09-16,mixed,AZX3,null,2325,n
1.0.0,"Таблица по подбору сечений теплых ангаров пролетами 9м, 12м, 15м, 18м, 21м, 24м версия 1,5.xlsx",0271b96c6fe725d3e50ad7891401958322a5ae97866bb0bf8cb190bc4bbeff3f,Расчеты,used sparse cells,2026-09-16,mixed,AZY3,null,2330,n
1.0.0,"Таблица по подбору сечений теплых ангаров пролетами 9м, 12м, 15м, 18м, 21м, 24м версия 1,5.xlsx",0271b96c6fe725d3e50ad7891401958322a5ae97866bb0bf8cb190bc4bbeff3f,Расчеты,used sparse cells,2026-09-16,mixed,AZZ3,null,2335,n
1.0.0,"Таблица по подбору сечений теплых ангаров пролетами 9м, 12м, 15м, 18м, 21м, 24м версия 1,5.xlsx",0271b96c6fe725d3e50ad7891401958322a5ae97866bb0bf8cb190bc4bbeff3f,Расчеты,used sparse cells,2026-09-16,mixed,BAA3,null,2340,n
1.0.0,"Таблица по подбору сечений теплых ангаров пролетами 9м, 12м, 15м, 18м, 21м, 24м версия 1,5.xlsx",0271b96c6fe725d3e50ad7891401958322a5ae97866bb0bf8cb190bc4bbeff3f,Расчеты,used sparse cells,2026-09-16,mixed,BAB3,null,2345,n
1.0.0,"Таблица по подбору сечений теплых ангаров пролетами 9м, 12м, 15м, 18м, 21м, 24м версия 1,5.xlsx",0271b96c6fe725d3e50ad7891401958322a5ae97866bb0bf8cb190bc4bbeff3f,Расчеты,used sparse cells,2026-09-16,mixed,BAC3,null,2350,n
1.0.0,"Таблица по подбору сечений теплых ангаров пролетами 9м, 12м, 15м, 18м, 21м, 24м версия 1,5.xlsx",0271b96c6fe725d3e50ad7891401958322a5ae97866bb0bf8cb190bc4bbeff3f,Расчеты,used sparse cells,2026-09-16,mixed,BAD3,null,2355,n
1.0.0,"Таблица по подбору сечений теплых ангаров пролетами 9м, 12м, 15м, 18м, 21м, 24м версия 1,5.xlsx",0271b96c6fe725d3e50ad7891401958322a5ae97866bb0bf8cb190bc4bbeff3f,Расчеты,used sparse cells,2026-09-16,mixed,BAE3,null,2360,n
1.0.0,"Таблица по подбору сечений теплых ангаров пролетами 9м, 12м, 15м, 18м, 21м, 24м версия 1,5.xlsx",0271b96c6fe725d3e50ad7891401958322a5ae97866bb0bf8cb190bc4bbeff3f,Расчеты,used sparse cells,2026-09-16,mixed,BAF3,null,2365,n
1.0.0,"Таблица по подбору сечений теплых ангаров пролетами 9м, 12м, 15м, 18м, 21м, 24м версия 1,5.xlsx",0271b96c6fe725d3e50ad7891401958322a5ae97866bb0bf8cb190bc4bbeff3f,Расчеты,used sparse cells,2026-09-16,mixed,BAG3,null,2370,n
1.0.0,"Таблица по подбору сечений теплых ангаров пролетами 9м, 12м, 15м, 18м, 21м, 24м версия 1,5.xlsx",0271b96c6fe725d3e50ad7891401958322a5ae97866bb0bf8cb190bc4bbeff3f,Расчеты,used sparse cells,2026-09-16,mixed,BAH3,null,2375,n
1.0.0,"Таблица по подбору сечений теплых ангаров пролетами 9м, 12м, 15м, 18м, 21м, 24м версия 1,5.xlsx",0271b96c6fe725d3e50ad7891401958322a5ae97866bb0bf8cb190bc4bbeff3f,Расчеты,used sparse cells,2026-09-16,mixed,BAI3,null,2380,n
1.0.0,"Таблица по подбору сечений теплых ангаров пролетами 9м, 12м, 15м, 18м, 21м, 24м версия 1,5.xlsx",0271b96c6fe725d3e50ad7891401958322a5ae97866bb0bf8cb190bc4bbeff3f,Расчеты,used sparse cells,2026-09-16,mixed,BAJ3,null,2385,n
1.0.0,"Таблица по подбору сечений теплых ангаров пролетами 9м, 12м, 15м, 18м, 21м, 24м версия 1,5.xlsx",0271b96c6fe725d3e50ad7891401958322a5ae97866bb0bf8cb190bc4bbeff3f,Расчеты,used sparse cells,2026-09-16,mixed,BAK3,null,2390,n
1.0.0,"Таблица по подбору сечений теплых ангаров пролетами 9м, 12м, 15м, 18м, 21м, 24м версия 1,5.xlsx",0271b96c6fe725d3e50ad7891401958322a5ae97866bb0bf8cb190bc4bbeff3f,Расчеты,used sparse cells,2026-09-16,mixed,BAL3,null,2395,n
1.0.0,"Таблица по подбору сечений теплых ангаров пролетами 9м, 12м, 15м, 18м, 21м, 24м версия 1,5.xlsx",0271b96c6fe725d3e50ad7891401958322a5ae97866bb0bf8cb190bc4bbeff3f,Расчеты,used sparse cells,2026-09-16,mixed,BAM3,null,2400,n
1.0.0,"Таблица по подбору сечений теплых ангаров пролетами 9м, 12м, 15м, 18м, 21м, 24м версия 1,5.xlsx",0271b96c6fe725d3e50ad7891401958322a5ae97866bb0bf8cb190bc4bbeff3f,Расчеты,used sparse cells,2026-09-16,mixed,BAN3,null,2405,n
1.0.0,"Таблица по подбору сечений теплых ангаров пролетами 9м, 12м, 15м, 18м, 21м, 24м версия 1,5.xlsx",0271b96c6fe725d3e50ad7891401958322a5ae97866bb0bf8cb190bc4bbeff3f,Расчеты,used sparse cells,2026-09-16,mixed,BAO3,null,2410,n
1.0.0,"Таблица по подбору сечений теплых ангаров пролетами 9м, 12м, 15м, 18м, 21м, 24м версия 1,5.xlsx",0271b96c6fe725d3e50ad7891401958322a5ae97866bb0bf8cb190bc4bbeff3f,Расчеты,used sparse cells,2026-09-16,mixed,BAP3,null,2415,n
1.0.0,"Таблица по подбору сечений теплых ангаров пролетами 9м, 12м, 15м, 18м, 21м, 24м версия 1,5.xlsx",0271b96c6fe725d3e50ad7891401958322a5ae97866bb0bf8cb190bc4bbeff3f,Расчеты,used sparse cells,2026-09-16,mixed,BAQ3,null,2420,n
1.0.0,"Таблица по подбору сечений теплых ангаров пролетами 9м, 12м, 15м, 18м, 21м, 24м версия 1,5.xlsx",0271b96c6fe725d3e50ad7891401958322a5ae97866bb0bf8cb190bc4bbeff3f,Расчеты,used sparse cells,2026-09-16,mixed,BAR3,null,2425,n
1.0.0,"Таблица по подбору сечений теплых ангаров пролетами 9м, 12м, 15м, 18м, 21м, 24м версия 1,5.xlsx",0271b96c6fe725d3e50ad7891401958322a5ae97866bb0bf8cb190bc4bbeff3f,Расчеты,used sparse cells,2026-09-16,mixed,BAS3,null,2430,n
1.0.0,"Таблица по подбору сечений теплых ангаров пролетами 9м, 12м, 15м, 18м, 21м, 24м версия 1,5.xlsx",0271b96c6fe725d3e50ad7891401958322a5ae97866bb0bf8cb190bc4bbeff3f,Расчеты,used sparse cells,2026-09-16,mixed,BAT3,null,2435,n
1.0.0,"Таблица по подбору сечений теплых ангаров пролетами 9м, 12м, 15м, 18м, 21м, 24м версия 1,5.xlsx",0271b96c6fe725d3e50ad7891401958322a5ae97866bb0bf8cb190bc4bbeff3f,Расчеты,used sparse cells,2026-09-16,mixed,BAU3,null,2440,n
1.0.0,"Таблица по подбору сечений теплых ангаров пролетами 9м, 12м, 15м, 18м, 21м, 24м версия 1,5.xlsx",0271b96c6fe725d3e50ad7891401958322a5ae97866bb0bf8cb190bc4bbeff3f,Расчеты,used sparse cells,2026-09-16,mixed,BAV3,null,2445,n
1.0.0,"Таблица по подбору сечений теплых ангаров пролетами 9м, 12м, 15м, 18м, 21м, 24м версия 1,5.xlsx",0271b96c6fe725d3e50ad7891401958322a5ae97866bb0bf8cb190bc4bbeff3f,Расчеты,used sparse cells,2026-09-16,mixed,BAW3,null,2450,n
1.0.0,"Таблица по подбору сечений теплых ангаров пролетами 9м, 12м, 15м, 18м, 21м, 24м версия 1,5.xlsx",0271b96c6fe725d3e50ad7891401958322a5ae97866bb0bf8cb190bc4bbeff3f,Расчеты,used sparse cells,2026-09-16,mixed,BAX3,null,2455,n
1.0.0,"Таблица по подбору сечений теплых ангаров пролетами 9м, 12м, 15м, 18м, 21м, 24м версия 1,5.xlsx",0271b96c6fe725d3e50ad7891401958322a5ae97866bb0bf8cb190bc4bbeff3f,Расчеты,used sparse cells,2026-09-16,mixed,BAY3,null,2460,n
1.0.0,"Таблица по подбору сечений теплых ангаров пролетами 9м, 12м, 15м, 18м, 21м, 24м версия 1,5.xlsx",0271b96c6fe725d3e50ad7891401958322a5ae97866bb0bf8cb190bc4bbeff3f,Расчеты,used sparse cells,2026-09-16,mixed,BAZ3,null,2465,n
1.0.0,"Таблица по подбору сечений теплых ангаров пролетами 9м, 12м, 15м, 18м, 21м, 24м версия 1,5.xlsx",0271b96c6fe725d3e50ad7891401958322a5ae97866bb0bf8cb190bc4bbeff3f,Расчеты,used sparse cells,2026-09-16,mixed,BBA3,null,2470,n
1.0.0,"Таблица по подбору сечений теплых ангаров пролетами 9м, 12м, 15м, 18м, 21м, 24м версия 1,5.xlsx",0271b96c6fe725d3e50ad7891401958322a5ae97866bb0bf8cb190bc4bbeff3f,Расчеты,used sparse cells,2026-09-16,mixed,BBB3,null,2475,n
1.0.0,"Таблица по подбору сечений теплых ангаров пролетами 9м, 12м, 15м, 18м, 21м, 24м версия 1,5.xlsx",0271b96c6fe725d3e50ad7891401958322a5ae97866bb0bf8cb190bc4bbeff3f,Расчеты,used sparse cells,2026-09-16,mixed,BBC3,null,2480,n
1.0.0,"Таблица по подбору сечений теплых ангаров пролетами 9м, 12м, 15м, 18м, 21м, 24м версия 1,5.xlsx",0271b96c6fe725d3e50ad7891401958322a5ae97866bb0bf8cb190bc4bbeff3f,Расчеты,used sparse cells,2026-09-16,mixed,BBD3,null,2485,n
1.0.0,"Таблица по подбору сечений теплых ангаров пролетами 9м, 12м, 15м, 18м, 21м, 24м версия 1,5.xlsx",0271b96c6fe725d3e50ad7891401958322a5ae97866bb0bf8cb190bc4bbeff3f,Расчеты,used sparse cells,2026-09-16,mixed,BBE3,null,2490,n
1.0.0,"Таблица по подбору сечений теплых ангаров пролетами 9м, 12м, 15м, 18м, 21м, 24м версия 1,5.xlsx",0271b96c6fe725d3e50ad7891401958322a5ae97866bb0bf8cb190bc4bbeff3f,Расчеты,used sparse cells,2026-09-16,mixed,BBF3,null,2495,n
1.0.0,"Таблица по подбору сечений теплых ангаров пролетами 9м, 12м, 15м, 18м, 21м, 24м версия 1,5.xlsx",0271b96c6fe725d3e50ad7891401958322a5ae97866bb0bf8cb190bc4bbeff3f,Расчеты,used sparse cells,2026-09-16,mixed,BBG3,null,2500,n
1.0.0,"Таблица по подбору сечений теплых ангаров пролетами 9м, 12м, 15м, 18м, 21м, 24м версия 1,5.xlsx",0271b96c6fe725d3e50ad7891401958322a5ae97866bb0bf8cb190bc4bbeff3f,Расчеты,used sparse cells,2026-09-16,mixed,BBH3,null,2505,n
1.0.0,"Таблица по подбору сечений теплых ангаров пролетами 9м, 12м, 15м, 18м, 21м, 24м версия 1,5.xlsx",0271b96c6fe725d3e50ad7891401958322a5ae97866bb0bf8cb190bc4bbeff3f,Расчеты,used sparse cells,2026-09-16,mixed,BBI3,null,2510,n
1.0.0,"Таблица по подбору сечений теплых ангаров пролетами 9м, 12м, 15м, 18м, 21м, 24м версия 1,5.xlsx",0271b96c6fe725d3e50ad7891401958322a5ae97866bb0bf8cb190bc4bbeff3f,Расчеты,used sparse cells,2026-09-16,mixed,BBJ3,null,2515,n
1.0.0,"Таблица по подбору сечений теплых ангаров пролетами 9м, 12м, 15м, 18м, 21м, 24м версия 1,5.xlsx",0271b96c6fe725d3e50ad7891401958322a5ae97866bb0bf8cb190bc4bbeff3f,Расчеты,used sparse cells,2026-09-16,mixed,BBK3,null,2520,n
1.0.0,"Таблица по подбору сечений теплых ангаров пролетами 9м, 12м, 15м, 18м, 21м, 24м версия 1,5.xlsx",0271b96c6fe725d3e50ad7891401958322a5ae97866bb0bf8cb190bc4bbeff3f,Расчеты,used sparse cells,2026-09-16,mixed,BBL3,null,2525,n
1.0.0,"Таблица по подбору сечений теплых ангаров пролетами 9м, 12м, 15м, 18м, 21м, 24м версия 1,5.xlsx",0271b96c6fe725d3e50ad7891401958322a5ae97866bb0bf8cb190bc4bbeff3f,Расчеты,used sparse cells,2026-09-16,mixed,BBM3,null,2530,n
1.0.0,"Таблица по подбору сечений теплых ангаров пролетами 9м, 12м, 15м, 18м, 21м, 24м версия 1,5.xlsx",0271b96c6fe725d3e50ad7891401958322a5ae97866bb0bf8cb190bc4bbeff3f,Расчеты,used sparse cells,2026-09-16,mixed,BBN3,null,2535,n
1.0.0,"Таблица по подбору сечений теплых ангаров пролетами 9м, 12м, 15м, 18м, 21м, 24м версия 1,5.xlsx",0271b96c6fe725d3e50ad7891401958322a5ae97866bb0bf8cb190bc4bbeff3f,Расчеты,used sparse cells,2026-09-16,mixed,BBO3,null,2540,n
1.0.0,"Таблица по подбору сечений теплых ангаров пролетами 9м, 12м, 15м, 18м, 21м, 24м версия 1,5.xlsx",0271b96c6fe725d3e50ad7891401958322a5ae97866bb0bf8cb190bc4bbeff3f,Расчеты,used sparse cells,2026-09-16,mixed,BBP3,null,2545,n
1.0.0,"Таблица по подбору сечений теплых ангаров пролетами 9м, 12м, 15м, 18м, 21м, 24м версия 1,5.xlsx",0271b96c6fe725d3e50ad7891401958322a5ae97866bb0bf8cb190bc4bbeff3f,Расчеты,used sparse cells,2026-09-16,mixed,BBQ3,null,2550,n
1.0.0,"Таблица по подбору сечений теплых ангаров пролетами 9м, 12м, 15м, 18м, 21м, 24м версия 1,5.xlsx",0271b96c6fe725d3e50ad7891401958322a5ae97866bb0bf8cb190bc4bbeff3f,Расчеты,used sparse cells,2026-09-16,mixed,BBR3,null,2555,n
1.0.0,"Таблица по подбору сечений теплых ангаров пролетами 9м, 12м, 15м, 18м, 21м, 24м версия 1,5.xlsx",0271b96c6fe725d3e50ad7891401958322a5ae97866bb0bf8cb190bc4bbeff3f,Расчеты,used sparse cells,2026-09-16,mixed,BBS3,null,2560,n
1.0.0,"Таблица по подбору сечений теплых ангаров пролетами 9м, 12м, 15м, 18м, 21м, 24м версия 1,5.xlsx",0271b96c6fe725d3e50ad7891401958322a5ae97866bb0bf8cb190bc4bbeff3f,Расчеты,used sparse cells,2026-09-16,mixed,BBT3,null,2565,n
1.0.0,"Таблица по подбору сечений теплых ангаров пролетами 9м, 12м, 15м, 18м, 21м, 24м версия 1,5.xlsx",0271b96c6fe725d3e50ad7891401958322a5ae97866bb0bf8cb190bc4bbeff3f,Расчеты,used sparse cells,2026-09-16,mixed,BBU3,null,2570,n
1.0.0,"Таблица по подбору сечений теплых ангаров пролетами 9м, 12м, 15м, 18м, 21м, 24м версия 1,5.xlsx",0271b96c6fe725d3e50ad7891401958322a5ae97866bb0bf8cb190bc4bbeff3f,Расчеты,used sparse cells,2026-09-16,mixed,BBV3,null,2575,n
1.0.0,"Таблица по подбору сечений теплых ангаров пролетами 9м, 12м, 15м, 18м, 21м, 24м версия 1,5.xlsx",0271b96c6fe725d3e50ad7891401958322a5ae97866bb0bf8cb190bc4bbeff3f,Расчеты,used sparse cells,2026-09-16,mixed,BBW3,null,2580,n
1.0.0,"Таблица по подбору сечений теплых ангаров пролетами 9м, 12м, 15м, 18м, 21м, 24м версия 1,5.xlsx",0271b96c6fe725d3e50ad7891401958322a5ae97866bb0bf8cb190bc4bbeff3f,Расчеты,used sparse cells,2026-09-16,mixed,BBX3,null,2585,n
1.0.0,"Таблица по подбору сечений теплых ангаров пролетами 9м, 12м, 15м, 18м, 21м, 24м версия 1,5.xlsx",0271b96c6fe725d3e50ad7891401958322a5ae97866bb0bf8cb190bc4bbeff3f,Расчеты,used sparse cells,2026-09-16,mixed,BBY3,null,2590,n
1.0.0,"Таблица по подбору сечений теплых ангаров пролетами 9м, 12м, 15м, 18м, 21м, 24м версия 1,5.xlsx",0271b96c6fe725d3e50ad7891401958322a5ae97866bb0bf8cb190bc4bbeff3f,Расчеты,used sparse cells,2026-09-16,mixed,BBZ3,null,2595,n
1.0.0,"Таблица по подбору сечений теплых ангаров пролетами 9м, 12м, 15м, 18м, 21м, 24м версия 1,5.xlsx",0271b96c6fe725d3e50ad7891401958322a5ae97866bb0bf8cb190bc4bbeff3f,Расчеты,used sparse cells,2026-09-16,mixed,BCA3,null,2600,n
1.0.0,"Таблица по подбору сечений теплых ангаров пролетами 9м, 12м, 15м, 18м, 21м, 24м версия 1,5.xlsx",0271b96c6fe725d3e50ad7891401958322a5ae97866bb0bf8cb190bc4bbeff3f,Расчеты,used sparse cells,2026-09-16,mixed,BCB3,null,2605,n
1.0.0,"Таблица по подбору сечений теплых ангаров пролетами 9м, 12м, 15м, 18м, 21м, 24м версия 1,5.xlsx",0271b96c6fe725d3e50ad7891401958322a5ae97866bb0bf8cb190bc4bbeff3f,Расчеты,used sparse cells,2026-09-16,mixed,BCC3,null,2610,n
1.0.0,"Таблица по подбору сечений теплых ангаров пролетами 9м, 12м, 15м, 18м, 21м, 24м версия 1,5.xlsx",0271b96c6fe725d3e50ad7891401958322a5ae97866bb0bf8cb190bc4bbeff3f,Расчеты,used sparse cells,2026-09-16,mixed,BCD3,null,2615,n
1.0.0,"Таблица по подбору сечений теплых ангаров пролетами 9м, 12м, 15м, 18м, 21м, 24м версия 1,5.xlsx",0271b96c6fe725d3e50ad7891401958322a5ae97866bb0bf8cb190bc4bbeff3f,Расчеты,used sparse cells,2026-09-16,mixed,BCE3,null,2620,n
1.0.0,"Таблица по подбору сечений теплых ангаров пролетами 9м, 12м, 15м, 18м, 21м, 24м версия 1,5.xlsx",0271b96c6fe725d3e50ad7891401958322a5ae97866bb0bf8cb190bc4bbeff3f,Расчеты,used sparse cells,2026-09-16,mixed,BCF3,null,2625,n
1.0.0,"Таблица по подбору сечений теплых ангаров пролетами 9м, 12м, 15м, 18м, 21м, 24м версия 1,5.xlsx",0271b96c6fe725d3e50ad7891401958322a5ae97866bb0bf8cb190bc4bbeff3f,Расчеты,used sparse cells,2026-09-16,mixed,BCG3,null,2630,n
1.0.0,"Таблица по подбору сечений теплых ангаров пролетами 9м, 12м, 15м, 18м, 21м, 24м версия 1,5.xlsx",0271b96c6fe725d3e50ad7891401958322a5ae97866bb0bf8cb190bc4bbeff3f,Расчеты,used sparse cells,2026-09-16,mixed,BCH3,null,2635,n
1.0.0,"Таблица по подбору сечений теплых ангаров пролетами 9м, 12м, 15м, 18м, 21м, 24м версия 1,5.xlsx",0271b96c6fe725d3e50ad7891401958322a5ae97866bb0bf8cb190bc4bbeff3f,Расчеты,used sparse cells,2026-09-16,mixed,BCI3,null,2640,n
1.0.0,"Таблица по подбору сечений теплых ангаров пролетами 9м, 12м, 15м, 18м, 21м, 24м версия 1,5.xlsx",0271b96c6fe725d3e50ad7891401958322a5ae97866bb0bf8cb190bc4bbeff3f,Расчеты,used sparse cells,2026-09-16,mixed,BCJ3,null,2645,n
1.0.0,"Таблица по подбору сечений теплых ангаров пролетами 9м, 12м, 15м, 18м, 21м, 24м версия 1,5.xlsx",0271b96c6fe725d3e50ad7891401958322a5ae97866bb0bf8cb190bc4bbeff3f,Расчеты,used sparse cells,2026-09-16,mixed,BCK3,null,2650,n
1.0.0,"Таблица по подбору сечений теплых ангаров пролетами 9м, 12м, 15м, 18м, 21м, 24м версия 1,5.xlsx",0271b96c6fe725d3e50ad7891401958322a5ae97866bb0bf8cb190bc4bbeff3f,Расчеты,used sparse cells,2026-09-16,mixed,BCL3,null,2655,n
1.0.0,"Таблица по подбору сечений теплых ангаров пролетами 9м, 12м, 15м, 18м, 21м, 24м версия 1,5.xlsx",0271b96c6fe725d3e50ad7891401958322a5ae97866bb0bf8cb190bc4bbeff3f,Расчеты,used sparse cells,2026-09-16,mixed,BCM3,null,2660,n
1.0.0,"Таблица по подбору сечений теплых ангаров пролетами 9м, 12м, 15м, 18м, 21м, 24м версия 1,5.xlsx",0271b96c6fe725d3e50ad7891401958322a5ae97866bb0bf8cb190bc4bbeff3f,Расчеты,used sparse cells,2026-09-16,mixed,BCN3,null,2665,n
1.0.0,"Таблица по подбору сечений теплых ангаров пролетами 9м, 12м, 15м, 18м, 21м, 24м версия 1,5.xlsx",0271b96c6fe725d3e50ad7891401958322a5ae97866bb0bf8cb190bc4bbeff3f,Расчеты,used sparse cells,2026-09-16,mixed,BCO3,null,2670,n
1.0.0,"Таблица по подбору сечений теплых ангаров пролетами 9м, 12м, 15м, 18м, 21м, 24м версия 1,5.xlsx",0271b96c6fe725d3e50ad7891401958322a5ae97866bb0bf8cb190bc4bbeff3f,Расчеты,used sparse cells,2026-09-16,mixed,BCP3,null,2675,n
1.0.0,"Таблица по подбору сечений теплых ангаров пролетами 9м, 12м, 15м, 18м, 21м, 24м версия 1,5.xlsx",0271b96c6fe725d3e50ad7891401958322a5ae97866bb0bf8cb190bc4bbeff3f,Расчеты,used sparse cells,2026-09-16,mixed,BCQ3,null,2680,n
1.0.0,"Таблица по подбору сечений теплых ангаров пролетами 9м, 12м, 15м, 18м, 21м, 24м версия 1,5.xlsx",0271b96c6fe725d3e50ad7891401958322a5ae97866bb0bf8cb190bc4bbeff3f,Расчеты,used sparse cells,2026-09-16,mixed,BCR3,null,2685,n
1.0.0,"Таблица по подбору сечений теплых ангаров пролетами 9м, 12м, 15м, 18м, 21м, 24м версия 1,5.xlsx",0271b96c6fe725d3e50ad7891401958322a5ae97866bb0bf8cb190bc4bbeff3f,Расчеты,used sparse cells,2026-09-16,mixed,BCS3,null,2690,n
1.0.0,"Таблица по подбору сечений теплых ангаров пролетами 9м, 12м, 15м, 18м, 21м, 24м версия 1,5.xlsx",0271b96c6fe725d3e50ad7891401958322a5ae97866bb0bf8cb190bc4bbeff3f,Расчеты,used sparse cells,2026-09-16,mixed,BCT3,null,2695,n
1.0.0,"Таблица по подбору сечений теплых ангаров пролетами 9м, 12м, 15м, 18м, 21м, 24м версия 1,5.xlsx",0271b96c6fe725d3e50ad7891401958322a5ae97866bb0bf8cb190bc4bbeff3f,Расчеты,used sparse cells,2026-09-16,mixed,BCU3,null,2700,n
1.0.0,"Таблица по подбору сечений теплых ангаров пролетами 9м, 12м, 15м, 18м, 21м, 24м версия 1,5.xlsx",0271b96c6fe725d3e50ad7891401958322a5ae97866bb0bf8cb190bc4bbeff3f,Расчеты,used sparse cells,2026-09-16,mixed,BCV3,null,2705,n
1.0.0,"Таблица по подбору сечений теплых ангаров пролетами 9м, 12м, 15м, 18м, 21м, 24м версия 1,5.xlsx",0271b96c6fe725d3e50ad7891401958322a5ae97866bb0bf8cb190bc4bbeff3f,Расчеты,used sparse cells,2026-09-16,mixed,BCW3,null,2710,n
1.0.0,"Таблица по подбору сечений теплых ангаров пролетами 9м, 12м, 15м, 18м, 21м, 24м версия 1,5.xlsx",0271b96c6fe725d3e50ad7891401958322a5ae97866bb0bf8cb190bc4bbeff3f,Расчеты,used sparse cells,2026-09-16,mixed,BCX3,null,2715,n
1.0.0,"Таблица по подбору сечений теплых ангаров пролетами 9м, 12м, 15м, 18м, 21м, 24м версия 1,5.xlsx",0271b96c6fe725d3e50ad7891401958322a5ae97866bb0bf8cb190bc4bbeff3f,Расчеты,used sparse cells,2026-09-16,mixed,BCY3,null,2720,n
1.0.0,"Таблица по подбору сечений теплых ангаров пролетами 9м, 12м, 15м, 18м, 21м, 24м версия 1,5.xlsx",0271b96c6fe725d3e50ad7891401958322a5ae97866bb0bf8cb190bc4bbeff3f,Расчеты,used sparse cells,2026-09-16,mixed,BCZ3,null,2725,n
1.0.0,"Таблица по подбору сечений теплых ангаров пролетами 9м, 12м, 15м, 18м, 21м, 24м версия 1,5.xlsx",0271b96c6fe725d3e50ad7891401958322a5ae97866bb0bf8cb190bc4bbeff3f,Расчеты,used sparse cells,2026-09-16,mixed,BDA3,null,2730,n
1.0.0,"Таблица по подбору сечений теплых ангаров пролетами 9м, 12м, 15м, 18м, 21м, 24м версия 1,5.xlsx",0271b96c6fe725d3e50ad7891401958322a5ae97866bb0bf8cb190bc4bbeff3f,Расчеты,used sparse cells,2026-09-16,mixed,BDB3,null,2735,n
1.0.0,"Таблица по подбору сечений теплых ангаров пролетами 9м, 12м, 15м, 18м, 21м, 24м версия 1,5.xlsx",0271b96c6fe725d3e50ad7891401958322a5ae97866bb0bf8cb190bc4bbeff3f,Расчеты,used sparse cells,2026-09-16,mixed,BDC3,null,2740,n
1.0.0,"Таблица по подбору сечений теплых ангаров пролетами 9м, 12м, 15м, 18м, 21м, 24м версия 1,5.xlsx",0271b96c6fe725d3e50ad7891401958322a5ae97866bb0bf8cb190bc4bbeff3f,Расчеты,used sparse cells,2026-09-16,mixed,BDD3,null,2745,n
1.0.0,"Таблица по подбору сечений теплых ангаров пролетами 9м, 12м, 15м, 18м, 21м, 24м версия 1,5.xlsx",0271b96c6fe725d3e50ad7891401958322a5ae97866bb0bf8cb190bc4bbeff3f,Расчеты,used sparse cells,2026-09-16,mixed,BDE3,null,2750,n
1.0.0,"Таблица по подбору сечений теплых ангаров пролетами 9м, 12м, 15м, 18м, 21м, 24м версия 1,5.xlsx",0271b96c6fe725d3e50ad7891401958322a5ae97866bb0bf8cb190bc4bbeff3f,Расчеты,used sparse cells,2026-09-16,mixed,BDF3,null,2755,n
1.0.0,"Таблица по подбору сечений теплых ангаров пролетами 9м, 12м, 15м, 18м, 21м, 24м версия 1,5.xlsx",0271b96c6fe725d3e50ad7891401958322a5ae97866bb0bf8cb190bc4bbeff3f,Расчеты,used sparse cells,2026-09-16,mixed,BDG3,null,2760,n
1.0.0,"Таблица по подбору сечений теплых ангаров пролетами 9м, 12м, 15м, 18м, 21м, 24м версия 1,5.xlsx",0271b96c6fe725d3e50ad7891401958322a5ae97866bb0bf8cb190bc4bbeff3f,Расчеты,used sparse cells,2026-09-16,mixed,BDH3,null,2765,n
1.0.0,"Таблица по подбору сечений теплых ангаров пролетами 9м, 12м, 15м, 18м, 21м, 24м версия 1,5.xlsx",0271b96c6fe725d3e50ad7891401958322a5ae97866bb0bf8cb190bc4bbeff3f,Расчеты,used sparse cells,2026-09-16,mixed,BDI3,null,2770,n
1.0.0,"Таблица по подбору сечений теплых ангаров пролетами 9м, 12м, 15м, 18м, 21м, 24м версия 1,5.xlsx",0271b96c6fe725d3e50ad7891401958322a5ae97866bb0bf8cb190bc4bbeff3f,Расчеты,used sparse cells,2026-09-16,mixed,BDJ3,null,2775,n
1.0.0,"Таблица по подбору сечений теплых ангаров пролетами 9м, 12м, 15м, 18м, 21м, 24м версия 1,5.xlsx",0271b96c6fe725d3e50ad7891401958322a5ae97866bb0bf8cb190bc4bbeff3f,Расчеты,used sparse cells,2026-09-16,mixed,BDK3,null,2780,n
1.0.0,"Таблица по подбору сечений теплых ангаров пролетами 9м, 12м, 15м, 18м, 21м, 24м версия 1,5.xlsx",0271b96c6fe725d3e50ad7891401958322a5ae97866bb0bf8cb190bc4bbeff3f,Расчеты,used sparse cells,2026-09-16,mixed,BDL3,null,2785,n
1.0.0,"Таблица по подбору сечений теплых ангаров пролетами 9м, 12м, 15м, 18м, 21м, 24м версия 1,5.xlsx",0271b96c6fe725d3e50ad7891401958322a5ae97866bb0bf8cb190bc4bbeff3f,Расчеты,used sparse cells,2026-09-16,mixed,BDM3,null,2790,n
1.0.0,"Таблица по подбору сечений теплых ангаров пролетами 9м, 12м, 15м, 18м, 21м, 24м версия 1,5.xlsx",0271b96c6fe725d3e50ad7891401958322a5ae97866bb0bf8cb190bc4bbeff3f,Расчеты,used sparse cells,2026-09-16,mixed,BDN3,null,2795,n
1.0.0,"Таблица по подбору сечений теплых ангаров пролетами 9м, 12м, 15м, 18м, 21м, 24м версия 1,5.xlsx",0271b96c6fe725d3e50ad7891401958322a5ae97866bb0bf8cb190bc4bbeff3f,Расчеты,used sparse cells,2026-09-16,mixed,BDO3,null,2800,n
1.0.0,"Таблица по подбору сечений теплых ангаров пролетами 9м, 12м, 15м, 18м, 21м, 24м версия 1,5.xlsx",0271b96c6fe725d3e50ad7891401958322a5ae97866bb0bf8cb190bc4bbeff3f,Расчеты,used sparse cells,2026-09-16,mixed,BDP3,null,2805,n
1.0.0,"Таблица по подбору сечений теплых ангаров пролетами 9м, 12м, 15м, 18м, 21м, 24м версия 1,5.xlsx",0271b96c6fe725d3e50ad7891401958322a5ae97866bb0bf8cb190bc4bbeff3f,Расчеты,used sparse cells,2026-09-16,mixed,BDQ3,null,2810,n
1.0.0,"Таблица по подбору сечений теплых ангаров пролетами 9м, 12м, 15м, 18м, 21м, 24м версия 1,5.xlsx",0271b96c6fe725d3e50ad7891401958322a5ae97866bb0bf8cb190bc4bbeff3f,Расчеты,used sparse cells,2026-09-16,mixed,BDR3,null,2815,n
1.0.0,"Таблица по подбору сечений теплых ангаров пролетами 9м, 12м, 15м, 18м, 21м, 24м версия 1,5.xlsx",0271b96c6fe725d3e50ad7891401958322a5ae97866bb0bf8cb190bc4bbeff3f,Расчеты,used sparse cells,2026-09-16,mixed,BDS3,null,2820,n
1.0.0,"Таблица по подбору сечений теплых ангаров пролетами 9м, 12м, 15м, 18м, 21м, 24м версия 1,5.xlsx",0271b96c6fe725d3e50ad7891401958322a5ae97866bb0bf8cb190bc4bbeff3f,Расчеты,used sparse cells,2026-09-16,mixed,BDT3,null,2825,n
1.0.0,"Таблица по подбору сечений теплых ангаров пролетами 9м, 12м, 15м, 18м, 21м, 24м версия 1,5.xlsx",0271b96c6fe725d3e50ad7891401958322a5ae97866bb0bf8cb190bc4bbeff3f,Расчеты,used sparse cells,2026-09-16,mixed,BDU3,null,2830,n
1.0.0,"Таблица по подбору сечений теплых ангаров пролетами 9м, 12м, 15м, 18м, 21м, 24м версия 1,5.xlsx",0271b96c6fe725d3e50ad7891401958322a5ae97866bb0bf8cb190bc4bbeff3f,Расчеты,used sparse cells,2026-09-16,mixed,BDV3,null,2835,n
1.0.0,"Таблица по подбору сечений теплых ангаров пролетами 9м, 12м, 15м, 18м, 21м, 24м версия 1,5.xlsx",0271b96c6fe725d3e50ad7891401958322a5ae97866bb0bf8cb190bc4bbeff3f,Расчеты,used sparse cells,2026-09-16,mixed,BDW3,null,2840,n
1.0.0,"Таблица по подбору сечений теплых ангаров пролетами 9м, 12м, 15м, 18м, 21м, 24м версия 1,5.xlsx",0271b96c6fe725d3e50ad7891401958322a5ae97866bb0bf8cb190bc4bbeff3f,Расчеты,used sparse cells,2026-09-16,mixed,BDX3,null,2845,n
1.0.0,"Таблица по подбору сечений теплых ангаров пролетами 9м, 12м, 15м, 18м, 21м, 24м версия 1,5.xlsx",0271b96c6fe725d3e50ad7891401958322a5ae97866bb0bf8cb190bc4bbeff3f,Расчеты,used sparse cells,2026-09-16,mixed,BDY3,null,2850,n
1.0.0,"Таблица по подбору сечений теплых ангаров пролетами 9м, 12м, 15м, 18м, 21м, 24м версия 1,5.xlsx",0271b96c6fe725d3e50ad7891401958322a5ae97866bb0bf8cb190bc4bbeff3f,Расчеты,used sparse cells,2026-09-16,mixed,BDZ3,null,2855,n
1.0.0,"Таблица по подбору сечений теплых ангаров пролетами 9м, 12м, 15м, 18м, 21м, 24м версия 1,5.xlsx",0271b96c6fe725d3e50ad7891401958322a5ae97866bb0bf8cb190bc4bbeff3f,Расчеты,used sparse cells,2026-09-16,mixed,BEA3,null,2860,n
1.0.0,"Таблица по подбору сечений теплых ангаров пролетами 9м, 12м, 15м, 18м, 21м, 24м версия 1,5.xlsx",0271b96c6fe725d3e50ad7891401958322a5ae97866bb0bf8cb190bc4bbeff3f,Расчеты,used sparse cells,2026-09-16,mixed,BEB3,null,2865,n
1.0.0,"Таблица по подбору сечений теплых ангаров пролетами 9м, 12м, 15м, 18м, 21м, 24м версия 1,5.xlsx",0271b96c6fe725d3e50ad7891401958322a5ae97866bb0bf8cb190bc4bbeff3f,Расчеты,used sparse cells,2026-09-16,mixed,BEC3,null,2870,n
1.0.0,"Таблица по подбору сечений теплых ангаров пролетами 9м, 12м, 15м, 18м, 21м, 24м версия 1,5.xlsx",0271b96c6fe725d3e50ad7891401958322a5ae97866bb0bf8cb190bc4bbeff3f,Расчеты,used sparse cells,2026-09-16,mixed,BED3,null,2875,n
1.0.0,"Таблица по подбору сечений теплых ангаров пролетами 9м, 12м, 15м, 18м, 21м, 24м версия 1,5.xlsx",0271b96c6fe725d3e50ad7891401958322a5ae97866bb0bf8cb190bc4bbeff3f,Расчеты,used sparse cells,2026-09-16,mixed,BEE3,null,2880,n
1.0.0,"Таблица по подбору сечений теплых ангаров пролетами 9м, 12м, 15м, 18м, 21м, 24м версия 1,5.xlsx",0271b96c6fe725d3e50ad7891401958322a5ae97866bb0bf8cb190bc4bbeff3f,Расчеты,used sparse cells,2026-09-16,mixed,BEF3,null,2885,n
1.0.0,"Таблица по подбору сечений теплых ангаров пролетами 9м, 12м, 15м, 18м, 21м, 24м версия 1,5.xlsx",0271b96c6fe725d3e50ad7891401958322a5ae97866bb0bf8cb190bc4bbeff3f,Расчеты,used sparse cells,2026-09-16,mixed,BEG3,null,2890,n
1.0.0,"Таблица по подбору сечений теплых ангаров пролетами 9м, 12м, 15м, 18м, 21м, 24м версия 1,5.xlsx",0271b96c6fe725d3e50ad7891401958322a5ae97866bb0bf8cb190bc4bbeff3f,Расчеты,used sparse cells,2026-09-16,mixed,BEH3,null,2895,n
1.0.0,"Таблица по подбору сечений теплых ангаров пролетами 9м, 12м, 15м, 18м, 21м, 24м версия 1,5.xlsx",0271b96c6fe725d3e50ad7891401958322a5ae97866bb0bf8cb190bc4bbeff3f,Расчеты,used sparse cells,2026-09-16,mixed,BEI3,null,2900,n
1.0.0,"Таблица по подбору сечений теплых ангаров пролетами 9м, 12м, 15м, 18м, 21м, 24м версия 1,5.xlsx",0271b96c6fe725d3e50ad7891401958322a5ae97866bb0bf8cb190bc4bbeff3f,Расчеты,used sparse cells,2026-09-16,mixed,BEJ3,null,2905,n
1.0.0,"Таблица по подбору сечений теплых ангаров пролетами 9м, 12м, 15м, 18м, 21м, 24м версия 1,5.xlsx",0271b96c6fe725d3e50ad7891401958322a5ae97866bb0bf8cb190bc4bbeff3f,Расчеты,used sparse cells,2026-09-16,mixed,BEK3,null,2910,n
1.0.0,"Таблица по подбору сечений теплых ангаров пролетами 9м, 12м, 15м, 18м, 21м, 24м версия 1,5.xlsx",0271b96c6fe725d3e50ad7891401958322a5ae97866bb0bf8cb190bc4bbeff3f,Расчеты,used sparse cells,2026-09-16,mixed,BEL3,null,2915,n
1.0.0,"Таблица по подбору сечений теплых ангаров пролетами 9м, 12м, 15м, 18м, 21м, 24м версия 1,5.xlsx",0271b96c6fe725d3e50ad7891401958322a5ae97866bb0bf8cb190bc4bbeff3f,Расчеты,used sparse cells,2026-09-16,mixed,BEM3,null,2920,n
1.0.0,"Таблица по подбору сечений теплых ангаров пролетами 9м, 12м, 15м, 18м, 21м, 24м версия 1,5.xlsx",0271b96c6fe725d3e50ad7891401958322a5ae97866bb0bf8cb190bc4bbeff3f,Расчеты,used sparse cells,2026-09-16,mixed,BEN3,null,2925,n
1.0.0,"Таблица по подбору сечений теплых ангаров пролетами 9м, 12м, 15м, 18м, 21м, 24м версия 1,5.xlsx",0271b96c6fe725d3e50ad7891401958322a5ae97866bb0bf8cb190bc4bbeff3f,Расчеты,used sparse cells,2026-09-16,mixed,BEO3,null,2930,n
1.0.0,"Таблица по подбору сечений теплых ангаров пролетами 9м, 12м, 15м, 18м, 21м, 24м версия 1,5.xlsx",0271b96c6fe725d3e50ad7891401958322a5ae97866bb0bf8cb190bc4bbeff3f,Расчеты,used sparse cells,2026-09-16,mixed,BEP3,null,2935,n
1.0.0,"Таблица по подбору сечений теплых ангаров пролетами 9м, 12м, 15м, 18м, 21м, 24м версия 1,5.xlsx",0271b96c6fe725d3e50ad7891401958322a5ae97866bb0bf8cb190bc4bbeff3f,Расчеты,used sparse cells,2026-09-16,mixed,BEQ3,null,2940,n
1.0.0,"Таблица по подбору сечений теплых ангаров пролетами 9м, 12м, 15м, 18м, 21м, 24м версия 1,5.xlsx",0271b96c6fe725d3e50ad7891401958322a5ae97866bb0bf8cb190bc4bbeff3f,Расчеты,used sparse cells,2026-09-16,mixed,BER3,null,2945,n
1.0.0,"Таблица по подбору сечений теплых ангаров пролетами 9м, 12м, 15м, 18м, 21м, 24м версия 1,5.xlsx",0271b96c6fe725d3e50ad7891401958322a5ae97866bb0bf8cb190bc4bbeff3f,Расчеты,used sparse cells,2026-09-16,mixed,BES3,null,2950,n
1.0.0,"Таблица по подбору сечений теплых ангаров пролетами 9м, 12м, 15м, 18м, 21м, 24м версия 1,5.xlsx",0271b96c6fe725d3e50ad7891401958322a5ae97866bb0bf8cb190bc4bbeff3f,Расчеты,used sparse cells,2026-09-16,mixed,BET3,null,2955,n
1.0.0,"Таблица по подбору сечений теплых ангаров пролетами 9м, 12м, 15м, 18м, 21м, 24м версия 1,5.xlsx",0271b96c6fe725d3e50ad7891401958322a5ae97866bb0bf8cb190bc4bbeff3f,Расчеты,used sparse cells,2026-09-16,mixed,BEU3,null,2960,n
1.0.0,"Таблица по подбору сечений теплых ангаров пролетами 9м, 12м, 15м, 18м, 21м, 24м версия 1,5.xlsx",0271b96c6fe725d3e50ad7891401958322a5ae97866bb0bf8cb190bc4bbeff3f,Расчеты,used sparse cells,2026-09-16,mixed,BEV3,null,2965,n
1.0.0,"Таблица по подбору сечений теплых ангаров пролетами 9м, 12м, 15м, 18м, 21м, 24м версия 1,5.xlsx",0271b96c6fe725d3e50ad7891401958322a5ae97866bb0bf8cb190bc4bbeff3f,Расчеты,used sparse cells,2026-09-16,mixed,BEW3,null,2970,n
1.0.0,"Таблица по подбору сечений теплых ангаров пролетами 9м, 12м, 15м, 18м, 21м, 24м версия 1,5.xlsx",0271b96c6fe725d3e50ad7891401958322a5ae97866bb0bf8cb190bc4bbeff3f,Расчеты,used sparse cells,2026-09-16,mixed,BEX3,null,2975,n
1.0.0,"Таблица по подбору сечений теплых ангаров пролетами 9м, 12м, 15м, 18м, 21м, 24м версия 1,5.xlsx",0271b96c6fe725d3e50ad7891401958322a5ae97866bb0bf8cb190bc4bbeff3f,Расчеты,used sparse cells,2026-09-16,mixed,BEY3,null,2980,n
1.0.0,"Таблица по подбору сечений теплых ангаров пролетами 9м, 12м, 15м, 18м, 21м, 24м версия 1,5.xlsx",0271b96c6fe725d3e50ad7891401958322a5ae97866bb0bf8cb190bc4bbeff3f,Расчеты,used sparse cells,2026-09-16,mixed,BEZ3,null,2985,n
1.0.0,"Таблица по подбору сечений теплых ангаров пролетами 9м, 12м, 15м, 18м, 21м, 24м версия 1,5.xlsx",0271b96c6fe725d3e50ad7891401958322a5ae97866bb0bf8cb190bc4bbeff3f,Расчеты,used sparse cells,2026-09-16,mixed,BFA3,null,2990,n
1.0.0,"Таблица по подбору сечений теплых ангаров пролетами 9м, 12м, 15м, 18м, 21м, 24м версия 1,5.xlsx",0271b96c6fe725d3e50ad7891401958322a5ae97866bb0bf8cb190bc4bbeff3f,Расчеты,used sparse cells,2026-09-16,mixed,BFB3,null,2995,n
1.0.0,"Таблица по подбору сечений теплых ангаров пролетами 9м, 12м, 15м, 18м, 21м, 24м версия 1,5.xlsx",0271b96c6fe725d3e50ad7891401958322a5ae97866bb0bf8cb190bc4bbeff3f,Расчеты,used sparse cells,2026-09-16,mixed,BFC3,null,3000,n
1.0.0,"Таблица по подбору сечений теплых ангаров пролетами 9м, 12м, 15м, 18м, 21м, 24м версия 1,5.xlsx",0271b96c6fe725d3e50ad7891401958322a5ae97866bb0bf8cb190bc4bbeff3f,Расчеты,used sparse cells,2026-09-16,mixed,BFE3,null,500,n
1.0.0,"Таблица по подбору сечений теплых ангаров пролетами 9м, 12м, 15м, 18м, 21м, 24м версия 1,5.xlsx",0271b96c6fe725d3e50ad7891401958322a5ae97866bb0bf8cb190bc4bbeff3f,Расчеты,used sparse cells,2026-09-16,mixed,BFF3,null,505,n
1.0.0,"Таблица по подбору сечений теплых ангаров пролетами 9м, 12м, 15м, 18м, 21м, 24м версия 1,5.xlsx",0271b96c6fe725d3e50ad7891401958322a5ae97866bb0bf8cb190bc4bbeff3f,Расчеты,used sparse cells,2026-09-16,mixed,BFG3,null,510,n
1.0.0,"Таблица по подбору сечений теплых ангаров пролетами 9м, 12м, 15м, 18м, 21м, 24м версия 1,5.xlsx",0271b96c6fe725d3e50ad7891401958322a5ae97866bb0bf8cb190bc4bbeff3f,Расчеты,used sparse cells,2026-09-16,mixed,BFH3,null,515,n
1.0.0,"Таблица по подбору сечений теплых ангаров пролетами 9м, 12м, 15м, 18м, 21м, 24м версия 1,5.xlsx",0271b96c6fe725d3e50ad7891401958322a5ae97866bb0bf8cb190bc4bbeff3f,Расчеты,used sparse cells,2026-09-16,mixed,BFI3,null,520,n
1.0.0,"Таблица по подбору сечений теплых ангаров пролетами 9м, 12м, 15м, 18м, 21м, 24м версия 1,5.xlsx",0271b96c6fe725d3e50ad7891401958322a5ae97866bb0bf8cb190bc4bbeff3f,Расчеты,used sparse cells,2026-09-16,mixed,BFJ3,null,525,n
1.0.0,"Таблица по подбору сечений теплых ангаров пролетами 9м, 12м, 15м, 18м, 21м, 24м версия 1,5.xlsx",0271b96c6fe725d3e50ad7891401958322a5ae97866bb0bf8cb190bc4bbeff3f,Расчеты,used sparse cells,2026-09-16,mixed,BFK3,null,530,n
1.0.0,"Таблица по подбору сечений теплых ангаров пролетами 9м, 12м, 15м, 18м, 21м, 24м версия 1,5.xlsx",0271b96c6fe725d3e50ad7891401958322a5ae97866bb0bf8cb190bc4bbeff3f,Расчеты,used sparse cells,2026-09-16,mixed,BFL3,null,535,n
1.0.0,"Таблица по подбору сечений теплых ангаров пролетами 9м, 12м, 15м, 18м, 21м, 24м версия 1,5.xlsx",0271b96c6fe725d3e50ad7891401958322a5ae97866bb0bf8cb190bc4bbeff3f,Расчеты,used sparse cells,2026-09-16,mixed,BFM3,null,540,n
1.0.0,"Таблица по подбору сечений теплых ангаров пролетами 9м, 12м, 15м, 18м, 21м, 24м версия 1,5.xlsx",0271b96c6fe725d3e50ad7891401958322a5ae97866bb0bf8cb190bc4bbeff3f,Расчеты,used sparse cells,2026-09-16,mixed,BFN3,null,545,n
1.0.0,"Таблица по подбору сечений теплых ангаров пролетами 9м, 12м, 15м, 18м, 21м, 24м версия 1,5.xlsx",0271b96c6fe725d3e50ad7891401958322a5ae97866bb0bf8cb190bc4bbeff3f,Расчеты,used sparse cells,2026-09-16,mixed,BFO3,null,550,n
1.0.0,"Таблица по подбору сечений теплых ангаров пролетами 9м, 12м, 15м, 18м, 21м, 24м версия 1,5.xlsx",0271b96c6fe725d3e50ad7891401958322a5ae97866bb0bf8cb190bc4bbeff3f,Расчеты,used sparse cells,2026-09-16,mixed,BFP3,null,555,n
1.0.0,"Таблица по подбору сечений теплых ангаров пролетами 9м, 12м, 15м, 18м, 21м, 24м версия 1,5.xlsx",0271b96c6fe725d3e50ad7891401958322a5ae97866bb0bf8cb190bc4bbeff3f,Расчеты,used sparse cells,2026-09-16,mixed,BFQ3,null,560,n
1.0.0,"Таблица по подбору сечений теплых ангаров пролетами 9м, 12м, 15м, 18м, 21м, 24м версия 1,5.xlsx",0271b96c6fe725d3e50ad7891401958322a5ae97866bb0bf8cb190bc4bbeff3f,Расчеты,used sparse cells,2026-09-16,mixed,BFR3,null,565,n
1.0.0,"Таблица по подбору сечений теплых ангаров пролетами 9м, 12м, 15м, 18м, 21м, 24м версия 1,5.xlsx",0271b96c6fe725d3e50ad7891401958322a5ae97866bb0bf8cb190bc4bbeff3f,Расчеты,used sparse cells,2026-09-16,mixed,BFS3,null,570,n
1.0.0,"Таблица по подбору сечений теплых ангаров пролетами 9м, 12м, 15м, 18м, 21м, 24м версия 1,5.xlsx",0271b96c6fe725d3e50ad7891401958322a5ae97866bb0bf8cb190bc4bbeff3f,Расчеты,used sparse cells,2026-09-16,mixed,BFT3,null,575,n
1.0.0,"Таблица по подбору сечений теплых ангаров пролетами 9м, 12м, 15м, 18м, 21м, 24м версия 1,5.xlsx",0271b96c6fe725d3e50ad7891401958322a5ae97866bb0bf8cb190bc4bbeff3f,Расчеты,used sparse cells,2026-09-16,mixed,BFU3,null,580,n
1.0.0,"Таблица по подбору сечений теплых ангаров пролетами 9м, 12м, 15м, 18м, 21м, 24м версия 1,5.xlsx",0271b96c6fe725d3e50ad7891401958322a5ae97866bb0bf8cb190bc4bbeff3f,Расчеты,used sparse cells,2026-09-16,mixed,BFV3,null,585,n
1.0.0,"Таблица по подбору сечений теплых ангаров пролетами 9м, 12м, 15м, 18м, 21м, 24м версия 1,5.xlsx",0271b96c6fe725d3e50ad7891401958322a5ae97866bb0bf8cb190bc4bbeff3f,Расчеты,used sparse cells,2026-09-16,mixed,BFW3,null,590,n
1.0.0,"Таблица по подбору сечений теплых ангаров пролетами 9м, 12м, 15м, 18м, 21м, 24м версия 1,5.xlsx",0271b96c6fe725d3e50ad7891401958322a5ae97866bb0bf8cb190bc4bbeff3f,Расчеты,used sparse cells,2026-09-16,mixed,BFX3,null,595,n
1.0.0,"Таблица по подбору сечений теплых ангаров пролетами 9м, 12м, 15м, 18м, 21м, 24м версия 1,5.xlsx",0271b96c6fe725d3e50ad7891401958322a5ae97866bb0bf8cb190bc4bbeff3f,Расчеты,used sparse cells,2026-09-16,mixed,BFY3,null,600,n
1.0.0,"Таблица по подбору сечений теплых ангаров пролетами 9м, 12м, 15м, 18м, 21м, 24м версия 1,5.xlsx",0271b96c6fe725d3e50ad7891401958322a5ae97866bb0bf8cb190bc4bbeff3f,Расчеты,used sparse cells,2026-09-16,mixed,BFZ3,null,605,n
1.0.0,"Таблица по подбору сечений теплых ангаров пролетами 9м, 12м, 15м, 18м, 21м, 24м версия 1,5.xlsx",0271b96c6fe725d3e50ad7891401958322a5ae97866bb0bf8cb190bc4bbeff3f,Расчеты,used sparse cells,2026-09-16,mixed,BGA3,null,610,n
1.0.0,"Таблица по подбору сечений теплых ангаров пролетами 9м, 12м, 15м, 18м, 21м, 24м версия 1,5.xlsx",0271b96c6fe725d3e50ad7891401958322a5ae97866bb0bf8cb190bc4bbeff3f,Расчеты,used sparse cells,2026-09-16,mixed,BGB3,null,615,n
1.0.0,"Таблица по подбору сечений теплых ангаров пролетами 9м, 12м, 15м, 18м, 21м, 24м версия 1,5.xlsx",0271b96c6fe725d3e50ad7891401958322a5ae97866bb0bf8cb190bc4bbeff3f,Расчеты,used sparse cells,2026-09-16,mixed,BGC3,null,620,n
1.0.0,"Таблица по подбору сечений теплых ангаров пролетами 9м, 12м, 15м, 18м, 21м, 24м версия 1,5.xlsx",0271b96c6fe725d3e50ad7891401958322a5ae97866bb0bf8cb190bc4bbeff3f,Расчеты,used sparse cells,2026-09-16,mixed,BGD3,null,625,n
1.0.0,"Таблица по подбору сечений теплых ангаров пролетами 9м, 12м, 15м, 18м, 21м, 24м версия 1,5.xlsx",0271b96c6fe725d3e50ad7891401958322a5ae97866bb0bf8cb190bc4bbeff3f,Расчеты,used sparse cells,2026-09-16,mixed,BGE3,null,630,n
1.0.0,"Таблица по подбору сечений теплых ангаров пролетами 9м, 12м, 15м, 18м, 21м, 24м версия 1,5.xlsx",0271b96c6fe725d3e50ad7891401958322a5ae97866bb0bf8cb190bc4bbeff3f,Расчеты,used sparse cells,2026-09-16,mixed,BGF3,null,635,n
1.0.0,"Таблица по подбору сечений теплых ангаров пролетами 9м, 12м, 15м, 18м, 21м, 24м версия 1,5.xlsx",0271b96c6fe725d3e50ad7891401958322a5ae97866bb0bf8cb190bc4bbeff3f,Расчеты,used sparse cells,2026-09-16,mixed,BGG3,null,640,n
1.0.0,"Таблица по подбору сечений теплых ангаров пролетами 9м, 12м, 15м, 18м, 21м, 24м версия 1,5.xlsx",0271b96c6fe725d3e50ad7891401958322a5ae97866bb0bf8cb190bc4bbeff3f,Расчеты,used sparse cells,2026-09-16,mixed,BGH3,null,645,n
1.0.0,"Таблица по подбору сечений теплых ангаров пролетами 9м, 12м, 15м, 18м, 21м, 24м версия 1,5.xlsx",0271b96c6fe725d3e50ad7891401958322a5ae97866bb0bf8cb190bc4bbeff3f,Расчеты,used sparse cells,2026-09-16,mixed,BGI3,null,650,n
1.0.0,"Таблица по подбору сечений теплых ангаров пролетами 9м, 12м, 15м, 18м, 21м, 24м версия 1,5.xlsx",0271b96c6fe725d3e50ad7891401958322a5ae97866bb0bf8cb190bc4bbeff3f,Расчеты,used sparse cells,2026-09-16,mixed,BGJ3,null,655,n
1.0.0,"Таблица по подбору сечений теплых ангаров пролетами 9м, 12м, 15м, 18м, 21м, 24м версия 1,5.xlsx",0271b96c6fe725d3e50ad7891401958322a5ae97866bb0bf8cb190bc4bbeff3f,Расчеты,used sparse cells,2026-09-16,mixed,BGK3,null,660,n
1.0.0,"Таблица по подбору сечений теплых ангаров пролетами 9м, 12м, 15м, 18м, 21м, 24м версия 1,5.xlsx",0271b96c6fe725d3e50ad7891401958322a5ae97866bb0bf8cb190bc4bbeff3f,Расчеты,used sparse cells,2026-09-16,mixed,BGL3,null,665,n
1.0.0,"Таблица по подбору сечений теплых ангаров пролетами 9м, 12м, 15м, 18м, 21м, 24м версия 1,5.xlsx",0271b96c6fe725d3e50ad7891401958322a5ae97866bb0bf8cb190bc4bbeff3f,Расчеты,used sparse cells,2026-09-16,mixed,BGM3,null,670,n
1.0.0,"Таблица по подбору сечений теплых ангаров пролетами 9м, 12м, 15м, 18м, 21м, 24м версия 1,5.xlsx",0271b96c6fe725d3e50ad7891401958322a5ae97866bb0bf8cb190bc4bbeff3f,Расчеты,used sparse cells,2026-09-16,mixed,BGN3,null,675,n
1.0.0,"Таблица по подбору сечений теплых ангаров пролетами 9м, 12м, 15м, 18м, 21м, 24м версия 1,5.xlsx",0271b96c6fe725d3e50ad7891401958322a5ae97866bb0bf8cb190bc4bbeff3f,Расчеты,used sparse cells,2026-09-16,mixed,BGO3,null,680,n
1.0.0,"Таблица по подбору сечений теплых ангаров пролетами 9м, 12м, 15м, 18м, 21м, 24м версия 1,5.xlsx",0271b96c6fe725d3e50ad7891401958322a5ae97866bb0bf8cb190bc4bbeff3f,Расчеты,used sparse cells,2026-09-16,mixed,BGP3,null,685,n
1.0.0,"Таблица по подбору сечений теплых ангаров пролетами 9м, 12м, 15м, 18м, 21м, 24м версия 1,5.xlsx",0271b96c6fe725d3e50ad7891401958322a5ae97866bb0bf8cb190bc4bbeff3f,Расчеты,used sparse cells,2026-09-16,mixed,BGQ3,null,690,n
1.0.0,"Таблица по подбору сечений теплых ангаров пролетами 9м, 12м, 15м, 18м, 21м, 24м версия 1,5.xlsx",0271b96c6fe725d3e50ad7891401958322a5ae97866bb0bf8cb190bc4bbeff3f,Расчеты,used sparse cells,2026-09-16,mixed,BGR3,null,695,n
1.0.0,"Таблица по подбору сечений теплых ангаров пролетами 9м, 12м, 15м, 18м, 21м, 24м версия 1,5.xlsx",0271b96c6fe725d3e50ad7891401958322a5ae97866bb0bf8cb190bc4bbeff3f,Расчеты,used sparse cells,2026-09-16,mixed,BGS3,null,700,n
1.0.0,"Таблица по подбору сечений теплых ангаров пролетами 9м, 12м, 15м, 18м, 21м, 24м версия 1,5.xlsx",0271b96c6fe725d3e50ad7891401958322a5ae97866bb0bf8cb190bc4bbeff3f,Расчеты,used sparse cells,2026-09-16,mixed,BGT3,null,705,n
1.0.0,"Таблица по подбору сечений теплых ангаров пролетами 9м, 12м, 15м, 18м, 21м, 24м версия 1,5.xlsx",0271b96c6fe725d3e50ad7891401958322a5ae97866bb0bf8cb190bc4bbeff3f,Расчеты,used sparse cells,2026-09-16,mixed,BGU3,null,710,n
1.0.0,"Таблица по подбору сечений теплых ангаров пролетами 9м, 12м, 15м, 18м, 21м, 24м версия 1,5.xlsx",0271b96c6fe725d3e50ad7891401958322a5ae97866bb0bf8cb190bc4bbeff3f,Расчеты,used sparse cells,2026-09-16,mixed,BGV3,null,715,n
1.0.0,"Таблица по подбору сечений теплых ангаров пролетами 9м, 12м, 15м, 18м, 21м, 24м версия 1,5.xlsx",0271b96c6fe725d3e50ad7891401958322a5ae97866bb0bf8cb190bc4bbeff3f,Расчеты,used sparse cells,2026-09-16,mixed,BGW3,null,720,n
1.0.0,"Таблица по подбору сечений теплых ангаров пролетами 9м, 12м, 15м, 18м, 21м, 24м версия 1,5.xlsx",0271b96c6fe725d3e50ad7891401958322a5ae97866bb0bf8cb190bc4bbeff3f,Расчеты,used sparse cells,2026-09-16,mixed,BGX3,null,725,n
1.0.0,"Таблица по подбору сечений теплых ангаров пролетами 9м, 12м, 15м, 18м, 21м, 24м версия 1,5.xlsx",0271b96c6fe725d3e50ad7891401958322a5ae97866bb0bf8cb190bc4bbeff3f,Расчеты,used sparse cells,2026-09-16,mixed,BGY3,null,730,n
1.0.0,"Таблица по подбору сечений теплых ангаров пролетами 9м, 12м, 15м, 18м, 21м, 24м версия 1,5.xlsx",0271b96c6fe725d3e50ad7891401958322a5ae97866bb0bf8cb190bc4bbeff3f,Расчеты,used sparse cells,2026-09-16,mixed,BGZ3,null,735,n
1.0.0,"Таблица по подбору сечений теплых ангаров пролетами 9м, 12м, 15м, 18м, 21м, 24м версия 1,5.xlsx",0271b96c6fe725d3e50ad7891401958322a5ae97866bb0bf8cb190bc4bbeff3f,Расчеты,used sparse cells,2026-09-16,mixed,BHA3,null,740,n
1.0.0,"Таблица по подбору сечений теплых ангаров пролетами 9м, 12м, 15м, 18м, 21м, 24м версия 1,5.xlsx",0271b96c6fe725d3e50ad7891401958322a5ae97866bb0bf8cb190bc4bbeff3f,Расчеты,used sparse cells,2026-09-16,mixed,BHB3,null,745,n
1.0.0,"Таблица по подбору сечений теплых ангаров пролетами 9м, 12м, 15м, 18м, 21м, 24м версия 1,5.xlsx",0271b96c6fe725d3e50ad7891401958322a5ae97866bb0bf8cb190bc4bbeff3f,Расчеты,used sparse cells,2026-09-16,mixed,BHC3,null,750,n
1.0.0,"Таблица по подбору сечений теплых ангаров пролетами 9м, 12м, 15м, 18м, 21м, 24м версия 1,5.xlsx",0271b96c6fe725d3e50ad7891401958322a5ae97866bb0bf8cb190bc4bbeff3f,Расчеты,used sparse cells,2026-09-16,mixed,BHD3,null,755,n
1.0.0,"Таблица по подбору сечений теплых ангаров пролетами 9м, 12м, 15м, 18м, 21м, 24м версия 1,5.xlsx",0271b96c6fe725d3e50ad7891401958322a5ae97866bb0bf8cb190bc4bbeff3f,Расчеты,used sparse cells,2026-09-16,mixed,BHE3,null,760,n
1.0.0,"Таблица по подбору сечений теплых ангаров пролетами 9м, 12м, 15м, 18м, 21м, 24м версия 1,5.xlsx",0271b96c6fe725d3e50ad7891401958322a5ae97866bb0bf8cb190bc4bbeff3f,Расчеты,used sparse cells,2026-09-16,mixed,BHF3,null,765,n
1.0.0,"Таблица по подбору сечений теплых ангаров пролетами 9м, 12м, 15м, 18м, 21м, 24м версия 1,5.xlsx",0271b96c6fe725d3e50ad7891401958322a5ae97866bb0bf8cb190bc4bbeff3f,Расчеты,used sparse cells,2026-09-16,mixed,BHG3,null,770,n
1.0.0,"Таблица по подбору сечений теплых ангаров пролетами 9м, 12м, 15м, 18м, 21м, 24м версия 1,5.xlsx",0271b96c6fe725d3e50ad7891401958322a5ae97866bb0bf8cb190bc4bbeff3f,Расчеты,used sparse cells,2026-09-16,mixed,BHH3,null,775,n
1.0.0,"Таблица по подбору сечений теплых ангаров пролетами 9м, 12м, 15м, 18м, 21м, 24м версия 1,5.xlsx",0271b96c6fe725d3e50ad7891401958322a5ae97866bb0bf8cb190bc4bbeff3f,Расчеты,used sparse cells,2026-09-16,mixed,BHI3,null,780,n
1.0.0,"Таблица по подбору сечений теплых ангаров пролетами 9м, 12м, 15м, 18м, 21м, 24м версия 1,5.xlsx",0271b96c6fe725d3e50ad7891401958322a5ae97866bb0bf8cb190bc4bbeff3f,Расчеты,used sparse cells,2026-09-16,mixed,BHJ3,null,785,n
1.0.0,"Таблица по подбору сечений теплых ангаров пролетами 9м, 12м, 15м, 18м, 21м, 24м версия 1,5.xlsx",0271b96c6fe725d3e50ad7891401958322a5ae97866bb0bf8cb190bc4bbeff3f,Расчеты,used sparse cells,2026-09-16,mixed,BHK3,null,790,n
1.0.0,"Таблица по подбору сечений теплых ангаров пролетами 9м, 12м, 15м, 18м, 21м, 24м версия 1,5.xlsx",0271b96c6fe725d3e50ad7891401958322a5ae97866bb0bf8cb190bc4bbeff3f,Расчеты,used sparse cells,2026-09-16,mixed,BHL3,null,795,n
1.0.0,"Таблица по подбору сечений теплых ангаров пролетами 9м, 12м, 15м, 18м, 21м, 24м версия 1,5.xlsx",0271b96c6fe725d3e50ad7891401958322a5ae97866bb0bf8cb190bc4bbeff3f,Расчеты,used sparse cells,2026-09-16,mixed,BHM3,null,800,n
1.0.0,"Таблица по подбору сечений теплых ангаров пролетами 9м, 12м, 15м, 18м, 21м, 24м версия 1,5.xlsx",0271b96c6fe725d3e50ad7891401958322a5ae97866bb0bf8cb190bc4bbeff3f,Расчеты,used sparse cells,2026-09-16,mixed,BHN3,null,805,n
1.0.0,"Таблица по подбору сечений теплых ангаров пролетами 9м, 12м, 15м, 18м, 21м, 24м версия 1,5.xlsx",0271b96c6fe725d3e50ad7891401958322a5ae97866bb0bf8cb190bc4bbeff3f,Расчеты,used sparse cells,2026-09-16,mixed,BHO3,null,810,n
1.0.0,"Таблица по подбору сечений теплых ангаров пролетами 9м, 12м, 15м, 18м, 21м, 24м версия 1,5.xlsx",0271b96c6fe725d3e50ad7891401958322a5ae97866bb0bf8cb190bc4bbeff3f,Расчеты,used sparse cells,2026-09-16,mixed,BHP3,null,815,n
1.0.0,"Таблица по подбору сечений теплых ангаров пролетами 9м, 12м, 15м, 18м, 21м, 24м версия 1,5.xlsx",0271b96c6fe725d3e50ad7891401958322a5ae97866bb0bf8cb190bc4bbeff3f,Расчеты,used sparse cells,2026-09-16,mixed,BHQ3,null,820,n
1.0.0,"Таблица по подбору сечений теплых ангаров пролетами 9м, 12м, 15м, 18м, 21м, 24м версия 1,5.xlsx",0271b96c6fe725d3e50ad7891401958322a5ae97866bb0bf8cb190bc4bbeff3f,Расчеты,used sparse cells,2026-09-16,mixed,BHR3,null,825,n
1.0.0,"Таблица по подбору сечений теплых ангаров пролетами 9м, 12м, 15м, 18м, 21м, 24м версия 1,5.xlsx",0271b96c6fe725d3e50ad7891401958322a5ae97866bb0bf8cb190bc4bbeff3f,Расчеты,used sparse cells,2026-09-16,mixed,BHS3,null,830,n
1.0.0,"Таблица по подбору сечений теплых ангаров пролетами 9м, 12м, 15м, 18м, 21м, 24м версия 1,5.xlsx",0271b96c6fe725d3e50ad7891401958322a5ae97866bb0bf8cb190bc4bbeff3f,Расчеты,used sparse cells,2026-09-16,mixed,BHT3,null,835,n
1.0.0,"Таблица по подбору сечений теплых ангаров пролетами 9м, 12м, 15м, 18м, 21м, 24м версия 1,5.xlsx",0271b96c6fe725d3e50ad7891401958322a5ae97866bb0bf8cb190bc4bbeff3f,Расчеты,used sparse cells,2026-09-16,mixed,BHU3,null,840,n
1.0.0,"Таблица по подбору сечений теплых ангаров пролетами 9м, 12м, 15м, 18м, 21м, 24м версия 1,5.xlsx",0271b96c6fe725d3e50ad7891401958322a5ae97866bb0bf8cb190bc4bbeff3f,Расчеты,used sparse cells,2026-09-16,mixed,BHV3,null,845,n
1.0.0,"Таблица по подбору сечений теплых ангаров пролетами 9м, 12м, 15м, 18м, 21м, 24м версия 1,5.xlsx",0271b96c6fe725d3e50ad7891401958322a5ae97866bb0bf8cb190bc4bbeff3f,Расчеты,used sparse cells,2026-09-16,mixed,BHW3,null,850,n
1.0.0,"Таблица по подбору сечений теплых ангаров пролетами 9м, 12м, 15м, 18м, 21м, 24м версия 1,5.xlsx",0271b96c6fe725d3e50ad7891401958322a5ae97866bb0bf8cb190bc4bbeff3f,Расчеты,used sparse cells,2026-09-16,mixed,BHX3,null,855,n
1.0.0,"Таблица по подбору сечений теплых ангаров пролетами 9м, 12м, 15м, 18м, 21м, 24м версия 1,5.xlsx",0271b96c6fe725d3e50ad7891401958322a5ae97866bb0bf8cb190bc4bbeff3f,Расчеты,used sparse cells,2026-09-16,mixed,BHY3,null,860,n
1.0.0,"Таблица по подбору сечений теплых ангаров пролетами 9м, 12м, 15м, 18м, 21м, 24м версия 1,5.xlsx",0271b96c6fe725d3e50ad7891401958322a5ae97866bb0bf8cb190bc4bbeff3f,Расчеты,used sparse cells,2026-09-16,mixed,BHZ3,null,865,n
1.0.0,"Таблица по подбору сечений теплых ангаров пролетами 9м, 12м, 15м, 18м, 21м, 24м версия 1,5.xlsx",0271b96c6fe725d3e50ad7891401958322a5ae97866bb0bf8cb190bc4bbeff3f,Расчеты,used sparse cells,2026-09-16,mixed,BIA3,null,870,n
1.0.0,"Таблица по подбору сечений теплых ангаров пролетами 9м, 12м, 15м, 18м, 21м, 24м версия 1,5.xlsx",0271b96c6fe725d3e50ad7891401958322a5ae97866bb0bf8cb190bc4bbeff3f,Расчеты,used sparse cells,2026-09-16,mixed,BIB3,null,875,n
1.0.0,"Таблица по подбору сечений теплых ангаров пролетами 9м, 12м, 15м, 18м, 21м, 24м версия 1,5.xlsx",0271b96c6fe725d3e50ad7891401958322a5ae97866bb0bf8cb190bc4bbeff3f,Расчеты,used sparse cells,2026-09-16,mixed,BIC3,null,880,n
1.0.0,"Таблица по подбору сечений теплых ангаров пролетами 9м, 12м, 15м, 18м, 21м, 24м версия 1,5.xlsx",0271b96c6fe725d3e50ad7891401958322a5ae97866bb0bf8cb190bc4bbeff3f,Расчеты,used sparse cells,2026-09-16,mixed,BID3,null,885,n
1.0.0,"Таблица по подбору сечений теплых ангаров пролетами 9м, 12м, 15м, 18м, 21м, 24м версия 1,5.xlsx",0271b96c6fe725d3e50ad7891401958322a5ae97866bb0bf8cb190bc4bbeff3f,Расчеты,used sparse cells,2026-09-16,mixed,BIE3,null,890,n
1.0.0,"Таблица по подбору сечений теплых ангаров пролетами 9м, 12м, 15м, 18м, 21м, 24м версия 1,5.xlsx",0271b96c6fe725d3e50ad7891401958322a5ae97866bb0bf8cb190bc4bbeff3f,Расчеты,used sparse cells,2026-09-16,mixed,BIF3,null,895,n
1.0.0,"Таблица по подбору сечений теплых ангаров пролетами 9м, 12м, 15м, 18м, 21м, 24м версия 1,5.xlsx",0271b96c6fe725d3e50ad7891401958322a5ae97866bb0bf8cb190bc4bbeff3f,Расчеты,used sparse cells,2026-09-16,mixed,BIG3,null,900,n
1.0.0,"Таблица по подбору сечений теплых ангаров пролетами 9м, 12м, 15м, 18м, 21м, 24м версия 1,5.xlsx",0271b96c6fe725d3e50ad7891401958322a5ae97866bb0bf8cb190bc4bbeff3f,Расчеты,used sparse cells,2026-09-16,mixed,BIH3,null,905,n
1.0.0,"Таблица по подбору сечений теплых ангаров пролетами 9м, 12м, 15м, 18м, 21м, 24м версия 1,5.xlsx",0271b96c6fe725d3e50ad7891401958322a5ae97866bb0bf8cb190bc4bbeff3f,Расчеты,used sparse cells,2026-09-16,mixed,BII3,null,910,n
1.0.0,"Таблица по подбору сечений теплых ангаров пролетами 9м, 12м, 15м, 18м, 21м, 24м версия 1,5.xlsx",0271b96c6fe725d3e50ad7891401958322a5ae97866bb0bf8cb190bc4bbeff3f,Расчеты,used sparse cells,2026-09-16,mixed,BIJ3,null,915,n
1.0.0,"Таблица по подбору сечений теплых ангаров пролетами 9м, 12м, 15м, 18м, 21м, 24м версия 1,5.xlsx",0271b96c6fe725d3e50ad7891401958322a5ae97866bb0bf8cb190bc4bbeff3f,Расчеты,used sparse cells,2026-09-16,mixed,BIK3,null,920,n
1.0.0,"Таблица по подбору сечений теплых ангаров пролетами 9м, 12м, 15м, 18м, 21м, 24м версия 1,5.xlsx",0271b96c6fe725d3e50ad7891401958322a5ae97866bb0bf8cb190bc4bbeff3f,Расчеты,used sparse cells,2026-09-16,mixed,BIL3,null,925,n
1.0.0,"Таблица по подбору сечений теплых ангаров пролетами 9м, 12м, 15м, 18м, 21м, 24м версия 1,5.xlsx",0271b96c6fe725d3e50ad7891401958322a5ae97866bb0bf8cb190bc4bbeff3f,Расчеты,used sparse cells,2026-09-16,mixed,BIM3,null,930,n
1.0.0,"Таблица по подбору сечений теплых ангаров пролетами 9м, 12м, 15м, 18м, 21м, 24м версия 1,5.xlsx",0271b96c6fe725d3e50ad7891401958322a5ae97866bb0bf8cb190bc4bbeff3f,Расчеты,used sparse cells,2026-09-16,mixed,BIN3,null,935,n
1.0.0,"Таблица по подбору сечений теплых ангаров пролетами 9м, 12м, 15м, 18м, 21м, 24м версия 1,5.xlsx",0271b96c6fe725d3e50ad7891401958322a5ae97866bb0bf8cb190bc4bbeff3f,Расчеты,used sparse cells,2026-09-16,mixed,BIO3,null,940,n
1.0.0,"Таблица по подбору сечений теплых ангаров пролетами 9м, 12м, 15м, 18м, 21м, 24м версия 1,5.xlsx",0271b96c6fe725d3e50ad7891401958322a5ae97866bb0bf8cb190bc4bbeff3f,Расчеты,used sparse cells,2026-09-16,mixed,BIP3,null,945,n
1.0.0,"Таблица по подбору сечений теплых ангаров пролетами 9м, 12м, 15м, 18м, 21м, 24м версия 1,5.xlsx",0271b96c6fe725d3e50ad7891401958322a5ae97866bb0bf8cb190bc4bbeff3f,Расчеты,used sparse cells,2026-09-16,mixed,BIQ3,null,950,n
1.0.0,"Таблица по подбору сечений теплых ангаров пролетами 9м, 12м, 15м, 18м, 21м, 24м версия 1,5.xlsx",0271b96c6fe725d3e50ad7891401958322a5ae97866bb0bf8cb190bc4bbeff3f,Расчеты,used sparse cells,2026-09-16,mixed,BIR3,null,955,n
1.0.0,"Таблица по подбору сечений теплых ангаров пролетами 9м, 12м, 15м, 18м, 21м, 24м версия 1,5.xlsx",0271b96c6fe725d3e50ad7891401958322a5ae97866bb0bf8cb190bc4bbeff3f,Расчеты,used sparse cells,2026-09-16,mixed,BIS3,null,960,n
1.0.0,"Таблица по подбору сечений теплых ангаров пролетами 9м, 12м, 15м, 18м, 21м, 24м версия 1,5.xlsx",0271b96c6fe725d3e50ad7891401958322a5ae97866bb0bf8cb190bc4bbeff3f,Расчеты,used sparse cells,2026-09-16,mixed,BIT3,null,965,n
1.0.0,"Таблица по подбору сечений теплых ангаров пролетами 9м, 12м, 15м, 18м, 21м, 24м версия 1,5.xlsx",0271b96c6fe725d3e50ad7891401958322a5ae97866bb0bf8cb190bc4bbeff3f,Расчеты,used sparse cells,2026-09-16,mixed,BIU3,null,970,n
1.0.0,"Таблица по подбору сечений теплых ангаров пролетами 9м, 12м, 15м, 18м, 21м, 24м версия 1,5.xlsx",0271b96c6fe725d3e50ad7891401958322a5ae97866bb0bf8cb190bc4bbeff3f,Расчеты,used sparse cells,2026-09-16,mixed,BIV3,null,975,n
1.0.0,"Таблица по подбору сечений теплых ангаров пролетами 9м, 12м, 15м, 18м, 21м, 24м версия 1,5.xlsx",0271b96c6fe725d3e50ad7891401958322a5ae97866bb0bf8cb190bc4bbeff3f,Расчеты,used sparse cells,2026-09-16,mixed,BIW3,null,980,n
1.0.0,"Таблица по подбору сечений теплых ангаров пролетами 9м, 12м, 15м, 18м, 21м, 24м версия 1,5.xlsx",0271b96c6fe725d3e50ad7891401958322a5ae97866bb0bf8cb190bc4bbeff3f,Расчеты,used sparse cells,2026-09-16,mixed,BIX3,null,985,n
1.0.0,"Таблица по подбору сечений теплых ангаров пролетами 9м, 12м, 15м, 18м, 21м, 24м версия 1,5.xlsx",0271b96c6fe725d3e50ad7891401958322a5ae97866bb0bf8cb190bc4bbeff3f,Расчеты,used sparse cells,2026-09-16,mixed,BIY3,null,990,n
1.0.0,"Таблица по подбору сечений теплых ангаров пролетами 9м, 12м, 15м, 18м, 21м, 24м версия 1,5.xlsx",0271b96c6fe725d3e50ad7891401958322a5ae97866bb0bf8cb190bc4bbeff3f,Расчеты,used sparse cells,2026-09-16,mixed,BIZ3,null,995,n
1.0.0,"Таблица по подбору сечений теплых ангаров пролетами 9м, 12м, 15м, 18м, 21м, 24м версия 1,5.xlsx",0271b96c6fe725d3e50ad7891401958322a5ae97866bb0bf8cb190bc4bbeff3f,Расчеты,used sparse cells,2026-09-16,mixed,BJA3,null,1000,n
1.0.0,"Таблица по подбору сечений теплых ангаров пролетами 9м, 12м, 15м, 18м, 21м, 24м версия 1,5.xlsx",0271b96c6fe725d3e50ad7891401958322a5ae97866bb0bf8cb190bc4bbeff3f,Расчеты,used sparse cells,2026-09-16,mixed,BJB3,null,1005,n
1.0.0,"Таблица по подбору сечений теплых ангаров пролетами 9м, 12м, 15м, 18м, 21м, 24м версия 1,5.xlsx",0271b96c6fe725d3e50ad7891401958322a5ae97866bb0bf8cb190bc4bbeff3f,Расчеты,used sparse cells,2026-09-16,mixed,BJC3,null,1010,n
1.0.0,"Таблица по подбору сечений теплых ангаров пролетами 9м, 12м, 15м, 18м, 21м, 24м версия 1,5.xlsx",0271b96c6fe725d3e50ad7891401958322a5ae97866bb0bf8cb190bc4bbeff3f,Расчеты,used sparse cells,2026-09-16,mixed,BJD3,null,1015,n
1.0.0,"Таблица по подбору сечений теплых ангаров пролетами 9м, 12м, 15м, 18м, 21м, 24м версия 1,5.xlsx",0271b96c6fe725d3e50ad7891401958322a5ae97866bb0bf8cb190bc4bbeff3f,Расчеты,used sparse cells,2026-09-16,mixed,BJE3,null,1020,n
1.0.0,"Таблица по подбору сечений теплых ангаров пролетами 9м, 12м, 15м, 18м, 21м, 24м версия 1,5.xlsx",0271b96c6fe725d3e50ad7891401958322a5ae97866bb0bf8cb190bc4bbeff3f,Расчеты,used sparse cells,2026-09-16,mixed,BJF3,null,1025,n
1.0.0,"Таблица по подбору сечений теплых ангаров пролетами 9м, 12м, 15м, 18м, 21м, 24м версия 1,5.xlsx",0271b96c6fe725d3e50ad7891401958322a5ae97866bb0bf8cb190bc4bbeff3f,Расчеты,used sparse cells,2026-09-16,mixed,BJG3,null,1030,n
1.0.0,"Таблица по подбору сечений теплых ангаров пролетами 9м, 12м, 15м, 18м, 21м, 24м версия 1,5.xlsx",0271b96c6fe725d3e50ad7891401958322a5ae97866bb0bf8cb190bc4bbeff3f,Расчеты,used sparse cells,2026-09-16,mixed,BJH3,null,1035,n
1.0.0,"Таблица по подбору сечений теплых ангаров пролетами 9м, 12м, 15м, 18м, 21м, 24м версия 1,5.xlsx",0271b96c6fe725d3e50ad7891401958322a5ae97866bb0bf8cb190bc4bbeff3f,Расчеты,used sparse cells,2026-09-16,mixed,BJI3,null,1040,n
1.0.0,"Таблица по подбору сечений теплых ангаров пролетами 9м, 12м, 15м, 18м, 21м, 24м версия 1,5.xlsx",0271b96c6fe725d3e50ad7891401958322a5ae97866bb0bf8cb190bc4bbeff3f,Расчеты,used sparse cells,2026-09-16,mixed,BJJ3,null,1045,n
1.0.0,"Таблица по подбору сечений теплых ангаров пролетами 9м, 12м, 15м, 18м, 21м, 24м версия 1,5.xlsx",0271b96c6fe725d3e50ad7891401958322a5ae97866bb0bf8cb190bc4bbeff3f,Расчеты,used sparse cells,2026-09-16,mixed,BJK3,null,1050,n
1.0.0,"Таблица по подбору сечений теплых ангаров пролетами 9м, 12м, 15м, 18м, 21м, 24м версия 1,5.xlsx",0271b96c6fe725d3e50ad7891401958322a5ae97866bb0bf8cb190bc4bbeff3f,Расчеты,used sparse cells,2026-09-16,mixed,BJL3,null,1055,n
1.0.0,"Таблица по подбору сечений теплых ангаров пролетами 9м, 12м, 15м, 18м, 21м, 24м версия 1,5.xlsx",0271b96c6fe725d3e50ad7891401958322a5ae97866bb0bf8cb190bc4bbeff3f,Расчеты,used sparse cells,2026-09-16,mixed,BJM3,null,1060,n
1.0.0,"Таблица по подбору сечений теплых ангаров пролетами 9м, 12м, 15м, 18м, 21м, 24м версия 1,5.xlsx",0271b96c6fe725d3e50ad7891401958322a5ae97866bb0bf8cb190bc4bbeff3f,Расчеты,used sparse cells,2026-09-16,mixed,BJN3,null,1065,n
1.0.0,"Таблица по подбору сечений теплых ангаров пролетами 9м, 12м, 15м, 18м, 21м, 24м версия 1,5.xlsx",0271b96c6fe725d3e50ad7891401958322a5ae97866bb0bf8cb190bc4bbeff3f,Расчеты,used sparse cells,2026-09-16,mixed,BJO3,null,1070,n
1.0.0,"Таблица по подбору сечений теплых ангаров пролетами 9м, 12м, 15м, 18м, 21м, 24м версия 1,5.xlsx",0271b96c6fe725d3e50ad7891401958322a5ae97866bb0bf8cb190bc4bbeff3f,Расчеты,used sparse cells,2026-09-16,mixed,BJP3,null,1075,n
1.0.0,"Таблица по подбору сечений теплых ангаров пролетами 9м, 12м, 15м, 18м, 21м, 24м версия 1,5.xlsx",0271b96c6fe725d3e50ad7891401958322a5ae97866bb0bf8cb190bc4bbeff3f,Расчеты,used sparse cells,2026-09-16,mixed,BJQ3,null,1080,n
1.0.0,"Таблица по подбору сечений теплых ангаров пролетами 9м, 12м, 15м, 18м, 21м, 24м версия 1,5.xlsx",0271b96c6fe725d3e50ad7891401958322a5ae97866bb0bf8cb190bc4bbeff3f,Расчеты,used sparse cells,2026-09-16,mixed,BJR3,null,1085,n
1.0.0,"Таблица по подбору сечений теплых ангаров пролетами 9м, 12м, 15м, 18м, 21м, 24м версия 1,5.xlsx",0271b96c6fe725d3e50ad7891401958322a5ae97866bb0bf8cb190bc4bbeff3f,Расчеты,used sparse cells,2026-09-16,mixed,BJS3,null,1090,n
1.0.0,"Таблица по подбору сечений теплых ангаров пролетами 9м, 12м, 15м, 18м, 21м, 24м версия 1,5.xlsx",0271b96c6fe725d3e50ad7891401958322a5ae97866bb0bf8cb190bc4bbeff3f,Расчеты,used sparse cells,2026-09-16,mixed,BJT3,null,1095,n
1.0.0,"Таблица по подбору сечений теплых ангаров пролетами 9м, 12м, 15м, 18м, 21м, 24м версия 1,5.xlsx",0271b96c6fe725d3e50ad7891401958322a5ae97866bb0bf8cb190bc4bbeff3f,Расчеты,used sparse cells,2026-09-16,mixed,BJU3,null,1100,n
1.0.0,"Таблица по подбору сечений теплых ангаров пролетами 9м, 12м, 15м, 18м, 21м, 24м версия 1,5.xlsx",0271b96c6fe725d3e50ad7891401958322a5ae97866bb0bf8cb190bc4bbeff3f,Расчеты,used sparse cells,2026-09-16,mixed,BJV3,null,1105,n
1.0.0,"Таблица по подбору сечений теплых ангаров пролетами 9м, 12м, 15м, 18м, 21м, 24м версия 1,5.xlsx",0271b96c6fe725d3e50ad7891401958322a5ae97866bb0bf8cb190bc4bbeff3f,Расчеты,used sparse cells,2026-09-16,mixed,BJW3,null,1110,n
1.0.0,"Таблица по подбору сечений теплых ангаров пролетами 9м, 12м, 15м, 18м, 21м, 24м версия 1,5.xlsx",0271b96c6fe725d3e50ad7891401958322a5ae97866bb0bf8cb190bc4bbeff3f,Расчеты,used sparse cells,2026-09-16,mixed,BJX3,null,1115,n
1.0.0,"Таблица по подбору сечений теплых ангаров пролетами 9м, 12м, 15м, 18м, 21м, 24м версия 1,5.xlsx",0271b96c6fe725d3e50ad7891401958322a5ae97866bb0bf8cb190bc4bbeff3f,Расчеты,used sparse cells,2026-09-16,mixed,BJY3,null,1120,n
1.0.0,"Таблица по подбору сечений теплых ангаров пролетами 9м, 12м, 15м, 18м, 21м, 24м версия 1,5.xlsx",0271b96c6fe725d3e50ad7891401958322a5ae97866bb0bf8cb190bc4bbeff3f,Расчеты,used sparse cells,2026-09-16,mixed,BJZ3,null,1125,n
1.0.0,"Таблица по подбору сечений теплых ангаров пролетами 9м, 12м, 15м, 18м, 21м, 24м версия 1,5.xlsx",0271b96c6fe725d3e50ad7891401958322a5ae97866bb0bf8cb190bc4bbeff3f,Расчеты,used sparse cells,2026-09-16,mixed,BKA3,null,1130,n
1.0.0,"Таблица по подбору сечений теплых ангаров пролетами 9м, 12м, 15м, 18м, 21м, 24м версия 1,5.xlsx",0271b96c6fe725d3e50ad7891401958322a5ae97866bb0bf8cb190bc4bbeff3f,Расчеты,used sparse cells,2026-09-16,mixed,BKB3,null,1135,n
1.0.0,"Таблица по подбору сечений теплых ангаров пролетами 9м, 12м, 15м, 18м, 21м, 24м версия 1,5.xlsx",0271b96c6fe725d3e50ad7891401958322a5ae97866bb0bf8cb190bc4bbeff3f,Расчеты,used sparse cells,2026-09-16,mixed,BKC3,null,1140,n
1.0.0,"Таблица по подбору сечений теплых ангаров пролетами 9м, 12м, 15м, 18м, 21м, 24м версия 1,5.xlsx",0271b96c6fe725d3e50ad7891401958322a5ae97866bb0bf8cb190bc4bbeff3f,Расчеты,used sparse cells,2026-09-16,mixed,BKD3,null,1145,n
1.0.0,"Таблица по подбору сечений теплых ангаров пролетами 9м, 12м, 15м, 18м, 21м, 24м версия 1,5.xlsx",0271b96c6fe725d3e50ad7891401958322a5ae97866bb0bf8cb190bc4bbeff3f,Расчеты,used sparse cells,2026-09-16,mixed,BKE3,null,1150,n
1.0.0,"Таблица по подбору сечений теплых ангаров пролетами 9м, 12м, 15м, 18м, 21м, 24м версия 1,5.xlsx",0271b96c6fe725d3e50ad7891401958322a5ae97866bb0bf8cb190bc4bbeff3f,Расчеты,used sparse cells,2026-09-16,mixed,BKF3,null,1155,n
1.0.0,"Таблица по подбору сечений теплых ангаров пролетами 9м, 12м, 15м, 18м, 21м, 24м версия 1,5.xlsx",0271b96c6fe725d3e50ad7891401958322a5ae97866bb0bf8cb190bc4bbeff3f,Расчеты,used sparse cells,2026-09-16,mixed,BKG3,null,1160,n
1.0.0,"Таблица по подбору сечений теплых ангаров пролетами 9м, 12м, 15м, 18м, 21м, 24м версия 1,5.xlsx",0271b96c6fe725d3e50ad7891401958322a5ae97866bb0bf8cb190bc4bbeff3f,Расчеты,used sparse cells,2026-09-16,mixed,BKH3,null,1165,n
1.0.0,"Таблица по подбору сечений теплых ангаров пролетами 9м, 12м, 15м, 18м, 21м, 24м версия 1,5.xlsx",0271b96c6fe725d3e50ad7891401958322a5ae97866bb0bf8cb190bc4bbeff3f,Расчеты,used sparse cells,2026-09-16,mixed,BKI3,null,1170,n
1.0.0,"Таблица по подбору сечений теплых ангаров пролетами 9м, 12м, 15м, 18м, 21м, 24м версия 1,5.xlsx",0271b96c6fe725d3e50ad7891401958322a5ae97866bb0bf8cb190bc4bbeff3f,Расчеты,used sparse cells,2026-09-16,mixed,BKJ3,null,1175,n
1.0.0,"Таблица по подбору сечений теплых ангаров пролетами 9м, 12м, 15м, 18м, 21м, 24м версия 1,5.xlsx",0271b96c6fe725d3e50ad7891401958322a5ae97866bb0bf8cb190bc4bbeff3f,Расчеты,used sparse cells,2026-09-16,mixed,BKK3,null,1180,n
1.0.0,"Таблица по подбору сечений теплых ангаров пролетами 9м, 12м, 15м, 18м, 21м, 24м версия 1,5.xlsx",0271b96c6fe725d3e50ad7891401958322a5ae97866bb0bf8cb190bc4bbeff3f,Расчеты,used sparse cells,2026-09-16,mixed,BKL3,null,1185,n
1.0.0,"Таблица по подбору сечений теплых ангаров пролетами 9м, 12м, 15м, 18м, 21м, 24м версия 1,5.xlsx",0271b96c6fe725d3e50ad7891401958322a5ae97866bb0bf8cb190bc4bbeff3f,Расчеты,used sparse cells,2026-09-16,mixed,BKM3,null,1190,n
1.0.0,"Таблица по подбору сечений теплых ангаров пролетами 9м, 12м, 15м, 18м, 21м, 24м версия 1,5.xlsx",0271b96c6fe725d3e50ad7891401958322a5ae97866bb0bf8cb190bc4bbeff3f,Расчеты,used sparse cells,2026-09-16,mixed,BKN3,null,1195,n
1.0.0,"Таблица по подбору сечений теплых ангаров пролетами 9м, 12м, 15м, 18м, 21м, 24м версия 1,5.xlsx",0271b96c6fe725d3e50ad7891401958322a5ae97866bb0bf8cb190bc4bbeff3f,Расчеты,used sparse cells,2026-09-16,mixed,BKO3,null,1200,n
1.0.0,"Таблица по подбору сечений теплых ангаров пролетами 9м, 12м, 15м, 18м, 21м, 24м версия 1,5.xlsx",0271b96c6fe725d3e50ad7891401958322a5ae97866bb0bf8cb190bc4bbeff3f,Расчеты,used sparse cells,2026-09-16,mixed,BKP3,null,1205,n
1.0.0,"Таблица по подбору сечений теплых ангаров пролетами 9м, 12м, 15м, 18м, 21м, 24м версия 1,5.xlsx",0271b96c6fe725d3e50ad7891401958322a5ae97866bb0bf8cb190bc4bbeff3f,Расчеты,used sparse cells,2026-09-16,mixed,BKQ3,null,1210,n
1.0.0,"Таблица по подбору сечений теплых ангаров пролетами 9м, 12м, 15м, 18м, 21м, 24м версия 1,5.xlsx",0271b96c6fe725d3e50ad7891401958322a5ae97866bb0bf8cb190bc4bbeff3f,Расчеты,used sparse cells,2026-09-16,mixed,BKR3,null,1215,n
1.0.0,"Таблица по подбору сечений теплых ангаров пролетами 9м, 12м, 15м, 18м, 21м, 24м версия 1,5.xlsx",0271b96c6fe725d3e50ad7891401958322a5ae97866bb0bf8cb190bc4bbeff3f,Расчеты,used sparse cells,2026-09-16,mixed,BKS3,null,1220,n
1.0.0,"Таблица по подбору сечений теплых ангаров пролетами 9м, 12м, 15м, 18м, 21м, 24м версия 1,5.xlsx",0271b96c6fe725d3e50ad7891401958322a5ae97866bb0bf8cb190bc4bbeff3f,Расчеты,used sparse cells,2026-09-16,mixed,BKT3,null,1225,n
1.0.0,"Таблица по подбору сечений теплых ангаров пролетами 9м, 12м, 15м, 18м, 21м, 24м версия 1,5.xlsx",0271b96c6fe725d3e50ad7891401958322a5ae97866bb0bf8cb190bc4bbeff3f,Расчеты,used sparse cells,2026-09-16,mixed,BKU3,null,1230,n
1.0.0,"Таблица по подбору сечений теплых ангаров пролетами 9м, 12м, 15м, 18м, 21м, 24м версия 1,5.xlsx",0271b96c6fe725d3e50ad7891401958322a5ae97866bb0bf8cb190bc4bbeff3f,Расчеты,used sparse cells,2026-09-16,mixed,BKV3,null,1235,n
1.0.0,"Таблица по подбору сечений теплых ангаров пролетами 9м, 12м, 15м, 18м, 21м, 24м версия 1,5.xlsx",0271b96c6fe725d3e50ad7891401958322a5ae97866bb0bf8cb190bc4bbeff3f,Расчеты,used sparse cells,2026-09-16,mixed,BKW3,null,1240,n
1.0.0,"Таблица по подбору сечений теплых ангаров пролетами 9м, 12м, 15м, 18м, 21м, 24м версия 1,5.xlsx",0271b96c6fe725d3e50ad7891401958322a5ae97866bb0bf8cb190bc4bbeff3f,Расчеты,used sparse cells,2026-09-16,mixed,BKX3,null,1245,n
1.0.0,"Таблица по подбору сечений теплых ангаров пролетами 9м, 12м, 15м, 18м, 21м, 24м версия 1,5.xlsx",0271b96c6fe725d3e50ad7891401958322a5ae97866bb0bf8cb190bc4bbeff3f,Расчеты,used sparse cells,2026-09-16,mixed,BKY3,null,1250,n
1.0.0,"Таблица по подбору сечений теплых ангаров пролетами 9м, 12м, 15м, 18м, 21м, 24м версия 1,5.xlsx",0271b96c6fe725d3e50ad7891401958322a5ae97866bb0bf8cb190bc4bbeff3f,Расчеты,used sparse cells,2026-09-16,mixed,BKZ3,null,1255,n
1.0.0,"Таблица по подбору сечений теплых ангаров пролетами 9м, 12м, 15м, 18м, 21м, 24м версия 1,5.xlsx",0271b96c6fe725d3e50ad7891401958322a5ae97866bb0bf8cb190bc4bbeff3f,Расчеты,used sparse cells,2026-09-16,mixed,BLA3,null,1260,n
1.0.0,"Таблица по подбору сечений теплых ангаров пролетами 9м, 12м, 15м, 18м, 21м, 24м версия 1,5.xlsx",0271b96c6fe725d3e50ad7891401958322a5ae97866bb0bf8cb190bc4bbeff3f,Расчеты,used sparse cells,2026-09-16,mixed,BLB3,null,1265,n
1.0.0,"Таблица по подбору сечений теплых ангаров пролетами 9м, 12м, 15м, 18м, 21м, 24м версия 1,5.xlsx",0271b96c6fe725d3e50ad7891401958322a5ae97866bb0bf8cb190bc4bbeff3f,Расчеты,used sparse cells,2026-09-16,mixed,BLC3,null,1270,n
1.0.0,"Таблица по подбору сечений теплых ангаров пролетами 9м, 12м, 15м, 18м, 21м, 24м версия 1,5.xlsx",0271b96c6fe725d3e50ad7891401958322a5ae97866bb0bf8cb190bc4bbeff3f,Расчеты,used sparse cells,2026-09-16,mixed,BLD3,null,1275,n
1.0.0,"Таблица по подбору сечений теплых ангаров пролетами 9м, 12м, 15м, 18м, 21м, 24м версия 1,5.xlsx",0271b96c6fe725d3e50ad7891401958322a5ae97866bb0bf8cb190bc4bbeff3f,Расчеты,used sparse cells,2026-09-16,mixed,BLE3,null,1280,n
1.0.0,"Таблица по подбору сечений теплых ангаров пролетами 9м, 12м, 15м, 18м, 21м, 24м версия 1,5.xlsx",0271b96c6fe725d3e50ad7891401958322a5ae97866bb0bf8cb190bc4bbeff3f,Расчеты,used sparse cells,2026-09-16,mixed,BLF3,null,1285,n
1.0.0,"Таблица по подбору сечений теплых ангаров пролетами 9м, 12м, 15м, 18м, 21м, 24м версия 1,5.xlsx",0271b96c6fe725d3e50ad7891401958322a5ae97866bb0bf8cb190bc4bbeff3f,Расчеты,used sparse cells,2026-09-16,mixed,BLG3,null,1290,n
1.0.0,"Таблица по подбору сечений теплых ангаров пролетами 9м, 12м, 15м, 18м, 21м, 24м версия 1,5.xlsx",0271b96c6fe725d3e50ad7891401958322a5ae97866bb0bf8cb190bc4bbeff3f,Расчеты,used sparse cells,2026-09-16,mixed,BLH3,null,1295,n
1.0.0,"Таблица по подбору сечений теплых ангаров пролетами 9м, 12м, 15м, 18м, 21м, 24м версия 1,5.xlsx",0271b96c6fe725d3e50ad7891401958322a5ae97866bb0bf8cb190bc4bbeff3f,Расчеты,used sparse cells,2026-09-16,mixed,BLI3,null,1300,n
1.0.0,"Таблица по подбору сечений теплых ангаров пролетами 9м, 12м, 15м, 18м, 21м, 24м версия 1,5.xlsx",0271b96c6fe725d3e50ad7891401958322a5ae97866bb0bf8cb190bc4bbeff3f,Расчеты,used sparse cells,2026-09-16,mixed,BLJ3,null,1305,n
1.0.0,"Таблица по подбору сечений теплых ангаров пролетами 9м, 12м, 15м, 18м, 21м, 24м версия 1,5.xlsx",0271b96c6fe725d3e50ad7891401958322a5ae97866bb0bf8cb190bc4bbeff3f,Расчеты,used sparse cells,2026-09-16,mixed,BLK3,null,1310,n
1.0.0,"Таблица по подбору сечений теплых ангаров пролетами 9м, 12м, 15м, 18м, 21м, 24м версия 1,5.xlsx",0271b96c6fe725d3e50ad7891401958322a5ae97866bb0bf8cb190bc4bbeff3f,Расчеты,used sparse cells,2026-09-16,mixed,BLL3,null,1315,n
1.0.0,"Таблица по подбору сечений теплых ангаров пролетами 9м, 12м, 15м, 18м, 21м, 24м версия 1,5.xlsx",0271b96c6fe725d3e50ad7891401958322a5ae97866bb0bf8cb190bc4bbeff3f,Расчеты,used sparse cells,2026-09-16,mixed,BLM3,null,1320,n
1.0.0,"Таблица по подбору сечений теплых ангаров пролетами 9м, 12м, 15м, 18м, 21м, 24м версия 1,5.xlsx",0271b96c6fe725d3e50ad7891401958322a5ae97866bb0bf8cb190bc4bbeff3f,Расчеты,used sparse cells,2026-09-16,mixed,BLN3,null,1325,n
1.0.0,"Таблица по подбору сечений теплых ангаров пролетами 9м, 12м, 15м, 18м, 21м, 24м версия 1,5.xlsx",0271b96c6fe725d3e50ad7891401958322a5ae97866bb0bf8cb190bc4bbeff3f,Расчеты,used sparse cells,2026-09-16,mixed,BLO3,null,1330,n
1.0.0,"Таблица по подбору сечений теплых ангаров пролетами 9м, 12м, 15м, 18м, 21м, 24м версия 1,5.xlsx",0271b96c6fe725d3e50ad7891401958322a5ae97866bb0bf8cb190bc4bbeff3f,Расчеты,used sparse cells,2026-09-16,mixed,BLP3,null,1335,n
1.0.0,"Таблица по подбору сечений теплых ангаров пролетами 9м, 12м, 15м, 18м, 21м, 24м версия 1,5.xlsx",0271b96c6fe725d3e50ad7891401958322a5ae97866bb0bf8cb190bc4bbeff3f,Расчеты,used sparse cells,2026-09-16,mixed,BLQ3,null,1340,n
1.0.0,"Таблица по подбору сечений теплых ангаров пролетами 9м, 12м, 15м, 18м, 21м, 24м версия 1,5.xlsx",0271b96c6fe725d3e50ad7891401958322a5ae97866bb0bf8cb190bc4bbeff3f,Расчеты,used sparse cells,2026-09-16,mixed,BLR3,null,1345,n
1.0.0,"Таблица по подбору сечений теплых ангаров пролетами 9м, 12м, 15м, 18м, 21м, 24м версия 1,5.xlsx",0271b96c6fe725d3e50ad7891401958322a5ae97866bb0bf8cb190bc4bbeff3f,Расчеты,used sparse cells,2026-09-16,mixed,BLS3,null,1350,n
1.0.0,"Таблица по подбору сечений теплых ангаров пролетами 9м, 12м, 15м, 18м, 21м, 24м версия 1,5.xlsx",0271b96c6fe725d3e50ad7891401958322a5ae97866bb0bf8cb190bc4bbeff3f,Расчеты,used sparse cells,2026-09-16,mixed,BLT3,null,1355,n
1.0.0,"Таблица по подбору сечений теплых ангаров пролетами 9м, 12м, 15м, 18м, 21м, 24м версия 1,5.xlsx",0271b96c6fe725d3e50ad7891401958322a5ae97866bb0bf8cb190bc4bbeff3f,Расчеты,used sparse cells,2026-09-16,mixed,BLU3,null,1360,n
1.0.0,"Таблица по подбору сечений теплых ангаров пролетами 9м, 12м, 15м, 18м, 21м, 24м версия 1,5.xlsx",0271b96c6fe725d3e50ad7891401958322a5ae97866bb0bf8cb190bc4bbeff3f,Расчеты,used sparse cells,2026-09-16,mixed,BLV3,null,1365,n
1.0.0,"Таблица по подбору сечений теплых ангаров пролетами 9м, 12м, 15м, 18м, 21м, 24м версия 1,5.xlsx",0271b96c6fe725d3e50ad7891401958322a5ae97866bb0bf8cb190bc4bbeff3f,Расчеты,used sparse cells,2026-09-16,mixed,BLW3,null,1370,n
1.0.0,"Таблица по подбору сечений теплых ангаров пролетами 9м, 12м, 15м, 18м, 21м, 24м версия 1,5.xlsx",0271b96c6fe725d3e50ad7891401958322a5ae97866bb0bf8cb190bc4bbeff3f,Расчеты,used sparse cells,2026-09-16,mixed,BLX3,null,1375,n
1.0.0,"Таблица по подбору сечений теплых ангаров пролетами 9м, 12м, 15м, 18м, 21м, 24м версия 1,5.xlsx",0271b96c6fe725d3e50ad7891401958322a5ae97866bb0bf8cb190bc4bbeff3f,Расчеты,used sparse cells,2026-09-16,mixed,BLY3,null,1380,n
1.0.0,"Таблица по подбору сечений теплых ангаров пролетами 9м, 12м, 15м, 18м, 21м, 24м версия 1,5.xlsx",0271b96c6fe725d3e50ad7891401958322a5ae97866bb0bf8cb190bc4bbeff3f,Расчеты,used sparse cells,2026-09-16,mixed,BLZ3,null,1385,n
1.0.0,"Таблица по подбору сечений теплых ангаров пролетами 9м, 12м, 15м, 18м, 21м, 24м версия 1,5.xlsx",0271b96c6fe725d3e50ad7891401958322a5ae97866bb0bf8cb190bc4bbeff3f,Расчеты,used sparse cells,2026-09-16,mixed,BMA3,null,1390,n
1.0.0,"Таблица по подбору сечений теплых ангаров пролетами 9м, 12м, 15м, 18м, 21м, 24м версия 1,5.xlsx",0271b96c6fe725d3e50ad7891401958322a5ae97866bb0bf8cb190bc4bbeff3f,Расчеты,used sparse cells,2026-09-16,mixed,BMB3,null,1395,n
1.0.0,"Таблица по подбору сечений теплых ангаров пролетами 9м, 12м, 15м, 18м, 21м, 24м версия 1,5.xlsx",0271b96c6fe725d3e50ad7891401958322a5ae97866bb0bf8cb190bc4bbeff3f,Расчеты,used sparse cells,2026-09-16,mixed,BMC3,null,1400,n
1.0.0,"Таблица по подбору сечений теплых ангаров пролетами 9м, 12м, 15м, 18м, 21м, 24м версия 1,5.xlsx",0271b96c6fe725d3e50ad7891401958322a5ae97866bb0bf8cb190bc4bbeff3f,Расчеты,used sparse cells,2026-09-16,mixed,BMD3,null,1405,n
1.0.0,"Таблица по подбору сечений теплых ангаров пролетами 9м, 12м, 15м, 18м, 21м, 24м версия 1,5.xlsx",0271b96c6fe725d3e50ad7891401958322a5ae97866bb0bf8cb190bc4bbeff3f,Расчеты,used sparse cells,2026-09-16,mixed,BME3,null,1410,n
1.0.0,"Таблица по подбору сечений теплых ангаров пролетами 9м, 12м, 15м, 18м, 21м, 24м версия 1,5.xlsx",0271b96c6fe725d3e50ad7891401958322a5ae97866bb0bf8cb190bc4bbeff3f,Расчеты,used sparse cells,2026-09-16,mixed,BMF3,null,1415,n
1.0.0,"Таблица по подбору сечений теплых ангаров пролетами 9м, 12м, 15м, 18м, 21м, 24м версия 1,5.xlsx",0271b96c6fe725d3e50ad7891401958322a5ae97866bb0bf8cb190bc4bbeff3f,Расчеты,used sparse cells,2026-09-16,mixed,BMG3,null,1420,n
1.0.0,"Таблица по подбору сечений теплых ангаров пролетами 9м, 12м, 15м, 18м, 21м, 24м версия 1,5.xlsx",0271b96c6fe725d3e50ad7891401958322a5ae97866bb0bf8cb190bc4bbeff3f,Расчеты,used sparse cells,2026-09-16,mixed,BMH3,null,1425,n
1.0.0,"Таблица по подбору сечений теплых ангаров пролетами 9м, 12м, 15м, 18м, 21м, 24м версия 1,5.xlsx",0271b96c6fe725d3e50ad7891401958322a5ae97866bb0bf8cb190bc4bbeff3f,Расчеты,used sparse cells,2026-09-16,mixed,BMI3,null,1430,n
1.0.0,"Таблица по подбору сечений теплых ангаров пролетами 9м, 12м, 15м, 18м, 21м, 24м версия 1,5.xlsx",0271b96c6fe725d3e50ad7891401958322a5ae97866bb0bf8cb190bc4bbeff3f,Расчеты,used sparse cells,2026-09-16,mixed,BMJ3,null,1435,n
1.0.0,"Таблица по подбору сечений теплых ангаров пролетами 9м, 12м, 15м, 18м, 21м, 24м версия 1,5.xlsx",0271b96c6fe725d3e50ad7891401958322a5ae97866bb0bf8cb190bc4bbeff3f,Расчеты,used sparse cells,2026-09-16,mixed,BMK3,null,1440,n
1.0.0,"Таблица по подбору сечений теплых ангаров пролетами 9м, 12м, 15м, 18м, 21м, 24м версия 1,5.xlsx",0271b96c6fe725d3e50ad7891401958322a5ae97866bb0bf8cb190bc4bbeff3f,Расчеты,used sparse cells,2026-09-16,mixed,BML3,null,1445,n
1.0.0,"Таблица по подбору сечений теплых ангаров пролетами 9м, 12м, 15м, 18м, 21м, 24м версия 1,5.xlsx",0271b96c6fe725d3e50ad7891401958322a5ae97866bb0bf8cb190bc4bbeff3f,Расчеты,used sparse cells,2026-09-16,mixed,BMM3,null,1450,n
1.0.0,"Таблица по подбору сечений теплых ангаров пролетами 9м, 12м, 15м, 18м, 21м, 24м версия 1,5.xlsx",0271b96c6fe725d3e50ad7891401958322a5ae97866bb0bf8cb190bc4bbeff3f,Расчеты,used sparse cells,2026-09-16,mixed,BMN3,null,1455,n
1.0.0,"Таблица по подбору сечений теплых ангаров пролетами 9м, 12м, 15м, 18м, 21м, 24м версия 1,5.xlsx",0271b96c6fe725d3e50ad7891401958322a5ae97866bb0bf8cb190bc4bbeff3f,Расчеты,used sparse cells,2026-09-16,mixed,BMO3,null,1460,n
1.0.0,"Таблица по подбору сечений теплых ангаров пролетами 9м, 12м, 15м, 18м, 21м, 24м версия 1,5.xlsx",0271b96c6fe725d3e50ad7891401958322a5ae97866bb0bf8cb190bc4bbeff3f,Расчеты,used sparse cells,2026-09-16,mixed,BMP3,null,1465,n
1.0.0,"Таблица по подбору сечений теплых ангаров пролетами 9м, 12м, 15м, 18м, 21м, 24м версия 1,5.xlsx",0271b96c6fe725d3e50ad7891401958322a5ae97866bb0bf8cb190bc4bbeff3f,Расчеты,used sparse cells,2026-09-16,mixed,BMQ3,null,1470,n
1.0.0,"Таблица по подбору сечений теплых ангаров пролетами 9м, 12м, 15м, 18м, 21м, 24м версия 1,5.xlsx",0271b96c6fe725d3e50ad7891401958322a5ae97866bb0bf8cb190bc4bbeff3f,Расчеты,used sparse cells,2026-09-16,mixed,BMR3,null,1475,n
1.0.0,"Таблица по подбору сечений теплых ангаров пролетами 9м, 12м, 15м, 18м, 21м, 24м версия 1,5.xlsx",0271b96c6fe725d3e50ad7891401958322a5ae97866bb0bf8cb190bc4bbeff3f,Расчеты,used sparse cells,2026-09-16,mixed,BMS3,null,1480,n
1.0.0,"Таблица по подбору сечений теплых ангаров пролетами 9м, 12м, 15м, 18м, 21м, 24м версия 1,5.xlsx",0271b96c6fe725d3e50ad7891401958322a5ae97866bb0bf8cb190bc4bbeff3f,Расчеты,used sparse cells,2026-09-16,mixed,BMT3,null,1485,n
1.0.0,"Таблица по подбору сечений теплых ангаров пролетами 9м, 12м, 15м, 18м, 21м, 24м версия 1,5.xlsx",0271b96c6fe725d3e50ad7891401958322a5ae97866bb0bf8cb190bc4bbeff3f,Расчеты,used sparse cells,2026-09-16,mixed,BMU3,null,1490,n
1.0.0,"Таблица по подбору сечений теплых ангаров пролетами 9м, 12м, 15м, 18м, 21м, 24м версия 1,5.xlsx",0271b96c6fe725d3e50ad7891401958322a5ae97866bb0bf8cb190bc4bbeff3f,Расчеты,used sparse cells,2026-09-16,mixed,BMV3,null,1495,n
1.0.0,"Таблица по подбору сечений теплых ангаров пролетами 9м, 12м, 15м, 18м, 21м, 24м версия 1,5.xlsx",0271b96c6fe725d3e50ad7891401958322a5ae97866bb0bf8cb190bc4bbeff3f,Расчеты,used sparse cells,2026-09-16,mixed,BMW3,null,1500,n
1.0.0,"Таблица по подбору сечений теплых ангаров пролетами 9м, 12м, 15м, 18м, 21м, 24м версия 1,5.xlsx",0271b96c6fe725d3e50ad7891401958322a5ae97866bb0bf8cb190bc4bbeff3f,Расчеты,used sparse cells,2026-09-16,mixed,BMX3,null,1505,n
1.0.0,"Таблица по подбору сечений теплых ангаров пролетами 9м, 12м, 15м, 18м, 21м, 24м версия 1,5.xlsx",0271b96c6fe725d3e50ad7891401958322a5ae97866bb0bf8cb190bc4bbeff3f,Расчеты,used sparse cells,2026-09-16,mixed,BMY3,null,1510,n
1.0.0,"Таблица по подбору сечений теплых ангаров пролетами 9м, 12м, 15м, 18м, 21м, 24м версия 1,5.xlsx",0271b96c6fe725d3e50ad7891401958322a5ae97866bb0bf8cb190bc4bbeff3f,Расчеты,used sparse cells,2026-09-16,mixed,BMZ3,null,1515,n
1.0.0,"Таблица по подбору сечений теплых ангаров пролетами 9м, 12м, 15м, 18м, 21м, 24м версия 1,5.xlsx",0271b96c6fe725d3e50ad7891401958322a5ae97866bb0bf8cb190bc4bbeff3f,Расчеты,used sparse cells,2026-09-16,mixed,BNA3,null,1520,n
1.0.0,"Таблица по подбору сечений теплых ангаров пролетами 9м, 12м, 15м, 18м, 21м, 24м версия 1,5.xlsx",0271b96c6fe725d3e50ad7891401958322a5ae97866bb0bf8cb190bc4bbeff3f,Расчеты,used sparse cells,2026-09-16,mixed,BNB3,null,1525,n
1.0.0,"Таблица по подбору сечений теплых ангаров пролетами 9м, 12м, 15м, 18м, 21м, 24м версия 1,5.xlsx",0271b96c6fe725d3e50ad7891401958322a5ae97866bb0bf8cb190bc4bbeff3f,Расчеты,used sparse cells,2026-09-16,mixed,BNC3,null,1530,n
1.0.0,"Таблица по подбору сечений теплых ангаров пролетами 9м, 12м, 15м, 18м, 21м, 24м версия 1,5.xlsx",0271b96c6fe725d3e50ad7891401958322a5ae97866bb0bf8cb190bc4bbeff3f,Расчеты,used sparse cells,2026-09-16,mixed,BND3,null,1535,n
1.0.0,"Таблица по подбору сечений теплых ангаров пролетами 9м, 12м, 15м, 18м, 21м, 24м версия 1,5.xlsx",0271b96c6fe725d3e50ad7891401958322a5ae97866bb0bf8cb190bc4bbeff3f,Расчеты,used sparse cells,2026-09-16,mixed,BNE3,null,1540,n
1.0.0,"Таблица по подбору сечений теплых ангаров пролетами 9м, 12м, 15м, 18м, 21м, 24м версия 1,5.xlsx",0271b96c6fe725d3e50ad7891401958322a5ae97866bb0bf8cb190bc4bbeff3f,Расчеты,used sparse cells,2026-09-16,mixed,BNF3,null,1545,n
1.0.0,"Таблица по подбору сечений теплых ангаров пролетами 9м, 12м, 15м, 18м, 21м, 24м версия 1,5.xlsx",0271b96c6fe725d3e50ad7891401958322a5ae97866bb0bf8cb190bc4bbeff3f,Расчеты,used sparse cells,2026-09-16,mixed,BNG3,null,1550,n
1.0.0,"Таблица по подбору сечений теплых ангаров пролетами 9м, 12м, 15м, 18м, 21м, 24м версия 1,5.xlsx",0271b96c6fe725d3e50ad7891401958322a5ae97866bb0bf8cb190bc4bbeff3f,Расчеты,used sparse cells,2026-09-16,mixed,BNH3,null,1555,n
1.0.0,"Таблица по подбору сечений теплых ангаров пролетами 9м, 12м, 15м, 18м, 21м, 24м версия 1,5.xlsx",0271b96c6fe725d3e50ad7891401958322a5ae97866bb0bf8cb190bc4bbeff3f,Расчеты,used sparse cells,2026-09-16,mixed,BNI3,null,1560,n
1.0.0,"Таблица по подбору сечений теплых ангаров пролетами 9м, 12м, 15м, 18м, 21м, 24м версия 1,5.xlsx",0271b96c6fe725d3e50ad7891401958322a5ae97866bb0bf8cb190bc4bbeff3f,Расчеты,used sparse cells,2026-09-16,mixed,BNJ3,null,1565,n
1.0.0,"Таблица по подбору сечений теплых ангаров пролетами 9м, 12м, 15м, 18м, 21м, 24м версия 1,5.xlsx",0271b96c6fe725d3e50ad7891401958322a5ae97866bb0bf8cb190bc4bbeff3f,Расчеты,used sparse cells,2026-09-16,mixed,BNK3,null,1570,n
1.0.0,"Таблица по подбору сечений теплых ангаров пролетами 9м, 12м, 15м, 18м, 21м, 24м версия 1,5.xlsx",0271b96c6fe725d3e50ad7891401958322a5ae97866bb0bf8cb190bc4bbeff3f,Расчеты,used sparse cells,2026-09-16,mixed,BNL3,null,1575,n
1.0.0,"Таблица по подбору сечений теплых ангаров пролетами 9м, 12м, 15м, 18м, 21м, 24м версия 1,5.xlsx",0271b96c6fe725d3e50ad7891401958322a5ae97866bb0bf8cb190bc4bbeff3f,Расчеты,used sparse cells,2026-09-16,mixed,BNM3,null,1580,n
1.0.0,"Таблица по подбору сечений теплых ангаров пролетами 9м, 12м, 15м, 18м, 21м, 24м версия 1,5.xlsx",0271b96c6fe725d3e50ad7891401958322a5ae97866bb0bf8cb190bc4bbeff3f,Расчеты,used sparse cells,2026-09-16,mixed,BNN3,null,1585,n
1.0.0,"Таблица по подбору сечений теплых ангаров пролетами 9м, 12м, 15м, 18м, 21м, 24м версия 1,5.xlsx",0271b96c6fe725d3e50ad7891401958322a5ae97866bb0bf8cb190bc4bbeff3f,Расчеты,used sparse cells,2026-09-16,mixed,BNO3,null,1590,n
1.0.0,"Таблица по подбору сечений теплых ангаров пролетами 9м, 12м, 15м, 18м, 21м, 24м версия 1,5.xlsx",0271b96c6fe725d3e50ad7891401958322a5ae97866bb0bf8cb190bc4bbeff3f,Расчеты,used sparse cells,2026-09-16,mixed,BNP3,null,1595,n
1.0.0,"Таблица по подбору сечений теплых ангаров пролетами 9м, 12м, 15м, 18м, 21м, 24м версия 1,5.xlsx",0271b96c6fe725d3e50ad7891401958322a5ae97866bb0bf8cb190bc4bbeff3f,Расчеты,used sparse cells,2026-09-16,mixed,BNQ3,null,1600,n
1.0.0,"Таблица по подбору сечений теплых ангаров пролетами 9м, 12м, 15м, 18м, 21м, 24м версия 1,5.xlsx",0271b96c6fe725d3e50ad7891401958322a5ae97866bb0bf8cb190bc4bbeff3f,Расчеты,used sparse cells,2026-09-16,mixed,BNR3,null,1605,n
1.0.0,"Таблица по подбору сечений теплых ангаров пролетами 9м, 12м, 15м, 18м, 21м, 24м версия 1,5.xlsx",0271b96c6fe725d3e50ad7891401958322a5ae97866bb0bf8cb190bc4bbeff3f,Расчеты,used sparse cells,2026-09-16,mixed,BNS3,null,1610,n
1.0.0,"Таблица по подбору сечений теплых ангаров пролетами 9м, 12м, 15м, 18м, 21м, 24м версия 1,5.xlsx",0271b96c6fe725d3e50ad7891401958322a5ae97866bb0bf8cb190bc4bbeff3f,Расчеты,used sparse cells,2026-09-16,mixed,BNT3,null,1615,n
1.0.0,"Таблица по подбору сечений теплых ангаров пролетами 9м, 12м, 15м, 18м, 21м, 24м версия 1,5.xlsx",0271b96c6fe725d3e50ad7891401958322a5ae97866bb0bf8cb190bc4bbeff3f,Расчеты,used sparse cells,2026-09-16,mixed,BNU3,null,1620,n
1.0.0,"Таблица по подбору сечений теплых ангаров пролетами 9м, 12м, 15м, 18м, 21м, 24м версия 1,5.xlsx",0271b96c6fe725d3e50ad7891401958322a5ae97866bb0bf8cb190bc4bbeff3f,Расчеты,used sparse cells,2026-09-16,mixed,BNV3,null,1625,n
1.0.0,"Таблица по подбору сечений теплых ангаров пролетами 9м, 12м, 15м, 18м, 21м, 24м версия 1,5.xlsx",0271b96c6fe725d3e50ad7891401958322a5ae97866bb0bf8cb190bc4bbeff3f,Расчеты,used sparse cells,2026-09-16,mixed,BNW3,null,1630,n
1.0.0,"Таблица по подбору сечений теплых ангаров пролетами 9м, 12м, 15м, 18м, 21м, 24м версия 1,5.xlsx",0271b96c6fe725d3e50ad7891401958322a5ae97866bb0bf8cb190bc4bbeff3f,Расчеты,used sparse cells,2026-09-16,mixed,BNX3,null,1635,n
1.0.0,"Таблица по подбору сечений теплых ангаров пролетами 9м, 12м, 15м, 18м, 21м, 24м версия 1,5.xlsx",0271b96c6fe725d3e50ad7891401958322a5ae97866bb0bf8cb190bc4bbeff3f,Расчеты,used sparse cells,2026-09-16,mixed,BNY3,null,1640,n
1.0.0,"Таблица по подбору сечений теплых ангаров пролетами 9м, 12м, 15м, 18м, 21м, 24м версия 1,5.xlsx",0271b96c6fe725d3e50ad7891401958322a5ae97866bb0bf8cb190bc4bbeff3f,Расчеты,used sparse cells,2026-09-16,mixed,BNZ3,null,1645,n
1.0.0,"Таблица по подбору сечений теплых ангаров пролетами 9м, 12м, 15м, 18м, 21м, 24м версия 1,5.xlsx",0271b96c6fe725d3e50ad7891401958322a5ae97866bb0bf8cb190bc4bbeff3f,Расчеты,used sparse cells,2026-09-16,mixed,BOA3,null,1650,n
1.0.0,"Таблица по подбору сечений теплых ангаров пролетами 9м, 12м, 15м, 18м, 21м, 24м версия 1,5.xlsx",0271b96c6fe725d3e50ad7891401958322a5ae97866bb0bf8cb190bc4bbeff3f,Расчеты,used sparse cells,2026-09-16,mixed,BOB3,null,1655,n
1.0.0,"Таблица по подбору сечений теплых ангаров пролетами 9м, 12м, 15м, 18м, 21м, 24м версия 1,5.xlsx",0271b96c6fe725d3e50ad7891401958322a5ae97866bb0bf8cb190bc4bbeff3f,Расчеты,used sparse cells,2026-09-16,mixed,BOC3,null,1660,n
1.0.0,"Таблица по подбору сечений теплых ангаров пролетами 9м, 12м, 15м, 18м, 21м, 24м версия 1,5.xlsx",0271b96c6fe725d3e50ad7891401958322a5ae97866bb0bf8cb190bc4bbeff3f,Расчеты,used sparse cells,2026-09-16,mixed,BOD3,null,1665,n
1.0.0,"Таблица по подбору сечений теплых ангаров пролетами 9м, 12м, 15м, 18м, 21м, 24м версия 1,5.xlsx",0271b96c6fe725d3e50ad7891401958322a5ae97866bb0bf8cb190bc4bbeff3f,Расчеты,used sparse cells,2026-09-16,mixed,BOE3,null,1670,n
1.0.0,"Таблица по подбору сечений теплых ангаров пролетами 9м, 12м, 15м, 18м, 21м, 24м версия 1,5.xlsx",0271b96c6fe725d3e50ad7891401958322a5ae97866bb0bf8cb190bc4bbeff3f,Расчеты,used sparse cells,2026-09-16,mixed,BOF3,null,1675,n
1.0.0,"Таблица по подбору сечений теплых ангаров пролетами 9м, 12м, 15м, 18м, 21м, 24м версия 1,5.xlsx",0271b96c6fe725d3e50ad7891401958322a5ae97866bb0bf8cb190bc4bbeff3f,Расчеты,used sparse cells,2026-09-16,mixed,BOG3,null,1680,n
1.0.0,"Таблица по подбору сечений теплых ангаров пролетами 9м, 12м, 15м, 18м, 21м, 24м версия 1,5.xlsx",0271b96c6fe725d3e50ad7891401958322a5ae97866bb0bf8cb190bc4bbeff3f,Расчеты,used sparse cells,2026-09-16,mixed,BOH3,null,1685,n
1.0.0,"Таблица по подбору сечений теплых ангаров пролетами 9м, 12м, 15м, 18м, 21м, 24м версия 1,5.xlsx",0271b96c6fe725d3e50ad7891401958322a5ae97866bb0bf8cb190bc4bbeff3f,Расчеты,used sparse cells,2026-09-16,mixed,BOI3,null,1690,n
1.0.0,"Таблица по подбору сечений теплых ангаров пролетами 9м, 12м, 15м, 18м, 21м, 24м версия 1,5.xlsx",0271b96c6fe725d3e50ad7891401958322a5ae97866bb0bf8cb190bc4bbeff3f,Расчеты,used sparse cells,2026-09-16,mixed,BOJ3,null,1695,n
1.0.0,"Таблица по подбору сечений теплых ангаров пролетами 9м, 12м, 15м, 18м, 21м, 24м версия 1,5.xlsx",0271b96c6fe725d3e50ad7891401958322a5ae97866bb0bf8cb190bc4bbeff3f,Расчеты,used sparse cells,2026-09-16,mixed,BOK3,null,1700,n
1.0.0,"Таблица по подбору сечений теплых ангаров пролетами 9м, 12м, 15м, 18м, 21м, 24м версия 1,5.xlsx",0271b96c6fe725d3e50ad7891401958322a5ae97866bb0bf8cb190bc4bbeff3f,Расчеты,used sparse cells,2026-09-16,mixed,BOL3,null,1705,n
1.0.0,"Таблица по подбору сечений теплых ангаров пролетами 9м, 12м, 15м, 18м, 21м, 24м версия 1,5.xlsx",0271b96c6fe725d3e50ad7891401958322a5ae97866bb0bf8cb190bc4bbeff3f,Расчеты,used sparse cells,2026-09-16,mixed,BOM3,null,1710,n
1.0.0,"Таблица по подбору сечений теплых ангаров пролетами 9м, 12м, 15м, 18м, 21м, 24м версия 1,5.xlsx",0271b96c6fe725d3e50ad7891401958322a5ae97866bb0bf8cb190bc4bbeff3f,Расчеты,used sparse cells,2026-09-16,mixed,BON3,null,1715,n
1.0.0,"Таблица по подбору сечений теплых ангаров пролетами 9м, 12м, 15м, 18м, 21м, 24м версия 1,5.xlsx",0271b96c6fe725d3e50ad7891401958322a5ae97866bb0bf8cb190bc4bbeff3f,Расчеты,used sparse cells,2026-09-16,mixed,BOO3,null,1720,n
1.0.0,"Таблица по подбору сечений теплых ангаров пролетами 9м, 12м, 15м, 18м, 21м, 24м версия 1,5.xlsx",0271b96c6fe725d3e50ad7891401958322a5ae97866bb0bf8cb190bc4bbeff3f,Расчеты,used sparse cells,2026-09-16,mixed,BOP3,null,1725,n
1.0.0,"Таблица по подбору сечений теплых ангаров пролетами 9м, 12м, 15м, 18м, 21м, 24м версия 1,5.xlsx",0271b96c6fe725d3e50ad7891401958322a5ae97866bb0bf8cb190bc4bbeff3f,Расчеты,used sparse cells,2026-09-16,mixed,BOQ3,null,1730,n
1.0.0,"Таблица по подбору сечений теплых ангаров пролетами 9м, 12м, 15м, 18м, 21м, 24м версия 1,5.xlsx",0271b96c6fe725d3e50ad7891401958322a5ae97866bb0bf8cb190bc4bbeff3f,Расчеты,used sparse cells,2026-09-16,mixed,BOR3,null,1735,n
1.0.0,"Таблица по подбору сечений теплых ангаров пролетами 9м, 12м, 15м, 18м, 21м, 24м версия 1,5.xlsx",0271b96c6fe725d3e50ad7891401958322a5ae97866bb0bf8cb190bc4bbeff3f,Расчеты,used sparse cells,2026-09-16,mixed,BOS3,null,1740,n
1.0.0,"Таблица по подбору сечений теплых ангаров пролетами 9м, 12м, 15м, 18м, 21м, 24м версия 1,5.xlsx",0271b96c6fe725d3e50ad7891401958322a5ae97866bb0bf8cb190bc4bbeff3f,Расчеты,used sparse cells,2026-09-16,mixed,BOT3,null,1745,n
1.0.0,"Таблица по подбору сечений теплых ангаров пролетами 9м, 12м, 15м, 18м, 21м, 24м версия 1,5.xlsx",0271b96c6fe725d3e50ad7891401958322a5ae97866bb0bf8cb190bc4bbeff3f,Расчеты,used sparse cells,2026-09-16,mixed,BOU3,null,1750,n
1.0.0,"Таблица по подбору сечений теплых ангаров пролетами 9м, 12м, 15м, 18м, 21м, 24м версия 1,5.xlsx",0271b96c6fe725d3e50ad7891401958322a5ae97866bb0bf8cb190bc4bbeff3f,Расчеты,used sparse cells,2026-09-16,mixed,BOV3,null,1755,n
1.0.0,"Таблица по подбору сечений теплых ангаров пролетами 9м, 12м, 15м, 18м, 21м, 24м версия 1,5.xlsx",0271b96c6fe725d3e50ad7891401958322a5ae97866bb0bf8cb190bc4bbeff3f,Расчеты,used sparse cells,2026-09-16,mixed,BOW3,null,1760,n
1.0.0,"Таблица по подбору сечений теплых ангаров пролетами 9м, 12м, 15м, 18м, 21м, 24м версия 1,5.xlsx",0271b96c6fe725d3e50ad7891401958322a5ae97866bb0bf8cb190bc4bbeff3f,Расчеты,used sparse cells,2026-09-16,mixed,BOX3,null,1765,n
1.0.0,"Таблица по подбору сечений теплых ангаров пролетами 9м, 12м, 15м, 18м, 21м, 24м версия 1,5.xlsx",0271b96c6fe725d3e50ad7891401958322a5ae97866bb0bf8cb190bc4bbeff3f,Расчеты,used sparse cells,2026-09-16,mixed,BOY3,null,1770,n
1.0.0,"Таблица по подбору сечений теплых ангаров пролетами 9м, 12м, 15м, 18м, 21м, 24м версия 1,5.xlsx",0271b96c6fe725d3e50ad7891401958322a5ae97866bb0bf8cb190bc4bbeff3f,Расчеты,used sparse cells,2026-09-16,mixed,BOZ3,null,1775,n
1.0.0,"Таблица по подбору сечений теплых ангаров пролетами 9м, 12м, 15м, 18м, 21м, 24м версия 1,5.xlsx",0271b96c6fe725d3e50ad7891401958322a5ae97866bb0bf8cb190bc4bbeff3f,Расчеты,used sparse cells,2026-09-16,mixed,BPA3,null,1780,n
1.0.0,"Таблица по подбору сечений теплых ангаров пролетами 9м, 12м, 15м, 18м, 21м, 24м версия 1,5.xlsx",0271b96c6fe725d3e50ad7891401958322a5ae97866bb0bf8cb190bc4bbeff3f,Расчеты,used sparse cells,2026-09-16,mixed,BPB3,null,1785,n
1.0.0,"Таблица по подбору сечений теплых ангаров пролетами 9м, 12м, 15м, 18м, 21м, 24м версия 1,5.xlsx",0271b96c6fe725d3e50ad7891401958322a5ae97866bb0bf8cb190bc4bbeff3f,Расчеты,used sparse cells,2026-09-16,mixed,BPC3,null,1790,n
1.0.0,"Таблица по подбору сечений теплых ангаров пролетами 9м, 12м, 15м, 18м, 21м, 24м версия 1,5.xlsx",0271b96c6fe725d3e50ad7891401958322a5ae97866bb0bf8cb190bc4bbeff3f,Расчеты,used sparse cells,2026-09-16,mixed,BPD3,null,1795,n
1.0.0,"Таблица по подбору сечений теплых ангаров пролетами 9м, 12м, 15м, 18м, 21м, 24м версия 1,5.xlsx",0271b96c6fe725d3e50ad7891401958322a5ae97866bb0bf8cb190bc4bbeff3f,Расчеты,used sparse cells,2026-09-16,mixed,BPE3,null,1800,n
1.0.0,"Таблица по подбору сечений теплых ангаров пролетами 9м, 12м, 15м, 18м, 21м, 24м версия 1,5.xlsx",0271b96c6fe725d3e50ad7891401958322a5ae97866bb0bf8cb190bc4bbeff3f,Расчеты,used sparse cells,2026-09-16,mixed,BPF3,null,1805,n
1.0.0,"Таблица по подбору сечений теплых ангаров пролетами 9м, 12м, 15м, 18м, 21м, 24м версия 1,5.xlsx",0271b96c6fe725d3e50ad7891401958322a5ae97866bb0bf8cb190bc4bbeff3f,Расчеты,used sparse cells,2026-09-16,mixed,BPG3,null,1810,n
1.0.0,"Таблица по подбору сечений теплых ангаров пролетами 9м, 12м, 15м, 18м, 21м, 24м версия 1,5.xlsx",0271b96c6fe725d3e50ad7891401958322a5ae97866bb0bf8cb190bc4bbeff3f,Расчеты,used sparse cells,2026-09-16,mixed,BPH3,null,1815,n
1.0.0,"Таблица по подбору сечений теплых ангаров пролетами 9м, 12м, 15м, 18м, 21м, 24м версия 1,5.xlsx",0271b96c6fe725d3e50ad7891401958322a5ae97866bb0bf8cb190bc4bbeff3f,Расчеты,used sparse cells,2026-09-16,mixed,BPI3,null,1820,n
1.0.0,"Таблица по подбору сечений теплых ангаров пролетами 9м, 12м, 15м, 18м, 21м, 24м версия 1,5.xlsx",0271b96c6fe725d3e50ad7891401958322a5ae97866bb0bf8cb190bc4bbeff3f,Расчеты,used sparse cells,2026-09-16,mixed,BPJ3,null,1825,n
1.0.0,"Таблица по подбору сечений теплых ангаров пролетами 9м, 12м, 15м, 18м, 21м, 24м версия 1,5.xlsx",0271b96c6fe725d3e50ad7891401958322a5ae97866bb0bf8cb190bc4bbeff3f,Расчеты,used sparse cells,2026-09-16,mixed,BPK3,null,1830,n
1.0.0,"Таблица по подбору сечений теплых ангаров пролетами 9м, 12м, 15м, 18м, 21м, 24м версия 1,5.xlsx",0271b96c6fe725d3e50ad7891401958322a5ae97866bb0bf8cb190bc4bbeff3f,Расчеты,used sparse cells,2026-09-16,mixed,BPL3,null,1835,n
1.0.0,"Таблица по подбору сечений теплых ангаров пролетами 9м, 12м, 15м, 18м, 21м, 24м версия 1,5.xlsx",0271b96c6fe725d3e50ad7891401958322a5ae97866bb0bf8cb190bc4bbeff3f,Расчеты,used sparse cells,2026-09-16,mixed,BPM3,null,1840,n
1.0.0,"Таблица по подбору сечений теплых ангаров пролетами 9м, 12м, 15м, 18м, 21м, 24м версия 1,5.xlsx",0271b96c6fe725d3e50ad7891401958322a5ae97866bb0bf8cb190bc4bbeff3f,Расчеты,used sparse cells,2026-09-16,mixed,BPN3,null,1845,n
1.0.0,"Таблица по подбору сечений теплых ангаров пролетами 9м, 12м, 15м, 18м, 21м, 24м версия 1,5.xlsx",0271b96c6fe725d3e50ad7891401958322a5ae97866bb0bf8cb190bc4bbeff3f,Расчеты,used sparse cells,2026-09-16,mixed,BPO3,null,1850,n
1.0.0,"Таблица по подбору сечений теплых ангаров пролетами 9м, 12м, 15м, 18м, 21м, 24м версия 1,5.xlsx",0271b96c6fe725d3e50ad7891401958322a5ae97866bb0bf8cb190bc4bbeff3f,Расчеты,used sparse cells,2026-09-16,mixed,BPP3,null,1855,n
1.0.0,"Таблица по подбору сечений теплых ангаров пролетами 9м, 12м, 15м, 18м, 21м, 24м версия 1,5.xlsx",0271b96c6fe725d3e50ad7891401958322a5ae97866bb0bf8cb190bc4bbeff3f,Расчеты,used sparse cells,2026-09-16,mixed,BPQ3,null,1860,n
1.0.0,"Таблица по подбору сечений теплых ангаров пролетами 9м, 12м, 15м, 18м, 21м, 24м версия 1,5.xlsx",0271b96c6fe725d3e50ad7891401958322a5ae97866bb0bf8cb190bc4bbeff3f,Расчеты,used sparse cells,2026-09-16,mixed,BPR3,null,1865,n
1.0.0,"Таблица по подбору сечений теплых ангаров пролетами 9м, 12м, 15м, 18м, 21м, 24м версия 1,5.xlsx",0271b96c6fe725d3e50ad7891401958322a5ae97866bb0bf8cb190bc4bbeff3f,Расчеты,used sparse cells,2026-09-16,mixed,BPS3,null,1870,n
1.0.0,"Таблица по подбору сечений теплых ангаров пролетами 9м, 12м, 15м, 18м, 21м, 24м версия 1,5.xlsx",0271b96c6fe725d3e50ad7891401958322a5ae97866bb0bf8cb190bc4bbeff3f,Расчеты,used sparse cells,2026-09-16,mixed,BPT3,null,1875,n
1.0.0,"Таблица по подбору сечений теплых ангаров пролетами 9м, 12м, 15м, 18м, 21м, 24м версия 1,5.xlsx",0271b96c6fe725d3e50ad7891401958322a5ae97866bb0bf8cb190bc4bbeff3f,Расчеты,used sparse cells,2026-09-16,mixed,BPU3,null,1880,n
1.0.0,"Таблица по подбору сечений теплых ангаров пролетами 9м, 12м, 15м, 18м, 21м, 24м версия 1,5.xlsx",0271b96c6fe725d3e50ad7891401958322a5ae97866bb0bf8cb190bc4bbeff3f,Расчеты,used sparse cells,2026-09-16,mixed,BPV3,null,1885,n
1.0.0,"Таблица по подбору сечений теплых ангаров пролетами 9м, 12м, 15м, 18м, 21м, 24м версия 1,5.xlsx",0271b96c6fe725d3e50ad7891401958322a5ae97866bb0bf8cb190bc4bbeff3f,Расчеты,used sparse cells,2026-09-16,mixed,BPW3,null,1890,n
1.0.0,"Таблица по подбору сечений теплых ангаров пролетами 9м, 12м, 15м, 18м, 21м, 24м версия 1,5.xlsx",0271b96c6fe725d3e50ad7891401958322a5ae97866bb0bf8cb190bc4bbeff3f,Расчеты,used sparse cells,2026-09-16,mixed,BPX3,null,1895,n
1.0.0,"Таблица по подбору сечений теплых ангаров пролетами 9м, 12м, 15м, 18м, 21м, 24м версия 1,5.xlsx",0271b96c6fe725d3e50ad7891401958322a5ae97866bb0bf8cb190bc4bbeff3f,Расчеты,used sparse cells,2026-09-16,mixed,BPY3,null,1900,n
1.0.0,"Таблица по подбору сечений теплых ангаров пролетами 9м, 12м, 15м, 18м, 21м, 24м версия 1,5.xlsx",0271b96c6fe725d3e50ad7891401958322a5ae97866bb0bf8cb190bc4bbeff3f,Расчеты,used sparse cells,2026-09-16,mixed,BPZ3,null,1905,n
1.0.0,"Таблица по подбору сечений теплых ангаров пролетами 9м, 12м, 15м, 18м, 21м, 24м версия 1,5.xlsx",0271b96c6fe725d3e50ad7891401958322a5ae97866bb0bf8cb190bc4bbeff3f,Расчеты,used sparse cells,2026-09-16,mixed,BQA3,null,1910,n
1.0.0,"Таблица по подбору сечений теплых ангаров пролетами 9м, 12м, 15м, 18м, 21м, 24м версия 1,5.xlsx",0271b96c6fe725d3e50ad7891401958322a5ae97866bb0bf8cb190bc4bbeff3f,Расчеты,used sparse cells,2026-09-16,mixed,BQB3,null,1915,n
1.0.0,"Таблица по подбору сечений теплых ангаров пролетами 9м, 12м, 15м, 18м, 21м, 24м версия 1,5.xlsx",0271b96c6fe725d3e50ad7891401958322a5ae97866bb0bf8cb190bc4bbeff3f,Расчеты,used sparse cells,2026-09-16,mixed,BQC3,null,1920,n
1.0.0,"Таблица по подбору сечений теплых ангаров пролетами 9м, 12м, 15м, 18м, 21м, 24м версия 1,5.xlsx",0271b96c6fe725d3e50ad7891401958322a5ae97866bb0bf8cb190bc4bbeff3f,Расчеты,used sparse cells,2026-09-16,mixed,BQD3,null,1925,n
1.0.0,"Таблица по подбору сечений теплых ангаров пролетами 9м, 12м, 15м, 18м, 21м, 24м версия 1,5.xlsx",0271b96c6fe725d3e50ad7891401958322a5ae97866bb0bf8cb190bc4bbeff3f,Расчеты,used sparse cells,2026-09-16,mixed,BQE3,null,1930,n
1.0.0,"Таблица по подбору сечений теплых ангаров пролетами 9м, 12м, 15м, 18м, 21м, 24м версия 1,5.xlsx",0271b96c6fe725d3e50ad7891401958322a5ae97866bb0bf8cb190bc4bbeff3f,Расчеты,used sparse cells,2026-09-16,mixed,BQF3,null,1935,n
1.0.0,"Таблица по подбору сечений теплых ангаров пролетами 9м, 12м, 15м, 18м, 21м, 24м версия 1,5.xlsx",0271b96c6fe725d3e50ad7891401958322a5ae97866bb0bf8cb190bc4bbeff3f,Расчеты,used sparse cells,2026-09-16,mixed,BQG3,null,1940,n
1.0.0,"Таблица по подбору сечений теплых ангаров пролетами 9м, 12м, 15м, 18м, 21м, 24м версия 1,5.xlsx",0271b96c6fe725d3e50ad7891401958322a5ae97866bb0bf8cb190bc4bbeff3f,Расчеты,used sparse cells,2026-09-16,mixed,BQH3,null,1945,n
1.0.0,"Таблица по подбору сечений теплых ангаров пролетами 9м, 12м, 15м, 18м, 21м, 24м версия 1,5.xlsx",0271b96c6fe725d3e50ad7891401958322a5ae97866bb0bf8cb190bc4bbeff3f,Расчеты,used sparse cells,2026-09-16,mixed,BQI3,null,1950,n
1.0.0,"Таблица по подбору сечений теплых ангаров пролетами 9м, 12м, 15м, 18м, 21м, 24м версия 1,5.xlsx",0271b96c6fe725d3e50ad7891401958322a5ae97866bb0bf8cb190bc4bbeff3f,Расчеты,used sparse cells,2026-09-16,mixed,BQJ3,null,1955,n
1.0.0,"Таблица по подбору сечений теплых ангаров пролетами 9м, 12м, 15м, 18м, 21м, 24м версия 1,5.xlsx",0271b96c6fe725d3e50ad7891401958322a5ae97866bb0bf8cb190bc4bbeff3f,Расчеты,used sparse cells,2026-09-16,mixed,BQK3,null,1960,n
1.0.0,"Таблица по подбору сечений теплых ангаров пролетами 9м, 12м, 15м, 18м, 21м, 24м версия 1,5.xlsx",0271b96c6fe725d3e50ad7891401958322a5ae97866bb0bf8cb190bc4bbeff3f,Расчеты,used sparse cells,2026-09-16,mixed,BQL3,null,1965,n
1.0.0,"Таблица по подбору сечений теплых ангаров пролетами 9м, 12м, 15м, 18м, 21м, 24м версия 1,5.xlsx",0271b96c6fe725d3e50ad7891401958322a5ae97866bb0bf8cb190bc4bbeff3f,Расчеты,used sparse cells,2026-09-16,mixed,BQM3,null,1970,n
1.0.0,"Таблица по подбору сечений теплых ангаров пролетами 9м, 12м, 15м, 18м, 21м, 24м версия 1,5.xlsx",0271b96c6fe725d3e50ad7891401958322a5ae97866bb0bf8cb190bc4bbeff3f,Расчеты,used sparse cells,2026-09-16,mixed,BQN3,null,1975,n
1.0.0,"Таблица по подбору сечений теплых ангаров пролетами 9м, 12м, 15м, 18м, 21м, 24м версия 1,5.xlsx",0271b96c6fe725d3e50ad7891401958322a5ae97866bb0bf8cb190bc4bbeff3f,Расчеты,used sparse cells,2026-09-16,mixed,BQO3,null,1980,n
1.0.0,"Таблица по подбору сечений теплых ангаров пролетами 9м, 12м, 15м, 18м, 21м, 24м версия 1,5.xlsx",0271b96c6fe725d3e50ad7891401958322a5ae97866bb0bf8cb190bc4bbeff3f,Расчеты,used sparse cells,2026-09-16,mixed,BQP3,null,1985,n
1.0.0,"Таблица по подбору сечений теплых ангаров пролетами 9м, 12м, 15м, 18м, 21м, 24м версия 1,5.xlsx",0271b96c6fe725d3e50ad7891401958322a5ae97866bb0bf8cb190bc4bbeff3f,Расчеты,used sparse cells,2026-09-16,mixed,BQQ3,null,1990,n
1.0.0,"Таблица по подбору сечений теплых ангаров пролетами 9м, 12м, 15м, 18м, 21м, 24м версия 1,5.xlsx",0271b96c6fe725d3e50ad7891401958322a5ae97866bb0bf8cb190bc4bbeff3f,Расчеты,used sparse cells,2026-09-16,mixed,BQR3,null,1995,n
1.0.0,"Таблица по подбору сечений теплых ангаров пролетами 9м, 12м, 15м, 18м, 21м, 24м версия 1,5.xlsx",0271b96c6fe725d3e50ad7891401958322a5ae97866bb0bf8cb190bc4bbeff3f,Расчеты,used sparse cells,2026-09-16,mixed,BQS3,null,2000,n
1.0.0,"Таблица по подбору сечений теплых ангаров пролетами 9м, 12м, 15м, 18м, 21м, 24м версия 1,5.xlsx",0271b96c6fe725d3e50ad7891401958322a5ae97866bb0bf8cb190bc4bbeff3f,Расчеты,used sparse cells,2026-09-16,mixed,BQT3,null,2005,n
1.0.0,"Таблица по подбору сечений теплых ангаров пролетами 9м, 12м, 15м, 18м, 21м, 24м версия 1,5.xlsx",0271b96c6fe725d3e50ad7891401958322a5ae97866bb0bf8cb190bc4bbeff3f,Расчеты,used sparse cells,2026-09-16,mixed,BQU3,null,2010,n
1.0.0,"Таблица по подбору сечений теплых ангаров пролетами 9м, 12м, 15м, 18м, 21м, 24м версия 1,5.xlsx",0271b96c6fe725d3e50ad7891401958322a5ae97866bb0bf8cb190bc4bbeff3f,Расчеты,used sparse cells,2026-09-16,mixed,BQV3,null,2015,n
1.0.0,"Таблица по подбору сечений теплых ангаров пролетами 9м, 12м, 15м, 18м, 21м, 24м версия 1,5.xlsx",0271b96c6fe725d3e50ad7891401958322a5ae97866bb0bf8cb190bc4bbeff3f,Расчеты,used sparse cells,2026-09-16,mixed,BQW3,null,2020,n
1.0.0,"Таблица по подбору сечений теплых ангаров пролетами 9м, 12м, 15м, 18м, 21м, 24м версия 1,5.xlsx",0271b96c6fe725d3e50ad7891401958322a5ae97866bb0bf8cb190bc4bbeff3f,Расчеты,used sparse cells,2026-09-16,mixed,BQX3,null,2025,n
1.0.0,"Таблица по подбору сечений теплых ангаров пролетами 9м, 12м, 15м, 18м, 21м, 24м версия 1,5.xlsx",0271b96c6fe725d3e50ad7891401958322a5ae97866bb0bf8cb190bc4bbeff3f,Расчеты,used sparse cells,2026-09-16,mixed,BQY3,null,2030,n
1.0.0,"Таблица по подбору сечений теплых ангаров пролетами 9м, 12м, 15м, 18м, 21м, 24м версия 1,5.xlsx",0271b96c6fe725d3e50ad7891401958322a5ae97866bb0bf8cb190bc4bbeff3f,Расчеты,used sparse cells,2026-09-16,mixed,BQZ3,null,2035,n
1.0.0,"Таблица по подбору сечений теплых ангаров пролетами 9м, 12м, 15м, 18м, 21м, 24м версия 1,5.xlsx",0271b96c6fe725d3e50ad7891401958322a5ae97866bb0bf8cb190bc4bbeff3f,Расчеты,used sparse cells,2026-09-16,mixed,BRA3,null,2040,n
1.0.0,"Таблица по подбору сечений теплых ангаров пролетами 9м, 12м, 15м, 18м, 21м, 24м версия 1,5.xlsx",0271b96c6fe725d3e50ad7891401958322a5ae97866bb0bf8cb190bc4bbeff3f,Расчеты,used sparse cells,2026-09-16,mixed,BRB3,null,2045,n
1.0.0,"Таблица по подбору сечений теплых ангаров пролетами 9м, 12м, 15м, 18м, 21м, 24м версия 1,5.xlsx",0271b96c6fe725d3e50ad7891401958322a5ae97866bb0bf8cb190bc4bbeff3f,Расчеты,used sparse cells,2026-09-16,mixed,BRC3,null,2050,n
1.0.0,"Таблица по подбору сечений теплых ангаров пролетами 9м, 12м, 15м, 18м, 21м, 24м версия 1,5.xlsx",0271b96c6fe725d3e50ad7891401958322a5ae97866bb0bf8cb190bc4bbeff3f,Расчеты,used sparse cells,2026-09-16,mixed,BRD3,null,2055,n
1.0.0,"Таблица по подбору сечений теплых ангаров пролетами 9м, 12м, 15м, 18м, 21м, 24м версия 1,5.xlsx",0271b96c6fe725d3e50ad7891401958322a5ae97866bb0bf8cb190bc4bbeff3f,Расчеты,used sparse cells,2026-09-16,mixed,BRE3,null,2060,n
1.0.0,"Таблица по подбору сечений теплых ангаров пролетами 9м, 12м, 15м, 18м, 21м, 24м версия 1,5.xlsx",0271b96c6fe725d3e50ad7891401958322a5ae97866bb0bf8cb190bc4bbeff3f,Расчеты,used sparse cells,2026-09-16,mixed,BRF3,null,2065,n
1.0.0,"Таблица по подбору сечений теплых ангаров пролетами 9м, 12м, 15м, 18м, 21м, 24м версия 1,5.xlsx",0271b96c6fe725d3e50ad7891401958322a5ae97866bb0bf8cb190bc4bbeff3f,Расчеты,used sparse cells,2026-09-16,mixed,BRG3,null,2070,n
1.0.0,"Таблица по подбору сечений теплых ангаров пролетами 9м, 12м, 15м, 18м, 21м, 24м версия 1,5.xlsx",0271b96c6fe725d3e50ad7891401958322a5ae97866bb0bf8cb190bc4bbeff3f,Расчеты,used sparse cells,2026-09-16,mixed,BRH3,null,2075,n
1.0.0,"Таблица по подбору сечений теплых ангаров пролетами 9м, 12м, 15м, 18м, 21м, 24м версия 1,5.xlsx",0271b96c6fe725d3e50ad7891401958322a5ae97866bb0bf8cb190bc4bbeff3f,Расчеты,used sparse cells,2026-09-16,mixed,BRI3,null,2080,n
1.0.0,"Таблица по подбору сечений теплых ангаров пролетами 9м, 12м, 15м, 18м, 21м, 24м версия 1,5.xlsx",0271b96c6fe725d3e50ad7891401958322a5ae97866bb0bf8cb190bc4bbeff3f,Расчеты,used sparse cells,2026-09-16,mixed,BRJ3,null,2085,n
1.0.0,"Таблица по подбору сечений теплых ангаров пролетами 9м, 12м, 15м, 18м, 21м, 24м версия 1,5.xlsx",0271b96c6fe725d3e50ad7891401958322a5ae97866bb0bf8cb190bc4bbeff3f,Расчеты,used sparse cells,2026-09-16,mixed,BRK3,null,2090,n
1.0.0,"Таблица по подбору сечений теплых ангаров пролетами 9м, 12м, 15м, 18м, 21м, 24м версия 1,5.xlsx",0271b96c6fe725d3e50ad7891401958322a5ae97866bb0bf8cb190bc4bbeff3f,Расчеты,used sparse cells,2026-09-16,mixed,BRL3,null,2095,n
1.0.0,"Таблица по подбору сечений теплых ангаров пролетами 9м, 12м, 15м, 18м, 21м, 24м версия 1,5.xlsx",0271b96c6fe725d3e50ad7891401958322a5ae97866bb0bf8cb190bc4bbeff3f,Расчеты,used sparse cells,2026-09-16,mixed,BRM3,null,2100,n
1.0.0,"Таблица по подбору сечений теплых ангаров пролетами 9м, 12м, 15м, 18м, 21м, 24м версия 1,5.xlsx",0271b96c6fe725d3e50ad7891401958322a5ae97866bb0bf8cb190bc4bbeff3f,Расчеты,used sparse cells,2026-09-16,mixed,BRN3,null,2105,n
1.0.0,"Таблица по подбору сечений теплых ангаров пролетами 9м, 12м, 15м, 18м, 21м, 24м версия 1,5.xlsx",0271b96c6fe725d3e50ad7891401958322a5ae97866bb0bf8cb190bc4bbeff3f,Расчеты,used sparse cells,2026-09-16,mixed,BRO3,null,2110,n
1.0.0,"Таблица по подбору сечений теплых ангаров пролетами 9м, 12м, 15м, 18м, 21м, 24м версия 1,5.xlsx",0271b96c6fe725d3e50ad7891401958322a5ae97866bb0bf8cb190bc4bbeff3f,Расчеты,used sparse cells,2026-09-16,mixed,BRP3,null,2115,n
1.0.0,"Таблица по подбору сечений теплых ангаров пролетами 9м, 12м, 15м, 18м, 21м, 24м версия 1,5.xlsx",0271b96c6fe725d3e50ad7891401958322a5ae97866bb0bf8cb190bc4bbeff3f,Расчеты,used sparse cells,2026-09-16,mixed,BRQ3,null,2120,n
1.0.0,"Таблица по подбору сечений теплых ангаров пролетами 9м, 12м, 15м, 18м, 21м, 24м версия 1,5.xlsx",0271b96c6fe725d3e50ad7891401958322a5ae97866bb0bf8cb190bc4bbeff3f,Расчеты,used sparse cells,2026-09-16,mixed,BRR3,null,2125,n
1.0.0,"Таблица по подбору сечений теплых ангаров пролетами 9м, 12м, 15м, 18м, 21м, 24м версия 1,5.xlsx",0271b96c6fe725d3e50ad7891401958322a5ae97866bb0bf8cb190bc4bbeff3f,Расчеты,used sparse cells,2026-09-16,mixed,BRS3,null,2130,n
1.0.0,"Таблица по подбору сечений теплых ангаров пролетами 9м, 12м, 15м, 18м, 21м, 24м версия 1,5.xlsx",0271b96c6fe725d3e50ad7891401958322a5ae97866bb0bf8cb190bc4bbeff3f,Расчеты,used sparse cells,2026-09-16,mixed,BRT3,null,2135,n
1.0.0,"Таблица по подбору сечений теплых ангаров пролетами 9м, 12м, 15м, 18м, 21м, 24м версия 1,5.xlsx",0271b96c6fe725d3e50ad7891401958322a5ae97866bb0bf8cb190bc4bbeff3f,Расчеты,used sparse cells,2026-09-16,mixed,BRU3,null,2140,n
1.0.0,"Таблица по подбору сечений теплых ангаров пролетами 9м, 12м, 15м, 18м, 21м, 24м версия 1,5.xlsx",0271b96c6fe725d3e50ad7891401958322a5ae97866bb0bf8cb190bc4bbeff3f,Расчеты,used sparse cells,2026-09-16,mixed,BRV3,null,2145,n
1.0.0,"Таблица по подбору сечений теплых ангаров пролетами 9м, 12м, 15м, 18м, 21м, 24м версия 1,5.xlsx",0271b96c6fe725d3e50ad7891401958322a5ae97866bb0bf8cb190bc4bbeff3f,Расчеты,used sparse cells,2026-09-16,mixed,BRW3,null,2150,n
1.0.0,"Таблица по подбору сечений теплых ангаров пролетами 9м, 12м, 15м, 18м, 21м, 24м версия 1,5.xlsx",0271b96c6fe725d3e50ad7891401958322a5ae97866bb0bf8cb190bc4bbeff3f,Расчеты,used sparse cells,2026-09-16,mixed,BRX3,null,2155,n
1.0.0,"Таблица по подбору сечений теплых ангаров пролетами 9м, 12м, 15м, 18м, 21м, 24м версия 1,5.xlsx",0271b96c6fe725d3e50ad7891401958322a5ae97866bb0bf8cb190bc4bbeff3f,Расчеты,used sparse cells,2026-09-16,mixed,BRY3,null,2160,n
1.0.0,"Таблица по подбору сечений теплых ангаров пролетами 9м, 12м, 15м, 18м, 21м, 24м версия 1,5.xlsx",0271b96c6fe725d3e50ad7891401958322a5ae97866bb0bf8cb190bc4bbeff3f,Расчеты,used sparse cells,2026-09-16,mixed,BRZ3,null,2165,n
1.0.0,"Таблица по подбору сечений теплых ангаров пролетами 9м, 12м, 15м, 18м, 21м, 24м версия 1,5.xlsx",0271b96c6fe725d3e50ad7891401958322a5ae97866bb0bf8cb190bc4bbeff3f,Расчеты,used sparse cells,2026-09-16,mixed,BSA3,null,2170,n
1.0.0,"Таблица по подбору сечений теплых ангаров пролетами 9м, 12м, 15м, 18м, 21м, 24м версия 1,5.xlsx",0271b96c6fe725d3e50ad7891401958322a5ae97866bb0bf8cb190bc4bbeff3f,Расчеты,used sparse cells,2026-09-16,mixed,BSB3,null,2175,n
1.0.0,"Таблица по подбору сечений теплых ангаров пролетами 9м, 12м, 15м, 18м, 21м, 24м версия 1,5.xlsx",0271b96c6fe725d3e50ad7891401958322a5ae97866bb0bf8cb190bc4bbeff3f,Расчеты,used sparse cells,2026-09-16,mixed,BSC3,null,2180,n
1.0.0,"Таблица по подбору сечений теплых ангаров пролетами 9м, 12м, 15м, 18м, 21м, 24м версия 1,5.xlsx",0271b96c6fe725d3e50ad7891401958322a5ae97866bb0bf8cb190bc4bbeff3f,Расчеты,used sparse cells,2026-09-16,mixed,BSD3,null,2185,n
1.0.0,"Таблица по подбору сечений теплых ангаров пролетами 9м, 12м, 15м, 18м, 21м, 24м версия 1,5.xlsx",0271b96c6fe725d3e50ad7891401958322a5ae97866bb0bf8cb190bc4bbeff3f,Расчеты,used sparse cells,2026-09-16,mixed,BSE3,null,2190,n
1.0.0,"Таблица по подбору сечений теплых ангаров пролетами 9м, 12м, 15м, 18м, 21м, 24м версия 1,5.xlsx",0271b96c6fe725d3e50ad7891401958322a5ae97866bb0bf8cb190bc4bbeff3f,Расчеты,used sparse cells,2026-09-16,mixed,BSF3,null,2195,n
1.0.0,"Таблица по подбору сечений теплых ангаров пролетами 9м, 12м, 15м, 18м, 21м, 24м версия 1,5.xlsx",0271b96c6fe725d3e50ad7891401958322a5ae97866bb0bf8cb190bc4bbeff3f,Расчеты,used sparse cells,2026-09-16,mixed,BSG3,null,2200,n
1.0.0,"Таблица по подбору сечений теплых ангаров пролетами 9м, 12м, 15м, 18м, 21м, 24м версия 1,5.xlsx",0271b96c6fe725d3e50ad7891401958322a5ae97866bb0bf8cb190bc4bbeff3f,Расчеты,used sparse cells,2026-09-16,mixed,BSH3,null,2205,n
1.0.0,"Таблица по подбору сечений теплых ангаров пролетами 9м, 12м, 15м, 18м, 21м, 24м версия 1,5.xlsx",0271b96c6fe725d3e50ad7891401958322a5ae97866bb0bf8cb190bc4bbeff3f,Расчеты,used sparse cells,2026-09-16,mixed,BSI3,null,2210,n
1.0.0,"Таблица по подбору сечений теплых ангаров пролетами 9м, 12м, 15м, 18м, 21м, 24м версия 1,5.xlsx",0271b96c6fe725d3e50ad7891401958322a5ae97866bb0bf8cb190bc4bbeff3f,Расчеты,used sparse cells,2026-09-16,mixed,BSJ3,null,2215,n
1.0.0,"Таблица по подбору сечений теплых ангаров пролетами 9м, 12м, 15м, 18м, 21м, 24м версия 1,5.xlsx",0271b96c6fe725d3e50ad7891401958322a5ae97866bb0bf8cb190bc4bbeff3f,Расчеты,used sparse cells,2026-09-16,mixed,BSK3,null,2220,n
1.0.0,"Таблица по подбору сечений теплых ангаров пролетами 9м, 12м, 15м, 18м, 21м, 24м версия 1,5.xlsx",0271b96c6fe725d3e50ad7891401958322a5ae97866bb0bf8cb190bc4bbeff3f,Расчеты,used sparse cells,2026-09-16,mixed,BSL3,null,2225,n
1.0.0,"Таблица по подбору сечений теплых ангаров пролетами 9м, 12м, 15м, 18м, 21м, 24м версия 1,5.xlsx",0271b96c6fe725d3e50ad7891401958322a5ae97866bb0bf8cb190bc4bbeff3f,Расчеты,used sparse cells,2026-09-16,mixed,BSM3,null,2230,n
1.0.0,"Таблица по подбору сечений теплых ангаров пролетами 9м, 12м, 15м, 18м, 21м, 24м версия 1,5.xlsx",0271b96c6fe725d3e50ad7891401958322a5ae97866bb0bf8cb190bc4bbeff3f,Расчеты,used sparse cells,2026-09-16,mixed,BSN3,null,2235,n
1.0.0,"Таблица по подбору сечений теплых ангаров пролетами 9м, 12м, 15м, 18м, 21м, 24м версия 1,5.xlsx",0271b96c6fe725d3e50ad7891401958322a5ae97866bb0bf8cb190bc4bbeff3f,Расчеты,used sparse cells,2026-09-16,mixed,BSO3,null,2240,n
1.0.0,"Таблица по подбору сечений теплых ангаров пролетами 9м, 12м, 15м, 18м, 21м, 24м версия 1,5.xlsx",0271b96c6fe725d3e50ad7891401958322a5ae97866bb0bf8cb190bc4bbeff3f,Расчеты,used sparse cells,2026-09-16,mixed,BSP3,null,2245,n
1.0.0,"Таблица по подбору сечений теплых ангаров пролетами 9м, 12м, 15м, 18м, 21м, 24м версия 1,5.xlsx",0271b96c6fe725d3e50ad7891401958322a5ae97866bb0bf8cb190bc4bbeff3f,Расчеты,used sparse cells,2026-09-16,mixed,BSQ3,null,2250,n
1.0.0,"Таблица по подбору сечений теплых ангаров пролетами 9м, 12м, 15м, 18м, 21м, 24м версия 1,5.xlsx",0271b96c6fe725d3e50ad7891401958322a5ae97866bb0bf8cb190bc4bbeff3f,Расчеты,used sparse cells,2026-09-16,mixed,BSR3,null,2255,n
1.0.0,"Таблица по подбору сечений теплых ангаров пролетами 9м, 12м, 15м, 18м, 21м, 24м версия 1,5.xlsx",0271b96c6fe725d3e50ad7891401958322a5ae97866bb0bf8cb190bc4bbeff3f,Расчеты,used sparse cells,2026-09-16,mixed,BSS3,null,2260,n
1.0.0,"Таблица по подбору сечений теплых ангаров пролетами 9м, 12м, 15м, 18м, 21м, 24м версия 1,5.xlsx",0271b96c6fe725d3e50ad7891401958322a5ae97866bb0bf8cb190bc4bbeff3f,Расчеты,used sparse cells,2026-09-16,mixed,BST3,null,2265,n
1.0.0,"Таблица по подбору сечений теплых ангаров пролетами 9м, 12м, 15м, 18м, 21м, 24м версия 1,5.xlsx",0271b96c6fe725d3e50ad7891401958322a5ae97866bb0bf8cb190bc4bbeff3f,Расчеты,used sparse cells,2026-09-16,mixed,BSU3,null,2270,n
1.0.0,"Таблица по подбору сечений теплых ангаров пролетами 9м, 12м, 15м, 18м, 21м, 24м версия 1,5.xlsx",0271b96c6fe725d3e50ad7891401958322a5ae97866bb0bf8cb190bc4bbeff3f,Расчеты,used sparse cells,2026-09-16,mixed,BSV3,null,2275,n
1.0.0,"Таблица по подбору сечений теплых ангаров пролетами 9м, 12м, 15м, 18м, 21м, 24м версия 1,5.xlsx",0271b96c6fe725d3e50ad7891401958322a5ae97866bb0bf8cb190bc4bbeff3f,Расчеты,used sparse cells,2026-09-16,mixed,BSW3,null,2280,n
1.0.0,"Таблица по подбору сечений теплых ангаров пролетами 9м, 12м, 15м, 18м, 21м, 24м версия 1,5.xlsx",0271b96c6fe725d3e50ad7891401958322a5ae97866bb0bf8cb190bc4bbeff3f,Расчеты,used sparse cells,2026-09-16,mixed,BSX3,null,2285,n
1.0.0,"Таблица по подбору сечений теплых ангаров пролетами 9м, 12м, 15м, 18м, 21м, 24м версия 1,5.xlsx",0271b96c6fe725d3e50ad7891401958322a5ae97866bb0bf8cb190bc4bbeff3f,Расчеты,used sparse cells,2026-09-16,mixed,BSY3,null,2290,n
1.0.0,"Таблица по подбору сечений теплых ангаров пролетами 9м, 12м, 15м, 18м, 21м, 24м версия 1,5.xlsx",0271b96c6fe725d3e50ad7891401958322a5ae97866bb0bf8cb190bc4bbeff3f,Расчеты,used sparse cells,2026-09-16,mixed,BSZ3,null,2295,n
1.0.0,"Таблица по подбору сечений теплых ангаров пролетами 9м, 12м, 15м, 18м, 21м, 24м версия 1,5.xlsx",0271b96c6fe725d3e50ad7891401958322a5ae97866bb0bf8cb190bc4bbeff3f,Расчеты,used sparse cells,2026-09-16,mixed,BTA3,null,2300,n
1.0.0,"Таблица по подбору сечений теплых ангаров пролетами 9м, 12м, 15м, 18м, 21м, 24м версия 1,5.xlsx",0271b96c6fe725d3e50ad7891401958322a5ae97866bb0bf8cb190bc4bbeff3f,Расчеты,used sparse cells,2026-09-16,mixed,BTB3,null,2305,n
1.0.0,"Таблица по подбору сечений теплых ангаров пролетами 9м, 12м, 15м, 18м, 21м, 24м версия 1,5.xlsx",0271b96c6fe725d3e50ad7891401958322a5ae97866bb0bf8cb190bc4bbeff3f,Расчеты,used sparse cells,2026-09-16,mixed,BTC3,null,2310,n
1.0.0,"Таблица по подбору сечений теплых ангаров пролетами 9м, 12м, 15м, 18м, 21м, 24м версия 1,5.xlsx",0271b96c6fe725d3e50ad7891401958322a5ae97866bb0bf8cb190bc4bbeff3f,Расчеты,used sparse cells,2026-09-16,mixed,BTD3,null,2315,n
1.0.0,"Таблица по подбору сечений теплых ангаров пролетами 9м, 12м, 15м, 18м, 21м, 24м версия 1,5.xlsx",0271b96c6fe725d3e50ad7891401958322a5ae97866bb0bf8cb190bc4bbeff3f,Расчеты,used sparse cells,2026-09-16,mixed,BTE3,null,2320,n
1.0.0,"Таблица по подбору сечений теплых ангаров пролетами 9м, 12м, 15м, 18м, 21м, 24м версия 1,5.xlsx",0271b96c6fe725d3e50ad7891401958322a5ae97866bb0bf8cb190bc4bbeff3f,Расчеты,used sparse cells,2026-09-16,mixed,BTF3,null,2325,n
1.0.0,"Таблица по подбору сечений теплых ангаров пролетами 9м, 12м, 15м, 18м, 21м, 24м версия 1,5.xlsx",0271b96c6fe725d3e50ad7891401958322a5ae97866bb0bf8cb190bc4bbeff3f,Расчеты,used sparse cells,2026-09-16,mixed,BTG3,null,2330,n
1.0.0,"Таблица по подбору сечений теплых ангаров пролетами 9м, 12м, 15м, 18м, 21м, 24м версия 1,5.xlsx",0271b96c6fe725d3e50ad7891401958322a5ae97866bb0bf8cb190bc4bbeff3f,Расчеты,used sparse cells,2026-09-16,mixed,BTH3,null,2335,n
1.0.0,"Таблица по подбору сечений теплых ангаров пролетами 9м, 12м, 15м, 18м, 21м, 24м версия 1,5.xlsx",0271b96c6fe725d3e50ad7891401958322a5ae97866bb0bf8cb190bc4bbeff3f,Расчеты,used sparse cells,2026-09-16,mixed,BTI3,null,2340,n
1.0.0,"Таблица по подбору сечений теплых ангаров пролетами 9м, 12м, 15м, 18м, 21м, 24м версия 1,5.xlsx",0271b96c6fe725d3e50ad7891401958322a5ae97866bb0bf8cb190bc4bbeff3f,Расчеты,used sparse cells,2026-09-16,mixed,BTJ3,null,2345,n
1.0.0,"Таблица по подбору сечений теплых ангаров пролетами 9м, 12м, 15м, 18м, 21м, 24м версия 1,5.xlsx",0271b96c6fe725d3e50ad7891401958322a5ae97866bb0bf8cb190bc4bbeff3f,Расчеты,used sparse cells,2026-09-16,mixed,BTK3,null,2350,n
1.0.0,"Таблица по подбору сечений теплых ангаров пролетами 9м, 12м, 15м, 18м, 21м, 24м версия 1,5.xlsx",0271b96c6fe725d3e50ad7891401958322a5ae97866bb0bf8cb190bc4bbeff3f,Расчеты,used sparse cells,2026-09-16,mixed,BTL3,null,2355,n
1.0.0,"Таблица по подбору сечений теплых ангаров пролетами 9м, 12м, 15м, 18м, 21м, 24м версия 1,5.xlsx",0271b96c6fe725d3e50ad7891401958322a5ae97866bb0bf8cb190bc4bbeff3f,Расчеты,used sparse cells,2026-09-16,mixed,BTM3,null,2360,n
1.0.0,"Таблица по подбору сечений теплых ангаров пролетами 9м, 12м, 15м, 18м, 21м, 24м версия 1,5.xlsx",0271b96c6fe725d3e50ad7891401958322a5ae97866bb0bf8cb190bc4bbeff3f,Расчеты,used sparse cells,2026-09-16,mixed,BTN3,null,2365,n
1.0.0,"Таблица по подбору сечений теплых ангаров пролетами 9м, 12м, 15м, 18м, 21м, 24м версия 1,5.xlsx",0271b96c6fe725d3e50ad7891401958322a5ae97866bb0bf8cb190bc4bbeff3f,Расчеты,used sparse cells,2026-09-16,mixed,BTO3,null,2370,n
1.0.0,"Таблица по подбору сечений теплых ангаров пролетами 9м, 12м, 15м, 18м, 21м, 24м версия 1,5.xlsx",0271b96c6fe725d3e50ad7891401958322a5ae97866bb0bf8cb190bc4bbeff3f,Расчеты,used sparse cells,2026-09-16,mixed,BTP3,null,2375,n
1.0.0,"Таблица по подбору сечений теплых ангаров пролетами 9м, 12м, 15м, 18м, 21м, 24м версия 1,5.xlsx",0271b96c6fe725d3e50ad7891401958322a5ae97866bb0bf8cb190bc4bbeff3f,Расчеты,used sparse cells,2026-09-16,mixed,BTQ3,null,2380,n
1.0.0,"Таблица по подбору сечений теплых ангаров пролетами 9м, 12м, 15м, 18м, 21м, 24м версия 1,5.xlsx",0271b96c6fe725d3e50ad7891401958322a5ae97866bb0bf8cb190bc4bbeff3f,Расчеты,used sparse cells,2026-09-16,mixed,BTR3,null,2385,n
1.0.0,"Таблица по подбору сечений теплых ангаров пролетами 9м, 12м, 15м, 18м, 21м, 24м версия 1,5.xlsx",0271b96c6fe725d3e50ad7891401958322a5ae97866bb0bf8cb190bc4bbeff3f,Расчеты,used sparse cells,2026-09-16,mixed,BTS3,null,2390,n
1.0.0,"Таблица по подбору сечений теплых ангаров пролетами 9м, 12м, 15м, 18м, 21м, 24м версия 1,5.xlsx",0271b96c6fe725d3e50ad7891401958322a5ae97866bb0bf8cb190bc4bbeff3f,Расчеты,used sparse cells,2026-09-16,mixed,BTT3,null,2395,n
1.0.0,"Таблица по подбору сечений теплых ангаров пролетами 9м, 12м, 15м, 18м, 21м, 24м версия 1,5.xlsx",0271b96c6fe725d3e50ad7891401958322a5ae97866bb0bf8cb190bc4bbeff3f,Расчеты,used sparse cells,2026-09-16,mixed,BTU3,null,2400,n
1.0.0,"Таблица по подбору сечений теплых ангаров пролетами 9м, 12м, 15м, 18м, 21м, 24м версия 1,5.xlsx",0271b96c6fe725d3e50ad7891401958322a5ae97866bb0bf8cb190bc4bbeff3f,Расчеты,used sparse cells,2026-09-16,mixed,BTV3,null,2405,n
1.0.0,"Таблица по подбору сечений теплых ангаров пролетами 9м, 12м, 15м, 18м, 21м, 24м версия 1,5.xlsx",0271b96c6fe725d3e50ad7891401958322a5ae97866bb0bf8cb190bc4bbeff3f,Расчеты,used sparse cells,2026-09-16,mixed,BTW3,null,2410,n
1.0.0,"Таблица по подбору сечений теплых ангаров пролетами 9м, 12м, 15м, 18м, 21м, 24м версия 1,5.xlsx",0271b96c6fe725d3e50ad7891401958322a5ae97866bb0bf8cb190bc4bbeff3f,Расчеты,used sparse cells,2026-09-16,mixed,BTX3,null,2415,n
1.0.0,"Таблица по подбору сечений теплых ангаров пролетами 9м, 12м, 15м, 18м, 21м, 24м версия 1,5.xlsx",0271b96c6fe725d3e50ad7891401958322a5ae97866bb0bf8cb190bc4bbeff3f,Расчеты,used sparse cells,2026-09-16,mixed,BTY3,null,2420,n
1.0.0,"Таблица по подбору сечений теплых ангаров пролетами 9м, 12м, 15м, 18м, 21м, 24м версия 1,5.xlsx",0271b96c6fe725d3e50ad7891401958322a5ae97866bb0bf8cb190bc4bbeff3f,Расчеты,used sparse cells,2026-09-16,mixed,BTZ3,null,2425,n
1.0.0,"Таблица по подбору сечений теплых ангаров пролетами 9м, 12м, 15м, 18м, 21м, 24м версия 1,5.xlsx",0271b96c6fe725d3e50ad7891401958322a5ae97866bb0bf8cb190bc4bbeff3f,Расчеты,used sparse cells,2026-09-16,mixed,BUA3,null,2430,n
1.0.0,"Таблица по подбору сечений теплых ангаров пролетами 9м, 12м, 15м, 18м, 21м, 24м версия 1,5.xlsx",0271b96c6fe725d3e50ad7891401958322a5ae97866bb0bf8cb190bc4bbeff3f,Расчеты,used sparse cells,2026-09-16,mixed,BUB3,null,2435,n
1.0.0,"Таблица по подбору сечений теплых ангаров пролетами 9м, 12м, 15м, 18м, 21м, 24м версия 1,5.xlsx",0271b96c6fe725d3e50ad7891401958322a5ae97866bb0bf8cb190bc4bbeff3f,Расчеты,used sparse cells,2026-09-16,mixed,BUC3,null,2440,n
1.0.0,"Таблица по подбору сечений теплых ангаров пролетами 9м, 12м, 15м, 18м, 21м, 24м версия 1,5.xlsx",0271b96c6fe725d3e50ad7891401958322a5ae97866bb0bf8cb190bc4bbeff3f,Расчеты,used sparse cells,2026-09-16,mixed,BUD3,null,2445,n
1.0.0,"Таблица по подбору сечений теплых ангаров пролетами 9м, 12м, 15м, 18м, 21м, 24м версия 1,5.xlsx",0271b96c6fe725d3e50ad7891401958322a5ae97866bb0bf8cb190bc4bbeff3f,Расчеты,used sparse cells,2026-09-16,mixed,BUE3,null,2450,n
1.0.0,"Таблица по подбору сечений теплых ангаров пролетами 9м, 12м, 15м, 18м, 21м, 24м версия 1,5.xlsx",0271b96c6fe725d3e50ad7891401958322a5ae97866bb0bf8cb190bc4bbeff3f,Расчеты,used sparse cells,2026-09-16,mixed,BUF3,null,2455,n
1.0.0,"Таблица по подбору сечений теплых ангаров пролетами 9м, 12м, 15м, 18м, 21м, 24м версия 1,5.xlsx",0271b96c6fe725d3e50ad7891401958322a5ae97866bb0bf8cb190bc4bbeff3f,Расчеты,used sparse cells,2026-09-16,mixed,BUG3,null,2460,n
1.0.0,"Таблица по подбору сечений теплых ангаров пролетами 9м, 12м, 15м, 18м, 21м, 24м версия 1,5.xlsx",0271b96c6fe725d3e50ad7891401958322a5ae97866bb0bf8cb190bc4bbeff3f,Расчеты,used sparse cells,2026-09-16,mixed,BUH3,null,2465,n
1.0.0,"Таблица по подбору сечений теплых ангаров пролетами 9м, 12м, 15м, 18м, 21м, 24м версия 1,5.xlsx",0271b96c6fe725d3e50ad7891401958322a5ae97866bb0bf8cb190bc4bbeff3f,Расчеты,used sparse cells,2026-09-16,mixed,BUI3,null,2470,n
1.0.0,"Таблица по подбору сечений теплых ангаров пролетами 9м, 12м, 15м, 18м, 21м, 24м версия 1,5.xlsx",0271b96c6fe725d3e50ad7891401958322a5ae97866bb0bf8cb190bc4bbeff3f,Расчеты,used sparse cells,2026-09-16,mixed,BUJ3,null,2475,n
1.0.0,"Таблица по подбору сечений теплых ангаров пролетами 9м, 12м, 15м, 18м, 21м, 24м версия 1,5.xlsx",0271b96c6fe725d3e50ad7891401958322a5ae97866bb0bf8cb190bc4bbeff3f,Расчеты,used sparse cells,2026-09-16,mixed,BUK3,null,2480,n
1.0.0,"Таблица по подбору сечений теплых ангаров пролетами 9м, 12м, 15м, 18м, 21м, 24м версия 1,5.xlsx",0271b96c6fe725d3e50ad7891401958322a5ae97866bb0bf8cb190bc4bbeff3f,Расчеты,used sparse cells,2026-09-16,mixed,BUL3,null,2485,n
1.0.0,"Таблица по подбору сечений теплых ангаров пролетами 9м, 12м, 15м, 18м, 21м, 24м версия 1,5.xlsx",0271b96c6fe725d3e50ad7891401958322a5ae97866bb0bf8cb190bc4bbeff3f,Расчеты,used sparse cells,2026-09-16,mixed,BUM3,null,2490,n
1.0.0,"Таблица по подбору сечений теплых ангаров пролетами 9м, 12м, 15м, 18м, 21м, 24м версия 1,5.xlsx",0271b96c6fe725d3e50ad7891401958322a5ae97866bb0bf8cb190bc4bbeff3f,Расчеты,used sparse cells,2026-09-16,mixed,BUN3,null,2495,n
1.0.0,"Таблица по подбору сечений теплых ангаров пролетами 9м, 12м, 15м, 18м, 21м, 24м версия 1,5.xlsx",0271b96c6fe725d3e50ad7891401958322a5ae97866bb0bf8cb190bc4bbeff3f,Расчеты,used sparse cells,2026-09-16,mixed,BUO3,null,2500,n
1.0.0,"Таблица по подбору сечений теплых ангаров пролетами 9м, 12м, 15м, 18м, 21м, 24м версия 1,5.xlsx",0271b96c6fe725d3e50ad7891401958322a5ae97866bb0bf8cb190bc4bbeff3f,Расчеты,used sparse cells,2026-09-16,mixed,BUP3,null,2505,n
1.0.0,"Таблица по подбору сечений теплых ангаров пролетами 9м, 12м, 15м, 18м, 21м, 24м версия 1,5.xlsx",0271b96c6fe725d3e50ad7891401958322a5ae97866bb0bf8cb190bc4bbeff3f,Расчеты,used sparse cells,2026-09-16,mixed,BUQ3,null,2510,n
1.0.0,"Таблица по подбору сечений теплых ангаров пролетами 9м, 12м, 15м, 18м, 21м, 24м версия 1,5.xlsx",0271b96c6fe725d3e50ad7891401958322a5ae97866bb0bf8cb190bc4bbeff3f,Расчеты,used sparse cells,2026-09-16,mixed,BUR3,null,2515,n
1.0.0,"Таблица по подбору сечений теплых ангаров пролетами 9м, 12м, 15м, 18м, 21м, 24м версия 1,5.xlsx",0271b96c6fe725d3e50ad7891401958322a5ae97866bb0bf8cb190bc4bbeff3f,Расчеты,used sparse cells,2026-09-16,mixed,BUS3,null,2520,n
1.0.0,"Таблица по подбору сечений теплых ангаров пролетами 9м, 12м, 15м, 18м, 21м, 24м версия 1,5.xlsx",0271b96c6fe725d3e50ad7891401958322a5ae97866bb0bf8cb190bc4bbeff3f,Расчеты,used sparse cells,2026-09-16,mixed,BUT3,null,2525,n
1.0.0,"Таблица по подбору сечений теплых ангаров пролетами 9м, 12м, 15м, 18м, 21м, 24м версия 1,5.xlsx",0271b96c6fe725d3e50ad7891401958322a5ae97866bb0bf8cb190bc4bbeff3f,Расчеты,used sparse cells,2026-09-16,mixed,BUU3,null,2530,n
1.0.0,"Таблица по подбору сечений теплых ангаров пролетами 9м, 12м, 15м, 18м, 21м, 24м версия 1,5.xlsx",0271b96c6fe725d3e50ad7891401958322a5ae97866bb0bf8cb190bc4bbeff3f,Расчеты,used sparse cells,2026-09-16,mixed,BUV3,null,2535,n
1.0.0,"Таблица по подбору сечений теплых ангаров пролетами 9м, 12м, 15м, 18м, 21м, 24м версия 1,5.xlsx",0271b96c6fe725d3e50ad7891401958322a5ae97866bb0bf8cb190bc4bbeff3f,Расчеты,used sparse cells,2026-09-16,mixed,BUW3,null,2540,n
1.0.0,"Таблица по подбору сечений теплых ангаров пролетами 9м, 12м, 15м, 18м, 21м, 24м версия 1,5.xlsx",0271b96c6fe725d3e50ad7891401958322a5ae97866bb0bf8cb190bc4bbeff3f,Расчеты,used sparse cells,2026-09-16,mixed,BUX3,null,2545,n
1.0.0,"Таблица по подбору сечений теплых ангаров пролетами 9м, 12м, 15м, 18м, 21м, 24м версия 1,5.xlsx",0271b96c6fe725d3e50ad7891401958322a5ae97866bb0bf8cb190bc4bbeff3f,Расчеты,used sparse cells,2026-09-16,mixed,BUY3,null,2550,n
1.0.0,"Таблица по подбору сечений теплых ангаров пролетами 9м, 12м, 15м, 18м, 21м, 24м версия 1,5.xlsx",0271b96c6fe725d3e50ad7891401958322a5ae97866bb0bf8cb190bc4bbeff3f,Расчеты,used sparse cells,2026-09-16,mixed,BUZ3,null,2555,n
1.0.0,"Таблица по подбору сечений теплых ангаров пролетами 9м, 12м, 15м, 18м, 21м, 24м версия 1,5.xlsx",0271b96c6fe725d3e50ad7891401958322a5ae97866bb0bf8cb190bc4bbeff3f,Расчеты,used sparse cells,2026-09-16,mixed,BVA3,null,2560,n
1.0.0,"Таблица по подбору сечений теплых ангаров пролетами 9м, 12м, 15м, 18м, 21м, 24м версия 1,5.xlsx",0271b96c6fe725d3e50ad7891401958322a5ae97866bb0bf8cb190bc4bbeff3f,Расчеты,used sparse cells,2026-09-16,mixed,BVB3,null,2565,n
1.0.0,"Таблица по подбору сечений теплых ангаров пролетами 9м, 12м, 15м, 18м, 21м, 24м версия 1,5.xlsx",0271b96c6fe725d3e50ad7891401958322a5ae97866bb0bf8cb190bc4bbeff3f,Расчеты,used sparse cells,2026-09-16,mixed,BVC3,null,2570,n
1.0.0,"Таблица по подбору сечений теплых ангаров пролетами 9м, 12м, 15м, 18м, 21м, 24м версия 1,5.xlsx",0271b96c6fe725d3e50ad7891401958322a5ae97866bb0bf8cb190bc4bbeff3f,Расчеты,used sparse cells,2026-09-16,mixed,BVD3,null,2575,n
1.0.0,"Таблица по подбору сечений теплых ангаров пролетами 9м, 12м, 15м, 18м, 21м, 24м версия 1,5.xlsx",0271b96c6fe725d3e50ad7891401958322a5ae97866bb0bf8cb190bc4bbeff3f,Расчеты,used sparse cells,2026-09-16,mixed,BVE3,null,2580,n
1.0.0,"Таблица по подбору сечений теплых ангаров пролетами 9м, 12м, 15м, 18м, 21м, 24м версия 1,5.xlsx",0271b96c6fe725d3e50ad7891401958322a5ae97866bb0bf8cb190bc4bbeff3f,Расчеты,used sparse cells,2026-09-16,mixed,BVF3,null,2585,n
1.0.0,"Таблица по подбору сечений теплых ангаров пролетами 9м, 12м, 15м, 18м, 21м, 24м версия 1,5.xlsx",0271b96c6fe725d3e50ad7891401958322a5ae97866bb0bf8cb190bc4bbeff3f,Расчеты,used sparse cells,2026-09-16,mixed,BVG3,null,2590,n
1.0.0,"Таблица по подбору сечений теплых ангаров пролетами 9м, 12м, 15м, 18м, 21м, 24м версия 1,5.xlsx",0271b96c6fe725d3e50ad7891401958322a5ae97866bb0bf8cb190bc4bbeff3f,Расчеты,used sparse cells,2026-09-16,mixed,BVH3,null,2595,n
1.0.0,"Таблица по подбору сечений теплых ангаров пролетами 9м, 12м, 15м, 18м, 21м, 24м версия 1,5.xlsx",0271b96c6fe725d3e50ad7891401958322a5ae97866bb0bf8cb190bc4bbeff3f,Расчеты,used sparse cells,2026-09-16,mixed,BVI3,null,2600,n
1.0.0,"Таблица по подбору сечений теплых ангаров пролетами 9м, 12м, 15м, 18м, 21м, 24м версия 1,5.xlsx",0271b96c6fe725d3e50ad7891401958322a5ae97866bb0bf8cb190bc4bbeff3f,Расчеты,used sparse cells,2026-09-16,mixed,BVJ3,null,2605,n
1.0.0,"Таблица по подбору сечений теплых ангаров пролетами 9м, 12м, 15м, 18м, 21м, 24м версия 1,5.xlsx",0271b96c6fe725d3e50ad7891401958322a5ae97866bb0bf8cb190bc4bbeff3f,Расчеты,used sparse cells,2026-09-16,mixed,BVK3,null,2610,n
1.0.0,"Таблица по подбору сечений теплых ангаров пролетами 9м, 12м, 15м, 18м, 21м, 24м версия 1,5.xlsx",0271b96c6fe725d3e50ad7891401958322a5ae97866bb0bf8cb190bc4bbeff3f,Расчеты,used sparse cells,2026-09-16,mixed,BVL3,null,2615,n
1.0.0,"Таблица по подбору сечений теплых ангаров пролетами 9м, 12м, 15м, 18м, 21м, 24м версия 1,5.xlsx",0271b96c6fe725d3e50ad7891401958322a5ae97866bb0bf8cb190bc4bbeff3f,Расчеты,used sparse cells,2026-09-16,mixed,BVM3,null,2620,n
1.0.0,"Таблица по подбору сечений теплых ангаров пролетами 9м, 12м, 15м, 18м, 21м, 24м версия 1,5.xlsx",0271b96c6fe725d3e50ad7891401958322a5ae97866bb0bf8cb190bc4bbeff3f,Расчеты,used sparse cells,2026-09-16,mixed,BVN3,null,2625,n
1.0.0,"Таблица по подбору сечений теплых ангаров пролетами 9м, 12м, 15м, 18м, 21м, 24м версия 1,5.xlsx",0271b96c6fe725d3e50ad7891401958322a5ae97866bb0bf8cb190bc4bbeff3f,Расчеты,used sparse cells,2026-09-16,mixed,BVO3,null,2630,n
1.0.0,"Таблица по подбору сечений теплых ангаров пролетами 9м, 12м, 15м, 18м, 21м, 24м версия 1,5.xlsx",0271b96c6fe725d3e50ad7891401958322a5ae97866bb0bf8cb190bc4bbeff3f,Расчеты,used sparse cells,2026-09-16,mixed,BVP3,null,2635,n
1.0.0,"Таблица по подбору сечений теплых ангаров пролетами 9м, 12м, 15м, 18м, 21м, 24м версия 1,5.xlsx",0271b96c6fe725d3e50ad7891401958322a5ae97866bb0bf8cb190bc4bbeff3f,Расчеты,used sparse cells,2026-09-16,mixed,BVQ3,null,2640,n
1.0.0,"Таблица по подбору сечений теплых ангаров пролетами 9м, 12м, 15м, 18м, 21м, 24м версия 1,5.xlsx",0271b96c6fe725d3e50ad7891401958322a5ae97866bb0bf8cb190bc4bbeff3f,Расчеты,used sparse cells,2026-09-16,mixed,BVR3,null,2645,n
1.0.0,"Таблица по подбору сечений теплых ангаров пролетами 9м, 12м, 15м, 18м, 21м, 24м версия 1,5.xlsx",0271b96c6fe725d3e50ad7891401958322a5ae97866bb0bf8cb190bc4bbeff3f,Расчеты,used sparse cells,2026-09-16,mixed,BVS3,null,2650,n
1.0.0,"Таблица по подбору сечений теплых ангаров пролетами 9м, 12м, 15м, 18м, 21м, 24м версия 1,5.xlsx",0271b96c6fe725d3e50ad7891401958322a5ae97866bb0bf8cb190bc4bbeff3f,Расчеты,used sparse cells,2026-09-16,mixed,BVT3,null,2655,n
1.0.0,"Таблица по подбору сечений теплых ангаров пролетами 9м, 12м, 15м, 18м, 21м, 24м версия 1,5.xlsx",0271b96c6fe725d3e50ad7891401958322a5ae97866bb0bf8cb190bc4bbeff3f,Расчеты,used sparse cells,2026-09-16,mixed,BVU3,null,2660,n
1.0.0,"Таблица по подбору сечений теплых ангаров пролетами 9м, 12м, 15м, 18м, 21м, 24м версия 1,5.xlsx",0271b96c6fe725d3e50ad7891401958322a5ae97866bb0bf8cb190bc4bbeff3f,Расчеты,used sparse cells,2026-09-16,mixed,BVV3,null,2665,n
1.0.0,"Таблица по подбору сечений теплых ангаров пролетами 9м, 12м, 15м, 18м, 21м, 24м версия 1,5.xlsx",0271b96c6fe725d3e50ad7891401958322a5ae97866bb0bf8cb190bc4bbeff3f,Расчеты,used sparse cells,2026-09-16,mixed,BVW3,null,2670,n
1.0.0,"Таблица по подбору сечений теплых ангаров пролетами 9м, 12м, 15м, 18м, 21м, 24м версия 1,5.xlsx",0271b96c6fe725d3e50ad7891401958322a5ae97866bb0bf8cb190bc4bbeff3f,Расчеты,used sparse cells,2026-09-16,mixed,BVX3,null,2675,n
1.0.0,"Таблица по подбору сечений теплых ангаров пролетами 9м, 12м, 15м, 18м, 21м, 24м версия 1,5.xlsx",0271b96c6fe725d3e50ad7891401958322a5ae97866bb0bf8cb190bc4bbeff3f,Расчеты,used sparse cells,2026-09-16,mixed,BVY3,null,2680,n
1.0.0,"Таблица по подбору сечений теплых ангаров пролетами 9м, 12м, 15м, 18м, 21м, 24м версия 1,5.xlsx",0271b96c6fe725d3e50ad7891401958322a5ae97866bb0bf8cb190bc4bbeff3f,Расчеты,used sparse cells,2026-09-16,mixed,BVZ3,null,2685,n
1.0.0,"Таблица по подбору сечений теплых ангаров пролетами 9м, 12м, 15м, 18м, 21м, 24м версия 1,5.xlsx",0271b96c6fe725d3e50ad7891401958322a5ae97866bb0bf8cb190bc4bbeff3f,Расчеты,used sparse cells,2026-09-16,mixed,BWA3,null,2690,n
1.0.0,"Таблица по подбору сечений теплых ангаров пролетами 9м, 12м, 15м, 18м, 21м, 24м версия 1,5.xlsx",0271b96c6fe725d3e50ad7891401958322a5ae97866bb0bf8cb190bc4bbeff3f,Расчеты,used sparse cells,2026-09-16,mixed,BWB3,null,2695,n
1.0.0,"Таблица по подбору сечений теплых ангаров пролетами 9м, 12м, 15м, 18м, 21м, 24м версия 1,5.xlsx",0271b96c6fe725d3e50ad7891401958322a5ae97866bb0bf8cb190bc4bbeff3f,Расчеты,used sparse cells,2026-09-16,mixed,BWC3,null,2700,n
1.0.0,"Таблица по подбору сечений теплых ангаров пролетами 9м, 12м, 15м, 18м, 21м, 24м версия 1,5.xlsx",0271b96c6fe725d3e50ad7891401958322a5ae97866bb0bf8cb190bc4bbeff3f,Расчеты,used sparse cells,2026-09-16,mixed,BWD3,null,2705,n
1.0.0,"Таблица по подбору сечений теплых ангаров пролетами 9м, 12м, 15м, 18м, 21м, 24м версия 1,5.xlsx",0271b96c6fe725d3e50ad7891401958322a5ae97866bb0bf8cb190bc4bbeff3f,Расчеты,used sparse cells,2026-09-16,mixed,BWE3,null,2710,n
1.0.0,"Таблица по подбору сечений теплых ангаров пролетами 9м, 12м, 15м, 18м, 21м, 24м версия 1,5.xlsx",0271b96c6fe725d3e50ad7891401958322a5ae97866bb0bf8cb190bc4bbeff3f,Расчеты,used sparse cells,2026-09-16,mixed,BWF3,null,2715,n
1.0.0,"Таблица по подбору сечений теплых ангаров пролетами 9м, 12м, 15м, 18м, 21м, 24м версия 1,5.xlsx",0271b96c6fe725d3e50ad7891401958322a5ae97866bb0bf8cb190bc4bbeff3f,Расчеты,used sparse cells,2026-09-16,mixed,BWG3,null,2720,n
1.0.0,"Таблица по подбору сечений теплых ангаров пролетами 9м, 12м, 15м, 18м, 21м, 24м версия 1,5.xlsx",0271b96c6fe725d3e50ad7891401958322a5ae97866bb0bf8cb190bc4bbeff3f,Расчеты,used sparse cells,2026-09-16,mixed,BWH3,null,2725,n
1.0.0,"Таблица по подбору сечений теплых ангаров пролетами 9м, 12м, 15м, 18м, 21м, 24м версия 1,5.xlsx",0271b96c6fe725d3e50ad7891401958322a5ae97866bb0bf8cb190bc4bbeff3f,Расчеты,used sparse cells,2026-09-16,mixed,BWI3,null,2730,n
1.0.0,"Таблица по подбору сечений теплых ангаров пролетами 9м, 12м, 15м, 18м, 21м, 24м версия 1,5.xlsx",0271b96c6fe725d3e50ad7891401958322a5ae97866bb0bf8cb190bc4bbeff3f,Расчеты,used sparse cells,2026-09-16,mixed,BWJ3,null,2735,n
1.0.0,"Таблица по подбору сечений теплых ангаров пролетами 9м, 12м, 15м, 18м, 21м, 24м версия 1,5.xlsx",0271b96c6fe725d3e50ad7891401958322a5ae97866bb0bf8cb190bc4bbeff3f,Расчеты,used sparse cells,2026-09-16,mixed,BWK3,null,2740,n
1.0.0,"Таблица по подбору сечений теплых ангаров пролетами 9м, 12м, 15м, 18м, 21м, 24м версия 1,5.xlsx",0271b96c6fe725d3e50ad7891401958322a5ae97866bb0bf8cb190bc4bbeff3f,Расчеты,used sparse cells,2026-09-16,mixed,BWL3,null,2745,n
1.0.0,"Таблица по подбору сечений теплых ангаров пролетами 9м, 12м, 15м, 18м, 21м, 24м версия 1,5.xlsx",0271b96c6fe725d3e50ad7891401958322a5ae97866bb0bf8cb190bc4bbeff3f,Расчеты,used sparse cells,2026-09-16,mixed,BWM3,null,2750,n
1.0.0,"Таблица по подбору сечений теплых ангаров пролетами 9м, 12м, 15м, 18м, 21м, 24м версия 1,5.xlsx",0271b96c6fe725d3e50ad7891401958322a5ae97866bb0bf8cb190bc4bbeff3f,Расчеты,used sparse cells,2026-09-16,mixed,BWN3,null,2755,n
1.0.0,"Таблица по подбору сечений теплых ангаров пролетами 9м, 12м, 15м, 18м, 21м, 24м версия 1,5.xlsx",0271b96c6fe725d3e50ad7891401958322a5ae97866bb0bf8cb190bc4bbeff3f,Расчеты,used sparse cells,2026-09-16,mixed,BWO3,null,2760,n
1.0.0,"Таблица по подбору сечений теплых ангаров пролетами 9м, 12м, 15м, 18м, 21м, 24м версия 1,5.xlsx",0271b96c6fe725d3e50ad7891401958322a5ae97866bb0bf8cb190bc4bbeff3f,Расчеты,used sparse cells,2026-09-16,mixed,BWP3,null,2765,n
1.0.0,"Таблица по подбору сечений теплых ангаров пролетами 9м, 12м, 15м, 18м, 21м, 24м версия 1,5.xlsx",0271b96c6fe725d3e50ad7891401958322a5ae97866bb0bf8cb190bc4bbeff3f,Расчеты,used sparse cells,2026-09-16,mixed,BWQ3,null,2770,n
1.0.0,"Таблица по подбору сечений теплых ангаров пролетами 9м, 12м, 15м, 18м, 21м, 24м версия 1,5.xlsx",0271b96c6fe725d3e50ad7891401958322a5ae97866bb0bf8cb190bc4bbeff3f,Расчеты,used sparse cells,2026-09-16,mixed,BWR3,null,2775,n
1.0.0,"Таблица по подбору сечений теплых ангаров пролетами 9м, 12м, 15м, 18м, 21м, 24м версия 1,5.xlsx",0271b96c6fe725d3e50ad7891401958322a5ae97866bb0bf8cb190bc4bbeff3f,Расчеты,used sparse cells,2026-09-16,mixed,BWS3,null,2780,n
1.0.0,"Таблица по подбору сечений теплых ангаров пролетами 9м, 12м, 15м, 18м, 21м, 24м версия 1,5.xlsx",0271b96c6fe725d3e50ad7891401958322a5ae97866bb0bf8cb190bc4bbeff3f,Расчеты,used sparse cells,2026-09-16,mixed,BWT3,null,2785,n
1.0.0,"Таблица по подбору сечений теплых ангаров пролетами 9м, 12м, 15м, 18м, 21м, 24м версия 1,5.xlsx",0271b96c6fe725d3e50ad7891401958322a5ae97866bb0bf8cb190bc4bbeff3f,Расчеты,used sparse cells,2026-09-16,mixed,BWU3,null,2790,n
1.0.0,"Таблица по подбору сечений теплых ангаров пролетами 9м, 12м, 15м, 18м, 21м, 24м версия 1,5.xlsx",0271b96c6fe725d3e50ad7891401958322a5ae97866bb0bf8cb190bc4bbeff3f,Расчеты,used sparse cells,2026-09-16,mixed,BWV3,null,2795,n
1.0.0,"Таблица по подбору сечений теплых ангаров пролетами 9м, 12м, 15м, 18м, 21м, 24м версия 1,5.xlsx",0271b96c6fe725d3e50ad7891401958322a5ae97866bb0bf8cb190bc4bbeff3f,Расчеты,used sparse cells,2026-09-16,mixed,BWW3,null,2800,n
1.0.0,"Таблица по подбору сечений теплых ангаров пролетами 9м, 12м, 15м, 18м, 21м, 24м версия 1,5.xlsx",0271b96c6fe725d3e50ad7891401958322a5ae97866bb0bf8cb190bc4bbeff3f,Расчеты,used sparse cells,2026-09-16,mixed,BWX3,null,2805,n
1.0.0,"Таблица по подбору сечений теплых ангаров пролетами 9м, 12м, 15м, 18м, 21м, 24м версия 1,5.xlsx",0271b96c6fe725d3e50ad7891401958322a5ae97866bb0bf8cb190bc4bbeff3f,Расчеты,used sparse cells,2026-09-16,mixed,BWY3,null,2810,n
1.0.0,"Таблица по подбору сечений теплых ангаров пролетами 9м, 12м, 15м, 18м, 21м, 24м версия 1,5.xlsx",0271b96c6fe725d3e50ad7891401958322a5ae97866bb0bf8cb190bc4bbeff3f,Расчеты,used sparse cells,2026-09-16,mixed,BWZ3,null,2815,n
1.0.0,"Таблица по подбору сечений теплых ангаров пролетами 9м, 12м, 15м, 18м, 21м, 24м версия 1,5.xlsx",0271b96c6fe725d3e50ad7891401958322a5ae97866bb0bf8cb190bc4bbeff3f,Расчеты,used sparse cells,2026-09-16,mixed,BXA3,null,2820,n
1.0.0,"Таблица по подбору сечений теплых ангаров пролетами 9м, 12м, 15м, 18м, 21м, 24м версия 1,5.xlsx",0271b96c6fe725d3e50ad7891401958322a5ae97866bb0bf8cb190bc4bbeff3f,Расчеты,used sparse cells,2026-09-16,mixed,BXB3,null,2825,n
1.0.0,"Таблица по подбору сечений теплых ангаров пролетами 9м, 12м, 15м, 18м, 21м, 24м версия 1,5.xlsx",0271b96c6fe725d3e50ad7891401958322a5ae97866bb0bf8cb190bc4bbeff3f,Расчеты,used sparse cells,2026-09-16,mixed,BXC3,null,2830,n
1.0.0,"Таблица по подбору сечений теплых ангаров пролетами 9м, 12м, 15м, 18м, 21м, 24м версия 1,5.xlsx",0271b96c6fe725d3e50ad7891401958322a5ae97866bb0bf8cb190bc4bbeff3f,Расчеты,used sparse cells,2026-09-16,mixed,BXD3,null,2835,n
1.0.0,"Таблица по подбору сечений теплых ангаров пролетами 9м, 12м, 15м, 18м, 21м, 24м версия 1,5.xlsx",0271b96c6fe725d3e50ad7891401958322a5ae97866bb0bf8cb190bc4bbeff3f,Расчеты,used sparse cells,2026-09-16,mixed,BXE3,null,2840,n
1.0.0,"Таблица по подбору сечений теплых ангаров пролетами 9м, 12м, 15м, 18м, 21м, 24м версия 1,5.xlsx",0271b96c6fe725d3e50ad7891401958322a5ae97866bb0bf8cb190bc4bbeff3f,Расчеты,used sparse cells,2026-09-16,mixed,BXF3,null,2845,n
1.0.0,"Таблица по подбору сечений теплых ангаров пролетами 9м, 12м, 15м, 18м, 21м, 24м версия 1,5.xlsx",0271b96c6fe725d3e50ad7891401958322a5ae97866bb0bf8cb190bc4bbeff3f,Расчеты,used sparse cells,2026-09-16,mixed,BXG3,null,2850,n
1.0.0,"Таблица по подбору сечений теплых ангаров пролетами 9м, 12м, 15м, 18м, 21м, 24м версия 1,5.xlsx",0271b96c6fe725d3e50ad7891401958322a5ae97866bb0bf8cb190bc4bbeff3f,Расчеты,used sparse cells,2026-09-16,mixed,BXH3,null,2855,n
1.0.0,"Таблица по подбору сечений теплых ангаров пролетами 9м, 12м, 15м, 18м, 21м, 24м версия 1,5.xlsx",0271b96c6fe725d3e50ad7891401958322a5ae97866bb0bf8cb190bc4bbeff3f,Расчеты,used sparse cells,2026-09-16,mixed,BXI3,null,2860,n
1.0.0,"Таблица по подбору сечений теплых ангаров пролетами 9м, 12м, 15м, 18м, 21м, 24м версия 1,5.xlsx",0271b96c6fe725d3e50ad7891401958322a5ae97866bb0bf8cb190bc4bbeff3f,Расчеты,used sparse cells,2026-09-16,mixed,BXJ3,null,2865,n
1.0.0,"Таблица по подбору сечений теплых ангаров пролетами 9м, 12м, 15м, 18м, 21м, 24м версия 1,5.xlsx",0271b96c6fe725d3e50ad7891401958322a5ae97866bb0bf8cb190bc4bbeff3f,Расчеты,used sparse cells,2026-09-16,mixed,BXK3,null,2870,n
1.0.0,"Таблица по подбору сечений теплых ангаров пролетами 9м, 12м, 15м, 18м, 21м, 24м версия 1,5.xlsx",0271b96c6fe725d3e50ad7891401958322a5ae97866bb0bf8cb190bc4bbeff3f,Расчеты,used sparse cells,2026-09-16,mixed,BXL3,null,2875,n
1.0.0,"Таблица по подбору сечений теплых ангаров пролетами 9м, 12м, 15м, 18м, 21м, 24м версия 1,5.xlsx",0271b96c6fe725d3e50ad7891401958322a5ae97866bb0bf8cb190bc4bbeff3f,Расчеты,used sparse cells,2026-09-16,mixed,BXM3,null,2880,n
1.0.0,"Таблица по подбору сечений теплых ангаров пролетами 9м, 12м, 15м, 18м, 21м, 24м версия 1,5.xlsx",0271b96c6fe725d3e50ad7891401958322a5ae97866bb0bf8cb190bc4bbeff3f,Расчеты,used sparse cells,2026-09-16,mixed,BXN3,null,2885,n
1.0.0,"Таблица по подбору сечений теплых ангаров пролетами 9м, 12м, 15м, 18м, 21м, 24м версия 1,5.xlsx",0271b96c6fe725d3e50ad7891401958322a5ae97866bb0bf8cb190bc4bbeff3f,Расчеты,used sparse cells,2026-09-16,mixed,BXO3,null,2890,n
1.0.0,"Таблица по подбору сечений теплых ангаров пролетами 9м, 12м, 15м, 18м, 21м, 24м версия 1,5.xlsx",0271b96c6fe725d3e50ad7891401958322a5ae97866bb0bf8cb190bc4bbeff3f,Расчеты,used sparse cells,2026-09-16,mixed,BXP3,null,2895,n
1.0.0,"Таблица по подбору сечений теплых ангаров пролетами 9м, 12м, 15м, 18м, 21м, 24м версия 1,5.xlsx",0271b96c6fe725d3e50ad7891401958322a5ae97866bb0bf8cb190bc4bbeff3f,Расчеты,used sparse cells,2026-09-16,mixed,BXQ3,null,2900,n
1.0.0,"Таблица по подбору сечений теплых ангаров пролетами 9м, 12м, 15м, 18м, 21м, 24м версия 1,5.xlsx",0271b96c6fe725d3e50ad7891401958322a5ae97866bb0bf8cb190bc4bbeff3f,Расчеты,used sparse cells,2026-09-16,mixed,BXR3,null,2905,n
1.0.0,"Таблица по подбору сечений теплых ангаров пролетами 9м, 12м, 15м, 18м, 21м, 24м версия 1,5.xlsx",0271b96c6fe725d3e50ad7891401958322a5ae97866bb0bf8cb190bc4bbeff3f,Расчеты,used sparse cells,2026-09-16,mixed,BXS3,null,2910,n
1.0.0,"Таблица по подбору сечений теплых ангаров пролетами 9м, 12м, 15м, 18м, 21м, 24м версия 1,5.xlsx",0271b96c6fe725d3e50ad7891401958322a5ae97866bb0bf8cb190bc4bbeff3f,Расчеты,used sparse cells,2026-09-16,mixed,BXT3,null,2915,n
1.0.0,"Таблица по подбору сечений теплых ангаров пролетами 9м, 12м, 15м, 18м, 21м, 24м версия 1,5.xlsx",0271b96c6fe725d3e50ad7891401958322a5ae97866bb0bf8cb190bc4bbeff3f,Расчеты,used sparse cells,2026-09-16,mixed,BXU3,null,2920,n
1.0.0,"Таблица по подбору сечений теплых ангаров пролетами 9м, 12м, 15м, 18м, 21м, 24м версия 1,5.xlsx",0271b96c6fe725d3e50ad7891401958322a5ae97866bb0bf8cb190bc4bbeff3f,Расчеты,used sparse cells,2026-09-16,mixed,BXV3,null,2925,n
1.0.0,"Таблица по подбору сечений теплых ангаров пролетами 9м, 12м, 15м, 18м, 21м, 24м версия 1,5.xlsx",0271b96c6fe725d3e50ad7891401958322a5ae97866bb0bf8cb190bc4bbeff3f,Расчеты,used sparse cells,2026-09-16,mixed,BXW3,null,2930,n
1.0.0,"Таблица по подбору сечений теплых ангаров пролетами 9м, 12м, 15м, 18м, 21м, 24м версия 1,5.xlsx",0271b96c6fe725d3e50ad7891401958322a5ae97866bb0bf8cb190bc4bbeff3f,Расчеты,used sparse cells,2026-09-16,mixed,BXX3,null,2935,n
1.0.0,"Таблица по подбору сечений теплых ангаров пролетами 9м, 12м, 15м, 18м, 21м, 24м версия 1,5.xlsx",0271b96c6fe725d3e50ad7891401958322a5ae97866bb0bf8cb190bc4bbeff3f,Расчеты,used sparse cells,2026-09-16,mixed,BXY3,null,2940,n
1.0.0,"Таблица по подбору сечений теплых ангаров пролетами 9м, 12м, 15м, 18м, 21м, 24м версия 1,5.xlsx",0271b96c6fe725d3e50ad7891401958322a5ae97866bb0bf8cb190bc4bbeff3f,Расчеты,used sparse cells,2026-09-16,mixed,BXZ3,null,2945,n
1.0.0,"Таблица по подбору сечений теплых ангаров пролетами 9м, 12м, 15м, 18м, 21м, 24м версия 1,5.xlsx",0271b96c6fe725d3e50ad7891401958322a5ae97866bb0bf8cb190bc4bbeff3f,Расчеты,used sparse cells,2026-09-16,mixed,BYA3,null,2950,n
1.0.0,"Таблица по подбору сечений теплых ангаров пролетами 9м, 12м, 15м, 18м, 21м, 24м версия 1,5.xlsx",0271b96c6fe725d3e50ad7891401958322a5ae97866bb0bf8cb190bc4bbeff3f,Расчеты,used sparse cells,2026-09-16,mixed,BYB3,null,2955,n
1.0.0,"Таблица по подбору сечений теплых ангаров пролетами 9м, 12м, 15м, 18м, 21м, 24м версия 1,5.xlsx",0271b96c6fe725d3e50ad7891401958322a5ae97866bb0bf8cb190bc4bbeff3f,Расчеты,used sparse cells,2026-09-16,mixed,BYC3,null,2960,n
1.0.0,"Таблица по подбору сечений теплых ангаров пролетами 9м, 12м, 15м, 18м, 21м, 24м версия 1,5.xlsx",0271b96c6fe725d3e50ad7891401958322a5ae97866bb0bf8cb190bc4bbeff3f,Расчеты,used sparse cells,2026-09-16,mixed,BYD3,null,2965,n
1.0.0,"Таблица по подбору сечений теплых ангаров пролетами 9м, 12м, 15м, 18м, 21м, 24м версия 1,5.xlsx",0271b96c6fe725d3e50ad7891401958322a5ae97866bb0bf8cb190bc4bbeff3f,Расчеты,used sparse cells,2026-09-16,mixed,BYE3,null,2970,n
1.0.0,"Таблица по подбору сечений теплых ангаров пролетами 9м, 12м, 15м, 18м, 21м, 24м версия 1,5.xlsx",0271b96c6fe725d3e50ad7891401958322a5ae97866bb0bf8cb190bc4bbeff3f,Расчеты,used sparse cells,2026-09-16,mixed,BYF3,null,2975,n
1.0.0,"Таблица по подбору сечений теплых ангаров пролетами 9м, 12м, 15м, 18м, 21м, 24м версия 1,5.xlsx",0271b96c6fe725d3e50ad7891401958322a5ae97866bb0bf8cb190bc4bbeff3f,Расчеты,used sparse cells,2026-09-16,mixed,BYG3,null,2980,n
1.0.0,"Таблица по подбору сечений теплых ангаров пролетами 9м, 12м, 15м, 18м, 21м, 24м версия 1,5.xlsx",0271b96c6fe725d3e50ad7891401958322a5ae97866bb0bf8cb190bc4bbeff3f,Расчеты,used sparse cells,2026-09-16,mixed,BYH3,null,2985,n
1.0.0,"Таблица по подбору сечений теплых ангаров пролетами 9м, 12м, 15м, 18м, 21м, 24м версия 1,5.xlsx",0271b96c6fe725d3e50ad7891401958322a5ae97866bb0bf8cb190bc4bbeff3f,Расчеты,used sparse cells,2026-09-16,mixed,BYI3,null,2990,n
1.0.0,"Таблица по подбору сечений теплых ангаров пролетами 9м, 12м, 15м, 18м, 21м, 24м версия 1,5.xlsx",0271b96c6fe725d3e50ad7891401958322a5ae97866bb0bf8cb190bc4bbeff3f,Расчеты,used sparse cells,2026-09-16,mixed,BYJ3,null,2995,n
1.0.0,"Таблица по подбору сечений теплых ангаров пролетами 9м, 12м, 15м, 18м, 21м, 24м версия 1,5.xlsx",0271b96c6fe725d3e50ad7891401958322a5ae97866bb0bf8cb190bc4bbeff3f,Расчеты,used sparse cells,2026-09-16,mixed,BYK3,null,3000,n
1.0.0,"Таблица по подбору сечений теплых ангаров пролетами 9м, 12м, 15м, 18м, 21м, 24м версия 1,5.xlsx",0271b96c6fe725d3e50ad7891401958322a5ae97866bb0bf8cb190bc4bbeff3f,Расчеты,used sparse cells,2026-09-16,mixed,SK4,null,"""Толщина""",s
1.0.0,"Таблица по подбору сечений теплых ангаров пролетами 9м, 12м, 15м, 18м, 21м, 24м версия 1,5.xlsx",0271b96c6fe725d3e50ad7891401958322a5ae97866bb0bf8cb190bc4bbeff3f,Расчеты,used sparse cells,2026-09-16,mixed,SL4,null,"""Пред М""",s
1.0.0,"Таблица по подбору сечений теплых ангаров пролетами 9м, 12м, 15м, 18м, 21м, 24м версия 1,5.xlsx",0271b96c6fe725d3e50ad7891401958322a5ae97866bb0bf8cb190bc4bbeff3f,Расчеты,used sparse cells,2026-09-16,mixed,SM4,null,"""Масса 1м профиля, кг""",s
1.0.0,"Таблица по подбору сечений теплых ангаров пролетами 9м, 12м, 15м, 18м, 21м, 24м версия 1,5.xlsx",0271b96c6fe725d3e50ad7891401958322a5ae97866bb0bf8cb190bc4bbeff3f,Расчеты,used sparse cells,2026-09-16,mixed,SN4,null,"""q""",s
1.0.0,"Таблица по подбору сечений теплых ангаров пролетами 9м, 12м, 15м, 18м, 21м, 24м версия 1,5.xlsx",0271b96c6fe725d3e50ad7891401958322a5ae97866bb0bf8cb190bc4bbeff3f,Расчеты,used sparse cells,2026-09-16,mixed,B5,null,"""γс = """,s
1.0.0,"Таблица по подбору сечений теплых ангаров пролетами 9м, 12м, 15м, 18м, 21м, 24м версия 1,5.xlsx",0271b96c6fe725d3e50ad7891401958322a5ae97866bb0bf8cb190bc4bbeff3f,Расчеты,used sparse cells,2026-09-16,mixed,C5,null,1.4,n
1.0.0,"Таблица по подбору сечений теплых ангаров пролетами 9м, 12м, 15м, 18м, 21м, 24м версия 1,5.xlsx",0271b96c6fe725d3e50ad7891401958322a5ae97866bb0bf8cb190bc4bbeff3f,Расчеты,used sparse cells,2026-09-16,mixed,SJ5,null,150,n
1.0.0,"Таблица по подбору сечений теплых ангаров пролетами 9м, 12м, 15м, 18м, 21м, 24м версия 1,5.xlsx",0271b96c6fe725d3e50ad7891401958322a5ae97866bb0bf8cb190bc4bbeff3f,Расчеты,used sparse cells,2026-09-16,mixed,SK5,null,"""2ТПС 145х45х1,5""",s
1.0.0,"Таблица по подбору сечений теплых ангаров пролетами 9м, 12м, 15м, 18м, 21м, 24м версия 1,5.xlsx",0271b96c6fe725d3e50ad7891401958322a5ae97866bb0bf8cb190bc4bbeff3f,Расчеты,used sparse cells,2026-09-16,mixed,SM5,null,5.3432,n
1.0.0,"Таблица по подбору сечений теплых ангаров пролетами 9м, 12м, 15м, 18м, 21м, 24м версия 1,5.xlsx",0271b96c6fe725d3e50ad7891401958322a5ae97866bb0bf8cb190bc4bbeff3f,Расчеты,used sparse cells,2026-09-16,mixed,B6,null,"""μ =""",s
1.0.0,"Таблица по подбору сечений теплых ангаров пролетами 9м, 12м, 15м, 18м, 21м, 24м версия 1,5.xlsx",0271b96c6fe725d3e50ad7891401958322a5ae97866bb0bf8cb190bc4bbeff3f,Расчеты,used sparse cells,2026-09-16,mixed,C6,null,1.1,n
1.0.0,"Таблица по подбору сечений теплых ангаров пролетами 9м, 12м, 15м, 18м, 21м, 24м версия 1,5.xlsx",0271b96c6fe725d3e50ad7891401958322a5ae97866bb0bf8cb190bc4bbeff3f,Расчеты,used sparse cells,2026-09-16,mixed,SJ6,null,150,n
1.0.0,"Таблица по подбору сечений теплых ангаров пролетами 9м, 12м, 15м, 18м, 21м, 24м версия 1,5.xlsx",0271b96c6fe725d3e50ad7891401958322a5ae97866bb0bf8cb190bc4bbeff3f,Расчеты,used sparse cells,2026-09-16,mixed,SK6,null,"""2ТПС 150х45х1,5""",s
1.0.0,"Таблица по подбору сечений теплых ангаров пролетами 9м, 12м, 15м, 18м, 21м, 24м версия 1,5.xlsx",0271b96c6fe725d3e50ad7891401958322a5ae97866bb0bf8cb190bc4bbeff3f,Расчеты,used sparse cells,2026-09-16,mixed,SM6,null,5.4686,n
1.0.0,"Таблица по подбору сечений теплых ангаров пролетами 9м, 12м, 15м, 18м, 21м, 24м версия 1,5.xlsx",0271b96c6fe725d3e50ad7891401958322a5ae97866bb0bf8cb190bc4bbeff3f,Расчеты,used sparse cells,2026-09-16,mixed,A7,null,"""к-т неразрезности""",s
1.0.0,"Таблица по подбору сечений теплых ангаров пролетами 9м, 12м, 15м, 18м, 21м, 24м версия 1,5.xlsx",0271b96c6fe725d3e50ad7891401958322a5ae97866bb0bf8cb190bc4bbeff3f,Расчеты,used sparse cells,2026-09-16,mixed,C7,null,1.13,n
1.0.0,"Таблица по подбору сечений теплых ангаров пролетами 9м, 12м, 15м, 18м, 21м, 24м версия 1,5.xlsx",0271b96c6fe725d3e50ad7891401958322a5ae97866bb0bf8cb190bc4bbeff3f,Расчеты,used sparse cells,2026-09-16,mixed,SJ7,null,150,n
1.0.0,"Таблица по подбору сечений теплых ангаров пролетами 9м, 12м, 15м, 18м, 21м, 24м версия 1,5.xlsx",0271b96c6fe725d3e50ad7891401958322a5ae97866bb0bf8cb190bc4bbeff3f,Расчеты,used sparse cells,2026-09-16,mixed,SK7,null,"""2ТПС 150х45х2""",s
1.0.0,"Таблица по подбору сечений теплых ангаров пролетами 9м, 12м, 15м, 18м, 21м, 24м версия 1,5.xlsx",0271b96c6fe725d3e50ad7891401958322a5ae97866bb0bf8cb190bc4bbeff3f,Расчеты,used sparse cells,2026-09-16,mixed,SM7,null,7.194,n
1.0.0,"Таблица по подбору сечений теплых ангаров пролетами 9м, 12м, 15м, 18м, 21м, 24м версия 1,5.xlsx",0271b96c6fe725d3e50ad7891401958322a5ae97866bb0bf8cb190bc4bbeff3f,Расчеты,used sparse cells,2026-09-16,mixed,A8,null,"""расчетная снеговая нагрузка""",s
1.0.0,"Таблица по подбору сечений теплых ангаров пролетами 9м, 12м, 15м, 18м, 21м, 24м версия 1,5.xlsx",0271b96c6fe725d3e50ad7891401958322a5ae97866bb0bf8cb190bc4bbeff3f,Расчеты,used sparse cells,2026-09-16,mixed,D8,null,"""кН/м2""",s
1.0.0,"Таблица по подбору сечений теплых ангаров пролетами 9м, 12м, 15м, 18м, 21м, 24м версия 1,5.xlsx",0271b96c6fe725d3e50ad7891401958322a5ae97866bb0bf8cb190bc4bbeff3f,Расчеты,used sparse cells,2026-09-16,mixed,SJ8,null,150,n
1.0.0,"Таблица по подбору сечений теплых ангаров пролетами 9м, 12м, 15м, 18м, 21м, 24м версия 1,5.xlsx",0271b96c6fe725d3e50ad7891401958322a5ae97866bb0bf8cb190bc4bbeff3f,Расчеты,used sparse cells,2026-09-16,mixed,SK8,null,"""2ТПС 150х65х1,5""",s
1.0.0,"Таблица по подбору сечений теплых ангаров пролетами 9м, 12м, 15м, 18м, 21м, 24м версия 1,5.xlsx",0271b96c6fe725d3e50ad7891401958322a5ae97866bb0bf8cb190bc4bbeff3f,Расчеты,used sparse cells,2026-09-16,mixed,SM8,null,6.4088,n
1.0.0,"Таблица по подбору сечений теплых ангаров пролетами 9м, 12м, 15м, 18м, 21м, 24м версия 1,5.xlsx",0271b96c6fe725d3e50ad7891401958322a5ae97866bb0bf8cb190bc4bbeff3f,Расчеты,used sparse cells,2026-09-16,mixed,SJ9,null,200,n
1.0.0,"Таблица по подбору сечений теплых ангаров пролетами 9м, 12м, 15м, 18м, 21м, 24м версия 1,5.xlsx",0271b96c6fe725d3e50ad7891401958322a5ae97866bb0bf8cb190bc4bbeff3f,Расчеты,used sparse cells,2026-09-16,mixed,SK9,null,"""2ТПС 195х45х1,5""",s
1.0.0,"Таблица по подбору сечений теплых ангаров пролетами 9м, 12м, 15м, 18м, 21м, 24м версия 1,5.xlsx",0271b96c6fe725d3e50ad7891401958322a5ae97866bb0bf8cb190bc4bbeff3f,Расчеты,used sparse cells,2026-09-16,mixed,SM9,null,6.5184,n
1.0.0,"Таблица по подбору сечений теплых ангаров пролетами 9м, 12м, 15м, 18м, 21м, 24м версия 1,5.xlsx",0271b96c6fe725d3e50ad7891401958322a5ae97866bb0bf8cb190bc4bbeff3f,Расчеты,used sparse cells,2026-09-16,mixed,SJ10,null,200,n
1.0.0,"Таблица по подбору сечений теплых ангаров пролетами 9м, 12м, 15м, 18м, 21м, 24м версия 1,5.xlsx",0271b96c6fe725d3e50ad7891401958322a5ae97866bb0bf8cb190bc4bbeff3f,Расчеты,used sparse cells,2026-09-16,mixed,SK10,null,"""2ТПС 200х45х1,5""",s
1.0.0,"Таблица по подбору сечений теплых ангаров пролетами 9м, 12м, 15м, 18м, 21м, 24м версия 1,5.xlsx",0271b96c6fe725d3e50ad7891401958322a5ae97866bb0bf8cb190bc4bbeff3f,Расчеты,used sparse cells,2026-09-16,mixed,SM10,null,6.6438,n
1.0.0,"Таблица по подбору сечений теплых ангаров пролетами 9м, 12м, 15м, 18м, 21м, 24м версия 1,5.xlsx",0271b96c6fe725d3e50ad7891401958322a5ae97866bb0bf8cb190bc4bbeff3f,Расчеты,used sparse cells,2026-09-16,mixed,A11,null,"""Подходящие профили""",s
1.0.0,"Таблица по подбору сечений теплых ангаров пролетами 9м, 12м, 15м, 18м, 21м, 24м версия 1,5.xlsx",0271b96c6fe725d3e50ad7891401958322a5ae97866bb0bf8cb190bc4bbeff3f,Расчеты,used sparse cells,2026-09-16,mixed,SJ11,null,200,n
1.0.0,"Таблица по подбору сечений теплых ангаров пролетами 9м, 12м, 15м, 18м, 21м, 24м версия 1,5.xlsx",0271b96c6fe725d3e50ad7891401958322a5ae97866bb0bf8cb190bc4bbeff3f,Расчеты,used sparse cells,2026-09-16,mixed,SK11,null,"""2ТПС 200х45х2""",s
1.0.0,"Таблица по подбору сечений теплых ангаров пролетами 9м, 12м, 15м, 18м, 21м, 24м версия 1,5.xlsx",0271b96c6fe725d3e50ad7891401958322a5ae97866bb0bf8cb190bc4bbeff3f,Расчеты,used sparse cells,2026-09-16,mixed,SM11,null,8.7634,n
1.0.0,"Таблица по подбору сечений теплых ангаров пролетами 9м, 12м, 15м, 18м, 21м, 24м версия 1,5.xlsx",0271b96c6fe725d3e50ad7891401958322a5ae97866bb0bf8cb190bc4bbeff3f,Расчеты,used sparse cells,2026-09-16,mixed,A12,null,"""№""",s
1.0.0,"Таблица по подбору сечений теплых ангаров пролетами 9м, 12м, 15м, 18м, 21м, 24м версия 1,5.xlsx",0271b96c6fe725d3e50ad7891401958322a5ae97866bb0bf8cb190bc4bbeff3f,Расчеты,used sparse cells,2026-09-16,mixed,B12,null,500,n
1.0.0,"Таблица по подбору сечений теплых ангаров пролетами 9м, 12м, 15м, 18м, 21м, 24м версия 1,5.xlsx",0271b96c6fe725d3e50ad7891401958322a5ae97866bb0bf8cb190bc4bbeff3f,Расчеты,used sparse cells,2026-09-16,mixed,C12,null,505,n
1.0.0,"Таблица по подбору сечений теплых ангаров пролетами 9м, 12м, 15м, 18м, 21м, 24м версия 1,5.xlsx",0271b96c6fe725d3e50ad7891401958322a5ae97866bb0bf8cb190bc4bbeff3f,Расчеты,used sparse cells,2026-09-16,mixed,D12,null,510,n
1.0.0,"Таблица по подбору сечений теплых ангаров пролетами 9м, 12м, 15м, 18м, 21м, 24м версия 1,5.xlsx",0271b96c6fe725d3e50ad7891401958322a5ae97866bb0bf8cb190bc4bbeff3f,Расчеты,used sparse cells,2026-09-16,mixed,E12,null,515,n
1.0.0,"Таблица по подбору сечений теплых ангаров пролетами 9м, 12м, 15м, 18м, 21м, 24м версия 1,5.xlsx",0271b96c6fe725d3e50ad7891401958322a5ae97866bb0bf8cb190bc4bbeff3f,Расчеты,used sparse cells,2026-09-16,mixed,F12,null,520,n
1.0.0,"Таблица по подбору сечений теплых ангаров пролетами 9м, 12м, 15м, 18м, 21м, 24м версия 1,5.xlsx",0271b96c6fe725d3e50ad7891401958322a5ae97866bb0bf8cb190bc4bbeff3f,Расчеты,used sparse cells,2026-09-16,mixed,G12,null,525,n
1.0.0,"Таблица по подбору сечений теплых ангаров пролетами 9м, 12м, 15м, 18м, 21м, 24м версия 1,5.xlsx",0271b96c6fe725d3e50ad7891401958322a5ae97866bb0bf8cb190bc4bbeff3f,Расчеты,used sparse cells,2026-09-16,mixed,H12,null,530,n
1.0.0,"Таблица по подбору сечений теплых ангаров пролетами 9м, 12м, 15м, 18м, 21м, 24м версия 1,5.xlsx",0271b96c6fe725d3e50ad7891401958322a5ae97866bb0bf8cb190bc4bbeff3f,Расчеты,used sparse cells,2026-09-16,mixed,I12,null,535,n
1.0.0,"Таблица по подбору сечений теплых ангаров пролетами 9м, 12м, 15м, 18м, 21м, 24м версия 1,5.xlsx",0271b96c6fe725d3e50ad7891401958322a5ae97866bb0bf8cb190bc4bbeff3f,Расчеты,used sparse cells,2026-09-16,mixed,J12,null,540,n
1.0.0,"Таблица по подбору сечений теплых ангаров пролетами 9м, 12м, 15м, 18м, 21м, 24м версия 1,5.xlsx",0271b96c6fe725d3e50ad7891401958322a5ae97866bb0bf8cb190bc4bbeff3f,Расчеты,used sparse cells,2026-09-16,mixed,K12,null,545,n
1.0.0,"Таблица по подбору сечений теплых ангаров пролетами 9м, 12м, 15м, 18м, 21м, 24м версия 1,5.xlsx",0271b96c6fe725d3e50ad7891401958322a5ae97866bb0bf8cb190bc4bbeff3f,Расчеты,used sparse cells,2026-09-16,mixed,L12,null,550,n
1.0.0,"Таблица по подбору сечений теплых ангаров пролетами 9м, 12м, 15м, 18м, 21м, 24м версия 1,5.xlsx",0271b96c6fe725d3e50ad7891401958322a5ae97866bb0bf8cb190bc4bbeff3f,Расчеты,used sparse cells,2026-09-16,mixed,M12,null,555,n
1.0.0,"Таблица по подбору сечений теплых ангаров пролетами 9м, 12м, 15м, 18м, 21м, 24м версия 1,5.xlsx",0271b96c6fe725d3e50ad7891401958322a5ae97866bb0bf8cb190bc4bbeff3f,Расчеты,used sparse cells,2026-09-16,mixed,N12,null,560,n
1.0.0,"Таблица по подбору сечений теплых ангаров пролетами 9м, 12м, 15м, 18м, 21м, 24м версия 1,5.xlsx",0271b96c6fe725d3e50ad7891401958322a5ae97866bb0bf8cb190bc4bbeff3f,Расчеты,used sparse cells,2026-09-16,mixed,O12,null,565,n
1.0.0,"Таблица по подбору сечений теплых ангаров пролетами 9м, 12м, 15м, 18м, 21м, 24м версия 1,5.xlsx",0271b96c6fe725d3e50ad7891401958322a5ae97866bb0bf8cb190bc4bbeff3f,Расчеты,used sparse cells,2026-09-16,mixed,P12,null,570,n
1.0.0,"Таблица по подбору сечений теплых ангаров пролетами 9м, 12м, 15м, 18м, 21м, 24м версия 1,5.xlsx",0271b96c6fe725d3e50ad7891401958322a5ae97866bb0bf8cb190bc4bbeff3f,Расчеты,used sparse cells,2026-09-16,mixed,Q12,null,575,n
1.0.0,"Таблица по подбору сечений теплых ангаров пролетами 9м, 12м, 15м, 18м, 21м, 24м версия 1,5.xlsx",0271b96c6fe725d3e50ad7891401958322a5ae97866bb0bf8cb190bc4bbeff3f,Расчеты,used sparse cells,2026-09-16,mixed,R12,null,580,n
1.0.0,"Таблица по подбору сечений теплых ангаров пролетами 9м, 12м, 15м, 18м, 21м, 24м версия 1,5.xlsx",0271b96c6fe725d3e50ad7891401958322a5ae97866bb0bf8cb190bc4bbeff3f,Расчеты,used sparse cells,2026-09-16,mixed,S12,null,585,n
1.0.0,"Таблица по подбору сечений теплых ангаров пролетами 9м, 12м, 15м, 18м, 21м, 24м версия 1,5.xlsx",0271b96c6fe725d3e50ad7891401958322a5ae97866bb0bf8cb190bc4bbeff3f,Расчеты,used sparse cells,2026-09-16,mixed,T12,null,590,n
1.0.0,"Таблица по подбору сечений теплых ангаров пролетами 9м, 12м, 15м, 18м, 21м, 24м версия 1,5.xlsx",0271b96c6fe725d3e50ad7891401958322a5ae97866bb0bf8cb190bc4bbeff3f,Расчеты,used sparse cells,2026-09-16,mixed,U12,null,595,n
1.0.0,"Таблица по подбору сечений теплых ангаров пролетами 9м, 12м, 15м, 18м, 21м, 24м версия 1,5.xlsx",0271b96c6fe725d3e50ad7891401958322a5ae97866bb0bf8cb190bc4bbeff3f,Расчеты,used sparse cells,2026-09-16,mixed,V12,null,600,n
1.0.0,"Таблица по подбору сечений теплых ангаров пролетами 9м, 12м, 15м, 18м, 21м, 24м версия 1,5.xlsx",0271b96c6fe725d3e50ad7891401958322a5ae97866bb0bf8cb190bc4bbeff3f,Расчеты,used sparse cells,2026-09-16,mixed,W12,null,605,n
1.0.0,"Таблица по подбору сечений теплых ангаров пролетами 9м, 12м, 15м, 18м, 21м, 24м версия 1,5.xlsx",0271b96c6fe725d3e50ad7891401958322a5ae97866bb0bf8cb190bc4bbeff3f,Расчеты,used sparse cells,2026-09-16,mixed,X12,null,610,n
1.0.0,"Таблица по подбору сечений теплых ангаров пролетами 9м, 12м, 15м, 18м, 21м, 24м версия 1,5.xlsx",0271b96c6fe725d3e50ad7891401958322a5ae97866bb0bf8cb190bc4bbeff3f,Расчеты,used sparse cells,2026-09-16,mixed,Y12,null,615,n
1.0.0,"Таблица по подбору сечений теплых ангаров пролетами 9м, 12м, 15м, 18м, 21м, 24м версия 1,5.xlsx",0271b96c6fe725d3e50ad7891401958322a5ae97866bb0bf8cb190bc4bbeff3f,Расчеты,used sparse cells,2026-09-16,mixed,Z12,null,620,n
1.0.0,"Таблица по подбору сечений теплых ангаров пролетами 9м, 12м, 15м, 18м, 21м, 24м версия 1,5.xlsx",0271b96c6fe725d3e50ad7891401958322a5ae97866bb0bf8cb190bc4bbeff3f,Расчеты,used sparse cells,2026-09-16,mixed,AA12,null,625,n
1.0.0,"Таблица по подбору сечений теплых ангаров пролетами 9м, 12м, 15м, 18м, 21м, 24м версия 1,5.xlsx",0271b96c6fe725d3e50ad7891401958322a5ae97866bb0bf8cb190bc4bbeff3f,Расчеты,used sparse cells,2026-09-16,mixed,AB12,null,630,n
1.0.0,"Таблица по подбору сечений теплых ангаров пролетами 9м, 12м, 15м, 18м, 21м, 24м версия 1,5.xlsx",0271b96c6fe725d3e50ad7891401958322a5ae97866bb0bf8cb190bc4bbeff3f,Расчеты,used sparse cells,2026-09-16,mixed,AC12,null,635,n
1.0.0,"Таблица по подбору сечений теплых ангаров пролетами 9м, 12м, 15м, 18м, 21м, 24м версия 1,5.xlsx",0271b96c6fe725d3e50ad7891401958322a5ae97866bb0bf8cb190bc4bbeff3f,Расчеты,used sparse cells,2026-09-16,mixed,AD12,null,640,n
1.0.0,"Таблица по подбору сечений теплых ангаров пролетами 9м, 12м, 15м, 18м, 21м, 24м версия 1,5.xlsx",0271b96c6fe725d3e50ad7891401958322a5ae97866bb0bf8cb190bc4bbeff3f,Расчеты,used sparse cells,2026-09-16,mixed,AE12,null,645,n
1.0.0,"Таблица по подбору сечений теплых ангаров пролетами 9м, 12м, 15м, 18м, 21м, 24м версия 1,5.xlsx",0271b96c6fe725d3e50ad7891401958322a5ae97866bb0bf8cb190bc4bbeff3f,Расчеты,used sparse cells,2026-09-16,mixed,AF12,null,650,n
1.0.0,"Таблица по подбору сечений теплых ангаров пролетами 9м, 12м, 15м, 18м, 21м, 24м версия 1,5.xlsx",0271b96c6fe725d3e50ad7891401958322a5ae97866bb0bf8cb190bc4bbeff3f,Расчеты,used sparse cells,2026-09-16,mixed,AG12,null,655,n
1.0.0,"Таблица по подбору сечений теплых ангаров пролетами 9м, 12м, 15м, 18м, 21м, 24м версия 1,5.xlsx",0271b96c6fe725d3e50ad7891401958322a5ae97866bb0bf8cb190bc4bbeff3f,Расчеты,used sparse cells,2026-09-16,mixed,AH12,null,660,n
1.0.0,"Таблица по подбору сечений теплых ангаров пролетами 9м, 12м, 15м, 18м, 21м, 24м версия 1,5.xlsx",0271b96c6fe725d3e50ad7891401958322a5ae97866bb0bf8cb190bc4bbeff3f,Расчеты,used sparse cells,2026-09-16,mixed,AI12,null,665,n
1.0.0,"Таблица по подбору сечений теплых ангаров пролетами 9м, 12м, 15м, 18м, 21м, 24м версия 1,5.xlsx",0271b96c6fe725d3e50ad7891401958322a5ae97866bb0bf8cb190bc4bbeff3f,Расчеты,used sparse cells,2026-09-16,mixed,AJ12,null,670,n
1.0.0,"Таблица по подбору сечений теплых ангаров пролетами 9м, 12м, 15м, 18м, 21м, 24м версия 1,5.xlsx",0271b96c6fe725d3e50ad7891401958322a5ae97866bb0bf8cb190bc4bbeff3f,Расчеты,used sparse cells,2026-09-16,mixed,AK12,null,675,n
1.0.0,"Таблица по подбору сечений теплых ангаров пролетами 9м, 12м, 15м, 18м, 21м, 24м версия 1,5.xlsx",0271b96c6fe725d3e50ad7891401958322a5ae97866bb0bf8cb190bc4bbeff3f,Расчеты,used sparse cells,2026-09-16,mixed,AL12,null,680,n
1.0.0,"Таблица по подбору сечений теплых ангаров пролетами 9м, 12м, 15м, 18м, 21м, 24м версия 1,5.xlsx",0271b96c6fe725d3e50ad7891401958322a5ae97866bb0bf8cb190bc4bbeff3f,Расчеты,used sparse cells,2026-09-16,mixed,AM12,null,685,n
1.0.0,"Таблица по подбору сечений теплых ангаров пролетами 9м, 12м, 15м, 18м, 21м, 24м версия 1,5.xlsx",0271b96c6fe725d3e50ad7891401958322a5ae97866bb0bf8cb190bc4bbeff3f,Расчеты,used sparse cells,2026-09-16,mixed,AN12,null,690,n
1.0.0,"Таблица по подбору сечений теплых ангаров пролетами 9м, 12м, 15м, 18м, 21м, 24м версия 1,5.xlsx",0271b96c6fe725d3e50ad7891401958322a5ae97866bb0bf8cb190bc4bbeff3f,Расчеты,used sparse cells,2026-09-16,mixed,AO12,null,695,n
1.0.0,"Таблица по подбору сечений теплых ангаров пролетами 9м, 12м, 15м, 18м, 21м, 24м версия 1,5.xlsx",0271b96c6fe725d3e50ad7891401958322a5ae97866bb0bf8cb190bc4bbeff3f,Расчеты,used sparse cells,2026-09-16,mixed,AP12,null,700,n
1.0.0,"Таблица по подбору сечений теплых ангаров пролетами 9м, 12м, 15м, 18м, 21м, 24м версия 1,5.xlsx",0271b96c6fe725d3e50ad7891401958322a5ae97866bb0bf8cb190bc4bbeff3f,Расчеты,used sparse cells,2026-09-16,mixed,AQ12,null,705,n
1.0.0,"Таблица по подбору сечений теплых ангаров пролетами 9м, 12м, 15м, 18м, 21м, 24м версия 1,5.xlsx",0271b96c6fe725d3e50ad7891401958322a5ae97866bb0bf8cb190bc4bbeff3f,Расчеты,used sparse cells,2026-09-16,mixed,AR12,null,710,n
1.0.0,"Таблица по подбору сечений теплых ангаров пролетами 9м, 12м, 15м, 18м, 21м, 24м версия 1,5.xlsx",0271b96c6fe725d3e50ad7891401958322a5ae97866bb0bf8cb190bc4bbeff3f,Расчеты,used sparse cells,2026-09-16,mixed,AS12,null,715,n
1.0.0,"Таблица по подбору сечений теплых ангаров пролетами 9м, 12м, 15м, 18м, 21м, 24м версия 1,5.xlsx",0271b96c6fe725d3e50ad7891401958322a5ae97866bb0bf8cb190bc4bbeff3f,Расчеты,used sparse cells,2026-09-16,mixed,AT12,null,720,n
1.0.0,"Таблица по подбору сечений теплых ангаров пролетами 9м, 12м, 15м, 18м, 21м, 24м версия 1,5.xlsx",0271b96c6fe725d3e50ad7891401958322a5ae97866bb0bf8cb190bc4bbeff3f,Расчеты,used sparse cells,2026-09-16,mixed,AU12,null,725,n
1.0.0,"Таблица по подбору сечений теплых ангаров пролетами 9м, 12м, 15м, 18м, 21м, 24м версия 1,5.xlsx",0271b96c6fe725d3e50ad7891401958322a5ae97866bb0bf8cb190bc4bbeff3f,Расчеты,used sparse cells,2026-09-16,mixed,AV12,null,730,n
1.0.0,"Таблица по подбору сечений теплых ангаров пролетами 9м, 12м, 15м, 18м, 21м, 24м версия 1,5.xlsx",0271b96c6fe725d3e50ad7891401958322a5ae97866bb0bf8cb190bc4bbeff3f,Расчеты,used sparse cells,2026-09-16,mixed,AW12,null,735,n
1.0.0,"Таблица по подбору сечений теплых ангаров пролетами 9м, 12м, 15м, 18м, 21м, 24м версия 1,5.xlsx",0271b96c6fe725d3e50ad7891401958322a5ae97866bb0bf8cb190bc4bbeff3f,Расчеты,used sparse cells,2026-09-16,mixed,AX12,null,740,n
1.0.0,"Таблица по подбору сечений теплых ангаров пролетами 9м, 12м, 15м, 18м, 21м, 24м версия 1,5.xlsx",0271b96c6fe725d3e50ad7891401958322a5ae97866bb0bf8cb190bc4bbeff3f,Расчеты,used sparse cells,2026-09-16,mixed,AY12,null,745,n
1.0.0,"Таблица по подбору сечений теплых ангаров пролетами 9м, 12м, 15м, 18м, 21м, 24м версия 1,5.xlsx",0271b96c6fe725d3e50ad7891401958322a5ae97866bb0bf8cb190bc4bbeff3f,Расчеты,used sparse cells,2026-09-16,mixed,AZ12,null,750,n
1.0.0,"Таблица по подбору сечений теплых ангаров пролетами 9м, 12м, 15м, 18м, 21м, 24м версия 1,5.xlsx",0271b96c6fe725d3e50ad7891401958322a5ae97866bb0bf8cb190bc4bbeff3f,Расчеты,used sparse cells,2026-09-16,mixed,BA12,null,755,n
1.0.0,"Таблица по подбору сечений теплых ангаров пролетами 9м, 12м, 15м, 18м, 21м, 24м версия 1,5.xlsx",0271b96c6fe725d3e50ad7891401958322a5ae97866bb0bf8cb190bc4bbeff3f,Расчеты,used sparse cells,2026-09-16,mixed,BB12,null,760,n
1.0.0,"Таблица по подбору сечений теплых ангаров пролетами 9м, 12м, 15м, 18м, 21м, 24м версия 1,5.xlsx",0271b96c6fe725d3e50ad7891401958322a5ae97866bb0bf8cb190bc4bbeff3f,Расчеты,used sparse cells,2026-09-16,mixed,BC12,null,765,n
1.0.0,"Таблица по подбору сечений теплых ангаров пролетами 9м, 12м, 15м, 18м, 21м, 24м версия 1,5.xlsx",0271b96c6fe725d3e50ad7891401958322a5ae97866bb0bf8cb190bc4bbeff3f,Расчеты,used sparse cells,2026-09-16,mixed,BD12,null,770,n
1.0.0,"Таблица по подбору сечений теплых ангаров пролетами 9м, 12м, 15м, 18м, 21м, 24м версия 1,5.xlsx",0271b96c6fe725d3e50ad7891401958322a5ae97866bb0bf8cb190bc4bbeff3f,Расчеты,used sparse cells,2026-09-16,mixed,BE12,null,775,n
1.0.0,"Таблица по подбору сечений теплых ангаров пролетами 9м, 12м, 15м, 18м, 21м, 24м версия 1,5.xlsx",0271b96c6fe725d3e50ad7891401958322a5ae97866bb0bf8cb190bc4bbeff3f,Расчеты,used sparse cells,2026-09-16,mixed,BF12,null,780,n
1.0.0,"Таблица по подбору сечений теплых ангаров пролетами 9м, 12м, 15м, 18м, 21м, 24м версия 1,5.xlsx",0271b96c6fe725d3e50ad7891401958322a5ae97866bb0bf8cb190bc4bbeff3f,Расчеты,used sparse cells,2026-09-16,mixed,BG12,null,785,n
1.0.0,"Таблица по подбору сечений теплых ангаров пролетами 9м, 12м, 15м, 18м, 21м, 24м версия 1,5.xlsx",0271b96c6fe725d3e50ad7891401958322a5ae97866bb0bf8cb190bc4bbeff3f,Расчеты,used sparse cells,2026-09-16,mixed,BH12,null,790,n
1.0.0,"Таблица по подбору сечений теплых ангаров пролетами 9м, 12м, 15м, 18м, 21м, 24м версия 1,5.xlsx",0271b96c6fe725d3e50ad7891401958322a5ae97866bb0bf8cb190bc4bbeff3f,Расчеты,used sparse cells,2026-09-16,mixed,BI12,null,795,n
1.0.0,"Таблица по подбору сечений теплых ангаров пролетами 9м, 12м, 15м, 18м, 21м, 24м версия 1,5.xlsx",0271b96c6fe725d3e50ad7891401958322a5ae97866bb0bf8cb190bc4bbeff3f,Расчеты,used sparse cells,2026-09-16,mixed,BJ12,null,800,n
1.0.0,"Таблица по подбору сечений теплых ангаров пролетами 9м, 12м, 15м, 18м, 21м, 24м версия 1,5.xlsx",0271b96c6fe725d3e50ad7891401958322a5ae97866bb0bf8cb190bc4bbeff3f,Расчеты,used sparse cells,2026-09-16,mixed,BK12,null,805,n
1.0.0,"Таблица по подбору сечений теплых ангаров пролетами 9м, 12м, 15м, 18м, 21м, 24м версия 1,5.xlsx",0271b96c6fe725d3e50ad7891401958322a5ae97866bb0bf8cb190bc4bbeff3f,Расчеты,used sparse cells,2026-09-16,mixed,BL12,null,810,n
1.0.0,"Таблица по подбору сечений теплых ангаров пролетами 9м, 12м, 15м, 18м, 21м, 24м версия 1,5.xlsx",0271b96c6fe725d3e50ad7891401958322a5ae97866bb0bf8cb190bc4bbeff3f,Расчеты,used sparse cells,2026-09-16,mixed,BM12,null,815,n
1.0.0,"Таблица по подбору сечений теплых ангаров пролетами 9м, 12м, 15м, 18м, 21м, 24м версия 1,5.xlsx",0271b96c6fe725d3e50ad7891401958322a5ae97866bb0bf8cb190bc4bbeff3f,Расчеты,used sparse cells,2026-09-16,mixed,BN12,null,820,n
1.0.0,"Таблица по подбору сечений теплых ангаров пролетами 9м, 12м, 15м, 18м, 21м, 24м версия 1,5.xlsx",0271b96c6fe725d3e50ad7891401958322a5ae97866bb0bf8cb190bc4bbeff3f,Расчеты,used sparse cells,2026-09-16,mixed,BO12,null,825,n
1.0.0,"Таблица по подбору сечений теплых ангаров пролетами 9м, 12м, 15м, 18м, 21м, 24м версия 1,5.xlsx",0271b96c6fe725d3e50ad7891401958322a5ae97866bb0bf8cb190bc4bbeff3f,Расчеты,used sparse cells,2026-09-16,mixed,BP12,null,830,n
1.0.0,"Таблица по подбору сечений теплых ангаров пролетами 9м, 12м, 15м, 18м, 21м, 24м версия 1,5.xlsx",0271b96c6fe725d3e50ad7891401958322a5ae97866bb0bf8cb190bc4bbeff3f,Расчеты,used sparse cells,2026-09-16,mixed,BQ12,null,835,n
1.0.0,"Таблица по подбору сечений теплых ангаров пролетами 9м, 12м, 15м, 18м, 21м, 24м версия 1,5.xlsx",0271b96c6fe725d3e50ad7891401958322a5ae97866bb0bf8cb190bc4bbeff3f,Расчеты,used sparse cells,2026-09-16,mixed,BR12,null,840,n
1.0.0,"Таблица по подбору сечений теплых ангаров пролетами 9м, 12м, 15м, 18м, 21м, 24м версия 1,5.xlsx",0271b96c6fe725d3e50ad7891401958322a5ae97866bb0bf8cb190bc4bbeff3f,Расчеты,used sparse cells,2026-09-16,mixed,BS12,null,845,n
1.0.0,"Таблица по подбору сечений теплых ангаров пролетами 9м, 12м, 15м, 18м, 21м, 24м версия 1,5.xlsx",0271b96c6fe725d3e50ad7891401958322a5ae97866bb0bf8cb190bc4bbeff3f,Расчеты,used sparse cells,2026-09-16,mixed,BT12,null,850,n
1.0.0,"Таблица по подбору сечений теплых ангаров пролетами 9м, 12м, 15м, 18м, 21м, 24м версия 1,5.xlsx",0271b96c6fe725d3e50ad7891401958322a5ae97866bb0bf8cb190bc4bbeff3f,Расчеты,used sparse cells,2026-09-16,mixed,BU12,null,855,n
1.0.0,"Таблица по подбору сечений теплых ангаров пролетами 9м, 12м, 15м, 18м, 21м, 24м версия 1,5.xlsx",0271b96c6fe725d3e50ad7891401958322a5ae97866bb0bf8cb190bc4bbeff3f,Расчеты,used sparse cells,2026-09-16,mixed,BV12,null,860,n
1.0.0,"Таблица по подбору сечений теплых ангаров пролетами 9м, 12м, 15м, 18м, 21м, 24м версия 1,5.xlsx",0271b96c6fe725d3e50ad7891401958322a5ae97866bb0bf8cb190bc4bbeff3f,Расчеты,used sparse cells,2026-09-16,mixed,BW12,null,865,n
1.0.0,"Таблица по подбору сечений теплых ангаров пролетами 9м, 12м, 15м, 18м, 21м, 24м версия 1,5.xlsx",0271b96c6fe725d3e50ad7891401958322a5ae97866bb0bf8cb190bc4bbeff3f,Расчеты,used sparse cells,2026-09-16,mixed,BX12,null,870,n
1.0.0,"Таблица по подбору сечений теплых ангаров пролетами 9м, 12м, 15м, 18м, 21м, 24м версия 1,5.xlsx",0271b96c6fe725d3e50ad7891401958322a5ae97866bb0bf8cb190bc4bbeff3f,Расчеты,used sparse cells,2026-09-16,mixed,BY12,null,875,n
1.0.0,"Таблица по подбору сечений теплых ангаров пролетами 9м, 12м, 15м, 18м, 21м, 24м версия 1,5.xlsx",0271b96c6fe725d3e50ad7891401958322a5ae97866bb0bf8cb190bc4bbeff3f,Расчеты,used sparse cells,2026-09-16,mixed,BZ12,null,880,n
1.0.0,"Таблица по подбору сечений теплых ангаров пролетами 9м, 12м, 15м, 18м, 21м, 24м версия 1,5.xlsx",0271b96c6fe725d3e50ad7891401958322a5ae97866bb0bf8cb190bc4bbeff3f,Расчеты,used sparse cells,2026-09-16,mixed,CA12,null,885,n
1.0.0,"Таблица по подбору сечений теплых ангаров пролетами 9м, 12м, 15м, 18м, 21м, 24м версия 1,5.xlsx",0271b96c6fe725d3e50ad7891401958322a5ae97866bb0bf8cb190bc4bbeff3f,Расчеты,used sparse cells,2026-09-16,mixed,CB12,null,890,n
1.0.0,"Таблица по подбору сечений теплых ангаров пролетами 9м, 12м, 15м, 18м, 21м, 24м версия 1,5.xlsx",0271b96c6fe725d3e50ad7891401958322a5ae97866bb0bf8cb190bc4bbeff3f,Расчеты,used sparse cells,2026-09-16,mixed,CC12,null,895,n
1.0.0,"Таблица по подбору сечений теплых ангаров пролетами 9м, 12м, 15м, 18м, 21м, 24м версия 1,5.xlsx",0271b96c6fe725d3e50ad7891401958322a5ae97866bb0bf8cb190bc4bbeff3f,Расчеты,used sparse cells,2026-09-16,mixed,CD12,null,900,n
1.0.0,"Таблица по подбору сечений теплых ангаров пролетами 9м, 12м, 15м, 18м, 21м, 24м версия 1,5.xlsx",0271b96c6fe725d3e50ad7891401958322a5ae97866bb0bf8cb190bc4bbeff3f,Расчеты,used sparse cells,2026-09-16,mixed,CE12,null,905,n
1.0.0,"Таблица по подбору сечений теплых ангаров пролетами 9м, 12м, 15м, 18м, 21м, 24м версия 1,5.xlsx",0271b96c6fe725d3e50ad7891401958322a5ae97866bb0bf8cb190bc4bbeff3f,Расчеты,used sparse cells,2026-09-16,mixed,CF12,null,910,n
1.0.0,"Таблица по подбору сечений теплых ангаров пролетами 9м, 12м, 15м, 18м, 21м, 24м версия 1,5.xlsx",0271b96c6fe725d3e50ad7891401958322a5ae97866bb0bf8cb190bc4bbeff3f,Расчеты,used sparse cells,2026-09-16,mixed,CG12,null,915,n
1.0.0,"Таблица по подбору сечений теплых ангаров пролетами 9м, 12м, 15м, 18м, 21м, 24м версия 1,5.xlsx",0271b96c6fe725d3e50ad7891401958322a5ae97866bb0bf8cb190bc4bbeff3f,Расчеты,used sparse cells,2026-09-16,mixed,CH12,null,920,n
1.0.0,"Таблица по подбору сечений теплых ангаров пролетами 9м, 12м, 15м, 18м, 21м, 24м версия 1,5.xlsx",0271b96c6fe725d3e50ad7891401958322a5ae97866bb0bf8cb190bc4bbeff3f,Расчеты,used sparse cells,2026-09-16,mixed,CI12,null,925,n
1.0.0,"Таблица по подбору сечений теплых ангаров пролетами 9м, 12м, 15м, 18м, 21м, 24м версия 1,5.xlsx",0271b96c6fe725d3e50ad7891401958322a5ae97866bb0bf8cb190bc4bbeff3f,Расчеты,used sparse cells,2026-09-16,mixed,CJ12,null,930,n
1.0.0,"Таблица по подбору сечений теплых ангаров пролетами 9м, 12м, 15м, 18м, 21м, 24м версия 1,5.xlsx",0271b96c6fe725d3e50ad7891401958322a5ae97866bb0bf8cb190bc4bbeff3f,Расчеты,used sparse cells,2026-09-16,mixed,CK12,null,935,n
1.0.0,"Таблица по подбору сечений теплых ангаров пролетами 9м, 12м, 15м, 18м, 21м, 24м версия 1,5.xlsx",0271b96c6fe725d3e50ad7891401958322a5ae97866bb0bf8cb190bc4bbeff3f,Расчеты,used sparse cells,2026-09-16,mixed,CL12,null,940,n
1.0.0,"Таблица по подбору сечений теплых ангаров пролетами 9м, 12м, 15м, 18м, 21м, 24м версия 1,5.xlsx",0271b96c6fe725d3e50ad7891401958322a5ae97866bb0bf8cb190bc4bbeff3f,Расчеты,used sparse cells,2026-09-16,mixed,CM12,null,945,n
1.0.0,"Таблица по подбору сечений теплых ангаров пролетами 9м, 12м, 15м, 18м, 21м, 24м версия 1,5.xlsx",0271b96c6fe725d3e50ad7891401958322a5ae97866bb0bf8cb190bc4bbeff3f,Расчеты,used sparse cells,2026-09-16,mixed,CN12,null,950,n
1.0.0,"Таблица по подбору сечений теплых ангаров пролетами 9м, 12м, 15м, 18м, 21м, 24м версия 1,5.xlsx",0271b96c6fe725d3e50ad7891401958322a5ae97866bb0bf8cb190bc4bbeff3f,Расчеты,used sparse cells,2026-09-16,mixed,CO12,null,955,n
1.0.0,"Таблица по подбору сечений теплых ангаров пролетами 9м, 12м, 15м, 18м, 21м, 24м версия 1,5.xlsx",0271b96c6fe725d3e50ad7891401958322a5ae97866bb0bf8cb190bc4bbeff3f,Расчеты,used sparse cells,2026-09-16,mixed,CP12,null,960,n
1.0.0,"Таблица по подбору сечений теплых ангаров пролетами 9м, 12м, 15м, 18м, 21м, 24м версия 1,5.xlsx",0271b96c6fe725d3e50ad7891401958322a5ae97866bb0bf8cb190bc4bbeff3f,Расчеты,used sparse cells,2026-09-16,mixed,CQ12,null,965,n
1.0.0,"Таблица по подбору сечений теплых ангаров пролетами 9м, 12м, 15м, 18м, 21м, 24м версия 1,5.xlsx",0271b96c6fe725d3e50ad7891401958322a5ae97866bb0bf8cb190bc4bbeff3f,Расчеты,used sparse cells,2026-09-16,mixed,CR12,null,970,n
1.0.0,"Таблица по подбору сечений теплых ангаров пролетами 9м, 12м, 15м, 18м, 21м, 24м версия 1,5.xlsx",0271b96c6fe725d3e50ad7891401958322a5ae97866bb0bf8cb190bc4bbeff3f,Расчеты,used sparse cells,2026-09-16,mixed,CS12,null,975,n
1.0.0,"Таблица по подбору сечений теплых ангаров пролетами 9м, 12м, 15м, 18м, 21м, 24м версия 1,5.xlsx",0271b96c6fe725d3e50ad7891401958322a5ae97866bb0bf8cb190bc4bbeff3f,Расчеты,used sparse cells,2026-09-16,mixed,CT12,null,980,n
1.0.0,"Таблица по подбору сечений теплых ангаров пролетами 9м, 12м, 15м, 18м, 21м, 24м версия 1,5.xlsx",0271b96c6fe725d3e50ad7891401958322a5ae97866bb0bf8cb190bc4bbeff3f,Расчеты,used sparse cells,2026-09-16,mixed,CU12,null,985,n
1.0.0,"Таблица по подбору сечений теплых ангаров пролетами 9м, 12м, 15м, 18м, 21м, 24м версия 1,5.xlsx",0271b96c6fe725d3e50ad7891401958322a5ae97866bb0bf8cb190bc4bbeff3f,Расчеты,used sparse cells,2026-09-16,mixed,CV12,null,990,n
1.0.0,"Таблица по подбору сечений теплых ангаров пролетами 9м, 12м, 15м, 18м, 21м, 24м версия 1,5.xlsx",0271b96c6fe725d3e50ad7891401958322a5ae97866bb0bf8cb190bc4bbeff3f,Расчеты,used sparse cells,2026-09-16,mixed,CW12,null,995,n
1.0.0,"Таблица по подбору сечений теплых ангаров пролетами 9м, 12м, 15м, 18м, 21м, 24м версия 1,5.xlsx",0271b96c6fe725d3e50ad7891401958322a5ae97866bb0bf8cb190bc4bbeff3f,Расчеты,used sparse cells,2026-09-16,mixed,CX12,null,1000,n
1.0.0,"Таблица по подбору сечений теплых ангаров пролетами 9м, 12м, 15м, 18м, 21м, 24м версия 1,5.xlsx",0271b96c6fe725d3e50ad7891401958322a5ae97866bb0bf8cb190bc4bbeff3f,Расчеты,used sparse cells,2026-09-16,mixed,CY12,null,1005,n
1.0.0,"Таблица по подбору сечений теплых ангаров пролетами 9м, 12м, 15м, 18м, 21м, 24м версия 1,5.xlsx",0271b96c6fe725d3e50ad7891401958322a5ae97866bb0bf8cb190bc4bbeff3f,Расчеты,used sparse cells,2026-09-16,mixed,CZ12,null,1010,n
1.0.0,"Таблица по подбору сечений теплых ангаров пролетами 9м, 12м, 15м, 18м, 21м, 24м версия 1,5.xlsx",0271b96c6fe725d3e50ad7891401958322a5ae97866bb0bf8cb190bc4bbeff3f,Расчеты,used sparse cells,2026-09-16,mixed,DA12,null,1015,n
1.0.0,"Таблица по подбору сечений теплых ангаров пролетами 9м, 12м, 15м, 18м, 21м, 24м версия 1,5.xlsx",0271b96c6fe725d3e50ad7891401958322a5ae97866bb0bf8cb190bc4bbeff3f,Расчеты,used sparse cells,2026-09-16,mixed,DB12,null,1020,n
1.0.0,"Таблица по подбору сечений теплых ангаров пролетами 9м, 12м, 15м, 18м, 21м, 24м версия 1,5.xlsx",0271b96c6fe725d3e50ad7891401958322a5ae97866bb0bf8cb190bc4bbeff3f,Расчеты,used sparse cells,2026-09-16,mixed,DC12,null,1025,n
1.0.0,"Таблица по подбору сечений теплых ангаров пролетами 9м, 12м, 15м, 18м, 21м, 24м версия 1,5.xlsx",0271b96c6fe725d3e50ad7891401958322a5ae97866bb0bf8cb190bc4bbeff3f,Расчеты,used sparse cells,2026-09-16,mixed,DD12,null,1030,n
1.0.0,"Таблица по подбору сечений теплых ангаров пролетами 9м, 12м, 15м, 18м, 21м, 24м версия 1,5.xlsx",0271b96c6fe725d3e50ad7891401958322a5ae97866bb0bf8cb190bc4bbeff3f,Расчеты,used sparse cells,2026-09-16,mixed,DE12,null,1035,n
1.0.0,"Таблица по подбору сечений теплых ангаров пролетами 9м, 12м, 15м, 18м, 21м, 24м версия 1,5.xlsx",0271b96c6fe725d3e50ad7891401958322a5ae97866bb0bf8cb190bc4bbeff3f,Расчеты,used sparse cells,2026-09-16,mixed,DF12,null,1040,n
1.0.0,"Таблица по подбору сечений теплых ангаров пролетами 9м, 12м, 15м, 18м, 21м, 24м версия 1,5.xlsx",0271b96c6fe725d3e50ad7891401958322a5ae97866bb0bf8cb190bc4bbeff3f,Расчеты,used sparse cells,2026-09-16,mixed,DG12,null,1045,n
1.0.0,"Таблица по подбору сечений теплых ангаров пролетами 9м, 12м, 15м, 18м, 21м, 24м версия 1,5.xlsx",0271b96c6fe725d3e50ad7891401958322a5ae97866bb0bf8cb190bc4bbeff3f,Расчеты,used sparse cells,2026-09-16,mixed,DH12,null,1050,n
1.0.0,"Таблица по подбору сечений теплых ангаров пролетами 9м, 12м, 15м, 18м, 21м, 24м версия 1,5.xlsx",0271b96c6fe725d3e50ad7891401958322a5ae97866bb0bf8cb190bc4bbeff3f,Расчеты,used sparse cells,2026-09-16,mixed,DI12,null,1055,n
1.0.0,"Таблица по подбору сечений теплых ангаров пролетами 9м, 12м, 15м, 18м, 21м, 24м версия 1,5.xlsx",0271b96c6fe725d3e50ad7891401958322a5ae97866bb0bf8cb190bc4bbeff3f,Расчеты,used sparse cells,2026-09-16,mixed,DJ12,null,1060,n
1.0.0,"Таблица по подбору сечений теплых ангаров пролетами 9м, 12м, 15м, 18м, 21м, 24м версия 1,5.xlsx",0271b96c6fe725d3e50ad7891401958322a5ae97866bb0bf8cb190bc4bbeff3f,Расчеты,used sparse cells,2026-09-16,mixed,DK12,null,1065,n
1.0.0,"Таблица по подбору сечений теплых ангаров пролетами 9м, 12м, 15м, 18м, 21м, 24м версия 1,5.xlsx",0271b96c6fe725d3e50ad7891401958322a5ae97866bb0bf8cb190bc4bbeff3f,Расчеты,used sparse cells,2026-09-16,mixed,DL12,null,1070,n
1.0.0,"Таблица по подбору сечений теплых ангаров пролетами 9м, 12м, 15м, 18м, 21м, 24м версия 1,5.xlsx",0271b96c6fe725d3e50ad7891401958322a5ae97866bb0bf8cb190bc4bbeff3f,Расчеты,used sparse cells,2026-09-16,mixed,DM12,null,1075,n
1.0.0,"Таблица по подбору сечений теплых ангаров пролетами 9м, 12м, 15м, 18м, 21м, 24м версия 1,5.xlsx",0271b96c6fe725d3e50ad7891401958322a5ae97866bb0bf8cb190bc4bbeff3f,Расчеты,used sparse cells,2026-09-16,mixed,DN12,null,1080,n
1.0.0,"Таблица по подбору сечений теплых ангаров пролетами 9м, 12м, 15м, 18м, 21м, 24м версия 1,5.xlsx",0271b96c6fe725d3e50ad7891401958322a5ae97866bb0bf8cb190bc4bbeff3f,Расчеты,used sparse cells,2026-09-16,mixed,DO12,null,1085,n
1.0.0,"Таблица по подбору сечений теплых ангаров пролетами 9м, 12м, 15м, 18м, 21м, 24м версия 1,5.xlsx",0271b96c6fe725d3e50ad7891401958322a5ae97866bb0bf8cb190bc4bbeff3f,Расчеты,used sparse cells,2026-09-16,mixed,DP12,null,1090,n
1.0.0,"Таблица по подбору сечений теплых ангаров пролетами 9м, 12м, 15м, 18м, 21м, 24м версия 1,5.xlsx",0271b96c6fe725d3e50ad7891401958322a5ae97866bb0bf8cb190bc4bbeff3f,Расчеты,used sparse cells,2026-09-16,mixed,DQ12,null,1095,n
1.0.0,"Таблица по подбору сечений теплых ангаров пролетами 9м, 12м, 15м, 18м, 21м, 24м версия 1,5.xlsx",0271b96c6fe725d3e50ad7891401958322a5ae97866bb0bf8cb190bc4bbeff3f,Расчеты,used sparse cells,2026-09-16,mixed,DR12,null,1100,n
1.0.0,"Таблица по подбору сечений теплых ангаров пролетами 9м, 12м, 15м, 18м, 21м, 24м версия 1,5.xlsx",0271b96c6fe725d3e50ad7891401958322a5ae97866bb0bf8cb190bc4bbeff3f,Расчеты,used sparse cells,2026-09-16,mixed,DS12,null,1105,n
1.0.0,"Таблица по подбору сечений теплых ангаров пролетами 9м, 12м, 15м, 18м, 21м, 24м версия 1,5.xlsx",0271b96c6fe725d3e50ad7891401958322a5ae97866bb0bf8cb190bc4bbeff3f,Расчеты,used sparse cells,2026-09-16,mixed,DT12,null,1110,n
1.0.0,"Таблица по подбору сечений теплых ангаров пролетами 9м, 12м, 15м, 18м, 21м, 24м версия 1,5.xlsx",0271b96c6fe725d3e50ad7891401958322a5ae97866bb0bf8cb190bc4bbeff3f,Расчеты,used sparse cells,2026-09-16,mixed,DU12,null,1115,n
1.0.0,"Таблица по подбору сечений теплых ангаров пролетами 9м, 12м, 15м, 18м, 21м, 24м версия 1,5.xlsx",0271b96c6fe725d3e50ad7891401958322a5ae97866bb0bf8cb190bc4bbeff3f,Расчеты,used sparse cells,2026-09-16,mixed,DV12,null,1120,n
1.0.0,"Таблица по подбору сечений теплых ангаров пролетами 9м, 12м, 15м, 18м, 21м, 24м версия 1,5.xlsx",0271b96c6fe725d3e50ad7891401958322a5ae97866bb0bf8cb190bc4bbeff3f,Расчеты,used sparse cells,2026-09-16,mixed,DW12,null,1125,n
1.0.0,"Таблица по подбору сечений теплых ангаров пролетами 9м, 12м, 15м, 18м, 21м, 24м версия 1,5.xlsx",0271b96c6fe725d3e50ad7891401958322a5ae97866bb0bf8cb190bc4bbeff3f,Расчеты,used sparse cells,2026-09-16,mixed,DX12,null,1130,n
1.0.0,"Таблица по подбору сечений теплых ангаров пролетами 9м, 12м, 15м, 18м, 21м, 24м версия 1,5.xlsx",0271b96c6fe725d3e50ad7891401958322a5ae97866bb0bf8cb190bc4bbeff3f,Расчеты,used sparse cells,2026-09-16,mixed,DY12,null,1135,n
1.0.0,"Таблица по подбору сечений теплых ангаров пролетами 9м, 12м, 15м, 18м, 21м, 24м версия 1,5.xlsx",0271b96c6fe725d3e50ad7891401958322a5ae97866bb0bf8cb190bc4bbeff3f,Расчеты,used sparse cells,2026-09-16,mixed,DZ12,null,1140,n
1.0.0,"Таблица по подбору сечений теплых ангаров пролетами 9м, 12м, 15м, 18м, 21м, 24м версия 1,5.xlsx",0271b96c6fe725d3e50ad7891401958322a5ae97866bb0bf8cb190bc4bbeff3f,Расчеты,used sparse cells,2026-09-16,mixed,EA12,null,1145,n
1.0.0,"Таблица по подбору сечений теплых ангаров пролетами 9м, 12м, 15м, 18м, 21м, 24м версия 1,5.xlsx",0271b96c6fe725d3e50ad7891401958322a5ae97866bb0bf8cb190bc4bbeff3f,Расчеты,used sparse cells,2026-09-16,mixed,EB12,null,1150,n
1.0.0,"Таблица по подбору сечений теплых ангаров пролетами 9м, 12м, 15м, 18м, 21м, 24м версия 1,5.xlsx",0271b96c6fe725d3e50ad7891401958322a5ae97866bb0bf8cb190bc4bbeff3f,Расчеты,used sparse cells,2026-09-16,mixed,EC12,null,1155,n
1.0.0,"Таблица по подбору сечений теплых ангаров пролетами 9м, 12м, 15м, 18м, 21м, 24м версия 1,5.xlsx",0271b96c6fe725d3e50ad7891401958322a5ae97866bb0bf8cb190bc4bbeff3f,Расчеты,used sparse cells,2026-09-16,mixed,ED12,null,1160,n
1.0.0,"Таблица по подбору сечений теплых ангаров пролетами 9м, 12м, 15м, 18м, 21м, 24м версия 1,5.xlsx",0271b96c6fe725d3e50ad7891401958322a5ae97866bb0bf8cb190bc4bbeff3f,Расчеты,used sparse cells,2026-09-16,mixed,EE12,null,1165,n
1.0.0,"Таблица по подбору сечений теплых ангаров пролетами 9м, 12м, 15м, 18м, 21м, 24м версия 1,5.xlsx",0271b96c6fe725d3e50ad7891401958322a5ae97866bb0bf8cb190bc4bbeff3f,Расчеты,used sparse cells,2026-09-16,mixed,EF12,null,1170,n
1.0.0,"Таблица по подбору сечений теплых ангаров пролетами 9м, 12м, 15м, 18м, 21м, 24м версия 1,5.xlsx",0271b96c6fe725d3e50ad7891401958322a5ae97866bb0bf8cb190bc4bbeff3f,Расчеты,used sparse cells,2026-09-16,mixed,EG12,null,1175,n
1.0.0,"Таблица по подбору сечений теплых ангаров пролетами 9м, 12м, 15м, 18м, 21м, 24м версия 1,5.xlsx",0271b96c6fe725d3e50ad7891401958322a5ae97866bb0bf8cb190bc4bbeff3f,Расчеты,used sparse cells,2026-09-16,mixed,EH12,null,1180,n
1.0.0,"Таблица по подбору сечений теплых ангаров пролетами 9м, 12м, 15м, 18м, 21м, 24м версия 1,5.xlsx",0271b96c6fe725d3e50ad7891401958322a5ae97866bb0bf8cb190bc4bbeff3f,Расчеты,used sparse cells,2026-09-16,mixed,EI12,null,1185,n
1.0.0,"Таблица по подбору сечений теплых ангаров пролетами 9м, 12м, 15м, 18м, 21м, 24м версия 1,5.xlsx",0271b96c6fe725d3e50ad7891401958322a5ae97866bb0bf8cb190bc4bbeff3f,Расчеты,used sparse cells,2026-09-16,mixed,EJ12,null,1190,n
1.0.0,"Таблица по подбору сечений теплых ангаров пролетами 9м, 12м, 15м, 18м, 21м, 24м версия 1,5.xlsx",0271b96c6fe725d3e50ad7891401958322a5ae97866bb0bf8cb190bc4bbeff3f,Расчеты,used sparse cells,2026-09-16,mixed,EK12,null,1195,n
1.0.0,"Таблица по подбору сечений теплых ангаров пролетами 9м, 12м, 15м, 18м, 21м, 24м версия 1,5.xlsx",0271b96c6fe725d3e50ad7891401958322a5ae97866bb0bf8cb190bc4bbeff3f,Расчеты,used sparse cells,2026-09-16,mixed,EL12,null,1200,n
1.0.0,"Таблица по подбору сечений теплых ангаров пролетами 9м, 12м, 15м, 18м, 21м, 24м версия 1,5.xlsx",0271b96c6fe725d3e50ad7891401958322a5ae97866bb0bf8cb190bc4bbeff3f,Расчеты,used sparse cells,2026-09-16,mixed,EM12,null,1205,n
1.0.0,"Таблица по подбору сечений теплых ангаров пролетами 9м, 12м, 15м, 18м, 21м, 24м версия 1,5.xlsx",0271b96c6fe725d3e50ad7891401958322a5ae97866bb0bf8cb190bc4bbeff3f,Расчеты,used sparse cells,2026-09-16,mixed,EN12,null,1210,n
1.0.0,"Таблица по подбору сечений теплых ангаров пролетами 9м, 12м, 15м, 18м, 21м, 24м версия 1,5.xlsx",0271b96c6fe725d3e50ad7891401958322a5ae97866bb0bf8cb190bc4bbeff3f,Расчеты,used sparse cells,2026-09-16,mixed,EO12,null,1215,n
1.0.0,"Таблица по подбору сечений теплых ангаров пролетами 9м, 12м, 15м, 18м, 21м, 24м версия 1,5.xlsx",0271b96c6fe725d3e50ad7891401958322a5ae97866bb0bf8cb190bc4bbeff3f,Расчеты,used sparse cells,2026-09-16,mixed,EP12,null,1220,n
1.0.0,"Таблица по подбору сечений теплых ангаров пролетами 9м, 12м, 15м, 18м, 21м, 24м версия 1,5.xlsx",0271b96c6fe725d3e50ad7891401958322a5ae97866bb0bf8cb190bc4bbeff3f,Расчеты,used sparse cells,2026-09-16,mixed,EQ12,null,1225,n
1.0.0,"Таблица по подбору сечений теплых ангаров пролетами 9м, 12м, 15м, 18м, 21м, 24м версия 1,5.xlsx",0271b96c6fe725d3e50ad7891401958322a5ae97866bb0bf8cb190bc4bbeff3f,Расчеты,used sparse cells,2026-09-16,mixed,ER12,null,1230,n
1.0.0,"Таблица по подбору сечений теплых ангаров пролетами 9м, 12м, 15м, 18м, 21м, 24м версия 1,5.xlsx",0271b96c6fe725d3e50ad7891401958322a5ae97866bb0bf8cb190bc4bbeff3f,Расчеты,used sparse cells,2026-09-16,mixed,ES12,null,1235,n
1.0.0,"Таблица по подбору сечений теплых ангаров пролетами 9м, 12м, 15м, 18м, 21м, 24м версия 1,5.xlsx",0271b96c6fe725d3e50ad7891401958322a5ae97866bb0bf8cb190bc4bbeff3f,Расчеты,used sparse cells,2026-09-16,mixed,ET12,null,1240,n
1.0.0,"Таблица по подбору сечений теплых ангаров пролетами 9м, 12м, 15м, 18м, 21м, 24м версия 1,5.xlsx",0271b96c6fe725d3e50ad7891401958322a5ae97866bb0bf8cb190bc4bbeff3f,Расчеты,used sparse cells,2026-09-16,mixed,EU12,null,1245,n
1.0.0,"Таблица по подбору сечений теплых ангаров пролетами 9м, 12м, 15м, 18м, 21м, 24м версия 1,5.xlsx",0271b96c6fe725d3e50ad7891401958322a5ae97866bb0bf8cb190bc4bbeff3f,Расчеты,used sparse cells,2026-09-16,mixed,EV12,null,1250,n
1.0.0,"Таблица по подбору сечений теплых ангаров пролетами 9м, 12м, 15м, 18м, 21м, 24м версия 1,5.xlsx",0271b96c6fe725d3e50ad7891401958322a5ae97866bb0bf8cb190bc4bbeff3f,Расчеты,used sparse cells,2026-09-16,mixed,EW12,null,1255,n
1.0.0,"Таблица по подбору сечений теплых ангаров пролетами 9м, 12м, 15м, 18м, 21м, 24м версия 1,5.xlsx",0271b96c6fe725d3e50ad7891401958322a5ae97866bb0bf8cb190bc4bbeff3f,Расчеты,used sparse cells,2026-09-16,mixed,EX12,null,1260,n
1.0.0,"Таблица по подбору сечений теплых ангаров пролетами 9м, 12м, 15м, 18м, 21м, 24м версия 1,5.xlsx",0271b96c6fe725d3e50ad7891401958322a5ae97866bb0bf8cb190bc4bbeff3f,Расчеты,used sparse cells,2026-09-16,mixed,EY12,null,1265,n
1.0.0,"Таблица по подбору сечений теплых ангаров пролетами 9м, 12м, 15м, 18м, 21м, 24м версия 1,5.xlsx",0271b96c6fe725d3e50ad7891401958322a5ae97866bb0bf8cb190bc4bbeff3f,Расчеты,used sparse cells,2026-09-16,mixed,EZ12,null,1270,n
1.0.0,"Таблица по подбору сечений теплых ангаров пролетами 9м, 12м, 15м, 18м, 21м, 24м версия 1,5.xlsx",0271b96c6fe725d3e50ad7891401958322a5ae97866bb0bf8cb190bc4bbeff3f,Расчеты,used sparse cells,2026-09-16,mixed,FA12,null,1275,n
1.0.0,"Таблица по подбору сечений теплых ангаров пролетами 9м, 12м, 15м, 18м, 21м, 24м версия 1,5.xlsx",0271b96c6fe725d3e50ad7891401958322a5ae97866bb0bf8cb190bc4bbeff3f,Расчеты,used sparse cells,2026-09-16,mixed,FB12,null,1280,n
1.0.0,"Таблица по подбору сечений теплых ангаров пролетами 9м, 12м, 15м, 18м, 21м, 24м версия 1,5.xlsx",0271b96c6fe725d3e50ad7891401958322a5ae97866bb0bf8cb190bc4bbeff3f,Расчеты,used sparse cells,2026-09-16,mixed,FC12,null,1285,n
1.0.0,"Таблица по подбору сечений теплых ангаров пролетами 9м, 12м, 15м, 18м, 21м, 24м версия 1,5.xlsx",0271b96c6fe725d3e50ad7891401958322a5ae97866bb0bf8cb190bc4bbeff3f,Расчеты,used sparse cells,2026-09-16,mixed,FD12,null,1290,n
1.0.0,"Таблица по подбору сечений теплых ангаров пролетами 9м, 12м, 15м, 18м, 21м, 24м версия 1,5.xlsx",0271b96c6fe725d3e50ad7891401958322a5ae97866bb0bf8cb190bc4bbeff3f,Расчеты,used sparse cells,2026-09-16,mixed,FE12,null,1295,n
1.0.0,"Таблица по подбору сечений теплых ангаров пролетами 9м, 12м, 15м, 18м, 21м, 24м версия 1,5.xlsx",0271b96c6fe725d3e50ad7891401958322a5ae97866bb0bf8cb190bc4bbeff3f,Расчеты,used sparse cells,2026-09-16,mixed,FF12,null,1300,n
1.0.0,"Таблица по подбору сечений теплых ангаров пролетами 9м, 12м, 15м, 18м, 21м, 24м версия 1,5.xlsx",0271b96c6fe725d3e50ad7891401958322a5ae97866bb0bf8cb190bc4bbeff3f,Расчеты,used sparse cells,2026-09-16,mixed,FG12,null,1305,n
1.0.0,"Таблица по подбору сечений теплых ангаров пролетами 9м, 12м, 15м, 18м, 21м, 24м версия 1,5.xlsx",0271b96c6fe725d3e50ad7891401958322a5ae97866bb0bf8cb190bc4bbeff3f,Расчеты,used sparse cells,2026-09-16,mixed,FH12,null,1310,n
1.0.0,"Таблица по подбору сечений теплых ангаров пролетами 9м, 12м, 15м, 18м, 21м, 24м версия 1,5.xlsx",0271b96c6fe725d3e50ad7891401958322a5ae97866bb0bf8cb190bc4bbeff3f,Расчеты,used sparse cells,2026-09-16,mixed,FI12,null,1315,n
1.0.0,"Таблица по подбору сечений теплых ангаров пролетами 9м, 12м, 15м, 18м, 21м, 24м версия 1,5.xlsx",0271b96c6fe725d3e50ad7891401958322a5ae97866bb0bf8cb190bc4bbeff3f,Расчеты,used sparse cells,2026-09-16,mixed,FJ12,null,1320,n
1.0.0,"Таблица по подбору сечений теплых ангаров пролетами 9м, 12м, 15м, 18м, 21м, 24м версия 1,5.xlsx",0271b96c6fe725d3e50ad7891401958322a5ae97866bb0bf8cb190bc4bbeff3f,Расчеты,used sparse cells,2026-09-16,mixed,FK12,null,1325,n
1.0.0,"Таблица по подбору сечений теплых ангаров пролетами 9м, 12м, 15м, 18м, 21м, 24м версия 1,5.xlsx",0271b96c6fe725d3e50ad7891401958322a5ae97866bb0bf8cb190bc4bbeff3f,Расчеты,used sparse cells,2026-09-16,mixed,FL12,null,1330,n
1.0.0,"Таблица по подбору сечений теплых ангаров пролетами 9м, 12м, 15м, 18м, 21м, 24м версия 1,5.xlsx",0271b96c6fe725d3e50ad7891401958322a5ae97866bb0bf8cb190bc4bbeff3f,Расчеты,used sparse cells,2026-09-16,mixed,FM12,null,1335,n
1.0.0,"Таблица по подбору сечений теплых ангаров пролетами 9м, 12м, 15м, 18м, 21м, 24м версия 1,5.xlsx",0271b96c6fe725d3e50ad7891401958322a5ae97866bb0bf8cb190bc4bbeff3f,Расчеты,used sparse cells,2026-09-16,mixed,FN12,null,1340,n
1.0.0,"Таблица по подбору сечений теплых ангаров пролетами 9м, 12м, 15м, 18м, 21м, 24м версия 1,5.xlsx",0271b96c6fe725d3e50ad7891401958322a5ae97866bb0bf8cb190bc4bbeff3f,Расчеты,used sparse cells,2026-09-16,mixed,FO12,null,1345,n
1.0.0,"Таблица по подбору сечений теплых ангаров пролетами 9м, 12м, 15м, 18м, 21м, 24м версия 1,5.xlsx",0271b96c6fe725d3e50ad7891401958322a5ae97866bb0bf8cb190bc4bbeff3f,Расчеты,used sparse cells,2026-09-16,mixed,FP12,null,1350,n
1.0.0,"Таблица по подбору сечений теплых ангаров пролетами 9м, 12м, 15м, 18м, 21м, 24м версия 1,5.xlsx",0271b96c6fe725d3e50ad7891401958322a5ae97866bb0bf8cb190bc4bbeff3f,Расчеты,used sparse cells,2026-09-16,mixed,FQ12,null,1355,n
1.0.0,"Таблица по подбору сечений теплых ангаров пролетами 9м, 12м, 15м, 18м, 21м, 24м версия 1,5.xlsx",0271b96c6fe725d3e50ad7891401958322a5ae97866bb0bf8cb190bc4bbeff3f,Расчеты,used sparse cells,2026-09-16,mixed,FR12,null,1360,n
1.0.0,"Таблица по подбору сечений теплых ангаров пролетами 9м, 12м, 15м, 18м, 21м, 24м версия 1,5.xlsx",0271b96c6fe725d3e50ad7891401958322a5ae97866bb0bf8cb190bc4bbeff3f,Расчеты,used sparse cells,2026-09-16,mixed,FS12,null,1365,n
1.0.0,"Таблица по подбору сечений теплых ангаров пролетами 9м, 12м, 15м, 18м, 21м, 24м версия 1,5.xlsx",0271b96c6fe725d3e50ad7891401958322a5ae97866bb0bf8cb190bc4bbeff3f,Расчеты,used sparse cells,2026-09-16,mixed,FT12,null,1370,n
1.0.0,"Таблица по подбору сечений теплых ангаров пролетами 9м, 12м, 15м, 18м, 21м, 24м версия 1,5.xlsx",0271b96c6fe725d3e50ad7891401958322a5ae97866bb0bf8cb190bc4bbeff3f,Расчеты,used sparse cells,2026-09-16,mixed,FU12,null,1375,n
1.0.0,"Таблица по подбору сечений теплых ангаров пролетами 9м, 12м, 15м, 18м, 21м, 24м версия 1,5.xlsx",0271b96c6fe725d3e50ad7891401958322a5ae97866bb0bf8cb190bc4bbeff3f,Расчеты,used sparse cells,2026-09-16,mixed,FV12,null,1380,n
1.0.0,"Таблица по подбору сечений теплых ангаров пролетами 9м, 12м, 15м, 18м, 21м, 24м версия 1,5.xlsx",0271b96c6fe725d3e50ad7891401958322a5ae97866bb0bf8cb190bc4bbeff3f,Расчеты,used sparse cells,2026-09-16,mixed,FW12,null,1385,n
1.0.0,"Таблица по подбору сечений теплых ангаров пролетами 9м, 12м, 15м, 18м, 21м, 24м версия 1,5.xlsx",0271b96c6fe725d3e50ad7891401958322a5ae97866bb0bf8cb190bc4bbeff3f,Расчеты,used sparse cells,2026-09-16,mixed,FX12,null,1390,n
1.0.0,"Таблица по подбору сечений теплых ангаров пролетами 9м, 12м, 15м, 18м, 21м, 24м версия 1,5.xlsx",0271b96c6fe725d3e50ad7891401958322a5ae97866bb0bf8cb190bc4bbeff3f,Расчеты,used sparse cells,2026-09-16,mixed,FY12,null,1395,n
1.0.0,"Таблица по подбору сечений теплых ангаров пролетами 9м, 12м, 15м, 18м, 21м, 24м версия 1,5.xlsx",0271b96c6fe725d3e50ad7891401958322a5ae97866bb0bf8cb190bc4bbeff3f,Расчеты,used sparse cells,2026-09-16,mixed,FZ12,null,1400,n
1.0.0,"Таблица по подбору сечений теплых ангаров пролетами 9м, 12м, 15м, 18м, 21м, 24м версия 1,5.xlsx",0271b96c6fe725d3e50ad7891401958322a5ae97866bb0bf8cb190bc4bbeff3f,Расчеты,used sparse cells,2026-09-16,mixed,GA12,null,1405,n
1.0.0,"Таблица по подбору сечений теплых ангаров пролетами 9м, 12м, 15м, 18м, 21м, 24м версия 1,5.xlsx",0271b96c6fe725d3e50ad7891401958322a5ae97866bb0bf8cb190bc4bbeff3f,Расчеты,used sparse cells,2026-09-16,mixed,GB12,null,1410,n
1.0.0,"Таблица по подбору сечений теплых ангаров пролетами 9м, 12м, 15м, 18м, 21м, 24м версия 1,5.xlsx",0271b96c6fe725d3e50ad7891401958322a5ae97866bb0bf8cb190bc4bbeff3f,Расчеты,used sparse cells,2026-09-16,mixed,GC12,null,1415,n
1.0.0,"Таблица по подбору сечений теплых ангаров пролетами 9м, 12м, 15м, 18м, 21м, 24м версия 1,5.xlsx",0271b96c6fe725d3e50ad7891401958322a5ae97866bb0bf8cb190bc4bbeff3f,Расчеты,used sparse cells,2026-09-16,mixed,GD12,null,1420,n
1.0.0,"Таблица по подбору сечений теплых ангаров пролетами 9м, 12м, 15м, 18м, 21м, 24м версия 1,5.xlsx",0271b96c6fe725d3e50ad7891401958322a5ae97866bb0bf8cb190bc4bbeff3f,Расчеты,used sparse cells,2026-09-16,mixed,GE12,null,1425,n
1.0.0,"Таблица по подбору сечений теплых ангаров пролетами 9м, 12м, 15м, 18м, 21м, 24м версия 1,5.xlsx",0271b96c6fe725d3e50ad7891401958322a5ae97866bb0bf8cb190bc4bbeff3f,Расчеты,used sparse cells,2026-09-16,mixed,GF12,null,1430,n
1.0.0,"Таблица по подбору сечений теплых ангаров пролетами 9м, 12м, 15м, 18м, 21м, 24м версия 1,5.xlsx",0271b96c6fe725d3e50ad7891401958322a5ae97866bb0bf8cb190bc4bbeff3f,Расчеты,used sparse cells,2026-09-16,mixed,GG12,null,1435,n
1.0.0,"Таблица по подбору сечений теплых ангаров пролетами 9м, 12м, 15м, 18м, 21м, 24м версия 1,5.xlsx",0271b96c6fe725d3e50ad7891401958322a5ae97866bb0bf8cb190bc4bbeff3f,Расчеты,used sparse cells,2026-09-16,mixed,GH12,null,1440,n
1.0.0,"Таблица по подбору сечений теплых ангаров пролетами 9м, 12м, 15м, 18м, 21м, 24м версия 1,5.xlsx",0271b96c6fe725d3e50ad7891401958322a5ae97866bb0bf8cb190bc4bbeff3f,Расчеты,used sparse cells,2026-09-16,mixed,GI12,null,1445,n
1.0.0,"Таблица по подбору сечений теплых ангаров пролетами 9м, 12м, 15м, 18м, 21м, 24м версия 1,5.xlsx",0271b96c6fe725d3e50ad7891401958322a5ae97866bb0bf8cb190bc4bbeff3f,Расчеты,used sparse cells,2026-09-16,mixed,GJ12,null,1450,n
1.0.0,"Таблица по подбору сечений теплых ангаров пролетами 9м, 12м, 15м, 18м, 21м, 24м версия 1,5.xlsx",0271b96c6fe725d3e50ad7891401958322a5ae97866bb0bf8cb190bc4bbeff3f,Расчеты,used sparse cells,2026-09-16,mixed,GK12,null,1455,n
1.0.0,"Таблица по подбору сечений теплых ангаров пролетами 9м, 12м, 15м, 18м, 21м, 24м версия 1,5.xlsx",0271b96c6fe725d3e50ad7891401958322a5ae97866bb0bf8cb190bc4bbeff3f,Расчеты,used sparse cells,2026-09-16,mixed,GL12,null,1460,n
1.0.0,"Таблица по подбору сечений теплых ангаров пролетами 9м, 12м, 15м, 18м, 21м, 24м версия 1,5.xlsx",0271b96c6fe725d3e50ad7891401958322a5ae97866bb0bf8cb190bc4bbeff3f,Расчеты,used sparse cells,2026-09-16,mixed,GM12,null,1465,n
1.0.0,"Таблица по подбору сечений теплых ангаров пролетами 9м, 12м, 15м, 18м, 21м, 24м версия 1,5.xlsx",0271b96c6fe725d3e50ad7891401958322a5ae97866bb0bf8cb190bc4bbeff3f,Расчеты,used sparse cells,2026-09-16,mixed,GN12,null,1470,n
1.0.0,"Таблица по подбору сечений теплых ангаров пролетами 9м, 12м, 15м, 18м, 21м, 24м версия 1,5.xlsx",0271b96c6fe725d3e50ad7891401958322a5ae97866bb0bf8cb190bc4bbeff3f,Расчеты,used sparse cells,2026-09-16,mixed,GO12,null,1475,n
1.0.0,"Таблица по подбору сечений теплых ангаров пролетами 9м, 12м, 15м, 18м, 21м, 24м версия 1,5.xlsx",0271b96c6fe725d3e50ad7891401958322a5ae97866bb0bf8cb190bc4bbeff3f,Расчеты,used sparse cells,2026-09-16,mixed,GP12,null,1480,n
1.0.0,"Таблица по подбору сечений теплых ангаров пролетами 9м, 12м, 15м, 18м, 21м, 24м версия 1,5.xlsx",0271b96c6fe725d3e50ad7891401958322a5ae97866bb0bf8cb190bc4bbeff3f,Расчеты,used sparse cells,2026-09-16,mixed,GQ12,null,1485,n
1.0.0,"Таблица по подбору сечений теплых ангаров пролетами 9м, 12м, 15м, 18м, 21м, 24м версия 1,5.xlsx",0271b96c6fe725d3e50ad7891401958322a5ae97866bb0bf8cb190bc4bbeff3f,Расчеты,used sparse cells,2026-09-16,mixed,GR12,null,1490,n
1.0.0,"Таблица по подбору сечений теплых ангаров пролетами 9м, 12м, 15м, 18м, 21м, 24м версия 1,5.xlsx",0271b96c6fe725d3e50ad7891401958322a5ae97866bb0bf8cb190bc4bbeff3f,Расчеты,used sparse cells,2026-09-16,mixed,GS12,null,1495,n
1.0.0,"Таблица по подбору сечений теплых ангаров пролетами 9м, 12м, 15м, 18м, 21м, 24м версия 1,5.xlsx",0271b96c6fe725d3e50ad7891401958322a5ae97866bb0bf8cb190bc4bbeff3f,Расчеты,used sparse cells,2026-09-16,mixed,GT12,null,1500,n
1.0.0,"Таблица по подбору сечений теплых ангаров пролетами 9м, 12м, 15м, 18м, 21м, 24м версия 1,5.xlsx",0271b96c6fe725d3e50ad7891401958322a5ae97866bb0bf8cb190bc4bbeff3f,Расчеты,used sparse cells,2026-09-16,mixed,GU12,null,1505,n
1.0.0,"Таблица по подбору сечений теплых ангаров пролетами 9м, 12м, 15м, 18м, 21м, 24м версия 1,5.xlsx",0271b96c6fe725d3e50ad7891401958322a5ae97866bb0bf8cb190bc4bbeff3f,Расчеты,used sparse cells,2026-09-16,mixed,GV12,null,1510,n
1.0.0,"Таблица по подбору сечений теплых ангаров пролетами 9м, 12м, 15м, 18м, 21м, 24м версия 1,5.xlsx",0271b96c6fe725d3e50ad7891401958322a5ae97866bb0bf8cb190bc4bbeff3f,Расчеты,used sparse cells,2026-09-16,mixed,GW12,null,1515,n
1.0.0,"Таблица по подбору сечений теплых ангаров пролетами 9м, 12м, 15м, 18м, 21м, 24м версия 1,5.xlsx",0271b96c6fe725d3e50ad7891401958322a5ae97866bb0bf8cb190bc4bbeff3f,Расчеты,used sparse cells,2026-09-16,mixed,GX12,null,1520,n
1.0.0,"Таблица по подбору сечений теплых ангаров пролетами 9м, 12м, 15м, 18м, 21м, 24м версия 1,5.xlsx",0271b96c6fe725d3e50ad7891401958322a5ae97866bb0bf8cb190bc4bbeff3f,Расчеты,used sparse cells,2026-09-16,mixed,GY12,null,1525,n
1.0.0,"Таблица по подбору сечений теплых ангаров пролетами 9м, 12м, 15м, 18м, 21м, 24м версия 1,5.xlsx",0271b96c6fe725d3e50ad7891401958322a5ae97866bb0bf8cb190bc4bbeff3f,Расчеты,used sparse cells,2026-09-16,mixed,GZ12,null,1530,n
1.0.0,"Таблица по подбору сечений теплых ангаров пролетами 9м, 12м, 15м, 18м, 21м, 24м версия 1,5.xlsx",0271b96c6fe725d3e50ad7891401958322a5ae97866bb0bf8cb190bc4bbeff3f,Расчеты,used sparse cells,2026-09-16,mixed,HA12,null,1535,n
1.0.0,"Таблица по подбору сечений теплых ангаров пролетами 9м, 12м, 15м, 18м, 21м, 24м версия 1,5.xlsx",0271b96c6fe725d3e50ad7891401958322a5ae97866bb0bf8cb190bc4bbeff3f,Расчеты,used sparse cells,2026-09-16,mixed,HB12,null,1540,n
1.0.0,"Таблица по подбору сечений теплых ангаров пролетами 9м, 12м, 15м, 18м, 21м, 24м версия 1,5.xlsx",0271b96c6fe725d3e50ad7891401958322a5ae97866bb0bf8cb190bc4bbeff3f,Расчеты,used sparse cells,2026-09-16,mixed,HC12,null,1545,n
1.0.0,"Таблица по подбору сечений теплых ангаров пролетами 9м, 12м, 15м, 18м, 21м, 24м версия 1,5.xlsx",0271b96c6fe725d3e50ad7891401958322a5ae97866bb0bf8cb190bc4bbeff3f,Расчеты,used sparse cells,2026-09-16,mixed,HD12,null,1550,n
1.0.0,"Таблица по подбору сечений теплых ангаров пролетами 9м, 12м, 15м, 18м, 21м, 24м версия 1,5.xlsx",0271b96c6fe725d3e50ad7891401958322a5ae97866bb0bf8cb190bc4bbeff3f,Расчеты,used sparse cells,2026-09-16,mixed,HE12,null,1555,n
1.0.0,"Таблица по подбору сечений теплых ангаров пролетами 9м, 12м, 15м, 18м, 21м, 24м версия 1,5.xlsx",0271b96c6fe725d3e50ad7891401958322a5ae97866bb0bf8cb190bc4bbeff3f,Расчеты,used sparse cells,2026-09-16,mixed,HF12,null,1560,n
1.0.0,"Таблица по подбору сечений теплых ангаров пролетами 9м, 12м, 15м, 18м, 21м, 24м версия 1,5.xlsx",0271b96c6fe725d3e50ad7891401958322a5ae97866bb0bf8cb190bc4bbeff3f,Расчеты,used sparse cells,2026-09-16,mixed,HG12,null,1565,n
1.0.0,"Таблица по подбору сечений теплых ангаров пролетами 9м, 12м, 15м, 18м, 21м, 24м версия 1,5.xlsx",0271b96c6fe725d3e50ad7891401958322a5ae97866bb0bf8cb190bc4bbeff3f,Расчеты,used sparse cells,2026-09-16,mixed,HH12,null,1570,n
1.0.0,"Таблица по подбору сечений теплых ангаров пролетами 9м, 12м, 15м, 18м, 21м, 24м версия 1,5.xlsx",0271b96c6fe725d3e50ad7891401958322a5ae97866bb0bf8cb190bc4bbeff3f,Расчеты,used sparse cells,2026-09-16,mixed,HI12,null,1575,n
1.0.0,"Таблица по подбору сечений теплых ангаров пролетами 9м, 12м, 15м, 18м, 21м, 24м версия 1,5.xlsx",0271b96c6fe725d3e50ad7891401958322a5ae97866bb0bf8cb190bc4bbeff3f,Расчеты,used sparse cells,2026-09-16,mixed,HJ12,null,1580,n
1.0.0,"Таблица по подбору сечений теплых ангаров пролетами 9м, 12м, 15м, 18м, 21м, 24м версия 1,5.xlsx",0271b96c6fe725d3e50ad7891401958322a5ae97866bb0bf8cb190bc4bbeff3f,Расчеты,used sparse cells,2026-09-16,mixed,HK12,null,1585,n
1.0.0,"Таблица по подбору сечений теплых ангаров пролетами 9м, 12м, 15м, 18м, 21м, 24м версия 1,5.xlsx",0271b96c6fe725d3e50ad7891401958322a5ae97866bb0bf8cb190bc4bbeff3f,Расчеты,used sparse cells,2026-09-16,mixed,HL12,null,1590,n
1.0.0,"Таблица по подбору сечений теплых ангаров пролетами 9м, 12м, 15м, 18м, 21м, 24м версия 1,5.xlsx",0271b96c6fe725d3e50ad7891401958322a5ae97866bb0bf8cb190bc4bbeff3f,Расчеты,used sparse cells,2026-09-16,mixed,HM12,null,1595,n
1.0.0,"Таблица по подбору сечений теплых ангаров пролетами 9м, 12м, 15м, 18м, 21м, 24м версия 1,5.xlsx",0271b96c6fe725d3e50ad7891401958322a5ae97866bb0bf8cb190bc4bbeff3f,Расчеты,used sparse cells,2026-09-16,mixed,HN12,null,1600,n
1.0.0,"Таблица по подбору сечений теплых ангаров пролетами 9м, 12м, 15м, 18м, 21м, 24м версия 1,5.xlsx",0271b96c6fe725d3e50ad7891401958322a5ae97866bb0bf8cb190bc4bbeff3f,Расчеты,used sparse cells,2026-09-16,mixed,HO12,null,1605,n
1.0.0,"Таблица по подбору сечений теплых ангаров пролетами 9м, 12м, 15м, 18м, 21м, 24м версия 1,5.xlsx",0271b96c6fe725d3e50ad7891401958322a5ae97866bb0bf8cb190bc4bbeff3f,Расчеты,used sparse cells,2026-09-16,mixed,HP12,null,1610,n
1.0.0,"Таблица по подбору сечений теплых ангаров пролетами 9м, 12м, 15м, 18м, 21м, 24м версия 1,5.xlsx",0271b96c6fe725d3e50ad7891401958322a5ae97866bb0bf8cb190bc4bbeff3f,Расчеты,used sparse cells,2026-09-16,mixed,HQ12,null,1615,n
1.0.0,"Таблица по подбору сечений теплых ангаров пролетами 9м, 12м, 15м, 18м, 21м, 24м версия 1,5.xlsx",0271b96c6fe725d3e50ad7891401958322a5ae97866bb0bf8cb190bc4bbeff3f,Расчеты,used sparse cells,2026-09-16,mixed,HR12,null,1620,n
1.0.0,"Таблица по подбору сечений теплых ангаров пролетами 9м, 12м, 15м, 18м, 21м, 24м версия 1,5.xlsx",0271b96c6fe725d3e50ad7891401958322a5ae97866bb0bf8cb190bc4bbeff3f,Расчеты,used sparse cells,2026-09-16,mixed,HS12,null,1625,n
1.0.0,"Таблица по подбору сечений теплых ангаров пролетами 9м, 12м, 15м, 18м, 21м, 24м версия 1,5.xlsx",0271b96c6fe725d3e50ad7891401958322a5ae97866bb0bf8cb190bc4bbeff3f,Расчеты,used sparse cells,2026-09-16,mixed,HT12,null,1630,n
1.0.0,"Таблица по подбору сечений теплых ангаров пролетами 9м, 12м, 15м, 18м, 21м, 24м версия 1,5.xlsx",0271b96c6fe725d3e50ad7891401958322a5ae97866bb0bf8cb190bc4bbeff3f,Расчеты,used sparse cells,2026-09-16,mixed,HU12,null,1635,n
1.0.0,"Таблица по подбору сечений теплых ангаров пролетами 9м, 12м, 15м, 18м, 21м, 24м версия 1,5.xlsx",0271b96c6fe725d3e50ad7891401958322a5ae97866bb0bf8cb190bc4bbeff3f,Расчеты,used sparse cells,2026-09-16,mixed,HV12,null,1640,n
1.0.0,"Таблица по подбору сечений теплых ангаров пролетами 9м, 12м, 15м, 18м, 21м, 24м версия 1,5.xlsx",0271b96c6fe725d3e50ad7891401958322a5ae97866bb0bf8cb190bc4bbeff3f,Расчеты,used sparse cells,2026-09-16,mixed,HW12,null,1645,n
1.0.0,"Таблица по подбору сечений теплых ангаров пролетами 9м, 12м, 15м, 18м, 21м, 24м версия 1,5.xlsx",0271b96c6fe725d3e50ad7891401958322a5ae97866bb0bf8cb190bc4bbeff3f,Расчеты,used sparse cells,2026-09-16,mixed,HX12,null,1650,n
1.0.0,"Таблица по подбору сечений теплых ангаров пролетами 9м, 12м, 15м, 18м, 21м, 24м версия 1,5.xlsx",0271b96c6fe725d3e50ad7891401958322a5ae97866bb0bf8cb190bc4bbeff3f,Расчеты,used sparse cells,2026-09-16,mixed,HY12,null,1655,n
1.0.0,"Таблица по подбору сечений теплых ангаров пролетами 9м, 12м, 15м, 18м, 21м, 24м версия 1,5.xlsx",0271b96c6fe725d3e50ad7891401958322a5ae97866bb0bf8cb190bc4bbeff3f,Расчеты,used sparse cells,2026-09-16,mixed,HZ12,null,1660,n
1.0.0,"Таблица по подбору сечений теплых ангаров пролетами 9м, 12м, 15м, 18м, 21м, 24м версия 1,5.xlsx",0271b96c6fe725d3e50ad7891401958322a5ae97866bb0bf8cb190bc4bbeff3f,Расчеты,used sparse cells,2026-09-16,mixed,IA12,null,1665,n
1.0.0,"Таблица по подбору сечений теплых ангаров пролетами 9м, 12м, 15м, 18м, 21м, 24м версия 1,5.xlsx",0271b96c6fe725d3e50ad7891401958322a5ae97866bb0bf8cb190bc4bbeff3f,Расчеты,used sparse cells,2026-09-16,mixed,IB12,null,1670,n
1.0.0,"Таблица по подбору сечений теплых ангаров пролетами 9м, 12м, 15м, 18м, 21м, 24м версия 1,5.xlsx",0271b96c6fe725d3e50ad7891401958322a5ae97866bb0bf8cb190bc4bbeff3f,Расчеты,used sparse cells,2026-09-16,mixed,IC12,null,1675,n
1.0.0,"Таблица по подбору сечений теплых ангаров пролетами 9м, 12м, 15м, 18м, 21м, 24м версия 1,5.xlsx",0271b96c6fe725d3e50ad7891401958322a5ae97866bb0bf8cb190bc4bbeff3f,Расчеты,used sparse cells,2026-09-16,mixed,ID12,null,1680,n
1.0.0,"Таблица по подбору сечений теплых ангаров пролетами 9м, 12м, 15м, 18м, 21м, 24м версия 1,5.xlsx",0271b96c6fe725d3e50ad7891401958322a5ae97866bb0bf8cb190bc4bbeff3f,Расчеты,used sparse cells,2026-09-16,mixed,IE12,null,1685,n
1.0.0,"Таблица по подбору сечений теплых ангаров пролетами 9м, 12м, 15м, 18м, 21м, 24м версия 1,5.xlsx",0271b96c6fe725d3e50ad7891401958322a5ae97866bb0bf8cb190bc4bbeff3f,Расчеты,used sparse cells,2026-09-16,mixed,IF12,null,1690,n
1.0.0,"Таблица по подбору сечений теплых ангаров пролетами 9м, 12м, 15м, 18м, 21м, 24м версия 1,5.xlsx",0271b96c6fe725d3e50ad7891401958322a5ae97866bb0bf8cb190bc4bbeff3f,Расчеты,used sparse cells,2026-09-16,mixed,IG12,null,1695,n
1.0.0,"Таблица по подбору сечений теплых ангаров пролетами 9м, 12м, 15м, 18м, 21м, 24м версия 1,5.xlsx",0271b96c6fe725d3e50ad7891401958322a5ae97866bb0bf8cb190bc4bbeff3f,Расчеты,used sparse cells,2026-09-16,mixed,IH12,null,1700,n
1.0.0,"Таблица по подбору сечений теплых ангаров пролетами 9м, 12м, 15м, 18м, 21м, 24м версия 1,5.xlsx",0271b96c6fe725d3e50ad7891401958322a5ae97866bb0bf8cb190bc4bbeff3f,Расчеты,used sparse cells,2026-09-16,mixed,II12,null,1705,n
1.0.0,"Таблица по подбору сечений теплых ангаров пролетами 9м, 12м, 15м, 18м, 21м, 24м версия 1,5.xlsx",0271b96c6fe725d3e50ad7891401958322a5ae97866bb0bf8cb190bc4bbeff3f,Расчеты,used sparse cells,2026-09-16,mixed,IJ12,null,1710,n
1.0.0,"Таблица по подбору сечений теплых ангаров пролетами 9м, 12м, 15м, 18м, 21м, 24м версия 1,5.xlsx",0271b96c6fe725d3e50ad7891401958322a5ae97866bb0bf8cb190bc4bbeff3f,Расчеты,used sparse cells,2026-09-16,mixed,IK12,null,1715,n
1.0.0,"Таблица по подбору сечений теплых ангаров пролетами 9м, 12м, 15м, 18м, 21м, 24м версия 1,5.xlsx",0271b96c6fe725d3e50ad7891401958322a5ae97866bb0bf8cb190bc4bbeff3f,Расчеты,used sparse cells,2026-09-16,mixed,IL12,null,1720,n
1.0.0,"Таблица по подбору сечений теплых ангаров пролетами 9м, 12м, 15м, 18м, 21м, 24м версия 1,5.xlsx",0271b96c6fe725d3e50ad7891401958322a5ae97866bb0bf8cb190bc4bbeff3f,Расчеты,used sparse cells,2026-09-16,mixed,IM12,null,1725,n
1.0.0,"Таблица по подбору сечений теплых ангаров пролетами 9м, 12м, 15м, 18м, 21м, 24м версия 1,5.xlsx",0271b96c6fe725d3e50ad7891401958322a5ae97866bb0bf8cb190bc4bbeff3f,Расчеты,used sparse cells,2026-09-16,mixed,IN12,null,1730,n
1.0.0,"Таблица по подбору сечений теплых ангаров пролетами 9м, 12м, 15м, 18м, 21м, 24м версия 1,5.xlsx",0271b96c6fe725d3e50ad7891401958322a5ae97866bb0bf8cb190bc4bbeff3f,Расчеты,used sparse cells,2026-09-16,mixed,IO12,null,1735,n
1.0.0,"Таблица по подбору сечений теплых ангаров пролетами 9м, 12м, 15м, 18м, 21м, 24м версия 1,5.xlsx",0271b96c6fe725d3e50ad7891401958322a5ae97866bb0bf8cb190bc4bbeff3f,Расчеты,used sparse cells,2026-09-16,mixed,IP12,null,1740,n
1.0.0,"Таблица по подбору сечений теплых ангаров пролетами 9м, 12м, 15м, 18м, 21м, 24м версия 1,5.xlsx",0271b96c6fe725d3e50ad7891401958322a5ae97866bb0bf8cb190bc4bbeff3f,Расчеты,used sparse cells,2026-09-16,mixed,IQ12,null,1745,n
1.0.0,"Таблица по подбору сечений теплых ангаров пролетами 9м, 12м, 15м, 18м, 21м, 24м версия 1,5.xlsx",0271b96c6fe725d3e50ad7891401958322a5ae97866bb0bf8cb190bc4bbeff3f,Расчеты,used sparse cells,2026-09-16,mixed,IR12,null,1750,n
1.0.0,"Таблица по подбору сечений теплых ангаров пролетами 9м, 12м, 15м, 18м, 21м, 24м версия 1,5.xlsx",0271b96c6fe725d3e50ad7891401958322a5ae97866bb0bf8cb190bc4bbeff3f,Расчеты,used sparse cells,2026-09-16,mixed,IS12,null,1755,n
1.0.0,"Таблица по подбору сечений теплых ангаров пролетами 9м, 12м, 15м, 18м, 21м, 24м версия 1,5.xlsx",0271b96c6fe725d3e50ad7891401958322a5ae97866bb0bf8cb190bc4bbeff3f,Расчеты,used sparse cells,2026-09-16,mixed,IT12,null,1760,n
1.0.0,"Таблица по подбору сечений теплых ангаров пролетами 9м, 12м, 15м, 18м, 21м, 24м версия 1,5.xlsx",0271b96c6fe725d3e50ad7891401958322a5ae97866bb0bf8cb190bc4bbeff3f,Расчеты,used sparse cells,2026-09-16,mixed,IU12,null,1765,n
1.0.0,"Таблица по подбору сечений теплых ангаров пролетами 9м, 12м, 15м, 18м, 21м, 24м версия 1,5.xlsx",0271b96c6fe725d3e50ad7891401958322a5ae97866bb0bf8cb190bc4bbeff3f,Расчеты,used sparse cells,2026-09-16,mixed,IV12,null,1770,n
1.0.0,"Таблица по подбору сечений теплых ангаров пролетами 9м, 12м, 15м, 18м, 21м, 24м версия 1,5.xlsx",0271b96c6fe725d3e50ad7891401958322a5ae97866bb0bf8cb190bc4bbeff3f,Расчеты,used sparse cells,2026-09-16,mixed,IW12,null,1775,n
1.0.0,"Таблица по подбору сечений теплых ангаров пролетами 9м, 12м, 15м, 18м, 21м, 24м версия 1,5.xlsx",0271b96c6fe725d3e50ad7891401958322a5ae97866bb0bf8cb190bc4bbeff3f,Расчеты,used sparse cells,2026-09-16,mixed,IX12,null,1780,n
1.0.0,"Таблица по подбору сечений теплых ангаров пролетами 9м, 12м, 15м, 18м, 21м, 24м версия 1,5.xlsx",0271b96c6fe725d3e50ad7891401958322a5ae97866bb0bf8cb190bc4bbeff3f,Расчеты,used sparse cells,2026-09-16,mixed,IY12,null,1785,n
1.0.0,"Таблица по подбору сечений теплых ангаров пролетами 9м, 12м, 15м, 18м, 21м, 24м версия 1,5.xlsx",0271b96c6fe725d3e50ad7891401958322a5ae97866bb0bf8cb190bc4bbeff3f,Расчеты,used sparse cells,2026-09-16,mixed,IZ12,null,1790,n
1.0.0,"Таблица по подбору сечений теплых ангаров пролетами 9м, 12м, 15м, 18м, 21м, 24м версия 1,5.xlsx",0271b96c6fe725d3e50ad7891401958322a5ae97866bb0bf8cb190bc4bbeff3f,Расчеты,used sparse cells,2026-09-16,mixed,JA12,null,1795,n
1.0.0,"Таблица по подбору сечений теплых ангаров пролетами 9м, 12м, 15м, 18м, 21м, 24м версия 1,5.xlsx",0271b96c6fe725d3e50ad7891401958322a5ae97866bb0bf8cb190bc4bbeff3f,Расчеты,used sparse cells,2026-09-16,mixed,JB12,null,1800,n
1.0.0,"Таблица по подбору сечений теплых ангаров пролетами 9м, 12м, 15м, 18м, 21м, 24м версия 1,5.xlsx",0271b96c6fe725d3e50ad7891401958322a5ae97866bb0bf8cb190bc4bbeff3f,Расчеты,used sparse cells,2026-09-16,mixed,JC12,null,1805,n
1.0.0,"Таблица по подбору сечений теплых ангаров пролетами 9м, 12м, 15м, 18м, 21м, 24м версия 1,5.xlsx",0271b96c6fe725d3e50ad7891401958322a5ae97866bb0bf8cb190bc4bbeff3f,Расчеты,used sparse cells,2026-09-16,mixed,JD12,null,1810,n
1.0.0,"Таблица по подбору сечений теплых ангаров пролетами 9м, 12м, 15м, 18м, 21м, 24м версия 1,5.xlsx",0271b96c6fe725d3e50ad7891401958322a5ae97866bb0bf8cb190bc4bbeff3f,Расчеты,used sparse cells,2026-09-16,mixed,JE12,null,1815,n
1.0.0,"Таблица по подбору сечений теплых ангаров пролетами 9м, 12м, 15м, 18м, 21м, 24м версия 1,5.xlsx",0271b96c6fe725d3e50ad7891401958322a5ae97866bb0bf8cb190bc4bbeff3f,Расчеты,used sparse cells,2026-09-16,mixed,JF12,null,1820,n
1.0.0,"Таблица по подбору сечений теплых ангаров пролетами 9м, 12м, 15м, 18м, 21м, 24м версия 1,5.xlsx",0271b96c6fe725d3e50ad7891401958322a5ae97866bb0bf8cb190bc4bbeff3f,Расчеты,used sparse cells,2026-09-16,mixed,JG12,null,1825,n
1.0.0,"Таблица по подбору сечений теплых ангаров пролетами 9м, 12м, 15м, 18м, 21м, 24м версия 1,5.xlsx",0271b96c6fe725d3e50ad7891401958322a5ae97866bb0bf8cb190bc4bbeff3f,Расчеты,used sparse cells,2026-09-16,mixed,JH12,null,1830,n
1.0.0,"Таблица по подбору сечений теплых ангаров пролетами 9м, 12м, 15м, 18м, 21м, 24м версия 1,5.xlsx",0271b96c6fe725d3e50ad7891401958322a5ae97866bb0bf8cb190bc4bbeff3f,Расчеты,used sparse cells,2026-09-16,mixed,JI12,null,1835,n
1.0.0,"Таблица по подбору сечений теплых ангаров пролетами 9м, 12м, 15м, 18м, 21м, 24м версия 1,5.xlsx",0271b96c6fe725d3e50ad7891401958322a5ae97866bb0bf8cb190bc4bbeff3f,Расчеты,used sparse cells,2026-09-16,mixed,JJ12,null,1840,n
1.0.0,"Таблица по подбору сечений теплых ангаров пролетами 9м, 12м, 15м, 18м, 21м, 24м версия 1,5.xlsx",0271b96c6fe725d3e50ad7891401958322a5ae97866bb0bf8cb190bc4bbeff3f,Расчеты,used sparse cells,2026-09-16,mixed,JK12,null,1845,n
1.0.0,"Таблица по подбору сечений теплых ангаров пролетами 9м, 12м, 15м, 18м, 21м, 24м версия 1,5.xlsx",0271b96c6fe725d3e50ad7891401958322a5ae97866bb0bf8cb190bc4bbeff3f,Расчеты,used sparse cells,2026-09-16,mixed,JL12,null,1850,n
1.0.0,"Таблица по подбору сечений теплых ангаров пролетами 9м, 12м, 15м, 18м, 21м, 24м версия 1,5.xlsx",0271b96c6fe725d3e50ad7891401958322a5ae97866bb0bf8cb190bc4bbeff3f,Расчеты,used sparse cells,2026-09-16,mixed,JM12,null,1855,n
1.0.0,"Таблица по подбору сечений теплых ангаров пролетами 9м, 12м, 15м, 18м, 21м, 24м версия 1,5.xlsx",0271b96c6fe725d3e50ad7891401958322a5ae97866bb0bf8cb190bc4bbeff3f,Расчеты,used sparse cells,2026-09-16,mixed,JN12,null,1860,n
1.0.0,"Таблица по подбору сечений теплых ангаров пролетами 9м, 12м, 15м, 18м, 21м, 24м версия 1,5.xlsx",0271b96c6fe725d3e50ad7891401958322a5ae97866bb0bf8cb190bc4bbeff3f,Расчеты,used sparse cells,2026-09-16,mixed,JO12,null,1865,n
1.0.0,"Таблица по подбору сечений теплых ангаров пролетами 9м, 12м, 15м, 18м, 21м, 24м версия 1,5.xlsx",0271b96c6fe725d3e50ad7891401958322a5ae97866bb0bf8cb190bc4bbeff3f,Расчеты,used sparse cells,2026-09-16,mixed,JP12,null,1870,n
1.0.0,"Таблица по подбору сечений теплых ангаров пролетами 9м, 12м, 15м, 18м, 21м, 24м версия 1,5.xlsx",0271b96c6fe725d3e50ad7891401958322a5ae97866bb0bf8cb190bc4bbeff3f,Расчеты,used sparse cells,2026-09-16,mixed,JQ12,null,1875,n
1.0.0,"Таблица по подбору сечений теплых ангаров пролетами 9м, 12м, 15м, 18м, 21м, 24м версия 1,5.xlsx",0271b96c6fe725d3e50ad7891401958322a5ae97866bb0bf8cb190bc4bbeff3f,Расчеты,used sparse cells,2026-09-16,mixed,JR12,null,1880,n
1.0.0,"Таблица по подбору сечений теплых ангаров пролетами 9м, 12м, 15м, 18м, 21м, 24м версия 1,5.xlsx",0271b96c6fe725d3e50ad7891401958322a5ae97866bb0bf8cb190bc4bbeff3f,Расчеты,used sparse cells,2026-09-16,mixed,JS12,null,1885,n
1.0.0,"Таблица по подбору сечений теплых ангаров пролетами 9м, 12м, 15м, 18м, 21м, 24м версия 1,5.xlsx",0271b96c6fe725d3e50ad7891401958322a5ae97866bb0bf8cb190bc4bbeff3f,Расчеты,used sparse cells,2026-09-16,mixed,JT12,null,1890,n
1.0.0,"Таблица по подбору сечений теплых ангаров пролетами 9м, 12м, 15м, 18м, 21м, 24м версия 1,5.xlsx",0271b96c6fe725d3e50ad7891401958322a5ae97866bb0bf8cb190bc4bbeff3f,Расчеты,used sparse cells,2026-09-16,mixed,JU12,null,1895,n
1.0.0,"Таблица по подбору сечений теплых ангаров пролетами 9м, 12м, 15м, 18м, 21м, 24м версия 1,5.xlsx",0271b96c6fe725d3e50ad7891401958322a5ae97866bb0bf8cb190bc4bbeff3f,Расчеты,used sparse cells,2026-09-16,mixed,JV12,null,1900,n
1.0.0,"Таблица по подбору сечений теплых ангаров пролетами 9м, 12м, 15м, 18м, 21м, 24м версия 1,5.xlsx",0271b96c6fe725d3e50ad7891401958322a5ae97866bb0bf8cb190bc4bbeff3f,Расчеты,used sparse cells,2026-09-16,mixed,JW12,null,1905,n
1.0.0,"Таблица по подбору сечений теплых ангаров пролетами 9м, 12м, 15м, 18м, 21м, 24м версия 1,5.xlsx",0271b96c6fe725d3e50ad7891401958322a5ae97866bb0bf8cb190bc4bbeff3f,Расчеты,used sparse cells,2026-09-16,mixed,JX12,null,1910,n
1.0.0,"Таблица по подбору сечений теплых ангаров пролетами 9м, 12м, 15м, 18м, 21м, 24м версия 1,5.xlsx",0271b96c6fe725d3e50ad7891401958322a5ae97866bb0bf8cb190bc4bbeff3f,Расчеты,used sparse cells,2026-09-16,mixed,JY12,null,1915,n
1.0.0,"Таблица по подбору сечений теплых ангаров пролетами 9м, 12м, 15м, 18м, 21м, 24м версия 1,5.xlsx",0271b96c6fe725d3e50ad7891401958322a5ae97866bb0bf8cb190bc4bbeff3f,Расчеты,used sparse cells,2026-09-16,mixed,JZ12,null,1920,n
1.0.0,"Таблица по подбору сечений теплых ангаров пролетами 9м, 12м, 15м, 18м, 21м, 24м версия 1,5.xlsx",0271b96c6fe725d3e50ad7891401958322a5ae97866bb0bf8cb190bc4bbeff3f,Расчеты,used sparse cells,2026-09-16,mixed,KA12,null,1925,n
1.0.0,"Таблица по подбору сечений теплых ангаров пролетами 9м, 12м, 15м, 18м, 21м, 24м версия 1,5.xlsx",0271b96c6fe725d3e50ad7891401958322a5ae97866bb0bf8cb190bc4bbeff3f,Расчеты,used sparse cells,2026-09-16,mixed,KB12,null,1930,n
1.0.0,"Таблица по подбору сечений теплых ангаров пролетами 9м, 12м, 15м, 18м, 21м, 24м версия 1,5.xlsx",0271b96c6fe725d3e50ad7891401958322a5ae97866bb0bf8cb190bc4bbeff3f,Расчеты,used sparse cells,2026-09-16,mixed,KC12,null,1935,n
1.0.0,"Таблица по подбору сечений теплых ангаров пролетами 9м, 12м, 15м, 18м, 21м, 24м версия 1,5.xlsx",0271b96c6fe725d3e50ad7891401958322a5ae97866bb0bf8cb190bc4bbeff3f,Расчеты,used sparse cells,2026-09-16,mixed,KD12,null,1940,n
1.0.0,"Таблица по подбору сечений теплых ангаров пролетами 9м, 12м, 15м, 18м, 21м, 24м версия 1,5.xlsx",0271b96c6fe725d3e50ad7891401958322a5ae97866bb0bf8cb190bc4bbeff3f,Расчеты,used sparse cells,2026-09-16,mixed,KE12,null,1945,n
1.0.0,"Таблица по подбору сечений теплых ангаров пролетами 9м, 12м, 15м, 18м, 21м, 24м версия 1,5.xlsx",0271b96c6fe725d3e50ad7891401958322a5ae97866bb0bf8cb190bc4bbeff3f,Расчеты,used sparse cells,2026-09-16,mixed,KF12,null,1950,n
1.0.0,"Таблица по подбору сечений теплых ангаров пролетами 9м, 12м, 15м, 18м, 21м, 24м версия 1,5.xlsx",0271b96c6fe725d3e50ad7891401958322a5ae97866bb0bf8cb190bc4bbeff3f,Расчеты,used sparse cells,2026-09-16,mixed,KG12,null,1955,n
1.0.0,"Таблица по подбору сечений теплых ангаров пролетами 9м, 12м, 15м, 18м, 21м, 24м версия 1,5.xlsx",0271b96c6fe725d3e50ad7891401958322a5ae97866bb0bf8cb190bc4bbeff3f,Расчеты,used sparse cells,2026-09-16,mixed,KH12,null,1960,n
1.0.0,"Таблица по подбору сечений теплых ангаров пролетами 9м, 12м, 15м, 18м, 21м, 24м версия 1,5.xlsx",0271b96c6fe725d3e50ad7891401958322a5ae97866bb0bf8cb190bc4bbeff3f,Расчеты,used sparse cells,2026-09-16,mixed,KI12,null,1965,n
1.0.0,"Таблица по подбору сечений теплых ангаров пролетами 9м, 12м, 15м, 18м, 21м, 24м версия 1,5.xlsx",0271b96c6fe725d3e50ad7891401958322a5ae97866bb0bf8cb190bc4bbeff3f,Расчеты,used sparse cells,2026-09-16,mixed,KJ12,null,1970,n
1.0.0,"Таблица по подбору сечений теплых ангаров пролетами 9м, 12м, 15м, 18м, 21м, 24м версия 1,5.xlsx",0271b96c6fe725d3e50ad7891401958322a5ae97866bb0bf8cb190bc4bbeff3f,Расчеты,used sparse cells,2026-09-16,mixed,KK12,null,1975,n
1.0.0,"Таблица по подбору сечений теплых ангаров пролетами 9м, 12м, 15м, 18м, 21м, 24м версия 1,5.xlsx",0271b96c6fe725d3e50ad7891401958322a5ae97866bb0bf8cb190bc4bbeff3f,Расчеты,used sparse cells,2026-09-16,mixed,KL12,null,1980,n
1.0.0,"Таблица по подбору сечений теплых ангаров пролетами 9м, 12м, 15м, 18м, 21м, 24м версия 1,5.xlsx",0271b96c6fe725d3e50ad7891401958322a5ae97866bb0bf8cb190bc4bbeff3f,Расчеты,used sparse cells,2026-09-16,mixed,KM12,null,1985,n
1.0.0,"Таблица по подбору сечений теплых ангаров пролетами 9м, 12м, 15м, 18м, 21м, 24м версия 1,5.xlsx",0271b96c6fe725d3e50ad7891401958322a5ae97866bb0bf8cb190bc4bbeff3f,Расчеты,used sparse cells,2026-09-16,mixed,KN12,null,1990,n
1.0.0,"Таблица по подбору сечений теплых ангаров пролетами 9м, 12м, 15м, 18м, 21м, 24м версия 1,5.xlsx",0271b96c6fe725d3e50ad7891401958322a5ae97866bb0bf8cb190bc4bbeff3f,Расчеты,used sparse cells,2026-09-16,mixed,KO12,null,1995,n
1.0.0,"Таблица по подбору сечений теплых ангаров пролетами 9м, 12м, 15м, 18м, 21м, 24м версия 1,5.xlsx",0271b96c6fe725d3e50ad7891401958322a5ae97866bb0bf8cb190bc4bbeff3f,Расчеты,used sparse cells,2026-09-16,mixed,KP12,null,2000,n
1.0.0,"Таблица по подбору сечений теплых ангаров пролетами 9м, 12м, 15м, 18м, 21м, 24м версия 1,5.xlsx",0271b96c6fe725d3e50ad7891401958322a5ae97866bb0bf8cb190bc4bbeff3f,Расчеты,used sparse cells,2026-09-16,mixed,KQ12,null,2005,n
1.0.0,"Таблица по подбору сечений теплых ангаров пролетами 9м, 12м, 15м, 18м, 21м, 24м версия 1,5.xlsx",0271b96c6fe725d3e50ad7891401958322a5ae97866bb0bf8cb190bc4bbeff3f,Расчеты,used sparse cells,2026-09-16,mixed,KR12,null,2010,n
1.0.0,"Таблица по подбору сечений теплых ангаров пролетами 9м, 12м, 15м, 18м, 21м, 24м версия 1,5.xlsx",0271b96c6fe725d3e50ad7891401958322a5ae97866bb0bf8cb190bc4bbeff3f,Расчеты,used sparse cells,2026-09-16,mixed,KS12,null,2015,n
1.0.0,"Таблица по подбору сечений теплых ангаров пролетами 9м, 12м, 15м, 18м, 21м, 24м версия 1,5.xlsx",0271b96c6fe725d3e50ad7891401958322a5ae97866bb0bf8cb190bc4bbeff3f,Расчеты,used sparse cells,2026-09-16,mixed,KT12,null,2020,n
1.0.0,"Таблица по подбору сечений теплых ангаров пролетами 9м, 12м, 15м, 18м, 21м, 24м версия 1,5.xlsx",0271b96c6fe725d3e50ad7891401958322a5ae97866bb0bf8cb190bc4bbeff3f,Расчеты,used sparse cells,2026-09-16,mixed,KU12,null,2025,n
1.0.0,"Таблица по подбору сечений теплых ангаров пролетами 9м, 12м, 15м, 18м, 21м, 24м версия 1,5.xlsx",0271b96c6fe725d3e50ad7891401958322a5ae97866bb0bf8cb190bc4bbeff3f,Расчеты,used sparse cells,2026-09-16,mixed,KV12,null,2030,n
1.0.0,"Таблица по подбору сечений теплых ангаров пролетами 9м, 12м, 15м, 18м, 21м, 24м версия 1,5.xlsx",0271b96c6fe725d3e50ad7891401958322a5ae97866bb0bf8cb190bc4bbeff3f,Расчеты,used sparse cells,2026-09-16,mixed,KW12,null,2035,n
1.0.0,"Таблица по подбору сечений теплых ангаров пролетами 9м, 12м, 15м, 18м, 21м, 24м версия 1,5.xlsx",0271b96c6fe725d3e50ad7891401958322a5ae97866bb0bf8cb190bc4bbeff3f,Расчеты,used sparse cells,2026-09-16,mixed,KX12,null,2040,n
1.0.0,"Таблица по подбору сечений теплых ангаров пролетами 9м, 12м, 15м, 18м, 21м, 24м версия 1,5.xlsx",0271b96c6fe725d3e50ad7891401958322a5ae97866bb0bf8cb190bc4bbeff3f,Расчеты,used sparse cells,2026-09-16,mixed,KY12,null,2045,n
1.0.0,"Таблица по подбору сечений теплых ангаров пролетами 9м, 12м, 15м, 18м, 21м, 24м версия 1,5.xlsx",0271b96c6fe725d3e50ad7891401958322a5ae97866bb0bf8cb190bc4bbeff3f,Расчеты,used sparse cells,2026-09-16,mixed,KZ12,null,2050,n
1.0.0,"Таблица по подбору сечений теплых ангаров пролетами 9м, 12м, 15м, 18м, 21м, 24м версия 1,5.xlsx",0271b96c6fe725d3e50ad7891401958322a5ae97866bb0bf8cb190bc4bbeff3f,Расчеты,used sparse cells,2026-09-16,mixed,LA12,null,2055,n
1.0.0,"Таблица по подбору сечений теплых ангаров пролетами 9м, 12м, 15м, 18м, 21м, 24м версия 1,5.xlsx",0271b96c6fe725d3e50ad7891401958322a5ae97866bb0bf8cb190bc4bbeff3f,Расчеты,used sparse cells,2026-09-16,mixed,LB12,null,2060,n
1.0.0,"Таблица по подбору сечений теплых ангаров пролетами 9м, 12м, 15м, 18м, 21м, 24м версия 1,5.xlsx",0271b96c6fe725d3e50ad7891401958322a5ae97866bb0bf8cb190bc4bbeff3f,Расчеты,used sparse cells,2026-09-16,mixed,LC12,null,2065,n
1.0.0,"Таблица по подбору сечений теплых ангаров пролетами 9м, 12м, 15м, 18м, 21м, 24м версия 1,5.xlsx",0271b96c6fe725d3e50ad7891401958322a5ae97866bb0bf8cb190bc4bbeff3f,Расчеты,used sparse cells,2026-09-16,mixed,LD12,null,2070,n
1.0.0,"Таблица по подбору сечений теплых ангаров пролетами 9м, 12м, 15м, 18м, 21м, 24м версия 1,5.xlsx",0271b96c6fe725d3e50ad7891401958322a5ae97866bb0bf8cb190bc4bbeff3f,Расчеты,used sparse cells,2026-09-16,mixed,LE12,null,2075,n
1.0.0,"Таблица по подбору сечений теплых ангаров пролетами 9м, 12м, 15м, 18м, 21м, 24м версия 1,5.xlsx",0271b96c6fe725d3e50ad7891401958322a5ae97866bb0bf8cb190bc4bbeff3f,Расчеты,used sparse cells,2026-09-16,mixed,LF12,null,2080,n
1.0.0,"Таблица по подбору сечений теплых ангаров пролетами 9м, 12м, 15м, 18м, 21м, 24м версия 1,5.xlsx",0271b96c6fe725d3e50ad7891401958322a5ae97866bb0bf8cb190bc4bbeff3f,Расчеты,used sparse cells,2026-09-16,mixed,LG12,null,2085,n
1.0.0,"Таблица по подбору сечений теплых ангаров пролетами 9м, 12м, 15м, 18м, 21м, 24м версия 1,5.xlsx",0271b96c6fe725d3e50ad7891401958322a5ae97866bb0bf8cb190bc4bbeff3f,Расчеты,used sparse cells,2026-09-16,mixed,LH12,null,2090,n
1.0.0,"Таблица по подбору сечений теплых ангаров пролетами 9м, 12м, 15м, 18м, 21м, 24м версия 1,5.xlsx",0271b96c6fe725d3e50ad7891401958322a5ae97866bb0bf8cb190bc4bbeff3f,Расчеты,used sparse cells,2026-09-16,mixed,LI12,null,2095,n
1.0.0,"Таблица по подбору сечений теплых ангаров пролетами 9м, 12м, 15м, 18м, 21м, 24м версия 1,5.xlsx",0271b96c6fe725d3e50ad7891401958322a5ae97866bb0bf8cb190bc4bbeff3f,Расчеты,used sparse cells,2026-09-16,mixed,LJ12,null,2100,n
1.0.0,"Таблица по подбору сечений теплых ангаров пролетами 9м, 12м, 15м, 18м, 21м, 24м версия 1,5.xlsx",0271b96c6fe725d3e50ad7891401958322a5ae97866bb0bf8cb190bc4bbeff3f,Расчеты,used sparse cells,2026-09-16,mixed,LK12,null,2105,n
1.0.0,"Таблица по подбору сечений теплых ангаров пролетами 9м, 12м, 15м, 18м, 21м, 24м версия 1,5.xlsx",0271b96c6fe725d3e50ad7891401958322a5ae97866bb0bf8cb190bc4bbeff3f,Расчеты,used sparse cells,2026-09-16,mixed,LL12,null,2110,n
1.0.0,"Таблица по подбору сечений теплых ангаров пролетами 9м, 12м, 15м, 18м, 21м, 24м версия 1,5.xlsx",0271b96c6fe725d3e50ad7891401958322a5ae97866bb0bf8cb190bc4bbeff3f,Расчеты,used sparse cells,2026-09-16,mixed,LM12,null,2115,n
1.0.0,"Таблица по подбору сечений теплых ангаров пролетами 9м, 12м, 15м, 18м, 21м, 24м версия 1,5.xlsx",0271b96c6fe725d3e50ad7891401958322a5ae97866bb0bf8cb190bc4bbeff3f,Расчеты,used sparse cells,2026-09-16,mixed,LN12,null,2120,n
1.0.0,"Таблица по подбору сечений теплых ангаров пролетами 9м, 12м, 15м, 18м, 21м, 24м версия 1,5.xlsx",0271b96c6fe725d3e50ad7891401958322a5ae97866bb0bf8cb190bc4bbeff3f,Расчеты,used sparse cells,2026-09-16,mixed,LO12,null,2125,n
1.0.0,"Таблица по подбору сечений теплых ангаров пролетами 9м, 12м, 15м, 18м, 21м, 24м версия 1,5.xlsx",0271b96c6fe725d3e50ad7891401958322a5ae97866bb0bf8cb190bc4bbeff3f,Расчеты,used sparse cells,2026-09-16,mixed,LP12,null,2130,n
1.0.0,"Таблица по подбору сечений теплых ангаров пролетами 9м, 12м, 15м, 18м, 21м, 24м версия 1,5.xlsx",0271b96c6fe725d3e50ad7891401958322a5ae97866bb0bf8cb190bc4bbeff3f,Расчеты,used sparse cells,2026-09-16,mixed,LQ12,null,2135,n
1.0.0,"Таблица по подбору сечений теплых ангаров пролетами 9м, 12м, 15м, 18м, 21м, 24м версия 1,5.xlsx",0271b96c6fe725d3e50ad7891401958322a5ae97866bb0bf8cb190bc4bbeff3f,Расчеты,used sparse cells,2026-09-16,mixed,LR12,null,2140,n
1.0.0,"Таблица по подбору сечений теплых ангаров пролетами 9м, 12м, 15м, 18м, 21м, 24м версия 1,5.xlsx",0271b96c6fe725d3e50ad7891401958322a5ae97866bb0bf8cb190bc4bbeff3f,Расчеты,used sparse cells,2026-09-16,mixed,LS12,null,2145,n
1.0.0,"Таблица по подбору сечений теплых ангаров пролетами 9м, 12м, 15м, 18м, 21м, 24м версия 1,5.xlsx",0271b96c6fe725d3e50ad7891401958322a5ae97866bb0bf8cb190bc4bbeff3f,Расчеты,used sparse cells,2026-09-16,mixed,LT12,null,2150,n
1.0.0,"Таблица по подбору сечений теплых ангаров пролетами 9м, 12м, 15м, 18м, 21м, 24м версия 1,5.xlsx",0271b96c6fe725d3e50ad7891401958322a5ae97866bb0bf8cb190bc4bbeff3f,Расчеты,used sparse cells,2026-09-16,mixed,LU12,null,2155,n
1.0.0,"Таблица по подбору сечений теплых ангаров пролетами 9м, 12м, 15м, 18м, 21м, 24м версия 1,5.xlsx",0271b96c6fe725d3e50ad7891401958322a5ae97866bb0bf8cb190bc4bbeff3f,Расчеты,used sparse cells,2026-09-16,mixed,LV12,null,2160,n
1.0.0,"Таблица по подбору сечений теплых ангаров пролетами 9м, 12м, 15м, 18м, 21м, 24м версия 1,5.xlsx",0271b96c6fe725d3e50ad7891401958322a5ae97866bb0bf8cb190bc4bbeff3f,Расчеты,used sparse cells,2026-09-16,mixed,LW12,null,2165,n
1.0.0,"Таблица по подбору сечений теплых ангаров пролетами 9м, 12м, 15м, 18м, 21м, 24м версия 1,5.xlsx",0271b96c6fe725d3e50ad7891401958322a5ae97866bb0bf8cb190bc4bbeff3f,Расчеты,used sparse cells,2026-09-16,mixed,LX12,null,2170,n
1.0.0,"Таблица по подбору сечений теплых ангаров пролетами 9м, 12м, 15м, 18м, 21м, 24м версия 1,5.xlsx",0271b96c6fe725d3e50ad7891401958322a5ae97866bb0bf8cb190bc4bbeff3f,Расчеты,used sparse cells,2026-09-16,mixed,LY12,null,2175,n
1.0.0,"Таблица по подбору сечений теплых ангаров пролетами 9м, 12м, 15м, 18м, 21м, 24м версия 1,5.xlsx",0271b96c6fe725d3e50ad7891401958322a5ae97866bb0bf8cb190bc4bbeff3f,Расчеты,used sparse cells,2026-09-16,mixed,LZ12,null,2180,n
1.0.0,"Таблица по подбору сечений теплых ангаров пролетами 9м, 12м, 15м, 18м, 21м, 24м версия 1,5.xlsx",0271b96c6fe725d3e50ad7891401958322a5ae97866bb0bf8cb190bc4bbeff3f,Расчеты,used sparse cells,2026-09-16,mixed,MA12,null,2185,n
1.0.0,"Таблица по подбору сечений теплых ангаров пролетами 9м, 12м, 15м, 18м, 21м, 24м версия 1,5.xlsx",0271b96c6fe725d3e50ad7891401958322a5ae97866bb0bf8cb190bc4bbeff3f,Расчеты,used sparse cells,2026-09-16,mixed,MB12,null,2190,n
1.0.0,"Таблица по подбору сечений теплых ангаров пролетами 9м, 12м, 15м, 18м, 21м, 24м версия 1,5.xlsx",0271b96c6fe725d3e50ad7891401958322a5ae97866bb0bf8cb190bc4bbeff3f,Расчеты,used sparse cells,2026-09-16,mixed,MC12,null,2195,n
1.0.0,"Таблица по подбору сечений теплых ангаров пролетами 9м, 12м, 15м, 18м, 21м, 24м версия 1,5.xlsx",0271b96c6fe725d3e50ad7891401958322a5ae97866bb0bf8cb190bc4bbeff3f,Расчеты,used sparse cells,2026-09-16,mixed,MD12,null,2200,n
1.0.0,"Таблица по подбору сечений теплых ангаров пролетами 9м, 12м, 15м, 18м, 21м, 24м версия 1,5.xlsx",0271b96c6fe725d3e50ad7891401958322a5ae97866bb0bf8cb190bc4bbeff3f,Расчеты,used sparse cells,2026-09-16,mixed,ME12,null,2205,n
1.0.0,"Таблица по подбору сечений теплых ангаров пролетами 9м, 12м, 15м, 18м, 21м, 24м версия 1,5.xlsx",0271b96c6fe725d3e50ad7891401958322a5ae97866bb0bf8cb190bc4bbeff3f,Расчеты,used sparse cells,2026-09-16,mixed,MF12,null,2210,n
1.0.0,"Таблица по подбору сечений теплых ангаров пролетами 9м, 12м, 15м, 18м, 21м, 24м версия 1,5.xlsx",0271b96c6fe725d3e50ad7891401958322a5ae97866bb0bf8cb190bc4bbeff3f,Расчеты,used sparse cells,2026-09-16,mixed,MG12,null,2215,n
1.0.0,"Таблица по подбору сечений теплых ангаров пролетами 9м, 12м, 15м, 18м, 21м, 24м версия 1,5.xlsx",0271b96c6fe725d3e50ad7891401958322a5ae97866bb0bf8cb190bc4bbeff3f,Расчеты,used sparse cells,2026-09-16,mixed,MH12,null,2220,n
1.0.0,"Таблица по подбору сечений теплых ангаров пролетами 9м, 12м, 15м, 18м, 21м, 24м версия 1,5.xlsx",0271b96c6fe725d3e50ad7891401958322a5ae97866bb0bf8cb190bc4bbeff3f,Расчеты,used sparse cells,2026-09-16,mixed,MI12,null,2225,n
1.0.0,"Таблица по подбору сечений теплых ангаров пролетами 9м, 12м, 15м, 18м, 21м, 24м версия 1,5.xlsx",0271b96c6fe725d3e50ad7891401958322a5ae97866bb0bf8cb190bc4bbeff3f,Расчеты,used sparse cells,2026-09-16,mixed,MJ12,null,2230,n
1.0.0,"Таблица по подбору сечений теплых ангаров пролетами 9м, 12м, 15м, 18м, 21м, 24м версия 1,5.xlsx",0271b96c6fe725d3e50ad7891401958322a5ae97866bb0bf8cb190bc4bbeff3f,Расчеты,used sparse cells,2026-09-16,mixed,MK12,null,2235,n
1.0.0,"Таблица по подбору сечений теплых ангаров пролетами 9м, 12м, 15м, 18м, 21м, 24м версия 1,5.xlsx",0271b96c6fe725d3e50ad7891401958322a5ae97866bb0bf8cb190bc4bbeff3f,Расчеты,used sparse cells,2026-09-16,mixed,ML12,null,2240,n
1.0.0,"Таблица по подбору сечений теплых ангаров пролетами 9м, 12м, 15м, 18м, 21м, 24м версия 1,5.xlsx",0271b96c6fe725d3e50ad7891401958322a5ae97866bb0bf8cb190bc4bbeff3f,Расчеты,used sparse cells,2026-09-16,mixed,MM12,null,2245,n
1.0.0,"Таблица по подбору сечений теплых ангаров пролетами 9м, 12м, 15м, 18м, 21м, 24м версия 1,5.xlsx",0271b96c6fe725d3e50ad7891401958322a5ae97866bb0bf8cb190bc4bbeff3f,Расчеты,used sparse cells,2026-09-16,mixed,MN12,null,2250,n
1.0.0,"Таблица по подбору сечений теплых ангаров пролетами 9м, 12м, 15м, 18м, 21м, 24м версия 1,5.xlsx",0271b96c6fe725d3e50ad7891401958322a5ae97866bb0bf8cb190bc4bbeff3f,Расчеты,used sparse cells,2026-09-16,mixed,MO12,null,2255,n
1.0.0,"Таблица по подбору сечений теплых ангаров пролетами 9м, 12м, 15м, 18м, 21м, 24м версия 1,5.xlsx",0271b96c6fe725d3e50ad7891401958322a5ae97866bb0bf8cb190bc4bbeff3f,Расчеты,used sparse cells,2026-09-16,mixed,MP12,null,2260,n
1.0.0,"Таблица по подбору сечений теплых ангаров пролетами 9м, 12м, 15м, 18м, 21м, 24м версия 1,5.xlsx",0271b96c6fe725d3e50ad7891401958322a5ae97866bb0bf8cb190bc4bbeff3f,Расчеты,used sparse cells,2026-09-16,mixed,MQ12,null,2265,n
1.0.0,"Таблица по подбору сечений теплых ангаров пролетами 9м, 12м, 15м, 18м, 21м, 24м версия 1,5.xlsx",0271b96c6fe725d3e50ad7891401958322a5ae97866bb0bf8cb190bc4bbeff3f,Расчеты,used sparse cells,2026-09-16,mixed,MR12,null,2270,n
1.0.0,"Таблица по подбору сечений теплых ангаров пролетами 9м, 12м, 15м, 18м, 21м, 24м версия 1,5.xlsx",0271b96c6fe725d3e50ad7891401958322a5ae97866bb0bf8cb190bc4bbeff3f,Расчеты,used sparse cells,2026-09-16,mixed,MS12,null,2275,n
1.0.0,"Таблица по подбору сечений теплых ангаров пролетами 9м, 12м, 15м, 18м, 21м, 24м версия 1,5.xlsx",0271b96c6fe725d3e50ad7891401958322a5ae97866bb0bf8cb190bc4bbeff3f,Расчеты,used sparse cells,2026-09-16,mixed,MT12,null,2280,n
1.0.0,"Таблица по подбору сечений теплых ангаров пролетами 9м, 12м, 15м, 18м, 21м, 24м версия 1,5.xlsx",0271b96c6fe725d3e50ad7891401958322a5ae97866bb0bf8cb190bc4bbeff3f,Расчеты,used sparse cells,2026-09-16,mixed,MU12,null,2285,n
1.0.0,"Таблица по подбору сечений теплых ангаров пролетами 9м, 12м, 15м, 18м, 21м, 24м версия 1,5.xlsx",0271b96c6fe725d3e50ad7891401958322a5ae97866bb0bf8cb190bc4bbeff3f,Расчеты,used sparse cells,2026-09-16,mixed,MV12,null,2290,n
1.0.0,"Таблица по подбору сечений теплых ангаров пролетами 9м, 12м, 15м, 18м, 21м, 24м версия 1,5.xlsx",0271b96c6fe725d3e50ad7891401958322a5ae97866bb0bf8cb190bc4bbeff3f,Расчеты,used sparse cells,2026-09-16,mixed,MW12,null,2295,n
1.0.0,"Таблица по подбору сечений теплых ангаров пролетами 9м, 12м, 15м, 18м, 21м, 24м версия 1,5.xlsx",0271b96c6fe725d3e50ad7891401958322a5ae97866bb0bf8cb190bc4bbeff3f,Расчеты,used sparse cells,2026-09-16,mixed,MX12,null,2300,n
1.0.0,"Таблица по подбору сечений теплых ангаров пролетами 9м, 12м, 15м, 18м, 21м, 24м версия 1,5.xlsx",0271b96c6fe725d3e50ad7891401958322a5ae97866bb0bf8cb190bc4bbeff3f,Расчеты,used sparse cells,2026-09-16,mixed,MY12,null,2305,n
1.0.0,"Таблица по подбору сечений теплых ангаров пролетами 9м, 12м, 15м, 18м, 21м, 24м версия 1,5.xlsx",0271b96c6fe725d3e50ad7891401958322a5ae97866bb0bf8cb190bc4bbeff3f,Расчеты,used sparse cells,2026-09-16,mixed,MZ12,null,2310,n
1.0.0,"Таблица по подбору сечений теплых ангаров пролетами 9м, 12м, 15м, 18м, 21м, 24м версия 1,5.xlsx",0271b96c6fe725d3e50ad7891401958322a5ae97866bb0bf8cb190bc4bbeff3f,Расчеты,used sparse cells,2026-09-16,mixed,NA12,null,2315,n
1.0.0,"Таблица по подбору сечений теплых ангаров пролетами 9м, 12м, 15м, 18м, 21м, 24м версия 1,5.xlsx",0271b96c6fe725d3e50ad7891401958322a5ae97866bb0bf8cb190bc4bbeff3f,Расчеты,used sparse cells,2026-09-16,mixed,NB12,null,2320,n
1.0.0,"Таблица по подбору сечений теплых ангаров пролетами 9м, 12м, 15м, 18м, 21м, 24м версия 1,5.xlsx",0271b96c6fe725d3e50ad7891401958322a5ae97866bb0bf8cb190bc4bbeff3f,Расчеты,used sparse cells,2026-09-16,mixed,NC12,null,2325,n
1.0.0,"Таблица по подбору сечений теплых ангаров пролетами 9м, 12м, 15м, 18м, 21м, 24м версия 1,5.xlsx",0271b96c6fe725d3e50ad7891401958322a5ae97866bb0bf8cb190bc4bbeff3f,Расчеты,used sparse cells,2026-09-16,mixed,ND12,null,2330,n
1.0.0,"Таблица по подбору сечений теплых ангаров пролетами 9м, 12м, 15м, 18м, 21м, 24м версия 1,5.xlsx",0271b96c6fe725d3e50ad7891401958322a5ae97866bb0bf8cb190bc4bbeff3f,Расчеты,used sparse cells,2026-09-16,mixed,NE12,null,2335,n
1.0.0,"Таблица по подбору сечений теплых ангаров пролетами 9м, 12м, 15м, 18м, 21м, 24м версия 1,5.xlsx",0271b96c6fe725d3e50ad7891401958322a5ae97866bb0bf8cb190bc4bbeff3f,Расчеты,used sparse cells,2026-09-16,mixed,NF12,null,2340,n
1.0.0,"Таблица по подбору сечений теплых ангаров пролетами 9м, 12м, 15м, 18м, 21м, 24м версия 1,5.xlsx",0271b96c6fe725d3e50ad7891401958322a5ae97866bb0bf8cb190bc4bbeff3f,Расчеты,used sparse cells,2026-09-16,mixed,NG12,null,2345,n
1.0.0,"Таблица по подбору сечений теплых ангаров пролетами 9м, 12м, 15м, 18м, 21м, 24м версия 1,5.xlsx",0271b96c6fe725d3e50ad7891401958322a5ae97866bb0bf8cb190bc4bbeff3f,Расчеты,used sparse cells,2026-09-16,mixed,NH12,null,2350,n
1.0.0,"Таблица по подбору сечений теплых ангаров пролетами 9м, 12м, 15м, 18м, 21м, 24м версия 1,5.xlsx",0271b96c6fe725d3e50ad7891401958322a5ae97866bb0bf8cb190bc4bbeff3f,Расчеты,used sparse cells,2026-09-16,mixed,NI12,null,2355,n
1.0.0,"Таблица по подбору сечений теплых ангаров пролетами 9м, 12м, 15м, 18м, 21м, 24м версия 1,5.xlsx",0271b96c6fe725d3e50ad7891401958322a5ae97866bb0bf8cb190bc4bbeff3f,Расчеты,used sparse cells,2026-09-16,mixed,NJ12,null,2360,n
1.0.0,"Таблица по подбору сечений теплых ангаров пролетами 9м, 12м, 15м, 18м, 21м, 24м версия 1,5.xlsx",0271b96c6fe725d3e50ad7891401958322a5ae97866bb0bf8cb190bc4bbeff3f,Расчеты,used sparse cells,2026-09-16,mixed,NK12,null,2365,n
1.0.0,"Таблица по подбору сечений теплых ангаров пролетами 9м, 12м, 15м, 18м, 21м, 24м версия 1,5.xlsx",0271b96c6fe725d3e50ad7891401958322a5ae97866bb0bf8cb190bc4bbeff3f,Расчеты,used sparse cells,2026-09-16,mixed,NL12,null,2370,n
1.0.0,"Таблица по подбору сечений теплых ангаров пролетами 9м, 12м, 15м, 18м, 21м, 24м версия 1,5.xlsx",0271b96c6fe725d3e50ad7891401958322a5ae97866bb0bf8cb190bc4bbeff3f,Расчеты,used sparse cells,2026-09-16,mixed,NM12,null,2375,n
1.0.0,"Таблица по подбору сечений теплых ангаров пролетами 9м, 12м, 15м, 18м, 21м, 24м версия 1,5.xlsx",0271b96c6fe725d3e50ad7891401958322a5ae97866bb0bf8cb190bc4bbeff3f,Расчеты,used sparse cells,2026-09-16,mixed,NN12,null,2380,n
1.0.0,"Таблица по подбору сечений теплых ангаров пролетами 9м, 12м, 15м, 18м, 21м, 24м версия 1,5.xlsx",0271b96c6fe725d3e50ad7891401958322a5ae97866bb0bf8cb190bc4bbeff3f,Расчеты,used sparse cells,2026-09-16,mixed,NO12,null,2385,n
1.0.0,"Таблица по подбору сечений теплых ангаров пролетами 9м, 12м, 15м, 18м, 21м, 24м версия 1,5.xlsx",0271b96c6fe725d3e50ad7891401958322a5ae97866bb0bf8cb190bc4bbeff3f,Расчеты,used sparse cells,2026-09-16,mixed,NP12,null,2390,n
1.0.0,"Таблица по подбору сечений теплых ангаров пролетами 9м, 12м, 15м, 18м, 21м, 24м версия 1,5.xlsx",0271b96c6fe725d3e50ad7891401958322a5ae97866bb0bf8cb190bc4bbeff3f,Расчеты,used sparse cells,2026-09-16,mixed,NQ12,null,2395,n
1.0.0,"Таблица по подбору сечений теплых ангаров пролетами 9м, 12м, 15м, 18м, 21м, 24м версия 1,5.xlsx",0271b96c6fe725d3e50ad7891401958322a5ae97866bb0bf8cb190bc4bbeff3f,Расчеты,used sparse cells,2026-09-16,mixed,NR12,null,2400,n
1.0.0,"Таблица по подбору сечений теплых ангаров пролетами 9м, 12м, 15м, 18м, 21м, 24м версия 1,5.xlsx",0271b96c6fe725d3e50ad7891401958322a5ae97866bb0bf8cb190bc4bbeff3f,Расчеты,used sparse cells,2026-09-16,mixed,NS12,null,2405,n
1.0.0,"Таблица по подбору сечений теплых ангаров пролетами 9м, 12м, 15м, 18м, 21м, 24м версия 1,5.xlsx",0271b96c6fe725d3e50ad7891401958322a5ae97866bb0bf8cb190bc4bbeff3f,Расчеты,used sparse cells,2026-09-16,mixed,NT12,null,2410,n
1.0.0,"Таблица по подбору сечений теплых ангаров пролетами 9м, 12м, 15м, 18м, 21м, 24м версия 1,5.xlsx",0271b96c6fe725d3e50ad7891401958322a5ae97866bb0bf8cb190bc4bbeff3f,Расчеты,used sparse cells,2026-09-16,mixed,NU12,null,2415,n
1.0.0,"Таблица по подбору сечений теплых ангаров пролетами 9м, 12м, 15м, 18м, 21м, 24м версия 1,5.xlsx",0271b96c6fe725d3e50ad7891401958322a5ae97866bb0bf8cb190bc4bbeff3f,Расчеты,used sparse cells,2026-09-16,mixed,NV12,null,2420,n
1.0.0,"Таблица по подбору сечений теплых ангаров пролетами 9м, 12м, 15м, 18м, 21м, 24м версия 1,5.xlsx",0271b96c6fe725d3e50ad7891401958322a5ae97866bb0bf8cb190bc4bbeff3f,Расчеты,used sparse cells,2026-09-16,mixed,NW12,null,2425,n
1.0.0,"Таблица по подбору сечений теплых ангаров пролетами 9м, 12м, 15м, 18м, 21м, 24м версия 1,5.xlsx",0271b96c6fe725d3e50ad7891401958322a5ae97866bb0bf8cb190bc4bbeff3f,Расчеты,used sparse cells,2026-09-16,mixed,NX12,null,2430,n
1.0.0,"Таблица по подбору сечений теплых ангаров пролетами 9м, 12м, 15м, 18м, 21м, 24м версия 1,5.xlsx",0271b96c6fe725d3e50ad7891401958322a5ae97866bb0bf8cb190bc4bbeff3f,Расчеты,used sparse cells,2026-09-16,mixed,NY12,null,2435,n
1.0.0,"Таблица по подбору сечений теплых ангаров пролетами 9м, 12м, 15м, 18м, 21м, 24м версия 1,5.xlsx",0271b96c6fe725d3e50ad7891401958322a5ae97866bb0bf8cb190bc4bbeff3f,Расчеты,used sparse cells,2026-09-16,mixed,NZ12,null,2440,n
1.0.0,"Таблица по подбору сечений теплых ангаров пролетами 9м, 12м, 15м, 18м, 21м, 24м версия 1,5.xlsx",0271b96c6fe725d3e50ad7891401958322a5ae97866bb0bf8cb190bc4bbeff3f,Расчеты,used sparse cells,2026-09-16,mixed,OA12,null,2445,n
1.0.0,"Таблица по подбору сечений теплых ангаров пролетами 9м, 12м, 15м, 18м, 21м, 24м версия 1,5.xlsx",0271b96c6fe725d3e50ad7891401958322a5ae97866bb0bf8cb190bc4bbeff3f,Расчеты,used sparse cells,2026-09-16,mixed,OB12,null,2450,n
1.0.0,"Таблица по подбору сечений теплых ангаров пролетами 9м, 12м, 15м, 18м, 21м, 24м версия 1,5.xlsx",0271b96c6fe725d3e50ad7891401958322a5ae97866bb0bf8cb190bc4bbeff3f,Расчеты,used sparse cells,2026-09-16,mixed,OC12,null,2455,n
1.0.0,"Таблица по подбору сечений теплых ангаров пролетами 9м, 12м, 15м, 18м, 21м, 24м версия 1,5.xlsx",0271b96c6fe725d3e50ad7891401958322a5ae97866bb0bf8cb190bc4bbeff3f,Расчеты,used sparse cells,2026-09-16,mixed,OD12,null,2460,n
1.0.0,"Таблица по подбору сечений теплых ангаров пролетами 9м, 12м, 15м, 18м, 21м, 24м версия 1,5.xlsx",0271b96c6fe725d3e50ad7891401958322a5ae97866bb0bf8cb190bc4bbeff3f,Расчеты,used sparse cells,2026-09-16,mixed,OE12,null,2465,n
1.0.0,"Таблица по подбору сечений теплых ангаров пролетами 9м, 12м, 15м, 18м, 21м, 24м версия 1,5.xlsx",0271b96c6fe725d3e50ad7891401958322a5ae97866bb0bf8cb190bc4bbeff3f,Расчеты,used sparse cells,2026-09-16,mixed,OF12,null,2470,n
1.0.0,"Таблица по подбору сечений теплых ангаров пролетами 9м, 12м, 15м, 18м, 21м, 24м версия 1,5.xlsx",0271b96c6fe725d3e50ad7891401958322a5ae97866bb0bf8cb190bc4bbeff3f,Расчеты,used sparse cells,2026-09-16,mixed,OG12,null,2475,n
1.0.0,"Таблица по подбору сечений теплых ангаров пролетами 9м, 12м, 15м, 18м, 21м, 24м версия 1,5.xlsx",0271b96c6fe725d3e50ad7891401958322a5ae97866bb0bf8cb190bc4bbeff3f,Расчеты,used sparse cells,2026-09-16,mixed,OH12,null,2480,n
1.0.0,"Таблица по подбору сечений теплых ангаров пролетами 9м, 12м, 15м, 18м, 21м, 24м версия 1,5.xlsx",0271b96c6fe725d3e50ad7891401958322a5ae97866bb0bf8cb190bc4bbeff3f,Расчеты,used sparse cells,2026-09-16,mixed,OI12,null,2485,n
1.0.0,"Таблица по подбору сечений теплых ангаров пролетами 9м, 12м, 15м, 18м, 21м, 24м версия 1,5.xlsx",0271b96c6fe725d3e50ad7891401958322a5ae97866bb0bf8cb190bc4bbeff3f,Расчеты,used sparse cells,2026-09-16,mixed,OJ12,null,2490,n
1.0.0,"Таблица по подбору сечений теплых ангаров пролетами 9м, 12м, 15м, 18м, 21м, 24м версия 1,5.xlsx",0271b96c6fe725d3e50ad7891401958322a5ae97866bb0bf8cb190bc4bbeff3f,Расчеты,used sparse cells,2026-09-16,mixed,OK12,null,2495,n
1.0.0,"Таблица по подбору сечений теплых ангаров пролетами 9м, 12м, 15м, 18м, 21м, 24м версия 1,5.xlsx",0271b96c6fe725d3e50ad7891401958322a5ae97866bb0bf8cb190bc4bbeff3f,Расчеты,used sparse cells,2026-09-16,mixed,OL12,null,2500,n
1.0.0,"Таблица по подбору сечений теплых ангаров пролетами 9м, 12м, 15м, 18м, 21м, 24м версия 1,5.xlsx",0271b96c6fe725d3e50ad7891401958322a5ae97866bb0bf8cb190bc4bbeff3f,Расчеты,used sparse cells,2026-09-16,mixed,OM12,null,2505,n
1.0.0,"Таблица по подбору сечений теплых ангаров пролетами 9м, 12м, 15м, 18м, 21м, 24м версия 1,5.xlsx",0271b96c6fe725d3e50ad7891401958322a5ae97866bb0bf8cb190bc4bbeff3f,Расчеты,used sparse cells,2026-09-16,mixed,ON12,null,2510,n
1.0.0,"Таблица по подбору сечений теплых ангаров пролетами 9м, 12м, 15м, 18м, 21м, 24м версия 1,5.xlsx",0271b96c6fe725d3e50ad7891401958322a5ae97866bb0bf8cb190bc4bbeff3f,Расчеты,used sparse cells,2026-09-16,mixed,OO12,null,2515,n
1.0.0,"Таблица по подбору сечений теплых ангаров пролетами 9м, 12м, 15м, 18м, 21м, 24м версия 1,5.xlsx",0271b96c6fe725d3e50ad7891401958322a5ae97866bb0bf8cb190bc4bbeff3f,Расчеты,used sparse cells,2026-09-16,mixed,OP12,null,2520,n
1.0.0,"Таблица по подбору сечений теплых ангаров пролетами 9м, 12м, 15м, 18м, 21м, 24м версия 1,5.xlsx",0271b96c6fe725d3e50ad7891401958322a5ae97866bb0bf8cb190bc4bbeff3f,Расчеты,used sparse cells,2026-09-16,mixed,OQ12,null,2525,n
1.0.0,"Таблица по подбору сечений теплых ангаров пролетами 9м, 12м, 15м, 18м, 21м, 24м версия 1,5.xlsx",0271b96c6fe725d3e50ad7891401958322a5ae97866bb0bf8cb190bc4bbeff3f,Расчеты,used sparse cells,2026-09-16,mixed,OR12,null,2530,n
1.0.0,"Таблица по подбору сечений теплых ангаров пролетами 9м, 12м, 15м, 18м, 21м, 24м версия 1,5.xlsx",0271b96c6fe725d3e50ad7891401958322a5ae97866bb0bf8cb190bc4bbeff3f,Расчеты,used sparse cells,2026-09-16,mixed,OS12,null,2535,n
1.0.0,"Таблица по подбору сечений теплых ангаров пролетами 9м, 12м, 15м, 18м, 21м, 24м версия 1,5.xlsx",0271b96c6fe725d3e50ad7891401958322a5ae97866bb0bf8cb190bc4bbeff3f,Расчеты,used sparse cells,2026-09-16,mixed,OT12,null,2540,n
1.0.0,"Таблица по подбору сечений теплых ангаров пролетами 9м, 12м, 15м, 18м, 21м, 24м версия 1,5.xlsx",0271b96c6fe725d3e50ad7891401958322a5ae97866bb0bf8cb190bc4bbeff3f,Расчеты,used sparse cells,2026-09-16,mixed,OU12,null,2545,n
1.0.0,"Таблица по подбору сечений теплых ангаров пролетами 9м, 12м, 15м, 18м, 21м, 24м версия 1,5.xlsx",0271b96c6fe725d3e50ad7891401958322a5ae97866bb0bf8cb190bc4bbeff3f,Расчеты,used sparse cells,2026-09-16,mixed,OV12,null,2550,n
1.0.0,"Таблица по подбору сечений теплых ангаров пролетами 9м, 12м, 15м, 18м, 21м, 24м версия 1,5.xlsx",0271b96c6fe725d3e50ad7891401958322a5ae97866bb0bf8cb190bc4bbeff3f,Расчеты,used sparse cells,2026-09-16,mixed,OW12,null,2555,n
1.0.0,"Таблица по подбору сечений теплых ангаров пролетами 9м, 12м, 15м, 18м, 21м, 24м версия 1,5.xlsx",0271b96c6fe725d3e50ad7891401958322a5ae97866bb0bf8cb190bc4bbeff3f,Расчеты,used sparse cells,2026-09-16,mixed,OX12,null,2560,n
1.0.0,"Таблица по подбору сечений теплых ангаров пролетами 9м, 12м, 15м, 18м, 21м, 24м версия 1,5.xlsx",0271b96c6fe725d3e50ad7891401958322a5ae97866bb0bf8cb190bc4bbeff3f,Расчеты,used sparse cells,2026-09-16,mixed,OY12,null,2565,n
1.0.0,"Таблица по подбору сечений теплых ангаров пролетами 9м, 12м, 15м, 18м, 21м, 24м версия 1,5.xlsx",0271b96c6fe725d3e50ad7891401958322a5ae97866bb0bf8cb190bc4bbeff3f,Расчеты,used sparse cells,2026-09-16,mixed,OZ12,null,2570,n
1.0.0,"Таблица по подбору сечений теплых ангаров пролетами 9м, 12м, 15м, 18м, 21м, 24м версия 1,5.xlsx",0271b96c6fe725d3e50ad7891401958322a5ae97866bb0bf8cb190bc4bbeff3f,Расчеты,used sparse cells,2026-09-16,mixed,PA12,null,2575,n
1.0.0,"Таблица по подбору сечений теплых ангаров пролетами 9м, 12м, 15м, 18м, 21м, 24м версия 1,5.xlsx",0271b96c6fe725d3e50ad7891401958322a5ae97866bb0bf8cb190bc4bbeff3f,Расчеты,used sparse cells,2026-09-16,mixed,PB12,null,2580,n
1.0.0,"Таблица по подбору сечений теплых ангаров пролетами 9м, 12м, 15м, 18м, 21м, 24м версия 1,5.xlsx",0271b96c6fe725d3e50ad7891401958322a5ae97866bb0bf8cb190bc4bbeff3f,Расчеты,used sparse cells,2026-09-16,mixed,PC12,null,2585,n
1.0.0,"Таблица по подбору сечений теплых ангаров пролетами 9м, 12м, 15м, 18м, 21м, 24м версия 1,5.xlsx",0271b96c6fe725d3e50ad7891401958322a5ae97866bb0bf8cb190bc4bbeff3f,Расчеты,used sparse cells,2026-09-16,mixed,PD12,null,2590,n
1.0.0,"Таблица по подбору сечений теплых ангаров пролетами 9м, 12м, 15м, 18м, 21м, 24м версия 1,5.xlsx",0271b96c6fe725d3e50ad7891401958322a5ae97866bb0bf8cb190bc4bbeff3f,Расчеты,used sparse cells,2026-09-16,mixed,PE12,null,2595,n
1.0.0,"Таблица по подбору сечений теплых ангаров пролетами 9м, 12м, 15м, 18м, 21м, 24м версия 1,5.xlsx",0271b96c6fe725d3e50ad7891401958322a5ae97866bb0bf8cb190bc4bbeff3f,Расчеты,used sparse cells,2026-09-16,mixed,PF12,null,2600,n
1.0.0,"Таблица по подбору сечений теплых ангаров пролетами 9м, 12м, 15м, 18м, 21м, 24м версия 1,5.xlsx",0271b96c6fe725d3e50ad7891401958322a5ae97866bb0bf8cb190bc4bbeff3f,Расчеты,used sparse cells,2026-09-16,mixed,PG12,null,2605,n
1.0.0,"Таблица по подбору сечений теплых ангаров пролетами 9м, 12м, 15м, 18м, 21м, 24м версия 1,5.xlsx",0271b96c6fe725d3e50ad7891401958322a5ae97866bb0bf8cb190bc4bbeff3f,Расчеты,used sparse cells,2026-09-16,mixed,PH12,null,2610,n
1.0.0,"Таблица по подбору сечений теплых ангаров пролетами 9м, 12м, 15м, 18м, 21м, 24м версия 1,5.xlsx",0271b96c6fe725d3e50ad7891401958322a5ae97866bb0bf8cb190bc4bbeff3f,Расчеты,used sparse cells,2026-09-16,mixed,PI12,null,2615,n
1.0.0,"Таблица по подбору сечений теплых ангаров пролетами 9м, 12м, 15м, 18м, 21м, 24м версия 1,5.xlsx",0271b96c6fe725d3e50ad7891401958322a5ae97866bb0bf8cb190bc4bbeff3f,Расчеты,used sparse cells,2026-09-16,mixed,PJ12,null,2620,n
1.0.0,"Таблица по подбору сечений теплых ангаров пролетами 9м, 12м, 15м, 18м, 21м, 24м версия 1,5.xlsx",0271b96c6fe725d3e50ad7891401958322a5ae97866bb0bf8cb190bc4bbeff3f,Расчеты,used sparse cells,2026-09-16,mixed,PK12,null,2625,n
1.0.0,"Таблица по подбору сечений теплых ангаров пролетами 9м, 12м, 15м, 18м, 21м, 24м версия 1,5.xlsx",0271b96c6fe725d3e50ad7891401958322a5ae97866bb0bf8cb190bc4bbeff3f,Расчеты,used sparse cells,2026-09-16,mixed,PL12,null,2630,n
1.0.0,"Таблица по подбору сечений теплых ангаров пролетами 9м, 12м, 15м, 18м, 21м, 24м версия 1,5.xlsx",0271b96c6fe725d3e50ad7891401958322a5ae97866bb0bf8cb190bc4bbeff3f,Расчеты,used sparse cells,2026-09-16,mixed,PM12,null,2635,n
1.0.0,"Таблица по подбору сечений теплых ангаров пролетами 9м, 12м, 15м, 18м, 21м, 24м версия 1,5.xlsx",0271b96c6fe725d3e50ad7891401958322a5ae97866bb0bf8cb190bc4bbeff3f,Расчеты,used sparse cells,2026-09-16,mixed,PN12,null,2640,n
1.0.0,"Таблица по подбору сечений теплых ангаров пролетами 9м, 12м, 15м, 18м, 21м, 24м версия 1,5.xlsx",0271b96c6fe725d3e50ad7891401958322a5ae97866bb0bf8cb190bc4bbeff3f,Расчеты,used sparse cells,2026-09-16,mixed,PO12,null,2645,n
1.0.0,"Таблица по подбору сечений теплых ангаров пролетами 9м, 12м, 15м, 18м, 21м, 24м версия 1,5.xlsx",0271b96c6fe725d3e50ad7891401958322a5ae97866bb0bf8cb190bc4bbeff3f,Расчеты,used sparse cells,2026-09-16,mixed,PP12,null,2650,n
1.0.0,"Таблица по подбору сечений теплых ангаров пролетами 9м, 12м, 15м, 18м, 21м, 24м версия 1,5.xlsx",0271b96c6fe725d3e50ad7891401958322a5ae97866bb0bf8cb190bc4bbeff3f,Расчеты,used sparse cells,2026-09-16,mixed,PQ12,null,2655,n
1.0.0,"Таблица по подбору сечений теплых ангаров пролетами 9м, 12м, 15м, 18м, 21м, 24м версия 1,5.xlsx",0271b96c6fe725d3e50ad7891401958322a5ae97866bb0bf8cb190bc4bbeff3f,Расчеты,used sparse cells,2026-09-16,mixed,PR12,null,2660,n
1.0.0,"Таблица по подбору сечений теплых ангаров пролетами 9м, 12м, 15м, 18м, 21м, 24м версия 1,5.xlsx",0271b96c6fe725d3e50ad7891401958322a5ae97866bb0bf8cb190bc4bbeff3f,Расчеты,used sparse cells,2026-09-16,mixed,PS12,null,2665,n
1.0.0,"Таблица по подбору сечений теплых ангаров пролетами 9м, 12м, 15м, 18м, 21м, 24м версия 1,5.xlsx",0271b96c6fe725d3e50ad7891401958322a5ae97866bb0bf8cb190bc4bbeff3f,Расчеты,used sparse cells,2026-09-16,mixed,PT12,null,2670,n
1.0.0,"Таблица по подбору сечений теплых ангаров пролетами 9м, 12м, 15м, 18м, 21м, 24м версия 1,5.xlsx",0271b96c6fe725d3e50ad7891401958322a5ae97866bb0bf8cb190bc4bbeff3f,Расчеты,used sparse cells,2026-09-16,mixed,PU12,null,2675,n
1.0.0,"Таблица по подбору сечений теплых ангаров пролетами 9м, 12м, 15м, 18м, 21м, 24м версия 1,5.xlsx",0271b96c6fe725d3e50ad7891401958322a5ae97866bb0bf8cb190bc4bbeff3f,Расчеты,used sparse cells,2026-09-16,mixed,PV12,null,2680,n
1.0.0,"Таблица по подбору сечений теплых ангаров пролетами 9м, 12м, 15м, 18м, 21м, 24м версия 1,5.xlsx",0271b96c6fe725d3e50ad7891401958322a5ae97866bb0bf8cb190bc4bbeff3f,Расчеты,used sparse cells,2026-09-16,mixed,PW12,null,2685,n
1.0.0,"Таблица по подбору сечений теплых ангаров пролетами 9м, 12м, 15м, 18м, 21м, 24м версия 1,5.xlsx",0271b96c6fe725d3e50ad7891401958322a5ae97866bb0bf8cb190bc4bbeff3f,Расчеты,used sparse cells,2026-09-16,mixed,PX12,null,2690,n
1.0.0,"Таблица по подбору сечений теплых ангаров пролетами 9м, 12м, 15м, 18м, 21м, 24м версия 1,5.xlsx",0271b96c6fe725d3e50ad7891401958322a5ae97866bb0bf8cb190bc4bbeff3f,Расчеты,used sparse cells,2026-09-16,mixed,PY12,null,2695,n
1.0.0,"Таблица по подбору сечений теплых ангаров пролетами 9м, 12м, 15м, 18м, 21м, 24м версия 1,5.xlsx",0271b96c6fe725d3e50ad7891401958322a5ae97866bb0bf8cb190bc4bbeff3f,Расчеты,used sparse cells,2026-09-16,mixed,PZ12,null,2700,n
1.0.0,"Таблица по подбору сечений теплых ангаров пролетами 9м, 12м, 15м, 18м, 21м, 24м версия 1,5.xlsx",0271b96c6fe725d3e50ad7891401958322a5ae97866bb0bf8cb190bc4bbeff3f,Расчеты,used sparse cells,2026-09-16,mixed,QA12,null,2705,n
1.0.0,"Таблица по подбору сечений теплых ангаров пролетами 9м, 12м, 15м, 18м, 21м, 24м версия 1,5.xlsx",0271b96c6fe725d3e50ad7891401958322a5ae97866bb0bf8cb190bc4bbeff3f,Расчеты,used sparse cells,2026-09-16,mixed,QB12,null,2710,n
1.0.0,"Таблица по подбору сечений теплых ангаров пролетами 9м, 12м, 15м, 18м, 21м, 24м версия 1,5.xlsx",0271b96c6fe725d3e50ad7891401958322a5ae97866bb0bf8cb190bc4bbeff3f,Расчеты,used sparse cells,2026-09-16,mixed,QC12,null,2715,n
1.0.0,"Таблица по подбору сечений теплых ангаров пролетами 9м, 12м, 15м, 18м, 21м, 24м версия 1,5.xlsx",0271b96c6fe725d3e50ad7891401958322a5ae97866bb0bf8cb190bc4bbeff3f,Расчеты,used sparse cells,2026-09-16,mixed,QD12,null,2720,n
1.0.0,"Таблица по подбору сечений теплых ангаров пролетами 9м, 12м, 15м, 18м, 21м, 24м версия 1,5.xlsx",0271b96c6fe725d3e50ad7891401958322a5ae97866bb0bf8cb190bc4bbeff3f,Расчеты,used sparse cells,2026-09-16,mixed,QE12,null,2725,n
1.0.0,"Таблица по подбору сечений теплых ангаров пролетами 9м, 12м, 15м, 18м, 21м, 24м версия 1,5.xlsx",0271b96c6fe725d3e50ad7891401958322a5ae97866bb0bf8cb190bc4bbeff3f,Расчеты,used sparse cells,2026-09-16,mixed,QF12,null,2730,n
1.0.0,"Таблица по подбору сечений теплых ангаров пролетами 9м, 12м, 15м, 18м, 21м, 24м версия 1,5.xlsx",0271b96c6fe725d3e50ad7891401958322a5ae97866bb0bf8cb190bc4bbeff3f,Расчеты,used sparse cells,2026-09-16,mixed,QG12,null,2735,n
1.0.0,"Таблица по подбору сечений теплых ангаров пролетами 9м, 12м, 15м, 18м, 21м, 24м версия 1,5.xlsx",0271b96c6fe725d3e50ad7891401958322a5ae97866bb0bf8cb190bc4bbeff3f,Расчеты,used sparse cells,2026-09-16,mixed,QH12,null,2740,n
1.0.0,"Таблица по подбору сечений теплых ангаров пролетами 9м, 12м, 15м, 18м, 21м, 24м версия 1,5.xlsx",0271b96c6fe725d3e50ad7891401958322a5ae97866bb0bf8cb190bc4bbeff3f,Расчеты,used sparse cells,2026-09-16,mixed,QI12,null,2745,n
1.0.0,"Таблица по подбору сечений теплых ангаров пролетами 9м, 12м, 15м, 18м, 21м, 24м версия 1,5.xlsx",0271b96c6fe725d3e50ad7891401958322a5ae97866bb0bf8cb190bc4bbeff3f,Расчеты,used sparse cells,2026-09-16,mixed,QJ12,null,2750,n
1.0.0,"Таблица по подбору сечений теплых ангаров пролетами 9м, 12м, 15м, 18м, 21м, 24м версия 1,5.xlsx",0271b96c6fe725d3e50ad7891401958322a5ae97866bb0bf8cb190bc4bbeff3f,Расчеты,used sparse cells,2026-09-16,mixed,QK12,null,2755,n
1.0.0,"Таблица по подбору сечений теплых ангаров пролетами 9м, 12м, 15м, 18м, 21м, 24м версия 1,5.xlsx",0271b96c6fe725d3e50ad7891401958322a5ae97866bb0bf8cb190bc4bbeff3f,Расчеты,used sparse cells,2026-09-16,mixed,QL12,null,2760,n
1.0.0,"Таблица по подбору сечений теплых ангаров пролетами 9м, 12м, 15м, 18м, 21м, 24м версия 1,5.xlsx",0271b96c6fe725d3e50ad7891401958322a5ae97866bb0bf8cb190bc4bbeff3f,Расчеты,used sparse cells,2026-09-16,mixed,QM12,null,2765,n
1.0.0,"Таблица по подбору сечений теплых ангаров пролетами 9м, 12м, 15м, 18м, 21м, 24м версия 1,5.xlsx",0271b96c6fe725d3e50ad7891401958322a5ae97866bb0bf8cb190bc4bbeff3f,Расчеты,used sparse cells,2026-09-16,mixed,QN12,null,2770,n
1.0.0,"Таблица по подбору сечений теплых ангаров пролетами 9м, 12м, 15м, 18м, 21м, 24м версия 1,5.xlsx",0271b96c6fe725d3e50ad7891401958322a5ae97866bb0bf8cb190bc4bbeff3f,Расчеты,used sparse cells,2026-09-16,mixed,QO12,null,2775,n
1.0.0,"Таблица по подбору сечений теплых ангаров пролетами 9м, 12м, 15м, 18м, 21м, 24м версия 1,5.xlsx",0271b96c6fe725d3e50ad7891401958322a5ae97866bb0bf8cb190bc4bbeff3f,Расчеты,used sparse cells,2026-09-16,mixed,QP12,null,2780,n
1.0.0,"Таблица по подбору сечений теплых ангаров пролетами 9м, 12м, 15м, 18м, 21м, 24м версия 1,5.xlsx",0271b96c6fe725d3e50ad7891401958322a5ae97866bb0bf8cb190bc4bbeff3f,Расчеты,used sparse cells,2026-09-16,mixed,QQ12,null,2785,n
1.0.0,"Таблица по подбору сечений теплых ангаров пролетами 9м, 12м, 15м, 18м, 21м, 24м версия 1,5.xlsx",0271b96c6fe725d3e50ad7891401958322a5ae97866bb0bf8cb190bc4bbeff3f,Расчеты,used sparse cells,2026-09-16,mixed,QR12,null,2790,n
1.0.0,"Таблица по подбору сечений теплых ангаров пролетами 9м, 12м, 15м, 18м, 21м, 24м версия 1,5.xlsx",0271b96c6fe725d3e50ad7891401958322a5ae97866bb0bf8cb190bc4bbeff3f,Расчеты,used sparse cells,2026-09-16,mixed,QS12,null,2795,n
1.0.0,"Таблица по подбору сечений теплых ангаров пролетами 9м, 12м, 15м, 18м, 21м, 24м версия 1,5.xlsx",0271b96c6fe725d3e50ad7891401958322a5ae97866bb0bf8cb190bc4bbeff3f,Расчеты,used sparse cells,2026-09-16,mixed,QT12,null,2800,n
1.0.0,"Таблица по подбору сечений теплых ангаров пролетами 9м, 12м, 15м, 18м, 21м, 24м версия 1,5.xlsx",0271b96c6fe725d3e50ad7891401958322a5ae97866bb0bf8cb190bc4bbeff3f,Расчеты,used sparse cells,2026-09-16,mixed,QU12,null,2805,n
1.0.0,"Таблица по подбору сечений теплых ангаров пролетами 9м, 12м, 15м, 18м, 21м, 24м версия 1,5.xlsx",0271b96c6fe725d3e50ad7891401958322a5ae97866bb0bf8cb190bc4bbeff3f,Расчеты,used sparse cells,2026-09-16,mixed,QV12,null,2810,n
1.0.0,"Таблица по подбору сечений теплых ангаров пролетами 9м, 12м, 15м, 18м, 21м, 24м версия 1,5.xlsx",0271b96c6fe725d3e50ad7891401958322a5ae97866bb0bf8cb190bc4bbeff3f,Расчеты,used sparse cells,2026-09-16,mixed,QW12,null,2815,n
1.0.0,"Таблица по подбору сечений теплых ангаров пролетами 9м, 12м, 15м, 18м, 21м, 24м версия 1,5.xlsx",0271b96c6fe725d3e50ad7891401958322a5ae97866bb0bf8cb190bc4bbeff3f,Расчеты,used sparse cells,2026-09-16,mixed,QX12,null,2820,n
1.0.0,"Таблица по подбору сечений теплых ангаров пролетами 9м, 12м, 15м, 18м, 21м, 24м версия 1,5.xlsx",0271b96c6fe725d3e50ad7891401958322a5ae97866bb0bf8cb190bc4bbeff3f,Расчеты,used sparse cells,2026-09-16,mixed,QY12,null,2825,n
1.0.0,"Таблица по подбору сечений теплых ангаров пролетами 9м, 12м, 15м, 18м, 21м, 24м версия 1,5.xlsx",0271b96c6fe725d3e50ad7891401958322a5ae97866bb0bf8cb190bc4bbeff3f,Расчеты,used sparse cells,2026-09-16,mixed,QZ12,null,2830,n
1.0.0,"Таблица по подбору сечений теплых ангаров пролетами 9м, 12м, 15м, 18м, 21м, 24м версия 1,5.xlsx",0271b96c6fe725d3e50ad7891401958322a5ae97866bb0bf8cb190bc4bbeff3f,Расчеты,used sparse cells,2026-09-16,mixed,RA12,null,2835,n
1.0.0,"Таблица по подбору сечений теплых ангаров пролетами 9м, 12м, 15м, 18м, 21м, 24м версия 1,5.xlsx",0271b96c6fe725d3e50ad7891401958322a5ae97866bb0bf8cb190bc4bbeff3f,Расчеты,used sparse cells,2026-09-16,mixed,RB12,null,2840,n
1.0.0,"Таблица по подбору сечений теплых ангаров пролетами 9м, 12м, 15м, 18м, 21м, 24м версия 1,5.xlsx",0271b96c6fe725d3e50ad7891401958322a5ae97866bb0bf8cb190bc4bbeff3f,Расчеты,used sparse cells,2026-09-16,mixed,RC12,null,2845,n
1.0.0,"Таблица по подбору сечений теплых ангаров пролетами 9м, 12м, 15м, 18м, 21м, 24м версия 1,5.xlsx",0271b96c6fe725d3e50ad7891401958322a5ae97866bb0bf8cb190bc4bbeff3f,Расчеты,used sparse cells,2026-09-16,mixed,RD12,null,2850,n
1.0.0,"Таблица по подбору сечений теплых ангаров пролетами 9м, 12м, 15м, 18м, 21м, 24м версия 1,5.xlsx",0271b96c6fe725d3e50ad7891401958322a5ae97866bb0bf8cb190bc4bbeff3f,Расчеты,used sparse cells,2026-09-16,mixed,RE12,null,2855,n
1.0.0,"Таблица по подбору сечений теплых ангаров пролетами 9м, 12м, 15м, 18м, 21м, 24м версия 1,5.xlsx",0271b96c6fe725d3e50ad7891401958322a5ae97866bb0bf8cb190bc4bbeff3f,Расчеты,used sparse cells,2026-09-16,mixed,RF12,null,2860,n
1.0.0,"Таблица по подбору сечений теплых ангаров пролетами 9м, 12м, 15м, 18м, 21м, 24м версия 1,5.xlsx",0271b96c6fe725d3e50ad7891401958322a5ae97866bb0bf8cb190bc4bbeff3f,Расчеты,used sparse cells,2026-09-16,mixed,RG12,null,2865,n
1.0.0,"Таблица по подбору сечений теплых ангаров пролетами 9м, 12м, 15м, 18м, 21м, 24м версия 1,5.xlsx",0271b96c6fe725d3e50ad7891401958322a5ae97866bb0bf8cb190bc4bbeff3f,Расчеты,used sparse cells,2026-09-16,mixed,RH12,null,2870,n
1.0.0,"Таблица по подбору сечений теплых ангаров пролетами 9м, 12м, 15м, 18м, 21м, 24м версия 1,5.xlsx",0271b96c6fe725d3e50ad7891401958322a5ae97866bb0bf8cb190bc4bbeff3f,Расчеты,used sparse cells,2026-09-16,mixed,RI12,null,2875,n
1.0.0,"Таблица по подбору сечений теплых ангаров пролетами 9м, 12м, 15м, 18м, 21м, 24м версия 1,5.xlsx",0271b96c6fe725d3e50ad7891401958322a5ae97866bb0bf8cb190bc4bbeff3f,Расчеты,used sparse cells,2026-09-16,mixed,RJ12,null,2880,n
1.0.0,"Таблица по подбору сечений теплых ангаров пролетами 9м, 12м, 15м, 18м, 21м, 24м версия 1,5.xlsx",0271b96c6fe725d3e50ad7891401958322a5ae97866bb0bf8cb190bc4bbeff3f,Расчеты,used sparse cells,2026-09-16,mixed,RK12,null,2885,n
1.0.0,"Таблица по подбору сечений теплых ангаров пролетами 9м, 12м, 15м, 18м, 21м, 24м версия 1,5.xlsx",0271b96c6fe725d3e50ad7891401958322a5ae97866bb0bf8cb190bc4bbeff3f,Расчеты,used sparse cells,2026-09-16,mixed,RL12,null,2890,n
1.0.0,"Таблица по подбору сечений теплых ангаров пролетами 9м, 12м, 15м, 18м, 21м, 24м версия 1,5.xlsx",0271b96c6fe725d3e50ad7891401958322a5ae97866bb0bf8cb190bc4bbeff3f,Расчеты,used sparse cells,2026-09-16,mixed,RM12,null,2895,n
1.0.0,"Таблица по подбору сечений теплых ангаров пролетами 9м, 12м, 15м, 18м, 21м, 24м версия 1,5.xlsx",0271b96c6fe725d3e50ad7891401958322a5ae97866bb0bf8cb190bc4bbeff3f,Расчеты,used sparse cells,2026-09-16,mixed,RN12,null,2900,n
1.0.0,"Таблица по подбору сечений теплых ангаров пролетами 9м, 12м, 15м, 18м, 21м, 24м версия 1,5.xlsx",0271b96c6fe725d3e50ad7891401958322a5ae97866bb0bf8cb190bc4bbeff3f,Расчеты,used sparse cells,2026-09-16,mixed,RO12,null,2905,n
1.0.0,"Таблица по подбору сечений теплых ангаров пролетами 9м, 12м, 15м, 18м, 21м, 24м версия 1,5.xlsx",0271b96c6fe725d3e50ad7891401958322a5ae97866bb0bf8cb190bc4bbeff3f,Расчеты,used sparse cells,2026-09-16,mixed,RP12,null,2910,n
1.0.0,"Таблица по подбору сечений теплых ангаров пролетами 9м, 12м, 15м, 18м, 21м, 24м версия 1,5.xlsx",0271b96c6fe725d3e50ad7891401958322a5ae97866bb0bf8cb190bc4bbeff3f,Расчеты,used sparse cells,2026-09-16,mixed,RQ12,null,2915,n
1.0.0,"Таблица по подбору сечений теплых ангаров пролетами 9м, 12м, 15м, 18м, 21м, 24м версия 1,5.xlsx",0271b96c6fe725d3e50ad7891401958322a5ae97866bb0bf8cb190bc4bbeff3f,Расчеты,used sparse cells,2026-09-16,mixed,RR12,null,2920,n
1.0.0,"Таблица по подбору сечений теплых ангаров пролетами 9м, 12м, 15м, 18м, 21м, 24м версия 1,5.xlsx",0271b96c6fe725d3e50ad7891401958322a5ae97866bb0bf8cb190bc4bbeff3f,Расчеты,used sparse cells,2026-09-16,mixed,RS12,null,2925,n
1.0.0,"Таблица по подбору сечений теплых ангаров пролетами 9м, 12м, 15м, 18м, 21м, 24м версия 1,5.xlsx",0271b96c6fe725d3e50ad7891401958322a5ae97866bb0bf8cb190bc4bbeff3f,Расчеты,used sparse cells,2026-09-16,mixed,RT12,null,2930,n
1.0.0,"Таблица по подбору сечений теплых ангаров пролетами 9м, 12м, 15м, 18м, 21м, 24м версия 1,5.xlsx",0271b96c6fe725d3e50ad7891401958322a5ae97866bb0bf8cb190bc4bbeff3f,Расчеты,used sparse cells,2026-09-16,mixed,RU12,null,2935,n
1.0.0,"Таблица по подбору сечений теплых ангаров пролетами 9м, 12м, 15м, 18м, 21м, 24м версия 1,5.xlsx",0271b96c6fe725d3e50ad7891401958322a5ae97866bb0bf8cb190bc4bbeff3f,Расчеты,used sparse cells,2026-09-16,mixed,RV12,null,2940,n
1.0.0,"Таблица по подбору сечений теплых ангаров пролетами 9м, 12м, 15м, 18м, 21м, 24м версия 1,5.xlsx",0271b96c6fe725d3e50ad7891401958322a5ae97866bb0bf8cb190bc4bbeff3f,Расчеты,used sparse cells,2026-09-16,mixed,RW12,null,2945,n
1.0.0,"Таблица по подбору сечений теплых ангаров пролетами 9м, 12м, 15м, 18м, 21м, 24м версия 1,5.xlsx",0271b96c6fe725d3e50ad7891401958322a5ae97866bb0bf8cb190bc4bbeff3f,Расчеты,used sparse cells,2026-09-16,mixed,RX12,null,2950,n
1.0.0,"Таблица по подбору сечений теплых ангаров пролетами 9м, 12м, 15м, 18м, 21м, 24м версия 1,5.xlsx",0271b96c6fe725d3e50ad7891401958322a5ae97866bb0bf8cb190bc4bbeff3f,Расчеты,used sparse cells,2026-09-16,mixed,RY12,null,2955,n
1.0.0,"Таблица по подбору сечений теплых ангаров пролетами 9м, 12м, 15м, 18м, 21м, 24м версия 1,5.xlsx",0271b96c6fe725d3e50ad7891401958322a5ae97866bb0bf8cb190bc4bbeff3f,Расчеты,used sparse cells,2026-09-16,mixed,RZ12,null,2960,n
1.0.0,"Таблица по подбору сечений теплых ангаров пролетами 9м, 12м, 15м, 18м, 21м, 24м версия 1,5.xlsx",0271b96c6fe725d3e50ad7891401958322a5ae97866bb0bf8cb190bc4bbeff3f,Расчеты,used sparse cells,2026-09-16,mixed,SA12,null,2965,n
1.0.0,"Таблица по подбору сечений теплых ангаров пролетами 9м, 12м, 15м, 18м, 21м, 24м версия 1,5.xlsx",0271b96c6fe725d3e50ad7891401958322a5ae97866bb0bf8cb190bc4bbeff3f,Расчеты,used sparse cells,2026-09-16,mixed,SB12,null,2970,n
1.0.0,"Таблица по подбору сечений теплых ангаров пролетами 9м, 12м, 15м, 18м, 21м, 24м версия 1,5.xlsx",0271b96c6fe725d3e50ad7891401958322a5ae97866bb0bf8cb190bc4bbeff3f,Расчеты,used sparse cells,2026-09-16,mixed,SC12,null,2975,n
1.0.0,"Таблица по подбору сечений теплых ангаров пролетами 9м, 12м, 15м, 18м, 21м, 24м версия 1,5.xlsx",0271b96c6fe725d3e50ad7891401958322a5ae97866bb0bf8cb190bc4bbeff3f,Расчеты,used sparse cells,2026-09-16,mixed,SD12,null,2980,n
1.0.0,"Таблица по подбору сечений теплых ангаров пролетами 9м, 12м, 15м, 18м, 21м, 24м версия 1,5.xlsx",0271b96c6fe725d3e50ad7891401958322a5ae97866bb0bf8cb190bc4bbeff3f,Расчеты,used sparse cells,2026-09-16,mixed,SE12,null,2985,n
1.0.0,"Таблица по подбору сечений теплых ангаров пролетами 9м, 12м, 15м, 18м, 21м, 24м версия 1,5.xlsx",0271b96c6fe725d3e50ad7891401958322a5ae97866bb0bf8cb190bc4bbeff3f,Расчеты,used sparse cells,2026-09-16,mixed,SF12,null,2990,n
1.0.0,"Таблица по подбору сечений теплых ангаров пролетами 9м, 12м, 15м, 18м, 21м, 24м версия 1,5.xlsx",0271b96c6fe725d3e50ad7891401958322a5ae97866bb0bf8cb190bc4bbeff3f,Расчеты,used sparse cells,2026-09-16,mixed,SG12,null,2995,n
1.0.0,"Таблица по подбору сечений теплых ангаров пролетами 9м, 12м, 15м, 18м, 21м, 24м версия 1,5.xlsx",0271b96c6fe725d3e50ad7891401958322a5ae97866bb0bf8cb190bc4bbeff3f,Расчеты,used sparse cells,2026-09-16,mixed,SH12,null,3000,n
1.0.0,"Таблица по подбору сечений теплых ангаров пролетами 9м, 12м, 15м, 18м, 21м, 24м версия 1,5.xlsx",0271b96c6fe725d3e50ad7891401958322a5ae97866bb0bf8cb190bc4bbeff3f,Расчеты,used sparse cells,2026-09-16,mixed,SJ12,null,200,n
1.0.0,"Таблица по подбору сечений теплых ангаров пролетами 9м, 12м, 15м, 18м, 21м, 24м версия 1,5.xlsx",0271b96c6fe725d3e50ad7891401958322a5ae97866bb0bf8cb190bc4bbeff3f,Расчеты,used sparse cells,2026-09-16,mixed,SK12,null,"""2ТПС 200х65х1,5""",s
1.0.0,"Таблица по подбору сечений теплых ангаров пролетами 9м, 12м, 15м, 18м, 21м, 24м версия 1,5.xlsx",0271b96c6fe725d3e50ad7891401958322a5ae97866bb0bf8cb190bc4bbeff3f,Расчеты,used sparse cells,2026-09-16,mixed,SM12,null,7.584,n
1.0.0,"Таблица по подбору сечений теплых ангаров пролетами 9м, 12м, 15м, 18м, 21м, 24м версия 1,5.xlsx",0271b96c6fe725d3e50ad7891401958322a5ae97866bb0bf8cb190bc4bbeff3f,Расчеты,used sparse cells,2026-09-16,mixed,A13,null,1,n
1.0.0,"Таблица по подбору сечений теплых ангаров пролетами 9м, 12м, 15м, 18м, 21м, 24м версия 1,5.xlsx",0271b96c6fe725d3e50ad7891401958322a5ae97866bb0bf8cb190bc4bbeff3f,Расчеты,used sparse cells,2026-09-16,mixed,SJ13,null,200,n
1.0.0,"Таблица по подбору сечений теплых ангаров пролетами 9м, 12м, 15м, 18м, 21м, 24м версия 1,5.xlsx",0271b96c6fe725d3e50ad7891401958322a5ae97866bb0bf8cb190bc4bbeff3f,Расчеты,used sparse cells,2026-09-16,mixed,SK13,null,"""2ТПС 200х65х2""",s
1.0.0,"Таблица по подбору сечений теплых ангаров пролетами 9м, 12м, 15м, 18м, 21м, 24м версия 1,5.xlsx",0271b96c6fe725d3e50ad7891401958322a5ae97866bb0bf8cb190bc4bbeff3f,Расчеты,used sparse cells,2026-09-16,mixed,SM13,null,10.0176,n
1.0.0,"Таблица по подбору сечений теплых ангаров пролетами 9м, 12м, 15м, 18м, 21м, 24м версия 1,5.xlsx",0271b96c6fe725d3e50ad7891401958322a5ae97866bb0bf8cb190bc4bbeff3f,Расчеты,used sparse cells,2026-09-16,mixed,A14,null,"""2ТПС""",s
1.0.0,"Таблица по подбору сечений теплых ангаров пролетами 9м, 12м, 15м, 18м, 21м, 24м версия 1,5.xlsx",0271b96c6fe725d3e50ad7891401958322a5ae97866bb0bf8cb190bc4bbeff3f,Расчеты,used sparse cells,2026-09-16,mixed,SJ14,null,250,n
1.0.0,"Таблица по подбору сечений теплых ангаров пролетами 9м, 12м, 15м, 18м, 21м, 24м версия 1,5.xlsx",0271b96c6fe725d3e50ad7891401958322a5ae97866bb0bf8cb190bc4bbeff3f,Расчеты,used sparse cells,2026-09-16,mixed,SK14,null,"""2ТПС 245х65х1,5""",s
1.0.0,"Таблица по подбору сечений теплых ангаров пролетами 9м, 12м, 15м, 18м, 21м, 24м версия 1,5.xlsx",0271b96c6fe725d3e50ad7891401958322a5ae97866bb0bf8cb190bc4bbeff3f,Расчеты,used sparse cells,2026-09-16,mixed,SM14,null,8.6338,n
1.0.0,"Таблица по подбору сечений теплых ангаров пролетами 9м, 12м, 15м, 18м, 21м, 24м версия 1,5.xlsx",0271b96c6fe725d3e50ad7891401958322a5ae97866bb0bf8cb190bc4bbeff3f,Расчеты,used sparse cells,2026-09-16,mixed,A15,null,"""2ПС""",s
1.0.0,"Таблица по подбору сечений теплых ангаров пролетами 9м, 12м, 15м, 18м, 21м, 24м версия 1,5.xlsx",0271b96c6fe725d3e50ad7891401958322a5ae97866bb0bf8cb190bc4bbeff3f,Расчеты,used sparse cells,2026-09-16,mixed,SJ15,null,250,n
1.0.0,"Таблица по подбору сечений теплых ангаров пролетами 9м, 12м, 15м, 18м, 21м, 24м версия 1,5.xlsx",0271b96c6fe725d3e50ad7891401958322a5ae97866bb0bf8cb190bc4bbeff3f,Расчеты,used sparse cells,2026-09-16,mixed,SK15,null,"""2ТПС 245х65х2""",s
1.0.0,"Таблица по подбору сечений теплых ангаров пролетами 9м, 12м, 15м, 18м, 21м, 24м версия 1,5.xlsx",0271b96c6fe725d3e50ad7891401958322a5ae97866bb0bf8cb190bc4bbeff3f,Расчеты,used sparse cells,2026-09-16,mixed,SM15,null,11.4286,n
1.0.0,"Таблица по подбору сечений теплых ангаров пролетами 9м, 12м, 15м, 18м, 21м, 24м версия 1,5.xlsx",0271b96c6fe725d3e50ad7891401958322a5ae97866bb0bf8cb190bc4bbeff3f,Расчеты,used sparse cells,2026-09-16,mixed,A16,null,"""Z""",s
1.0.0,"Таблица по подбору сечений теплых ангаров пролетами 9м, 12м, 15м, 18м, 21м, 24м версия 1,5.xlsx",0271b96c6fe725d3e50ad7891401958322a5ae97866bb0bf8cb190bc4bbeff3f,Расчеты,used sparse cells,2026-09-16,mixed,SK16,null,"""2ПС 145х45х1,5""",s
1.0.0,"Таблица по подбору сечений теплых ангаров пролетами 9м, 12м, 15м, 18м, 21м, 24м версия 1,5.xlsx",0271b96c6fe725d3e50ad7891401958322a5ae97866bb0bf8cb190bc4bbeff3f,Расчеты,used sparse cells,2026-09-16,mixed,SM16,null,5.9,n
1.0.0,"Таблица по подбору сечений теплых ангаров пролетами 9м, 12м, 15м, 18м, 21м, 24м версия 1,5.xlsx",0271b96c6fe725d3e50ad7891401958322a5ae97866bb0bf8cb190bc4bbeff3f,Расчеты,used sparse cells,2026-09-16,mixed,SK17,null,"""2ПС 145х45х2""",s
1.0.0,"Таблица по подбору сечений теплых ангаров пролетами 9м, 12м, 15м, 18м, 21м, 24м версия 1,5.xlsx",0271b96c6fe725d3e50ad7891401958322a5ae97866bb0bf8cb190bc4bbeff3f,Расчеты,used sparse cells,2026-09-16,mixed,SM17,null,7.79,n
1.0.0,"Таблица по подбору сечений теплых ангаров пролетами 9м, 12м, 15м, 18м, 21м, 24м версия 1,5.xlsx",0271b96c6fe725d3e50ad7891401958322a5ae97866bb0bf8cb190bc4bbeff3f,Расчеты,used sparse cells,2026-09-16,mixed,A18,null,1,n
1.0.0,"Таблица по подбору сечений теплых ангаров пролетами 9м, 12м, 15м, 18м, 21м, 24м версия 1,5.xlsx",0271b96c6fe725d3e50ad7891401958322a5ae97866bb0bf8cb190bc4bbeff3f,Расчеты,used sparse cells,2026-09-16,mixed,SK18,null,"""2ПС 150х45х1,5""",s
1.0.0,"Таблица по подбору сечений теплых ангаров пролетами 9м, 12м, 15м, 18м, 21м, 24м версия 1,5.xlsx",0271b96c6fe725d3e50ad7891401958322a5ae97866bb0bf8cb190bc4bbeff3f,Расчеты,used sparse cells,2026-09-16,mixed,SM18,null,6.03,n
1.0.0,"Таблица по подбору сечений теплых ангаров пролетами 9м, 12м, 15м, 18м, 21м, 24м версия 1,5.xlsx",0271b96c6fe725d3e50ad7891401958322a5ae97866bb0bf8cb190bc4bbeff3f,Расчеты,used sparse cells,2026-09-16,mixed,A19,null,"""2ТПС""",s
1.0.0,"Таблица по подбору сечений теплых ангаров пролетами 9м, 12м, 15м, 18м, 21м, 24м версия 1,5.xlsx",0271b96c6fe725d3e50ad7891401958322a5ae97866bb0bf8cb190bc4bbeff3f,Расчеты,used sparse cells,2026-09-16,mixed,SK19,null,"""2ПС 150х45х2""",s
1.0.0,"Таблица по подбору сечений теплых ангаров пролетами 9м, 12м, 15м, 18м, 21м, 24м версия 1,5.xlsx",0271b96c6fe725d3e50ad7891401958322a5ae97866bb0bf8cb190bc4bbeff3f,Расчеты,used sparse cells,2026-09-16,mixed,SM19,null,7.95,n
1.0.0,"Таблица по подбору сечений теплых ангаров пролетами 9м, 12м, 15м, 18м, 21м, 24м версия 1,5.xlsx",0271b96c6fe725d3e50ad7891401958322a5ae97866bb0bf8cb190bc4bbeff3f,Расчеты,used sparse cells,2026-09-16,mixed,A20,null,"""2ПС""",s
1.0.0,"Таблица по подбору сечений теплых ангаров пролетами 9м, 12м, 15м, 18м, 21м, 24м версия 1,5.xlsx",0271b96c6fe725d3e50ad7891401958322a5ae97866bb0bf8cb190bc4bbeff3f,Расчеты,used sparse cells,2026-09-16,mixed,SK20,null,"""2ПС 150х65х1,5""",s
1.0.0,"Таблица по подбору сечений теплых ангаров пролетами 9м, 12м, 15м, 18м, 21м, 24м версия 1,5.xlsx",0271b96c6fe725d3e50ad7891401958322a5ae97866bb0bf8cb190bc4bbeff3f,Расчеты,used sparse cells,2026-09-16,mixed,SM20,null,6.97,n
1.0.0,"Таблица по подбору сечений теплых ангаров пролетами 9м, 12м, 15м, 18м, 21м, 24м версия 1,5.xlsx",0271b96c6fe725d3e50ad7891401958322a5ae97866bb0bf8cb190bc4bbeff3f,Расчеты,used sparse cells,2026-09-16,mixed,A21,null,"""Z""",s
1.0.0,"Таблица по подбору сечений теплых ангаров пролетами 9м, 12м, 15м, 18м, 21м, 24м версия 1,5.xlsx",0271b96c6fe725d3e50ad7891401958322a5ae97866bb0bf8cb190bc4bbeff3f,Расчеты,used sparse cells,2026-09-16,mixed,SK21,null,"""2ПС 150х65х2""",s
1.0.0,"Таблица по подбору сечений теплых ангаров пролетами 9м, 12м, 15м, 18м, 21м, 24м версия 1,5.xlsx",0271b96c6fe725d3e50ad7891401958322a5ae97866bb0bf8cb190bc4bbeff3f,Расчеты,used sparse cells,2026-09-16,mixed,SM21,null,9.2,n
1.0.0,"Таблица по подбору сечений теплых ангаров пролетами 9м, 12м, 15м, 18м, 21м, 24м версия 1,5.xlsx",0271b96c6fe725d3e50ad7891401958322a5ae97866bb0bf8cb190bc4bbeff3f,Расчеты,used sparse cells,2026-09-16,mixed,SK22,null,"""2ПС 195х45х1,5""",s
1.0.0,"Таблица по подбору сечений теплых ангаров пролетами 9м, 12м, 15м, 18м, 21м, 24м версия 1,5.xlsx",0271b96c6fe725d3e50ad7891401958322a5ae97866bb0bf8cb190bc4bbeff3f,Расчеты,used sparse cells,2026-09-16,mixed,SM22,null,7.08,n
1.0.0,"Таблица по подбору сечений теплых ангаров пролетами 9м, 12м, 15м, 18м, 21м, 24м версия 1,5.xlsx",0271b96c6fe725d3e50ad7891401958322a5ae97866bb0bf8cb190bc4bbeff3f,Расчеты,used sparse cells,2026-09-16,mixed,SK23,null,"""2ПС 195х45х2""",s
1.0.0,"Таблица по подбору сечений теплых ангаров пролетами 9м, 12м, 15м, 18м, 21м, 24м версия 1,5.xlsx",0271b96c6fe725d3e50ad7891401958322a5ae97866bb0bf8cb190bc4bbeff3f,Расчеты,used sparse cells,2026-09-16,mixed,SM23,null,9.36,n
1.0.0,"Таблица по подбору сечений теплых ангаров пролетами 9м, 12м, 15м, 18м, 21м, 24м версия 1,5.xlsx",0271b96c6fe725d3e50ad7891401958322a5ae97866bb0bf8cb190bc4bbeff3f,Расчеты,used sparse cells,2026-09-16,mixed,SK24,null,"""2ПС 200х45х1,5""",s
1.0.0,"Таблица по подбору сечений теплых ангаров пролетами 9м, 12м, 15м, 18м, 21м, 24м версия 1,5.xlsx",0271b96c6fe725d3e50ad7891401958322a5ae97866bb0bf8cb190bc4bbeff3f,Расчеты,used sparse cells,2026-09-16,mixed,SM24,null,7.2,n
1.0.0,"Таблица по подбору сечений теплых ангаров пролетами 9м, 12м, 15м, 18м, 21м, 24м версия 1,5.xlsx",0271b96c6fe725d3e50ad7891401958322a5ae97866bb0bf8cb190bc4bbeff3f,Расчеты,used sparse cells,2026-09-16,mixed,B25,null,"""Масса на шаг""",s
1.0.0,"Таблица по подбору сечений теплых ангаров пролетами 9м, 12м, 15м, 18м, 21м, 24м версия 1,5.xlsx",0271b96c6fe725d3e50ad7891401958322a5ae97866bb0bf8cb190bc4bbeff3f,Расчеты,used sparse cells,2026-09-16,mixed,C25,null,"""Шаг""",s
1.0.0,"Таблица по подбору сечений теплых ангаров пролетами 9м, 12м, 15м, 18м, 21м, 24м версия 1,5.xlsx",0271b96c6fe725d3e50ad7891401958322a5ae97866bb0bf8cb190bc4bbeff3f,Расчеты,used sparse cells,2026-09-16,mixed,D25,null,"""Масса на м""",s
1.0.0,"Таблица по подбору сечений теплых ангаров пролетами 9м, 12м, 15м, 18м, 21м, 24м версия 1,5.xlsx",0271b96c6fe725d3e50ad7891401958322a5ae97866bb0bf8cb190bc4bbeff3f,Расчеты,used sparse cells,2026-09-16,mixed,E25,null,"""Профиль""",s
1.0.0,"Таблица по подбору сечений теплых ангаров пролетами 9м, 12м, 15м, 18м, 21м, 24м версия 1,5.xlsx",0271b96c6fe725d3e50ad7891401958322a5ae97866bb0bf8cb190bc4bbeff3f,Расчеты,used sparse cells,2026-09-16,mixed,SK25,null,"""2ПС 200х45х2""",s
1.0.0,"Таблица по подбору сечений теплых ангаров пролетами 9м, 12м, 15м, 18м, 21м, 24м версия 1,5.xlsx",0271b96c6fe725d3e50ad7891401958322a5ae97866bb0bf8cb190bc4bbeff3f,Расчеты,used sparse cells,2026-09-16,mixed,SM25,null,9.51,n
1.0.0,"Таблица по подбору сечений теплых ангаров пролетами 9м, 12м, 15м, 18м, 21м, 24м версия 1,5.xlsx",0271b96c6fe725d3e50ad7891401958322a5ae97866bb0bf8cb190bc4bbeff3f,Расчеты,used sparse cells,2026-09-16,mixed,A26,null,1,n
1.0.0,"Таблица по подбору сечений теплых ангаров пролетами 9м, 12м, 15м, 18м, 21м, 24м версия 1,5.xlsx",0271b96c6fe725d3e50ad7891401958322a5ae97866bb0bf8cb190bc4bbeff3f,Расчеты,used sparse cells,2026-09-16,mixed,SK26,null,"""2ПС 200х65х1,5""",s
1.0.0,"Таблица по подбору сечений теплых ангаров пролетами 9м, 12м, 15м, 18м, 21м, 24м версия 1,5.xlsx",0271b96c6fe725d3e50ad7891401958322a5ae97866bb0bf8cb190bc4bbeff3f,Расчеты,used sparse cells,2026-09-16,mixed,SM26,null,8.14,n
1.0.0,"Таблица по подбору сечений теплых ангаров пролетами 9м, 12м, 15м, 18м, 21м, 24м версия 1,5.xlsx",0271b96c6fe725d3e50ad7891401958322a5ae97866bb0bf8cb190bc4bbeff3f,Расчеты,used sparse cells,2026-09-16,mixed,A27,null,"""2ТПС""",s
1.0.0,"Таблица по подбору сечений теплых ангаров пролетами 9м, 12м, 15м, 18м, 21м, 24м версия 1,5.xlsx",0271b96c6fe725d3e50ad7891401958322a5ae97866bb0bf8cb190bc4bbeff3f,Расчеты,used sparse cells,2026-09-16,mixed,SK27,null,"""2ПС 200х65х2""",s
1.0.0,"Таблица по подбору сечений теплых ангаров пролетами 9м, 12м, 15м, 18м, 21м, 24м версия 1,5.xlsx",0271b96c6fe725d3e50ad7891401958322a5ae97866bb0bf8cb190bc4bbeff3f,Расчеты,used sparse cells,2026-09-16,mixed,SM27,null,10.77,n
1.0.0,"Таблица по подбору сечений теплых ангаров пролетами 9м, 12м, 15м, 18м, 21м, 24м версия 1,5.xlsx",0271b96c6fe725d3e50ad7891401958322a5ae97866bb0bf8cb190bc4bbeff3f,Расчеты,used sparse cells,2026-09-16,mixed,A28,null,"""2ПС""",s
1.0.0,"Таблица по подбору сечений теплых ангаров пролетами 9м, 12м, 15м, 18м, 21м, 24м версия 1,5.xlsx",0271b96c6fe725d3e50ad7891401958322a5ae97866bb0bf8cb190bc4bbeff3f,Расчеты,used sparse cells,2026-09-16,mixed,SK28,null,"""2ПС 245х65х1,5""",s
1.0.0,"Таблица по подбору сечений теплых ангаров пролетами 9м, 12м, 15м, 18м, 21м, 24м версия 1,5.xlsx",0271b96c6fe725d3e50ad7891401958322a5ae97866bb0bf8cb190bc4bbeff3f,Расчеты,used sparse cells,2026-09-16,mixed,SM28,null,9.19,n
1.0.0,"Таблица по подбору сечений теплых ангаров пролетами 9м, 12м, 15м, 18м, 21м, 24м версия 1,5.xlsx",0271b96c6fe725d3e50ad7891401958322a5ae97866bb0bf8cb190bc4bbeff3f,Расчеты,used sparse cells,2026-09-16,mixed,A29,null,"""Z""",s
1.0.0,"Таблица по подбору сечений теплых ангаров пролетами 9м, 12м, 15м, 18м, 21м, 24м версия 1,5.xlsx",0271b96c6fe725d3e50ad7891401958322a5ae97866bb0bf8cb190bc4bbeff3f,Расчеты,used sparse cells,2026-09-16,mixed,SK29,null,"""2ПС 245х65х2""",s
1.0.0,"Таблица по подбору сечений теплых ангаров пролетами 9м, 12м, 15м, 18м, 21м, 24м версия 1,5.xlsx",0271b96c6fe725d3e50ad7891401958322a5ae97866bb0bf8cb190bc4bbeff3f,Расчеты,used sparse cells,2026-09-16,mixed,SM29,null,12.18,n
1.0.0,"Таблица по подбору сечений теплых ангаров пролетами 9м, 12м, 15м, 18м, 21м, 24м версия 1,5.xlsx",0271b96c6fe725d3e50ad7891401958322a5ae97866bb0bf8cb190bc4bbeff3f,Расчеты,used sparse cells,2026-09-16,mixed,SK30,null,"""Z 140х1,5""",s
1.0.0,"Таблица по подбору сечений теплых ангаров пролетами 9м, 12м, 15м, 18м, 21м, 24м версия 1,5.xlsx",0271b96c6fe725d3e50ad7891401958322a5ae97866bb0bf8cb190bc4bbeff3f,Расчеты,used sparse cells,2026-09-16,mixed,SM30,null,3.44,n
1.0.0,"Таблица по подбору сечений теплых ангаров пролетами 9м, 12м, 15м, 18м, 21м, 24м версия 1,5.xlsx",0271b96c6fe725d3e50ad7891401958322a5ae97866bb0bf8cb190bc4bbeff3f,Расчеты,used sparse cells,2026-09-16,mixed,B31,null,1,n
1.0.0,"Таблица по подбору сечений теплых ангаров пролетами 9м, 12м, 15м, 18м, 21м, 24м версия 1,5.xlsx",0271b96c6fe725d3e50ad7891401958322a5ae97866bb0bf8cb190bc4bbeff3f,Расчеты,used sparse cells,2026-09-16,mixed,C31,null,2,n
1.0.0,"Таблица по подбору сечений теплых ангаров пролетами 9м, 12м, 15м, 18м, 21м, 24м версия 1,5.xlsx",0271b96c6fe725d3e50ad7891401958322a5ae97866bb0bf8cb190bc4bbeff3f,Расчеты,used sparse cells,2026-09-16,mixed,D31,null,3,n
1.0.0,"Таблица по подбору сечений теплых ангаров пролетами 9м, 12м, 15м, 18м, 21м, 24м версия 1,5.xlsx",0271b96c6fe725d3e50ad7891401958322a5ae97866bb0bf8cb190bc4bbeff3f,Расчеты,used sparse cells,2026-09-16,mixed,E31,null,4,n
1.0.0,"Таблица по подбору сечений теплых ангаров пролетами 9м, 12м, 15м, 18м, 21м, 24м версия 1,5.xlsx",0271b96c6fe725d3e50ad7891401958322a5ae97866bb0bf8cb190bc4bbeff3f,Расчеты,used sparse cells,2026-09-16,mixed,F31,null,5,n
1.0.0,"Таблица по подбору сечений теплых ангаров пролетами 9м, 12м, 15м, 18м, 21м, 24м версия 1,5.xlsx",0271b96c6fe725d3e50ad7891401958322a5ae97866bb0bf8cb190bc4bbeff3f,Расчеты,used sparse cells,2026-09-16,mixed,G31,null,6,n
1.0.0,"Таблица по подбору сечений теплых ангаров пролетами 9м, 12м, 15м, 18м, 21м, 24м версия 1,5.xlsx",0271b96c6fe725d3e50ad7891401958322a5ae97866bb0bf8cb190bc4bbeff3f,Расчеты,used sparse cells,2026-09-16,mixed,H31,null,7,n
1.0.0,"Таблица по подбору сечений теплых ангаров пролетами 9м, 12м, 15м, 18м, 21м, 24м версия 1,5.xlsx",0271b96c6fe725d3e50ad7891401958322a5ae97866bb0bf8cb190bc4bbeff3f,Расчеты,used sparse cells,2026-09-16,mixed,I31,null,8,n
1.0.0,"Таблица по подбору сечений теплых ангаров пролетами 9м, 12м, 15м, 18м, 21м, 24м версия 1,5.xlsx",0271b96c6fe725d3e50ad7891401958322a5ae97866bb0bf8cb190bc4bbeff3f,Расчеты,used sparse cells,2026-09-16,mixed,J31,null,9,n
1.0.0,"Таблица по подбору сечений теплых ангаров пролетами 9м, 12м, 15м, 18м, 21м, 24м версия 1,5.xlsx",0271b96c6fe725d3e50ad7891401958322a5ae97866bb0bf8cb190bc4bbeff3f,Расчеты,used sparse cells,2026-09-16,mixed,K31,null,10,n
1.0.0,"Таблица по подбору сечений теплых ангаров пролетами 9м, 12м, 15м, 18м, 21м, 24м версия 1,5.xlsx",0271b96c6fe725d3e50ad7891401958322a5ae97866bb0bf8cb190bc4bbeff3f,Расчеты,used sparse cells,2026-09-16,mixed,L31,null,11,n
1.0.0,"Таблица по подбору сечений теплых ангаров пролетами 9м, 12м, 15м, 18м, 21м, 24м версия 1,5.xlsx",0271b96c6fe725d3e50ad7891401958322a5ae97866bb0bf8cb190bc4bbeff3f,Расчеты,used sparse cells,2026-09-16,mixed,M31,null,12,n
1.0.0,"Таблица по подбору сечений теплых ангаров пролетами 9м, 12м, 15м, 18м, 21м, 24м версия 1,5.xlsx",0271b96c6fe725d3e50ad7891401958322a5ae97866bb0bf8cb190bc4bbeff3f,Расчеты,used sparse cells,2026-09-16,mixed,N31,null,13,n
1.0.0,"Таблица по подбору сечений теплых ангаров пролетами 9м, 12м, 15м, 18м, 21м, 24м версия 1,5.xlsx",0271b96c6fe725d3e50ad7891401958322a5ae97866bb0bf8cb190bc4bbeff3f,Расчеты,used sparse cells,2026-09-16,mixed,O31,null,14,n
1.0.0,"Таблица по подбору сечений теплых ангаров пролетами 9м, 12м, 15м, 18м, 21м, 24м версия 1,5.xlsx",0271b96c6fe725d3e50ad7891401958322a5ae97866bb0bf8cb190bc4bbeff3f,Расчеты,used sparse cells,2026-09-16,mixed,P31,null,15,n
1.0.0,"Таблица по подбору сечений теплых ангаров пролетами 9м, 12м, 15м, 18м, 21м, 24м версия 1,5.xlsx",0271b96c6fe725d3e50ad7891401958322a5ae97866bb0bf8cb190bc4bbeff3f,Расчеты,used sparse cells,2026-09-16,mixed,Q31,null,16,n
1.0.0,"Таблица по подбору сечений теплых ангаров пролетами 9м, 12м, 15м, 18м, 21м, 24м версия 1,5.xlsx",0271b96c6fe725d3e50ad7891401958322a5ae97866bb0bf8cb190bc4bbeff3f,Расчеты,used sparse cells,2026-09-16,mixed,R31,null,17,n
1.0.0,"Таблица по подбору сечений теплых ангаров пролетами 9м, 12м, 15м, 18м, 21м, 24м версия 1,5.xlsx",0271b96c6fe725d3e50ad7891401958322a5ae97866bb0bf8cb190bc4bbeff3f,Расчеты,used sparse cells,2026-09-16,mixed,S31,null,18,n
1.0.0,"Таблица по подбору сечений теплых ангаров пролетами 9м, 12м, 15м, 18м, 21м, 24м версия 1,5.xlsx",0271b96c6fe725d3e50ad7891401958322a5ae97866bb0bf8cb190bc4bbeff3f,Расчеты,used sparse cells,2026-09-16,mixed,T31,null,19,n
1.0.0,"Таблица по подбору сечений теплых ангаров пролетами 9м, 12м, 15м, 18м, 21м, 24м версия 1,5.xlsx",0271b96c6fe725d3e50ad7891401958322a5ae97866bb0bf8cb190bc4bbeff3f,Расчеты,used sparse cells,2026-09-16,mixed,U31,null,20,n
1.0.0,"Таблица по подбору сечений теплых ангаров пролетами 9м, 12м, 15м, 18м, 21м, 24м версия 1,5.xlsx",0271b96c6fe725d3e50ad7891401958322a5ae97866bb0bf8cb190bc4bbeff3f,Расчеты,used sparse cells,2026-09-16,mixed,V31,null,21,n
1.0.0,"Таблица по подбору сечений теплых ангаров пролетами 9м, 12м, 15м, 18м, 21м, 24м версия 1,5.xlsx",0271b96c6fe725d3e50ad7891401958322a5ae97866bb0bf8cb190bc4bbeff3f,Расчеты,used sparse cells,2026-09-16,mixed,W31,null,22,n
1.0.0,"Таблица по подбору сечений теплых ангаров пролетами 9м, 12м, 15м, 18м, 21м, 24м версия 1,5.xlsx",0271b96c6fe725d3e50ad7891401958322a5ae97866bb0bf8cb190bc4bbeff3f,Расчеты,used sparse cells,2026-09-16,mixed,X31,null,23,n
1.0.0,"Таблица по подбору сечений теплых ангаров пролетами 9м, 12м, 15м, 18м, 21м, 24м версия 1,5.xlsx",0271b96c6fe725d3e50ad7891401958322a5ae97866bb0bf8cb190bc4bbeff3f,Расчеты,used sparse cells,2026-09-16,mixed,Y31,null,24,n
1.0.0,"Таблица по подбору сечений теплых ангаров пролетами 9м, 12м, 15м, 18м, 21м, 24м версия 1,5.xlsx",0271b96c6fe725d3e50ad7891401958322a5ae97866bb0bf8cb190bc4bbeff3f,Расчеты,used sparse cells,2026-09-16,mixed,Z31,null,25,n
1.0.0,"Таблица по подбору сечений теплых ангаров пролетами 9м, 12м, 15м, 18м, 21м, 24м версия 1,5.xlsx",0271b96c6fe725d3e50ad7891401958322a5ae97866bb0bf8cb190bc4bbeff3f,Расчеты,used sparse cells,2026-09-16,mixed,AA31,null,26,n
1.0.0,"Таблица по подбору сечений теплых ангаров пролетами 9м, 12м, 15м, 18м, 21м, 24м версия 1,5.xlsx",0271b96c6fe725d3e50ad7891401958322a5ae97866bb0bf8cb190bc4bbeff3f,Расчеты,used sparse cells,2026-09-16,mixed,AB31,null,27,n
1.0.0,"Таблица по подбору сечений теплых ангаров пролетами 9м, 12м, 15м, 18м, 21м, 24м версия 1,5.xlsx",0271b96c6fe725d3e50ad7891401958322a5ae97866bb0bf8cb190bc4bbeff3f,Расчеты,used sparse cells,2026-09-16,mixed,AC31,null,28,n
1.0.0,"Таблица по подбору сечений теплых ангаров пролетами 9м, 12м, 15м, 18м, 21м, 24м версия 1,5.xlsx",0271b96c6fe725d3e50ad7891401958322a5ae97866bb0bf8cb190bc4bbeff3f,Расчеты,used sparse cells,2026-09-16,mixed,AD31,null,29,n
1.0.0,"Таблица по подбору сечений теплых ангаров пролетами 9м, 12м, 15м, 18м, 21м, 24м версия 1,5.xlsx",0271b96c6fe725d3e50ad7891401958322a5ae97866bb0bf8cb190bc4bbeff3f,Расчеты,used sparse cells,2026-09-16,mixed,AE31,null,30,n
1.0.0,"Таблица по подбору сечений теплых ангаров пролетами 9м, 12м, 15м, 18м, 21м, 24м версия 1,5.xlsx",0271b96c6fe725d3e50ad7891401958322a5ae97866bb0bf8cb190bc4bbeff3f,Расчеты,used sparse cells,2026-09-16,mixed,AF31,null,31,n
1.0.0,"Таблица по подбору сечений теплых ангаров пролетами 9м, 12м, 15м, 18м, 21м, 24м версия 1,5.xlsx",0271b96c6fe725d3e50ad7891401958322a5ae97866bb0bf8cb190bc4bbeff3f,Расчеты,used sparse cells,2026-09-16,mixed,AG31,null,32,n
1.0.0,"Таблица по подбору сечений теплых ангаров пролетами 9м, 12м, 15м, 18м, 21м, 24м версия 1,5.xlsx",0271b96c6fe725d3e50ad7891401958322a5ae97866bb0bf8cb190bc4bbeff3f,Расчеты,used sparse cells,2026-09-16,mixed,AH31,null,33,n
1.0.0,"Таблица по подбору сечений теплых ангаров пролетами 9м, 12м, 15м, 18м, 21м, 24м версия 1,5.xlsx",0271b96c6fe725d3e50ad7891401958322a5ae97866bb0bf8cb190bc4bbeff3f,Расчеты,used sparse cells,2026-09-16,mixed,AI31,null,34,n
1.0.0,"Таблица по подбору сечений теплых ангаров пролетами 9м, 12м, 15м, 18м, 21м, 24м версия 1,5.xlsx",0271b96c6fe725d3e50ad7891401958322a5ae97866bb0bf8cb190bc4bbeff3f,Расчеты,used sparse cells,2026-09-16,mixed,AJ31,null,35,n
1.0.0,"Таблица по подбору сечений теплых ангаров пролетами 9м, 12м, 15м, 18м, 21м, 24м версия 1,5.xlsx",0271b96c6fe725d3e50ad7891401958322a5ae97866bb0bf8cb190bc4bbeff3f,Расчеты,used sparse cells,2026-09-16,mixed,AK31,null,36,n
1.0.0,"Таблица по подбору сечений теплых ангаров пролетами 9м, 12м, 15м, 18м, 21м, 24м версия 1,5.xlsx",0271b96c6fe725d3e50ad7891401958322a5ae97866bb0bf8cb190bc4bbeff3f,Расчеты,used sparse cells,2026-09-16,mixed,AL31,null,37,n
1.0.0,"Таблица по подбору сечений теплых ангаров пролетами 9м, 12м, 15м, 18м, 21м, 24м версия 1,5.xlsx",0271b96c6fe725d3e50ad7891401958322a5ae97866bb0bf8cb190bc4bbeff3f,Расчеты,used sparse cells,2026-09-16,mixed,AM31,null,38,n
1.0.0,"Таблица по подбору сечений теплых ангаров пролетами 9м, 12м, 15м, 18м, 21м, 24м версия 1,5.xlsx",0271b96c6fe725d3e50ad7891401958322a5ae97866bb0bf8cb190bc4bbeff3f,Расчеты,used sparse cells,2026-09-16,mixed,AN31,null,39,n
1.0.0,"Таблица по подбору сечений теплых ангаров пролетами 9м, 12м, 15м, 18м, 21м, 24м версия 1,5.xlsx",0271b96c6fe725d3e50ad7891401958322a5ae97866bb0bf8cb190bc4bbeff3f,Расчеты,used sparse cells,2026-09-16,mixed,AO31,null,40,n
1.0.0,"Таблица по подбору сечений теплых ангаров пролетами 9м, 12м, 15м, 18м, 21м, 24м версия 1,5.xlsx",0271b96c6fe725d3e50ad7891401958322a5ae97866bb0bf8cb190bc4bbeff3f,Расчеты,used sparse cells,2026-09-16,mixed,AP31,null,41,n
1.0.0,"Таблица по подбору сечений теплых ангаров пролетами 9м, 12м, 15м, 18м, 21м, 24м версия 1,5.xlsx",0271b96c6fe725d3e50ad7891401958322a5ae97866bb0bf8cb190bc4bbeff3f,Расчеты,used sparse cells,2026-09-16,mixed,AQ31,null,42,n
1.0.0,"Таблица по подбору сечений теплых ангаров пролетами 9м, 12м, 15м, 18м, 21м, 24м версия 1,5.xlsx",0271b96c6fe725d3e50ad7891401958322a5ae97866bb0bf8cb190bc4bbeff3f,Расчеты,used sparse cells,2026-09-16,mixed,AR31,null,43,n
1.0.0,"Таблица по подбору сечений теплых ангаров пролетами 9м, 12м, 15м, 18м, 21м, 24м версия 1,5.xlsx",0271b96c6fe725d3e50ad7891401958322a5ae97866bb0bf8cb190bc4bbeff3f,Расчеты,used sparse cells,2026-09-16,mixed,AS31,null,44,n
1.0.0,"Таблица по подбору сечений теплых ангаров пролетами 9м, 12м, 15м, 18м, 21м, 24м версия 1,5.xlsx",0271b96c6fe725d3e50ad7891401958322a5ae97866bb0bf8cb190bc4bbeff3f,Расчеты,used sparse cells,2026-09-16,mixed,AT31,null,45,n
1.0.0,"Таблица по подбору сечений теплых ангаров пролетами 9м, 12м, 15м, 18м, 21м, 24м версия 1,5.xlsx",0271b96c6fe725d3e50ad7891401958322a5ae97866bb0bf8cb190bc4bbeff3f,Расчеты,used sparse cells,2026-09-16,mixed,AU31,null,46,n
1.0.0,"Таблица по подбору сечений теплых ангаров пролетами 9м, 12м, 15м, 18м, 21м, 24м версия 1,5.xlsx",0271b96c6fe725d3e50ad7891401958322a5ae97866bb0bf8cb190bc4bbeff3f,Расчеты,used sparse cells,2026-09-16,mixed,AV31,null,47,n
1.0.0,"Таблица по подбору сечений теплых ангаров пролетами 9м, 12м, 15м, 18м, 21м, 24м версия 1,5.xlsx",0271b96c6fe725d3e50ad7891401958322a5ae97866bb0bf8cb190bc4bbeff3f,Расчеты,used sparse cells,2026-09-16,mixed,AW31,null,48,n
1.0.0,"Таблица по подбору сечений теплых ангаров пролетами 9м, 12м, 15м, 18м, 21м, 24м версия 1,5.xlsx",0271b96c6fe725d3e50ad7891401958322a5ae97866bb0bf8cb190bc4bbeff3f,Расчеты,used sparse cells,2026-09-16,mixed,AX31,null,49,n
1.0.0,"Таблица по подбору сечений теплых ангаров пролетами 9м, 12м, 15м, 18м, 21м, 24м версия 1,5.xlsx",0271b96c6fe725d3e50ad7891401958322a5ae97866bb0bf8cb190bc4bbeff3f,Расчеты,used sparse cells,2026-09-16,mixed,AY31,null,50,n
1.0.0,"Таблица по подбору сечений теплых ангаров пролетами 9м, 12м, 15м, 18м, 21м, 24м версия 1,5.xlsx",0271b96c6fe725d3e50ad7891401958322a5ae97866bb0bf8cb190bc4bbeff3f,Расчеты,used sparse cells,2026-09-16,mixed,AZ31,null,51,n
1.0.0,"Таблица по подбору сечений теплых ангаров пролетами 9м, 12м, 15м, 18м, 21м, 24м версия 1,5.xlsx",0271b96c6fe725d3e50ad7891401958322a5ae97866bb0bf8cb190bc4bbeff3f,Расчеты,used sparse cells,2026-09-16,mixed,BA31,null,52,n
1.0.0,"Таблица по подбору сечений теплых ангаров пролетами 9м, 12м, 15м, 18м, 21м, 24м версия 1,5.xlsx",0271b96c6fe725d3e50ad7891401958322a5ae97866bb0bf8cb190bc4bbeff3f,Расчеты,used sparse cells,2026-09-16,mixed,BB31,null,53,n
1.0.0,"Таблица по подбору сечений теплых ангаров пролетами 9м, 12м, 15м, 18м, 21м, 24м версия 1,5.xlsx",0271b96c6fe725d3e50ad7891401958322a5ae97866bb0bf8cb190bc4bbeff3f,Расчеты,used sparse cells,2026-09-16,mixed,BC31,null,54,n
1.0.0,"Таблица по подбору сечений теплых ангаров пролетами 9м, 12м, 15м, 18м, 21м, 24м версия 1,5.xlsx",0271b96c6fe725d3e50ad7891401958322a5ae97866bb0bf8cb190bc4bbeff3f,Расчеты,used sparse cells,2026-09-16,mixed,BD31,null,55,n
1.0.0,"Таблица по подбору сечений теплых ангаров пролетами 9м, 12м, 15м, 18м, 21м, 24м версия 1,5.xlsx",0271b96c6fe725d3e50ad7891401958322a5ae97866bb0bf8cb190bc4bbeff3f,Расчеты,used sparse cells,2026-09-16,mixed,BE31,null,56,n
1.0.0,"Таблица по подбору сечений теплых ангаров пролетами 9м, 12м, 15м, 18м, 21м, 24м версия 1,5.xlsx",0271b96c6fe725d3e50ad7891401958322a5ae97866bb0bf8cb190bc4bbeff3f,Расчеты,used sparse cells,2026-09-16,mixed,BF31,null,57,n
1.0.0,"Таблица по подбору сечений теплых ангаров пролетами 9м, 12м, 15м, 18м, 21м, 24м версия 1,5.xlsx",0271b96c6fe725d3e50ad7891401958322a5ae97866bb0bf8cb190bc4bbeff3f,Расчеты,used sparse cells,2026-09-16,mixed,BG31,null,58,n
1.0.0,"Таблица по подбору сечений теплых ангаров пролетами 9м, 12м, 15м, 18м, 21м, 24м версия 1,5.xlsx",0271b96c6fe725d3e50ad7891401958322a5ae97866bb0bf8cb190bc4bbeff3f,Расчеты,used sparse cells,2026-09-16,mixed,BH31,null,59,n
1.0.0,"Таблица по подбору сечений теплых ангаров пролетами 9м, 12м, 15м, 18м, 21м, 24м версия 1,5.xlsx",0271b96c6fe725d3e50ad7891401958322a5ae97866bb0bf8cb190bc4bbeff3f,Расчеты,used sparse cells,2026-09-16,mixed,BI31,null,60,n
1.0.0,"Таблица по подбору сечений теплых ангаров пролетами 9м, 12м, 15м, 18м, 21м, 24м версия 1,5.xlsx",0271b96c6fe725d3e50ad7891401958322a5ae97866bb0bf8cb190bc4bbeff3f,Расчеты,used sparse cells,2026-09-16,mixed,BJ31,null,61,n
1.0.0,"Таблица по подбору сечений теплых ангаров пролетами 9м, 12м, 15м, 18м, 21м, 24м версия 1,5.xlsx",0271b96c6fe725d3e50ad7891401958322a5ae97866bb0bf8cb190bc4bbeff3f,Расчеты,used sparse cells,2026-09-16,mixed,BK31,null,62,n
1.0.0,"Таблица по подбору сечений теплых ангаров пролетами 9м, 12м, 15м, 18м, 21м, 24м версия 1,5.xlsx",0271b96c6fe725d3e50ad7891401958322a5ae97866bb0bf8cb190bc4bbeff3f,Расчеты,used sparse cells,2026-09-16,mixed,BL31,null,63,n
1.0.0,"Таблица по подбору сечений теплых ангаров пролетами 9м, 12м, 15м, 18м, 21м, 24м версия 1,5.xlsx",0271b96c6fe725d3e50ad7891401958322a5ae97866bb0bf8cb190bc4bbeff3f,Расчеты,used sparse cells,2026-09-16,mixed,BM31,null,64,n
1.0.0,"Таблица по подбору сечений теплых ангаров пролетами 9м, 12м, 15м, 18м, 21м, 24м версия 1,5.xlsx",0271b96c6fe725d3e50ad7891401958322a5ae97866bb0bf8cb190bc4bbeff3f,Расчеты,used sparse cells,2026-09-16,mixed,BN31,null,65,n
1.0.0,"Таблица по подбору сечений теплых ангаров пролетами 9м, 12м, 15м, 18м, 21м, 24м версия 1,5.xlsx",0271b96c6fe725d3e50ad7891401958322a5ae97866bb0bf8cb190bc4bbeff3f,Расчеты,used sparse cells,2026-09-16,mixed,BO31,null,66,n
1.0.0,"Таблица по подбору сечений теплых ангаров пролетами 9м, 12м, 15м, 18м, 21м, 24м версия 1,5.xlsx",0271b96c6fe725d3e50ad7891401958322a5ae97866bb0bf8cb190bc4bbeff3f,Расчеты,used sparse cells,2026-09-16,mixed,BP31,null,67,n
1.0.0,"Таблица по подбору сечений теплых ангаров пролетами 9м, 12м, 15м, 18м, 21м, 24м версия 1,5.xlsx",0271b96c6fe725d3e50ad7891401958322a5ae97866bb0bf8cb190bc4bbeff3f,Расчеты,used sparse cells,2026-09-16,mixed,BQ31,null,68,n
1.0.0,"Таблица по подбору сечений теплых ангаров пролетами 9м, 12м, 15м, 18м, 21м, 24м версия 1,5.xlsx",0271b96c6fe725d3e50ad7891401958322a5ae97866bb0bf8cb190bc4bbeff3f,Расчеты,used sparse cells,2026-09-16,mixed,BR31,null,69,n
1.0.0,"Таблица по подбору сечений теплых ангаров пролетами 9м, 12м, 15м, 18м, 21м, 24м версия 1,5.xlsx",0271b96c6fe725d3e50ad7891401958322a5ae97866bb0bf8cb190bc4bbeff3f,Расчеты,used sparse cells,2026-09-16,mixed,BS31,null,70,n
1.0.0,"Таблица по подбору сечений теплых ангаров пролетами 9м, 12м, 15м, 18м, 21м, 24м версия 1,5.xlsx",0271b96c6fe725d3e50ad7891401958322a5ae97866bb0bf8cb190bc4bbeff3f,Расчеты,used sparse cells,2026-09-16,mixed,BT31,null,71,n
1.0.0,"Таблица по подбору сечений теплых ангаров пролетами 9м, 12м, 15м, 18м, 21м, 24м версия 1,5.xlsx",0271b96c6fe725d3e50ad7891401958322a5ae97866bb0bf8cb190bc4bbeff3f,Расчеты,used sparse cells,2026-09-16,mixed,BU31,null,72,n
1.0.0,"Таблица по подбору сечений теплых ангаров пролетами 9м, 12м, 15м, 18м, 21м, 24м версия 1,5.xlsx",0271b96c6fe725d3e50ad7891401958322a5ae97866bb0bf8cb190bc4bbeff3f,Расчеты,used sparse cells,2026-09-16,mixed,BV31,null,73,n
1.0.0,"Таблица по подбору сечений теплых ангаров пролетами 9м, 12м, 15м, 18м, 21м, 24м версия 1,5.xlsx",0271b96c6fe725d3e50ad7891401958322a5ae97866bb0bf8cb190bc4bbeff3f,Расчеты,used sparse cells,2026-09-16,mixed,BW31,null,74,n
1.0.0,"Таблица по подбору сечений теплых ангаров пролетами 9м, 12м, 15м, 18м, 21м, 24м версия 1,5.xlsx",0271b96c6fe725d3e50ad7891401958322a5ae97866bb0bf8cb190bc4bbeff3f,Расчеты,used sparse cells,2026-09-16,mixed,BX31,null,75,n
1.0.0,"Таблица по подбору сечений теплых ангаров пролетами 9м, 12м, 15м, 18м, 21м, 24м версия 1,5.xlsx",0271b96c6fe725d3e50ad7891401958322a5ae97866bb0bf8cb190bc4bbeff3f,Расчеты,used sparse cells,2026-09-16,mixed,BY31,null,76,n
1.0.0,"Таблица по подбору сечений теплых ангаров пролетами 9м, 12м, 15м, 18м, 21м, 24м версия 1,5.xlsx",0271b96c6fe725d3e50ad7891401958322a5ae97866bb0bf8cb190bc4bbeff3f,Расчеты,used sparse cells,2026-09-16,mixed,BZ31,null,77,n
1.0.0,"Таблица по подбору сечений теплых ангаров пролетами 9м, 12м, 15м, 18м, 21м, 24м версия 1,5.xlsx",0271b96c6fe725d3e50ad7891401958322a5ae97866bb0bf8cb190bc4bbeff3f,Расчеты,used sparse cells,2026-09-16,mixed,CA31,null,78,n
1.0.0,"Таблица по подбору сечений теплых ангаров пролетами 9м, 12м, 15м, 18м, 21м, 24м версия 1,5.xlsx",0271b96c6fe725d3e50ad7891401958322a5ae97866bb0bf8cb190bc4bbeff3f,Расчеты,used sparse cells,2026-09-16,mixed,CB31,null,79,n
1.0.0,"Таблица по подбору сечений теплых ангаров пролетами 9м, 12м, 15м, 18м, 21м, 24м версия 1,5.xlsx",0271b96c6fe725d3e50ad7891401958322a5ae97866bb0bf8cb190bc4bbeff3f,Расчеты,used sparse cells,2026-09-16,mixed,CC31,null,80,n
1.0.0,"Таблица по подбору сечений теплых ангаров пролетами 9м, 12м, 15м, 18м, 21м, 24м версия 1,5.xlsx",0271b96c6fe725d3e50ad7891401958322a5ae97866bb0bf8cb190bc4bbeff3f,Расчеты,used sparse cells,2026-09-16,mixed,CD31,null,81,n
1.0.0,"Таблица по подбору сечений теплых ангаров пролетами 9м, 12м, 15м, 18м, 21м, 24м версия 1,5.xlsx",0271b96c6fe725d3e50ad7891401958322a5ae97866bb0bf8cb190bc4bbeff3f,Расчеты,used sparse cells,2026-09-16,mixed,CE31,null,82,n
1.0.0,"Таблица по подбору сечений теплых ангаров пролетами 9м, 12м, 15м, 18м, 21м, 24м версия 1,5.xlsx",0271b96c6fe725d3e50ad7891401958322a5ae97866bb0bf8cb190bc4bbeff3f,Расчеты,used sparse cells,2026-09-16,mixed,CF31,null,83,n
1.0.0,"Таблица по подбору сечений теплых ангаров пролетами 9м, 12м, 15м, 18м, 21м, 24м версия 1,5.xlsx",0271b96c6fe725d3e50ad7891401958322a5ae97866bb0bf8cb190bc4bbeff3f,Расчеты,used sparse cells,2026-09-16,mixed,CG31,null,84,n
1.0.0,"Таблица по подбору сечений теплых ангаров пролетами 9м, 12м, 15м, 18м, 21м, 24м версия 1,5.xlsx",0271b96c6fe725d3e50ad7891401958322a5ae97866bb0bf8cb190bc4bbeff3f,Расчеты,used sparse cells,2026-09-16,mixed,CH31,null,85,n
1.0.0,"Таблица по подбору сечений теплых ангаров пролетами 9м, 12м, 15м, 18м, 21м, 24м версия 1,5.xlsx",0271b96c6fe725d3e50ad7891401958322a5ae97866bb0bf8cb190bc4bbeff3f,Расчеты,used sparse cells,2026-09-16,mixed,CI31,null,86,n
1.0.0,"Таблица по подбору сечений теплых ангаров пролетами 9м, 12м, 15м, 18м, 21м, 24м версия 1,5.xlsx",0271b96c6fe725d3e50ad7891401958322a5ae97866bb0bf8cb190bc4bbeff3f,Расчеты,used sparse cells,2026-09-16,mixed,CJ31,null,87,n
1.0.0,"Таблица по подбору сечений теплых ангаров пролетами 9м, 12м, 15м, 18м, 21м, 24м версия 1,5.xlsx",0271b96c6fe725d3e50ad7891401958322a5ae97866bb0bf8cb190bc4bbeff3f,Расчеты,used sparse cells,2026-09-16,mixed,CK31,null,88,n
1.0.0,"Таблица по подбору сечений теплых ангаров пролетами 9м, 12м, 15м, 18м, 21м, 24м версия 1,5.xlsx",0271b96c6fe725d3e50ad7891401958322a5ae97866bb0bf8cb190bc4bbeff3f,Расчеты,used sparse cells,2026-09-16,mixed,CL31,null,89,n
1.0.0,"Таблица по подбору сечений теплых ангаров пролетами 9м, 12м, 15м, 18м, 21м, 24м версия 1,5.xlsx",0271b96c6fe725d3e50ad7891401958322a5ae97866bb0bf8cb190bc4bbeff3f,Расчеты,used sparse cells,2026-09-16,mixed,CM31,null,90,n
1.0.0,"Таблица по подбору сечений теплых ангаров пролетами 9м, 12м, 15м, 18м, 21м, 24м версия 1,5.xlsx",0271b96c6fe725d3e50ad7891401958322a5ae97866bb0bf8cb190bc4bbeff3f,Расчеты,used sparse cells,2026-09-16,mixed,CN31,null,91,n
1.0.0,"Таблица по подбору сечений теплых ангаров пролетами 9м, 12м, 15м, 18м, 21м, 24м версия 1,5.xlsx",0271b96c6fe725d3e50ad7891401958322a5ae97866bb0bf8cb190bc4bbeff3f,Расчеты,used sparse cells,2026-09-16,mixed,CO31,null,92,n
1.0.0,"Таблица по подбору сечений теплых ангаров пролетами 9м, 12м, 15м, 18м, 21м, 24м версия 1,5.xlsx",0271b96c6fe725d3e50ad7891401958322a5ae97866bb0bf8cb190bc4bbeff3f,Расчеты,used sparse cells,2026-09-16,mixed,CP31,null,93,n
1.0.0,"Таблица по подбору сечений теплых ангаров пролетами 9м, 12м, 15м, 18м, 21м, 24м версия 1,5.xlsx",0271b96c6fe725d3e50ad7891401958322a5ae97866bb0bf8cb190bc4bbeff3f,Расчеты,used sparse cells,2026-09-16,mixed,CQ31,null,94,n
1.0.0,"Таблица по подбору сечений теплых ангаров пролетами 9м, 12м, 15м, 18м, 21м, 24м версия 1,5.xlsx",0271b96c6fe725d3e50ad7891401958322a5ae97866bb0bf8cb190bc4bbeff3f,Расчеты,used sparse cells,2026-09-16,mixed,CR31,null,95,n
1.0.0,"Таблица по подбору сечений теплых ангаров пролетами 9м, 12м, 15м, 18м, 21м, 24м версия 1,5.xlsx",0271b96c6fe725d3e50ad7891401958322a5ae97866bb0bf8cb190bc4bbeff3f,Расчеты,used sparse cells,2026-09-16,mixed,CS31,null,96,n
1.0.0,"Таблица по подбору сечений теплых ангаров пролетами 9м, 12м, 15м, 18м, 21м, 24м версия 1,5.xlsx",0271b96c6fe725d3e50ad7891401958322a5ae97866bb0bf8cb190bc4bbeff3f,Расчеты,used sparse cells,2026-09-16,mixed,CT31,null,97,n
1.0.0,"Таблица по подбору сечений теплых ангаров пролетами 9м, 12м, 15м, 18м, 21м, 24м версия 1,5.xlsx",0271b96c6fe725d3e50ad7891401958322a5ae97866bb0bf8cb190bc4bbeff3f,Расчеты,used sparse cells,2026-09-16,mixed,CU31,null,98,n
1.0.0,"Таблица по подбору сечений теплых ангаров пролетами 9м, 12м, 15м, 18м, 21м, 24м версия 1,5.xlsx",0271b96c6fe725d3e50ad7891401958322a5ae97866bb0bf8cb190bc4bbeff3f,Расчеты,used sparse cells,2026-09-16,mixed,CV31,null,99,n
1.0.0,"Таблица по подбору сечений теплых ангаров пролетами 9м, 12м, 15м, 18м, 21м, 24м версия 1,5.xlsx",0271b96c6fe725d3e50ad7891401958322a5ae97866bb0bf8cb190bc4bbeff3f,Расчеты,used sparse cells,2026-09-16,mixed,CW31,null,100,n
1.0.0,"Таблица по подбору сечений теплых ангаров пролетами 9м, 12м, 15м, 18м, 21м, 24м версия 1,5.xlsx",0271b96c6fe725d3e50ad7891401958322a5ae97866bb0bf8cb190bc4bbeff3f,Расчеты,used sparse cells,2026-09-16,mixed,CX31,null,101,n
1.0.0,"Таблица по подбору сечений теплых ангаров пролетами 9м, 12м, 15м, 18м, 21м, 24м версия 1,5.xlsx",0271b96c6fe725d3e50ad7891401958322a5ae97866bb0bf8cb190bc4bbeff3f,Расчеты,used sparse cells,2026-09-16,mixed,CY31,null,102,n
1.0.0,"Таблица по подбору сечений теплых ангаров пролетами 9м, 12м, 15м, 18м, 21м, 24м версия 1,5.xlsx",0271b96c6fe725d3e50ad7891401958322a5ae97866bb0bf8cb190bc4bbeff3f,Расчеты,used sparse cells,2026-09-16,mixed,CZ31,null,103,n
1.0.0,"Таблица по подбору сечений теплых ангаров пролетами 9м, 12м, 15м, 18м, 21м, 24м версия 1,5.xlsx",0271b96c6fe725d3e50ad7891401958322a5ae97866bb0bf8cb190bc4bbeff3f,Расчеты,used sparse cells,2026-09-16,mixed,DA31,null,104,n
1.0.0,"Таблица по подбору сечений теплых ангаров пролетами 9м, 12м, 15м, 18м, 21м, 24м версия 1,5.xlsx",0271b96c6fe725d3e50ad7891401958322a5ae97866bb0bf8cb190bc4bbeff3f,Расчеты,used sparse cells,2026-09-16,mixed,DB31,null,105,n
1.0.0,"Таблица по подбору сечений теплых ангаров пролетами 9м, 12м, 15м, 18м, 21м, 24м версия 1,5.xlsx",0271b96c6fe725d3e50ad7891401958322a5ae97866bb0bf8cb190bc4bbeff3f,Расчеты,used sparse cells,2026-09-16,mixed,DC31,null,106,n
1.0.0,"Таблица по подбору сечений теплых ангаров пролетами 9м, 12м, 15м, 18м, 21м, 24м версия 1,5.xlsx",0271b96c6fe725d3e50ad7891401958322a5ae97866bb0bf8cb190bc4bbeff3f,Расчеты,used sparse cells,2026-09-16,mixed,DD31,null,107,n
1.0.0,"Таблица по подбору сечений теплых ангаров пролетами 9м, 12м, 15м, 18м, 21м, 24м версия 1,5.xlsx",0271b96c6fe725d3e50ad7891401958322a5ae97866bb0bf8cb190bc4bbeff3f,Расчеты,used sparse cells,2026-09-16,mixed,DE31,null,108,n
1.0.0,"Таблица по подбору сечений теплых ангаров пролетами 9м, 12м, 15м, 18м, 21м, 24м версия 1,5.xlsx",0271b96c6fe725d3e50ad7891401958322a5ae97866bb0bf8cb190bc4bbeff3f,Расчеты,used sparse cells,2026-09-16,mixed,DF31,null,109,n
1.0.0,"Таблица по подбору сечений теплых ангаров пролетами 9м, 12м, 15м, 18м, 21м, 24м версия 1,5.xlsx",0271b96c6fe725d3e50ad7891401958322a5ae97866bb0bf8cb190bc4bbeff3f,Расчеты,used sparse cells,2026-09-16,mixed,DG31,null,110,n
1.0.0,"Таблица по подбору сечений теплых ангаров пролетами 9м, 12м, 15м, 18м, 21м, 24м версия 1,5.xlsx",0271b96c6fe725d3e50ad7891401958322a5ae97866bb0bf8cb190bc4bbeff3f,Расчеты,used sparse cells,2026-09-16,mixed,DH31,null,111,n
1.0.0,"Таблица по подбору сечений теплых ангаров пролетами 9м, 12м, 15м, 18м, 21м, 24м версия 1,5.xlsx",0271b96c6fe725d3e50ad7891401958322a5ae97866bb0bf8cb190bc4bbeff3f,Расчеты,used sparse cells,2026-09-16,mixed,DI31,null,112,n
1.0.0,"Таблица по подбору сечений теплых ангаров пролетами 9м, 12м, 15м, 18м, 21м, 24м версия 1,5.xlsx",0271b96c6fe725d3e50ad7891401958322a5ae97866bb0bf8cb190bc4bbeff3f,Расчеты,used sparse cells,2026-09-16,mixed,DJ31,null,113,n
1.0.0,"Таблица по подбору сечений теплых ангаров пролетами 9м, 12м, 15м, 18м, 21м, 24м версия 1,5.xlsx",0271b96c6fe725d3e50ad7891401958322a5ae97866bb0bf8cb190bc4bbeff3f,Расчеты,used sparse cells,2026-09-16,mixed,DK31,null,114,n
1.0.0,"Таблица по подбору сечений теплых ангаров пролетами 9м, 12м, 15м, 18м, 21м, 24м версия 1,5.xlsx",0271b96c6fe725d3e50ad7891401958322a5ae97866bb0bf8cb190bc4bbeff3f,Расчеты,used sparse cells,2026-09-16,mixed,DL31,null,115,n
1.0.0,"Таблица по подбору сечений теплых ангаров пролетами 9м, 12м, 15м, 18м, 21м, 24м версия 1,5.xlsx",0271b96c6fe725d3e50ad7891401958322a5ae97866bb0bf8cb190bc4bbeff3f,Расчеты,used sparse cells,2026-09-16,mixed,DM31,null,116,n
1.0.0,"Таблица по подбору сечений теплых ангаров пролетами 9м, 12м, 15м, 18м, 21м, 24м версия 1,5.xlsx",0271b96c6fe725d3e50ad7891401958322a5ae97866bb0bf8cb190bc4bbeff3f,Расчеты,used sparse cells,2026-09-16,mixed,DN31,null,117,n
1.0.0,"Таблица по подбору сечений теплых ангаров пролетами 9м, 12м, 15м, 18м, 21м, 24м версия 1,5.xlsx",0271b96c6fe725d3e50ad7891401958322a5ae97866bb0bf8cb190bc4bbeff3f,Расчеты,used sparse cells,2026-09-16,mixed,DO31,null,118,n
1.0.0,"Таблица по подбору сечений теплых ангаров пролетами 9м, 12м, 15м, 18м, 21м, 24м версия 1,5.xlsx",0271b96c6fe725d3e50ad7891401958322a5ae97866bb0bf8cb190bc4bbeff3f,Расчеты,used sparse cells,2026-09-16,mixed,DP31,null,119,n
1.0.0,"Таблица по подбору сечений теплых ангаров пролетами 9м, 12м, 15м, 18м, 21м, 24м версия 1,5.xlsx",0271b96c6fe725d3e50ad7891401958322a5ae97866bb0bf8cb190bc4bbeff3f,Расчеты,used sparse cells,2026-09-16,mixed,DQ31,null,120,n
1.0.0,"Таблица по подбору сечений теплых ангаров пролетами 9м, 12м, 15м, 18м, 21м, 24м версия 1,5.xlsx",0271b96c6fe725d3e50ad7891401958322a5ae97866bb0bf8cb190bc4bbeff3f,Расчеты,used sparse cells,2026-09-16,mixed,DR31,null,121,n
1.0.0,"Таблица по подбору сечений теплых ангаров пролетами 9м, 12м, 15м, 18м, 21м, 24м версия 1,5.xlsx",0271b96c6fe725d3e50ad7891401958322a5ae97866bb0bf8cb190bc4bbeff3f,Расчеты,used sparse cells,2026-09-16,mixed,DS31,null,122,n
1.0.0,"Таблица по подбору сечений теплых ангаров пролетами 9м, 12м, 15м, 18м, 21м, 24м версия 1,5.xlsx",0271b96c6fe725d3e50ad7891401958322a5ae97866bb0bf8cb190bc4bbeff3f,Расчеты,used sparse cells,2026-09-16,mixed,DT31,null,123,n
1.0.0,"Таблица по подбору сечений теплых ангаров пролетами 9м, 12м, 15м, 18м, 21м, 24м версия 1,5.xlsx",0271b96c6fe725d3e50ad7891401958322a5ae97866bb0bf8cb190bc4bbeff3f,Расчеты,used sparse cells,2026-09-16,mixed,DU31,null,124,n
1.0.0,"Таблица по подбору сечений теплых ангаров пролетами 9м, 12м, 15м, 18м, 21м, 24м версия 1,5.xlsx",0271b96c6fe725d3e50ad7891401958322a5ae97866bb0bf8cb190bc4bbeff3f,Расчеты,used sparse cells,2026-09-16,mixed,DV31,null,125,n
1.0.0,"Таблица по подбору сечений теплых ангаров пролетами 9м, 12м, 15м, 18м, 21м, 24м версия 1,5.xlsx",0271b96c6fe725d3e50ad7891401958322a5ae97866bb0bf8cb190bc4bbeff3f,Расчеты,used sparse cells,2026-09-16,mixed,DW31,null,126,n
1.0.0,"Таблица по подбору сечений теплых ангаров пролетами 9м, 12м, 15м, 18м, 21м, 24м версия 1,5.xlsx",0271b96c6fe725d3e50ad7891401958322a5ae97866bb0bf8cb190bc4bbeff3f,Расчеты,used sparse cells,2026-09-16,mixed,DX31,null,127,n
1.0.0,"Таблица по подбору сечений теплых ангаров пролетами 9м, 12м, 15м, 18м, 21м, 24м версия 1,5.xlsx",0271b96c6fe725d3e50ad7891401958322a5ae97866bb0bf8cb190bc4bbeff3f,Расчеты,used sparse cells,2026-09-16,mixed,DY31,null,128,n
1.0.0,"Таблица по подбору сечений теплых ангаров пролетами 9м, 12м, 15м, 18м, 21м, 24м версия 1,5.xlsx",0271b96c6fe725d3e50ad7891401958322a5ae97866bb0bf8cb190bc4bbeff3f,Расчеты,used sparse cells,2026-09-16,mixed,DZ31,null,129,n
1.0.0,"Таблица по подбору сечений теплых ангаров пролетами 9м, 12м, 15м, 18м, 21м, 24м версия 1,5.xlsx",0271b96c6fe725d3e50ad7891401958322a5ae97866bb0bf8cb190bc4bbeff3f,Расчеты,used sparse cells,2026-09-16,mixed,EA31,null,130,n
1.0.0,"Таблица по подбору сечений теплых ангаров пролетами 9м, 12м, 15м, 18м, 21м, 24м версия 1,5.xlsx",0271b96c6fe725d3e50ad7891401958322a5ae97866bb0bf8cb190bc4bbeff3f,Расчеты,used sparse cells,2026-09-16,mixed,EB31,null,131,n
1.0.0,"Таблица по подбору сечений теплых ангаров пролетами 9м, 12м, 15м, 18м, 21м, 24м версия 1,5.xlsx",0271b96c6fe725d3e50ad7891401958322a5ae97866bb0bf8cb190bc4bbeff3f,Расчеты,used sparse cells,2026-09-16,mixed,EC31,null,132,n
1.0.0,"Таблица по подбору сечений теплых ангаров пролетами 9м, 12м, 15м, 18м, 21м, 24м версия 1,5.xlsx",0271b96c6fe725d3e50ad7891401958322a5ae97866bb0bf8cb190bc4bbeff3f,Расчеты,used sparse cells,2026-09-16,mixed,ED31,null,133,n
1.0.0,"Таблица по подбору сечений теплых ангаров пролетами 9м, 12м, 15м, 18м, 21м, 24м версия 1,5.xlsx",0271b96c6fe725d3e50ad7891401958322a5ae97866bb0bf8cb190bc4bbeff3f,Расчеты,used sparse cells,2026-09-16,mixed,EE31,null,134,n
1.0.0,"Таблица по подбору сечений теплых ангаров пролетами 9м, 12м, 15м, 18м, 21м, 24м версия 1,5.xlsx",0271b96c6fe725d3e50ad7891401958322a5ae97866bb0bf8cb190bc4bbeff3f,Расчеты,used sparse cells,2026-09-16,mixed,EF31,null,135,n
1.0.0,"Таблица по подбору сечений теплых ангаров пролетами 9м, 12м, 15м, 18м, 21м, 24м версия 1,5.xlsx",0271b96c6fe725d3e50ad7891401958322a5ae97866bb0bf8cb190bc4bbeff3f,Расчеты,used sparse cells,2026-09-16,mixed,EG31,null,136,n
1.0.0,"Таблица по подбору сечений теплых ангаров пролетами 9м, 12м, 15м, 18м, 21м, 24м версия 1,5.xlsx",0271b96c6fe725d3e50ad7891401958322a5ae97866bb0bf8cb190bc4bbeff3f,Расчеты,used sparse cells,2026-09-16,mixed,EH31,null,137,n
1.0.0,"Таблица по подбору сечений теплых ангаров пролетами 9м, 12м, 15м, 18м, 21м, 24м версия 1,5.xlsx",0271b96c6fe725d3e50ad7891401958322a5ae97866bb0bf8cb190bc4bbeff3f,Расчеты,used sparse cells,2026-09-16,mixed,EI31,null,138,n
1.0.0,"Таблица по подбору сечений теплых ангаров пролетами 9м, 12м, 15м, 18м, 21м, 24м версия 1,5.xlsx",0271b96c6fe725d3e50ad7891401958322a5ae97866bb0bf8cb190bc4bbeff3f,Расчеты,used sparse cells,2026-09-16,mixed,EJ31,null,139,n
1.0.0,"Таблица по подбору сечений теплых ангаров пролетами 9м, 12м, 15м, 18м, 21м, 24м версия 1,5.xlsx",0271b96c6fe725d3e50ad7891401958322a5ae97866bb0bf8cb190bc4bbeff3f,Расчеты,used sparse cells,2026-09-16,mixed,EK31,null,140,n
1.0.0,"Таблица по подбору сечений теплых ангаров пролетами 9м, 12м, 15м, 18м, 21м, 24м версия 1,5.xlsx",0271b96c6fe725d3e50ad7891401958322a5ae97866bb0bf8cb190bc4bbeff3f,Расчеты,used sparse cells,2026-09-16,mixed,EL31,null,141,n
1.0.0,"Таблица по подбору сечений теплых ангаров пролетами 9м, 12м, 15м, 18м, 21м, 24м версия 1,5.xlsx",0271b96c6fe725d3e50ad7891401958322a5ae97866bb0bf8cb190bc4bbeff3f,Расчеты,used sparse cells,2026-09-16,mixed,EM31,null,142,n
1.0.0,"Таблица по подбору сечений теплых ангаров пролетами 9м, 12м, 15м, 18м, 21м, 24м версия 1,5.xlsx",0271b96c6fe725d3e50ad7891401958322a5ae97866bb0bf8cb190bc4bbeff3f,Расчеты,used sparse cells,2026-09-16,mixed,EN31,null,143,n
1.0.0,"Таблица по подбору сечений теплых ангаров пролетами 9м, 12м, 15м, 18м, 21м, 24м версия 1,5.xlsx",0271b96c6fe725d3e50ad7891401958322a5ae97866bb0bf8cb190bc4bbeff3f,Расчеты,used sparse cells,2026-09-16,mixed,EO31,null,144,n
1.0.0,"Таблица по подбору сечений теплых ангаров пролетами 9м, 12м, 15м, 18м, 21м, 24м версия 1,5.xlsx",0271b96c6fe725d3e50ad7891401958322a5ae97866bb0bf8cb190bc4bbeff3f,Расчеты,used sparse cells,2026-09-16,mixed,EP31,null,145,n
1.0.0,"Таблица по подбору сечений теплых ангаров пролетами 9м, 12м, 15м, 18м, 21м, 24м версия 1,5.xlsx",0271b96c6fe725d3e50ad7891401958322a5ae97866bb0bf8cb190bc4bbeff3f,Расчеты,used sparse cells,2026-09-16,mixed,EQ31,null,146,n
1.0.0,"Таблица по подбору сечений теплых ангаров пролетами 9м, 12м, 15м, 18м, 21м, 24м версия 1,5.xlsx",0271b96c6fe725d3e50ad7891401958322a5ae97866bb0bf8cb190bc4bbeff3f,Расчеты,used sparse cells,2026-09-16,mixed,ER31,null,147,n
1.0.0,"Таблица по подбору сечений теплых ангаров пролетами 9м, 12м, 15м, 18м, 21м, 24м версия 1,5.xlsx",0271b96c6fe725d3e50ad7891401958322a5ae97866bb0bf8cb190bc4bbeff3f,Расчеты,used sparse cells,2026-09-16,mixed,ES31,null,148,n
1.0.0,"Таблица по подбору сечений теплых ангаров пролетами 9м, 12м, 15м, 18м, 21м, 24м версия 1,5.xlsx",0271b96c6fe725d3e50ad7891401958322a5ae97866bb0bf8cb190bc4bbeff3f,Расчеты,used sparse cells,2026-09-16,mixed,ET31,null,149,n
1.0.0,"Таблица по подбору сечений теплых ангаров пролетами 9м, 12м, 15м, 18м, 21м, 24м версия 1,5.xlsx",0271b96c6fe725d3e50ad7891401958322a5ae97866bb0bf8cb190bc4bbeff3f,Расчеты,used sparse cells,2026-09-16,mixed,EU31,null,150,n
1.0.0,"Таблица по подбору сечений теплых ангаров пролетами 9м, 12м, 15м, 18м, 21м, 24м версия 1,5.xlsx",0271b96c6fe725d3e50ad7891401958322a5ae97866bb0bf8cb190bc4bbeff3f,Расчеты,used sparse cells,2026-09-16,mixed,EV31,null,151,n
1.0.0,"Таблица по подбору сечений теплых ангаров пролетами 9м, 12м, 15м, 18м, 21м, 24м версия 1,5.xlsx",0271b96c6fe725d3e50ad7891401958322a5ae97866bb0bf8cb190bc4bbeff3f,Расчеты,used sparse cells,2026-09-16,mixed,EW31,null,152,n
1.0.0,"Таблица по подбору сечений теплых ангаров пролетами 9м, 12м, 15м, 18м, 21м, 24м версия 1,5.xlsx",0271b96c6fe725d3e50ad7891401958322a5ae97866bb0bf8cb190bc4bbeff3f,Расчеты,used sparse cells,2026-09-16,mixed,EX31,null,153,n
1.0.0,"Таблица по подбору сечений теплых ангаров пролетами 9м, 12м, 15м, 18м, 21м, 24м версия 1,5.xlsx",0271b96c6fe725d3e50ad7891401958322a5ae97866bb0bf8cb190bc4bbeff3f,Расчеты,used sparse cells,2026-09-16,mixed,EY31,null,154,n
1.0.0,"Таблица по подбору сечений теплых ангаров пролетами 9м, 12м, 15м, 18м, 21м, 24м версия 1,5.xlsx",0271b96c6fe725d3e50ad7891401958322a5ae97866bb0bf8cb190bc4bbeff3f,Расчеты,used sparse cells,2026-09-16,mixed,EZ31,null,155,n
1.0.0,"Таблица по подбору сечений теплых ангаров пролетами 9м, 12м, 15м, 18м, 21м, 24м версия 1,5.xlsx",0271b96c6fe725d3e50ad7891401958322a5ae97866bb0bf8cb190bc4bbeff3f,Расчеты,used sparse cells,2026-09-16,mixed,FA31,null,156,n
1.0.0,"Таблица по подбору сечений теплых ангаров пролетами 9м, 12м, 15м, 18м, 21м, 24м версия 1,5.xlsx",0271b96c6fe725d3e50ad7891401958322a5ae97866bb0bf8cb190bc4bbeff3f,Расчеты,used sparse cells,2026-09-16,mixed,FB31,null,157,n
1.0.0,"Таблица по подбору сечений теплых ангаров пролетами 9м, 12м, 15м, 18м, 21м, 24м версия 1,5.xlsx",0271b96c6fe725d3e50ad7891401958322a5ae97866bb0bf8cb190bc4bbeff3f,Расчеты,used sparse cells,2026-09-16,mixed,FC31,null,158,n
1.0.0,"Таблица по подбору сечений теплых ангаров пролетами 9м, 12м, 15м, 18м, 21м, 24м версия 1,5.xlsx",0271b96c6fe725d3e50ad7891401958322a5ae97866bb0bf8cb190bc4bbeff3f,Расчеты,used sparse cells,2026-09-16,mixed,FD31,null,159,n
1.0.0,"Таблица по подбору сечений теплых ангаров пролетами 9м, 12м, 15м, 18м, 21м, 24м версия 1,5.xlsx",0271b96c6fe725d3e50ad7891401958322a5ae97866bb0bf8cb190bc4bbeff3f,Расчеты,used sparse cells,2026-09-16,mixed,FE31,null,160,n
1.0.0,"Таблица по подбору сечений теплых ангаров пролетами 9м, 12м, 15м, 18м, 21м, 24м версия 1,5.xlsx",0271b96c6fe725d3e50ad7891401958322a5ae97866bb0bf8cb190bc4bbeff3f,Расчеты,used sparse cells,2026-09-16,mixed,FF31,null,161,n
1.0.0,"Таблица по подбору сечений теплых ангаров пролетами 9м, 12м, 15м, 18м, 21м, 24м версия 1,5.xlsx",0271b96c6fe725d3e50ad7891401958322a5ae97866bb0bf8cb190bc4bbeff3f,Расчеты,used sparse cells,2026-09-16,mixed,FG31,null,162,n
1.0.0,"Таблица по подбору сечений теплых ангаров пролетами 9м, 12м, 15м, 18м, 21м, 24м версия 1,5.xlsx",0271b96c6fe725d3e50ad7891401958322a5ae97866bb0bf8cb190bc4bbeff3f,Расчеты,used sparse cells,2026-09-16,mixed,FH31,null,163,n
1.0.0,"Таблица по подбору сечений теплых ангаров пролетами 9м, 12м, 15м, 18м, 21м, 24м версия 1,5.xlsx",0271b96c6fe725d3e50ad7891401958322a5ae97866bb0bf8cb190bc4bbeff3f,Расчеты,used sparse cells,2026-09-16,mixed,FI31,null,164,n
1.0.0,"Таблица по подбору сечений теплых ангаров пролетами 9м, 12м, 15м, 18м, 21м, 24м версия 1,5.xlsx",0271b96c6fe725d3e50ad7891401958322a5ae97866bb0bf8cb190bc4bbeff3f,Расчеты,used sparse cells,2026-09-16,mixed,FJ31,null,165,n
1.0.0,"Таблица по подбору сечений теплых ангаров пролетами 9м, 12м, 15м, 18м, 21м, 24м версия 1,5.xlsx",0271b96c6fe725d3e50ad7891401958322a5ae97866bb0bf8cb190bc4bbeff3f,Расчеты,used sparse cells,2026-09-16,mixed,FK31,null,166,n
1.0.0,"Таблица по подбору сечений теплых ангаров пролетами 9м, 12м, 15м, 18м, 21м, 24м версия 1,5.xlsx",0271b96c6fe725d3e50ad7891401958322a5ae97866bb0bf8cb190bc4bbeff3f,Расчеты,used sparse cells,2026-09-16,mixed,FL31,null,167,n
1.0.0,"Таблица по подбору сечений теплых ангаров пролетами 9м, 12м, 15м, 18м, 21м, 24м версия 1,5.xlsx",0271b96c6fe725d3e50ad7891401958322a5ae97866bb0bf8cb190bc4bbeff3f,Расчеты,used sparse cells,2026-09-16,mixed,FM31,null,168,n
1.0.0,"Таблица по подбору сечений теплых ангаров пролетами 9м, 12м, 15м, 18м, 21м, 24м версия 1,5.xlsx",0271b96c6fe725d3e50ad7891401958322a5ae97866bb0bf8cb190bc4bbeff3f,Расчеты,used sparse cells,2026-09-16,mixed,FN31,null,169,n
1.0.0,"Таблица по подбору сечений теплых ангаров пролетами 9м, 12м, 15м, 18м, 21м, 24м версия 1,5.xlsx",0271b96c6fe725d3e50ad7891401958322a5ae97866bb0bf8cb190bc4bbeff3f,Расчеты,used sparse cells,2026-09-16,mixed,FO31,null,170,n
1.0.0,"Таблица по подбору сечений теплых ангаров пролетами 9м, 12м, 15м, 18м, 21м, 24м версия 1,5.xlsx",0271b96c6fe725d3e50ad7891401958322a5ae97866bb0bf8cb190bc4bbeff3f,Расчеты,used sparse cells,2026-09-16,mixed,FP31,null,171,n
1.0.0,"Таблица по подбору сечений теплых ангаров пролетами 9м, 12м, 15м, 18м, 21м, 24м версия 1,5.xlsx",0271b96c6fe725d3e50ad7891401958322a5ae97866bb0bf8cb190bc4bbeff3f,Расчеты,used sparse cells,2026-09-16,mixed,FQ31,null,172,n
1.0.0,"Таблица по подбору сечений теплых ангаров пролетами 9м, 12м, 15м, 18м, 21м, 24м версия 1,5.xlsx",0271b96c6fe725d3e50ad7891401958322a5ae97866bb0bf8cb190bc4bbeff3f,Расчеты,used sparse cells,2026-09-16,mixed,FR31,null,173,n
1.0.0,"Таблица по подбору сечений теплых ангаров пролетами 9м, 12м, 15м, 18м, 21м, 24м версия 1,5.xlsx",0271b96c6fe725d3e50ad7891401958322a5ae97866bb0bf8cb190bc4bbeff3f,Расчеты,used sparse cells,2026-09-16,mixed,FS31,null,174,n
1.0.0,"Таблица по подбору сечений теплых ангаров пролетами 9м, 12м, 15м, 18м, 21м, 24м версия 1,5.xlsx",0271b96c6fe725d3e50ad7891401958322a5ae97866bb0bf8cb190bc4bbeff3f,Расчеты,used sparse cells,2026-09-16,mixed,FT31,null,175,n
1.0.0,"Таблица по подбору сечений теплых ангаров пролетами 9м, 12м, 15м, 18м, 21м, 24м версия 1,5.xlsx",0271b96c6fe725d3e50ad7891401958322a5ae97866bb0bf8cb190bc4bbeff3f,Расчеты,used sparse cells,2026-09-16,mixed,FU31,null,176,n
1.0.0,"Таблица по подбору сечений теплых ангаров пролетами 9м, 12м, 15м, 18м, 21м, 24м версия 1,5.xlsx",0271b96c6fe725d3e50ad7891401958322a5ae97866bb0bf8cb190bc4bbeff3f,Расчеты,used sparse cells,2026-09-16,mixed,FV31,null,177,n
1.0.0,"Таблица по подбору сечений теплых ангаров пролетами 9м, 12м, 15м, 18м, 21м, 24м версия 1,5.xlsx",0271b96c6fe725d3e50ad7891401958322a5ae97866bb0bf8cb190bc4bbeff3f,Расчеты,used sparse cells,2026-09-16,mixed,FW31,null,178,n
1.0.0,"Таблица по подбору сечений теплых ангаров пролетами 9м, 12м, 15м, 18м, 21м, 24м версия 1,5.xlsx",0271b96c6fe725d3e50ad7891401958322a5ae97866bb0bf8cb190bc4bbeff3f,Расчеты,used sparse cells,2026-09-16,mixed,FX31,null,179,n
1.0.0,"Таблица по подбору сечений теплых ангаров пролетами 9м, 12м, 15м, 18м, 21м, 24м версия 1,5.xlsx",0271b96c6fe725d3e50ad7891401958322a5ae97866bb0bf8cb190bc4bbeff3f,Расчеты,used sparse cells,2026-09-16,mixed,FY31,null,180,n
1.0.0,"Таблица по подбору сечений теплых ангаров пролетами 9м, 12м, 15м, 18м, 21м, 24м версия 1,5.xlsx",0271b96c6fe725d3e50ad7891401958322a5ae97866bb0bf8cb190bc4bbeff3f,Расчеты,used sparse cells,2026-09-16,mixed,FZ31,null,181,n
1.0.0,"Таблица по подбору сечений теплых ангаров пролетами 9м, 12м, 15м, 18м, 21м, 24м версия 1,5.xlsx",0271b96c6fe725d3e50ad7891401958322a5ae97866bb0bf8cb190bc4bbeff3f,Расчеты,used sparse cells,2026-09-16,mixed,GA31,null,182,n
1.0.0,"Таблица по подбору сечений теплых ангаров пролетами 9м, 12м, 15м, 18м, 21м, 24м версия 1,5.xlsx",0271b96c6fe725d3e50ad7891401958322a5ae97866bb0bf8cb190bc4bbeff3f,Расчеты,used sparse cells,2026-09-16,mixed,GB31,null,183,n
1.0.0,"Таблица по подбору сечений теплых ангаров пролетами 9м, 12м, 15м, 18м, 21м, 24м версия 1,5.xlsx",0271b96c6fe725d3e50ad7891401958322a5ae97866bb0bf8cb190bc4bbeff3f,Расчеты,used sparse cells,2026-09-16,mixed,GC31,null,184,n
1.0.0,"Таблица по подбору сечений теплых ангаров пролетами 9м, 12м, 15м, 18м, 21м, 24м версия 1,5.xlsx",0271b96c6fe725d3e50ad7891401958322a5ae97866bb0bf8cb190bc4bbeff3f,Расчеты,used sparse cells,2026-09-16,mixed,GD31,null,185,n
1.0.0,"Таблица по подбору сечений теплых ангаров пролетами 9м, 12м, 15м, 18м, 21м, 24м версия 1,5.xlsx",0271b96c6fe725d3e50ad7891401958322a5ae97866bb0bf8cb190bc4bbeff3f,Расчеты,used sparse cells,2026-09-16,mixed,GE31,null,186,n
1.0.0,"Таблица по подбору сечений теплых ангаров пролетами 9м, 12м, 15м, 18м, 21м, 24м версия 1,5.xlsx",0271b96c6fe725d3e50ad7891401958322a5ae97866bb0bf8cb190bc4bbeff3f,Расчеты,used sparse cells,2026-09-16,mixed,GF31,null,187,n
1.0.0,"Таблица по подбору сечений теплых ангаров пролетами 9м, 12м, 15м, 18м, 21м, 24м версия 1,5.xlsx",0271b96c6fe725d3e50ad7891401958322a5ae97866bb0bf8cb190bc4bbeff3f,Расчеты,used sparse cells,2026-09-16,mixed,GG31,null,188,n
1.0.0,"Таблица по подбору сечений теплых ангаров пролетами 9м, 12м, 15м, 18м, 21м, 24м версия 1,5.xlsx",0271b96c6fe725d3e50ad7891401958322a5ae97866bb0bf8cb190bc4bbeff3f,Расчеты,used sparse cells,2026-09-16,mixed,GH31,null,189,n
1.0.0,"Таблица по подбору сечений теплых ангаров пролетами 9м, 12м, 15м, 18м, 21м, 24м версия 1,5.xlsx",0271b96c6fe725d3e50ad7891401958322a5ae97866bb0bf8cb190bc4bbeff3f,Расчеты,used sparse cells,2026-09-16,mixed,GI31,null,190,n
1.0.0,"Таблица по подбору сечений теплых ангаров пролетами 9м, 12м, 15м, 18м, 21м, 24м версия 1,5.xlsx",0271b96c6fe725d3e50ad7891401958322a5ae97866bb0bf8cb190bc4bbeff3f,Расчеты,used sparse cells,2026-09-16,mixed,GJ31,null,191,n
1.0.0,"Таблица по подбору сечений теплых ангаров пролетами 9м, 12м, 15м, 18м, 21м, 24м версия 1,5.xlsx",0271b96c6fe725d3e50ad7891401958322a5ae97866bb0bf8cb190bc4bbeff3f,Расчеты,used sparse cells,2026-09-16,mixed,GK31,null,192,n
1.0.0,"Таблица по подбору сечений теплых ангаров пролетами 9м, 12м, 15м, 18м, 21м, 24м версия 1,5.xlsx",0271b96c6fe725d3e50ad7891401958322a5ae97866bb0bf8cb190bc4bbeff3f,Расчеты,used sparse cells,2026-09-16,mixed,GL31,null,193,n
1.0.0,"Таблица по подбору сечений теплых ангаров пролетами 9м, 12м, 15м, 18м, 21м, 24м версия 1,5.xlsx",0271b96c6fe725d3e50ad7891401958322a5ae97866bb0bf8cb190bc4bbeff3f,Расчеты,used sparse cells,2026-09-16,mixed,GM31,null,194,n
1.0.0,"Таблица по подбору сечений теплых ангаров пролетами 9м, 12м, 15м, 18м, 21м, 24м версия 1,5.xlsx",0271b96c6fe725d3e50ad7891401958322a5ae97866bb0bf8cb190bc4bbeff3f,Расчеты,used sparse cells,2026-09-16,mixed,GN31,null,195,n
1.0.0,"Таблица по подбору сечений теплых ангаров пролетами 9м, 12м, 15м, 18м, 21м, 24м версия 1,5.xlsx",0271b96c6fe725d3e50ad7891401958322a5ae97866bb0bf8cb190bc4bbeff3f,Расчеты,used sparse cells,2026-09-16,mixed,GO31,null,196,n
1.0.0,"Таблица по подбору сечений теплых ангаров пролетами 9м, 12м, 15м, 18м, 21м, 24м версия 1,5.xlsx",0271b96c6fe725d3e50ad7891401958322a5ae97866bb0bf8cb190bc4bbeff3f,Расчеты,used sparse cells,2026-09-16,mixed,GP31,null,197,n
1.0.0,"Таблица по подбору сечений теплых ангаров пролетами 9м, 12м, 15м, 18м, 21м, 24м версия 1,5.xlsx",0271b96c6fe725d3e50ad7891401958322a5ae97866bb0bf8cb190bc4bbeff3f,Расчеты,used sparse cells,2026-09-16,mixed,GQ31,null,198,n
1.0.0,"Таблица по подбору сечений теплых ангаров пролетами 9м, 12м, 15м, 18м, 21м, 24м версия 1,5.xlsx",0271b96c6fe725d3e50ad7891401958322a5ae97866bb0bf8cb190bc4bbeff3f,Расчеты,used sparse cells,2026-09-16,mixed,GR31,null,199,n
1.0.0,"Таблица по подбору сечений теплых ангаров пролетами 9м, 12м, 15м, 18м, 21м, 24м версия 1,5.xlsx",0271b96c6fe725d3e50ad7891401958322a5ae97866bb0bf8cb190bc4bbeff3f,Расчеты,used sparse cells,2026-09-16,mixed,GS31,null,200,n
1.0.0,"Таблица по подбору сечений теплых ангаров пролетами 9м, 12м, 15м, 18м, 21м, 24м версия 1,5.xlsx",0271b96c6fe725d3e50ad7891401958322a5ae97866bb0bf8cb190bc4bbeff3f,Расчеты,used sparse cells,2026-09-16,mixed,GT31,null,201,n
1.0.0,"Таблица по подбору сечений теплых ангаров пролетами 9м, 12м, 15м, 18м, 21м, 24м версия 1,5.xlsx",0271b96c6fe725d3e50ad7891401958322a5ae97866bb0bf8cb190bc4bbeff3f,Расчеты,used sparse cells,2026-09-16,mixed,GU31,null,202,n
1.0.0,"Таблица по подбору сечений теплых ангаров пролетами 9м, 12м, 15м, 18м, 21м, 24м версия 1,5.xlsx",0271b96c6fe725d3e50ad7891401958322a5ae97866bb0bf8cb190bc4bbeff3f,Расчеты,used sparse cells,2026-09-16,mixed,GV31,null,203,n
1.0.0,"Таблица по подбору сечений теплых ангаров пролетами 9м, 12м, 15м, 18м, 21м, 24м версия 1,5.xlsx",0271b96c6fe725d3e50ad7891401958322a5ae97866bb0bf8cb190bc4bbeff3f,Расчеты,used sparse cells,2026-09-16,mixed,GW31,null,204,n
1.0.0,"Таблица по подбору сечений теплых ангаров пролетами 9м, 12м, 15м, 18м, 21м, 24м версия 1,5.xlsx",0271b96c6fe725d3e50ad7891401958322a5ae97866bb0bf8cb190bc4bbeff3f,Расчеты,used sparse cells,2026-09-16,mixed,GX31,null,205,n
1.0.0,"Таблица по подбору сечений теплых ангаров пролетами 9м, 12м, 15м, 18м, 21м, 24м версия 1,5.xlsx",0271b96c6fe725d3e50ad7891401958322a5ae97866bb0bf8cb190bc4bbeff3f,Расчеты,used sparse cells,2026-09-16,mixed,GY31,null,206,n
1.0.0,"Таблица по подбору сечений теплых ангаров пролетами 9м, 12м, 15м, 18м, 21м, 24м версия 1,5.xlsx",0271b96c6fe725d3e50ad7891401958322a5ae97866bb0bf8cb190bc4bbeff3f,Расчеты,used sparse cells,2026-09-16,mixed,GZ31,null,207,n
1.0.0,"Таблица по подбору сечений теплых ангаров пролетами 9м, 12м, 15м, 18м, 21м, 24м версия 1,5.xlsx",0271b96c6fe725d3e50ad7891401958322a5ae97866bb0bf8cb190bc4bbeff3f,Расчеты,used sparse cells,2026-09-16,mixed,HA31,null,208,n
1.0.0,"Таблица по подбору сечений теплых ангаров пролетами 9м, 12м, 15м, 18м, 21м, 24м версия 1,5.xlsx",0271b96c6fe725d3e50ad7891401958322a5ae97866bb0bf8cb190bc4bbeff3f,Расчеты,used sparse cells,2026-09-16,mixed,HB31,null,209,n
1.0.0,"Таблица по подбору сечений теплых ангаров пролетами 9м, 12м, 15м, 18м, 21м, 24м версия 1,5.xlsx",0271b96c6fe725d3e50ad7891401958322a5ae97866bb0bf8cb190bc4bbeff3f,Расчеты,used sparse cells,2026-09-16,mixed,HC31,null,210,n
1.0.0,"Таблица по подбору сечений теплых ангаров пролетами 9м, 12м, 15м, 18м, 21м, 24м версия 1,5.xlsx",0271b96c6fe725d3e50ad7891401958322a5ae97866bb0bf8cb190bc4bbeff3f,Расчеты,used sparse cells,2026-09-16,mixed,HD31,null,211,n
1.0.0,"Таблица по подбору сечений теплых ангаров пролетами 9м, 12м, 15м, 18м, 21м, 24м версия 1,5.xlsx",0271b96c6fe725d3e50ad7891401958322a5ae97866bb0bf8cb190bc4bbeff3f,Расчеты,used sparse cells,2026-09-16,mixed,HE31,null,212,n
1.0.0,"Таблица по подбору сечений теплых ангаров пролетами 9м, 12м, 15м, 18м, 21м, 24м версия 1,5.xlsx",0271b96c6fe725d3e50ad7891401958322a5ae97866bb0bf8cb190bc4bbeff3f,Расчеты,used sparse cells,2026-09-16,mixed,HF31,null,213,n
1.0.0,"Таблица по подбору сечений теплых ангаров пролетами 9м, 12м, 15м, 18м, 21м, 24м версия 1,5.xlsx",0271b96c6fe725d3e50ad7891401958322a5ae97866bb0bf8cb190bc4bbeff3f,Расчеты,used sparse cells,2026-09-16,mixed,HG31,null,214,n
1.0.0,"Таблица по подбору сечений теплых ангаров пролетами 9м, 12м, 15м, 18м, 21м, 24м версия 1,5.xlsx",0271b96c6fe725d3e50ad7891401958322a5ae97866bb0bf8cb190bc4bbeff3f,Расчеты,used sparse cells,2026-09-16,mixed,HH31,null,215,n
1.0.0,"Таблица по подбору сечений теплых ангаров пролетами 9м, 12м, 15м, 18м, 21м, 24м версия 1,5.xlsx",0271b96c6fe725d3e50ad7891401958322a5ae97866bb0bf8cb190bc4bbeff3f,Расчеты,used sparse cells,2026-09-16,mixed,HI31,null,216,n
1.0.0,"Таблица по подбору сечений теплых ангаров пролетами 9м, 12м, 15м, 18м, 21м, 24м версия 1,5.xlsx",0271b96c6fe725d3e50ad7891401958322a5ae97866bb0bf8cb190bc4bbeff3f,Расчеты,used sparse cells,2026-09-16,mixed,HJ31,null,217,n
1.0.0,"Таблица по подбору сечений теплых ангаров пролетами 9м, 12м, 15м, 18м, 21м, 24м версия 1,5.xlsx",0271b96c6fe725d3e50ad7891401958322a5ae97866bb0bf8cb190bc4bbeff3f,Расчеты,used sparse cells,2026-09-16,mixed,HK31,null,218,n
1.0.0,"Таблица по подбору сечений теплых ангаров пролетами 9м, 12м, 15м, 18м, 21м, 24м версия 1,5.xlsx",0271b96c6fe725d3e50ad7891401958322a5ae97866bb0bf8cb190bc4bbeff3f,Расчеты,used sparse cells,2026-09-16,mixed,HL31,null,219,n
1.0.0,"Таблица по подбору сечений теплых ангаров пролетами 9м, 12м, 15м, 18м, 21м, 24м версия 1,5.xlsx",0271b96c6fe725d3e50ad7891401958322a5ae97866bb0bf8cb190bc4bbeff3f,Расчеты,used sparse cells,2026-09-16,mixed,HM31,null,220,n
1.0.0,"Таблица по подбору сечений теплых ангаров пролетами 9м, 12м, 15м, 18м, 21м, 24м версия 1,5.xlsx",0271b96c6fe725d3e50ad7891401958322a5ae97866bb0bf8cb190bc4bbeff3f,Расчеты,used sparse cells,2026-09-16,mixed,HN31,null,221,n
1.0.0,"Таблица по подбору сечений теплых ангаров пролетами 9м, 12м, 15м, 18м, 21м, 24м версия 1,5.xlsx",0271b96c6fe725d3e50ad7891401958322a5ae97866bb0bf8cb190bc4bbeff3f,Расчеты,used sparse cells,2026-09-16,mixed,HO31,null,222,n
1.0.0,"Таблица по подбору сечений теплых ангаров пролетами 9м, 12м, 15м, 18м, 21м, 24м версия 1,5.xlsx",0271b96c6fe725d3e50ad7891401958322a5ae97866bb0bf8cb190bc4bbeff3f,Расчеты,used sparse cells,2026-09-16,mixed,HP31,null,223,n
1.0.0,"Таблица по подбору сечений теплых ангаров пролетами 9м, 12м, 15м, 18м, 21м, 24м версия 1,5.xlsx",0271b96c6fe725d3e50ad7891401958322a5ae97866bb0bf8cb190bc4bbeff3f,Расчеты,used sparse cells,2026-09-16,mixed,HQ31,null,224,n
1.0.0,"Таблица по подбору сечений теплых ангаров пролетами 9м, 12м, 15м, 18м, 21м, 24м версия 1,5.xlsx",0271b96c6fe725d3e50ad7891401958322a5ae97866bb0bf8cb190bc4bbeff3f,Расчеты,used sparse cells,2026-09-16,mixed,HR31,null,225,n
1.0.0,"Таблица по подбору сечений теплых ангаров пролетами 9м, 12м, 15м, 18м, 21м, 24м версия 1,5.xlsx",0271b96c6fe725d3e50ad7891401958322a5ae97866bb0bf8cb190bc4bbeff3f,Расчеты,used sparse cells,2026-09-16,mixed,HS31,null,226,n
1.0.0,"Таблица по подбору сечений теплых ангаров пролетами 9м, 12м, 15м, 18м, 21м, 24м версия 1,5.xlsx",0271b96c6fe725d3e50ad7891401958322a5ae97866bb0bf8cb190bc4bbeff3f,Расчеты,used sparse cells,2026-09-16,mixed,HT31,null,227,n
1.0.0,"Таблица по подбору сечений теплых ангаров пролетами 9м, 12м, 15м, 18м, 21м, 24м версия 1,5.xlsx",0271b96c6fe725d3e50ad7891401958322a5ae97866bb0bf8cb190bc4bbeff3f,Расчеты,used sparse cells,2026-09-16,mixed,HU31,null,228,n
1.0.0,"Таблица по подбору сечений теплых ангаров пролетами 9м, 12м, 15м, 18м, 21м, 24м версия 1,5.xlsx",0271b96c6fe725d3e50ad7891401958322a5ae97866bb0bf8cb190bc4bbeff3f,Расчеты,used sparse cells,2026-09-16,mixed,HV31,null,229,n
1.0.0,"Таблица по подбору сечений теплых ангаров пролетами 9м, 12м, 15м, 18м, 21м, 24м версия 1,5.xlsx",0271b96c6fe725d3e50ad7891401958322a5ae97866bb0bf8cb190bc4bbeff3f,Расчеты,used sparse cells,2026-09-16,mixed,HW31,null,230,n
1.0.0,"Таблица по подбору сечений теплых ангаров пролетами 9м, 12м, 15м, 18м, 21м, 24м версия 1,5.xlsx",0271b96c6fe725d3e50ad7891401958322a5ae97866bb0bf8cb190bc4bbeff3f,Расчеты,used sparse cells,2026-09-16,mixed,HX31,null,231,n
1.0.0,"Таблица по подбору сечений теплых ангаров пролетами 9м, 12м, 15м, 18м, 21м, 24м версия 1,5.xlsx",0271b96c6fe725d3e50ad7891401958322a5ae97866bb0bf8cb190bc4bbeff3f,Расчеты,used sparse cells,2026-09-16,mixed,HY31,null,232,n
1.0.0,"Таблица по подбору сечений теплых ангаров пролетами 9м, 12м, 15м, 18м, 21м, 24м версия 1,5.xlsx",0271b96c6fe725d3e50ad7891401958322a5ae97866bb0bf8cb190bc4bbeff3f,Расчеты,used sparse cells,2026-09-16,mixed,HZ31,null,233,n
1.0.0,"Таблица по подбору сечений теплых ангаров пролетами 9м, 12м, 15м, 18м, 21м, 24м версия 1,5.xlsx",0271b96c6fe725d3e50ad7891401958322a5ae97866bb0bf8cb190bc4bbeff3f,Расчеты,used sparse cells,2026-09-16,mixed,IA31,null,234,n
1.0.0,"Таблица по подбору сечений теплых ангаров пролетами 9м, 12м, 15м, 18м, 21м, 24м версия 1,5.xlsx",0271b96c6fe725d3e50ad7891401958322a5ae97866bb0bf8cb190bc4bbeff3f,Расчеты,used sparse cells,2026-09-16,mixed,IB31,null,235,n
1.0.0,"Таблица по подбору сечений теплых ангаров пролетами 9м, 12м, 15м, 18м, 21м, 24м версия 1,5.xlsx",0271b96c6fe725d3e50ad7891401958322a5ae97866bb0bf8cb190bc4bbeff3f,Расчеты,used sparse cells,2026-09-16,mixed,IC31,null,236,n
1.0.0,"Таблица по подбору сечений теплых ангаров пролетами 9м, 12м, 15м, 18м, 21м, 24м версия 1,5.xlsx",0271b96c6fe725d3e50ad7891401958322a5ae97866bb0bf8cb190bc4bbeff3f,Расчеты,used sparse cells,2026-09-16,mixed,ID31,null,237,n
1.0.0,"Таблица по подбору сечений теплых ангаров пролетами 9м, 12м, 15м, 18м, 21м, 24м версия 1,5.xlsx",0271b96c6fe725d3e50ad7891401958322a5ae97866bb0bf8cb190bc4bbeff3f,Расчеты,used sparse cells,2026-09-16,mixed,IE31,null,238,n
1.0.0,"Таблица по подбору сечений теплых ангаров пролетами 9м, 12м, 15м, 18м, 21м, 24м версия 1,5.xlsx",0271b96c6fe725d3e50ad7891401958322a5ae97866bb0bf8cb190bc4bbeff3f,Расчеты,used sparse cells,2026-09-16,mixed,IF31,null,239,n
1.0.0,"Таблица по подбору сечений теплых ангаров пролетами 9м, 12м, 15м, 18м, 21м, 24м версия 1,5.xlsx",0271b96c6fe725d3e50ad7891401958322a5ae97866bb0bf8cb190bc4bbeff3f,Расчеты,used sparse cells,2026-09-16,mixed,IG31,null,240,n
1.0.0,"Таблица по подбору сечений теплых ангаров пролетами 9м, 12м, 15м, 18м, 21м, 24м версия 1,5.xlsx",0271b96c6fe725d3e50ad7891401958322a5ae97866bb0bf8cb190bc4bbeff3f,Расчеты,used sparse cells,2026-09-16,mixed,IH31,null,241,n
1.0.0,"Таблица по подбору сечений теплых ангаров пролетами 9м, 12м, 15м, 18м, 21м, 24м версия 1,5.xlsx",0271b96c6fe725d3e50ad7891401958322a5ae97866bb0bf8cb190bc4bbeff3f,Расчеты,used sparse cells,2026-09-16,mixed,II31,null,242,n
1.0.0,"Таблица по подбору сечений теплых ангаров пролетами 9м, 12м, 15м, 18м, 21м, 24м версия 1,5.xlsx",0271b96c6fe725d3e50ad7891401958322a5ae97866bb0bf8cb190bc4bbeff3f,Расчеты,used sparse cells,2026-09-16,mixed,IJ31,null,243,n
1.0.0,"Таблица по подбору сечений теплых ангаров пролетами 9м, 12м, 15м, 18м, 21м, 24м версия 1,5.xlsx",0271b96c6fe725d3e50ad7891401958322a5ae97866bb0bf8cb190bc4bbeff3f,Расчеты,used sparse cells,2026-09-16,mixed,IK31,null,244,n
1.0.0,"Таблица по подбору сечений теплых ангаров пролетами 9м, 12м, 15м, 18м, 21м, 24м версия 1,5.xlsx",0271b96c6fe725d3e50ad7891401958322a5ae97866bb0bf8cb190bc4bbeff3f,Расчеты,used sparse cells,2026-09-16,mixed,IL31,null,245,n
1.0.0,"Таблица по подбору сечений теплых ангаров пролетами 9м, 12м, 15м, 18м, 21м, 24м версия 1,5.xlsx",0271b96c6fe725d3e50ad7891401958322a5ae97866bb0bf8cb190bc4bbeff3f,Расчеты,used sparse cells,2026-09-16,mixed,IM31,null,246,n
1.0.0,"Таблица по подбору сечений теплых ангаров пролетами 9м, 12м, 15м, 18м, 21м, 24м версия 1,5.xlsx",0271b96c6fe725d3e50ad7891401958322a5ae97866bb0bf8cb190bc4bbeff3f,Расчеты,used sparse cells,2026-09-16,mixed,IN31,null,247,n
1.0.0,"Таблица по подбору сечений теплых ангаров пролетами 9м, 12м, 15м, 18м, 21м, 24м версия 1,5.xlsx",0271b96c6fe725d3e50ad7891401958322a5ae97866bb0bf8cb190bc4bbeff3f,Расчеты,used sparse cells,2026-09-16,mixed,IO31,null,248,n
1.0.0,"Таблица по подбору сечений теплых ангаров пролетами 9м, 12м, 15м, 18м, 21м, 24м версия 1,5.xlsx",0271b96c6fe725d3e50ad7891401958322a5ae97866bb0bf8cb190bc4bbeff3f,Расчеты,used sparse cells,2026-09-16,mixed,IP31,null,249,n
1.0.0,"Таблица по подбору сечений теплых ангаров пролетами 9м, 12м, 15м, 18м, 21м, 24м версия 1,5.xlsx",0271b96c6fe725d3e50ad7891401958322a5ae97866bb0bf8cb190bc4bbeff3f,Расчеты,used sparse cells,2026-09-16,mixed,IQ31,null,250,n
1.0.0,"Таблица по подбору сечений теплых ангаров пролетами 9м, 12м, 15м, 18м, 21м, 24м версия 1,5.xlsx",0271b96c6fe725d3e50ad7891401958322a5ae97866bb0bf8cb190bc4bbeff3f,Расчеты,used sparse cells,2026-09-16,mixed,IR31,null,251,n
1.0.0,"Таблица по подбору сечений теплых ангаров пролетами 9м, 12м, 15м, 18м, 21м, 24м версия 1,5.xlsx",0271b96c6fe725d3e50ad7891401958322a5ae97866bb0bf8cb190bc4bbeff3f,Расчеты,used sparse cells,2026-09-16,mixed,IS31,null,252,n
1.0.0,"Таблица по подбору сечений теплых ангаров пролетами 9м, 12м, 15м, 18м, 21м, 24м версия 1,5.xlsx",0271b96c6fe725d3e50ad7891401958322a5ae97866bb0bf8cb190bc4bbeff3f,Расчеты,used sparse cells,2026-09-16,mixed,IT31,null,253,n
1.0.0,"Таблица по подбору сечений теплых ангаров пролетами 9м, 12м, 15м, 18м, 21м, 24м версия 1,5.xlsx",0271b96c6fe725d3e50ad7891401958322a5ae97866bb0bf8cb190bc4bbeff3f,Расчеты,used sparse cells,2026-09-16,mixed,IU31,null,254,n
1.0.0,"Таблица по подбору сечений теплых ангаров пролетами 9м, 12м, 15м, 18м, 21м, 24м версия 1,5.xlsx",0271b96c6fe725d3e50ad7891401958322a5ae97866bb0bf8cb190bc4bbeff3f,Расчеты,used sparse cells,2026-09-16,mixed,IV31,null,255,n
1.0.0,"Таблица по подбору сечений теплых ангаров пролетами 9м, 12м, 15м, 18м, 21м, 24м версия 1,5.xlsx",0271b96c6fe725d3e50ad7891401958322a5ae97866bb0bf8cb190bc4bbeff3f,Расчеты,used sparse cells,2026-09-16,mixed,IW31,null,256,n
1.0.0,"Таблица по подбору сечений теплых ангаров пролетами 9м, 12м, 15м, 18м, 21м, 24м версия 1,5.xlsx",0271b96c6fe725d3e50ad7891401958322a5ae97866bb0bf8cb190bc4bbeff3f,Расчеты,used sparse cells,2026-09-16,mixed,IX31,null,257,n
1.0.0,"Таблица по подбору сечений теплых ангаров пролетами 9м, 12м, 15м, 18м, 21м, 24м версия 1,5.xlsx",0271b96c6fe725d3e50ad7891401958322a5ae97866bb0bf8cb190bc4bbeff3f,Расчеты,used sparse cells,2026-09-16,mixed,IY31,null,258,n
1.0.0,"Таблица по подбору сечений теплых ангаров пролетами 9м, 12м, 15м, 18м, 21м, 24м версия 1,5.xlsx",0271b96c6fe725d3e50ad7891401958322a5ae97866bb0bf8cb190bc4bbeff3f,Расчеты,used sparse cells,2026-09-16,mixed,IZ31,null,259,n
1.0.0,"Таблица по подбору сечений теплых ангаров пролетами 9м, 12м, 15м, 18м, 21м, 24м версия 1,5.xlsx",0271b96c6fe725d3e50ad7891401958322a5ae97866bb0bf8cb190bc4bbeff3f,Расчеты,used sparse cells,2026-09-16,mixed,JA31,null,260,n
1.0.0,"Таблица по подбору сечений теплых ангаров пролетами 9м, 12м, 15м, 18м, 21м, 24м версия 1,5.xlsx",0271b96c6fe725d3e50ad7891401958322a5ae97866bb0bf8cb190bc4bbeff3f,Расчеты,used sparse cells,2026-09-16,mixed,JB31,null,261,n
1.0.0,"Таблица по подбору сечений теплых ангаров пролетами 9м, 12м, 15м, 18м, 21м, 24м версия 1,5.xlsx",0271b96c6fe725d3e50ad7891401958322a5ae97866bb0bf8cb190bc4bbeff3f,Расчеты,used sparse cells,2026-09-16,mixed,JC31,null,262,n
1.0.0,"Таблица по подбору сечений теплых ангаров пролетами 9м, 12м, 15м, 18м, 21м, 24м версия 1,5.xlsx",0271b96c6fe725d3e50ad7891401958322a5ae97866bb0bf8cb190bc4bbeff3f,Расчеты,used sparse cells,2026-09-16,mixed,JD31,null,263,n
1.0.0,"Таблица по подбору сечений теплых ангаров пролетами 9м, 12м, 15м, 18м, 21м, 24м версия 1,5.xlsx",0271b96c6fe725d3e50ad7891401958322a5ae97866bb0bf8cb190bc4bbeff3f,Расчеты,used sparse cells,2026-09-16,mixed,JE31,null,264,n
1.0.0,"Таблица по подбору сечений теплых ангаров пролетами 9м, 12м, 15м, 18м, 21м, 24м версия 1,5.xlsx",0271b96c6fe725d3e50ad7891401958322a5ae97866bb0bf8cb190bc4bbeff3f,Расчеты,used sparse cells,2026-09-16,mixed,JF31,null,265,n
1.0.0,"Таблица по подбору сечений теплых ангаров пролетами 9м, 12м, 15м, 18м, 21м, 24м версия 1,5.xlsx",0271b96c6fe725d3e50ad7891401958322a5ae97866bb0bf8cb190bc4bbeff3f,Расчеты,used sparse cells,2026-09-16,mixed,JG31,null,266,n
1.0.0,"Таблица по подбору сечений теплых ангаров пролетами 9м, 12м, 15м, 18м, 21м, 24м версия 1,5.xlsx",0271b96c6fe725d3e50ad7891401958322a5ae97866bb0bf8cb190bc4bbeff3f,Расчеты,used sparse cells,2026-09-16,mixed,JH31,null,267,n
1.0.0,"Таблица по подбору сечений теплых ангаров пролетами 9м, 12м, 15м, 18м, 21м, 24м версия 1,5.xlsx",0271b96c6fe725d3e50ad7891401958322a5ae97866bb0bf8cb190bc4bbeff3f,Расчеты,used sparse cells,2026-09-16,mixed,JI31,null,268,n
1.0.0,"Таблица по подбору сечений теплых ангаров пролетами 9м, 12м, 15м, 18м, 21м, 24м версия 1,5.xlsx",0271b96c6fe725d3e50ad7891401958322a5ae97866bb0bf8cb190bc4bbeff3f,Расчеты,used sparse cells,2026-09-16,mixed,JJ31,null,269,n
1.0.0,"Таблица по подбору сечений теплых ангаров пролетами 9м, 12м, 15м, 18м, 21м, 24м версия 1,5.xlsx",0271b96c6fe725d3e50ad7891401958322a5ae97866bb0bf8cb190bc4bbeff3f,Расчеты,used sparse cells,2026-09-16,mixed,JK31,null,270,n
1.0.0,"Таблица по подбору сечений теплых ангаров пролетами 9м, 12м, 15м, 18м, 21м, 24м версия 1,5.xlsx",0271b96c6fe725d3e50ad7891401958322a5ae97866bb0bf8cb190bc4bbeff3f,Расчеты,used sparse cells,2026-09-16,mixed,JL31,null,271,n
1.0.0,"Таблица по подбору сечений теплых ангаров пролетами 9м, 12м, 15м, 18м, 21м, 24м версия 1,5.xlsx",0271b96c6fe725d3e50ad7891401958322a5ae97866bb0bf8cb190bc4bbeff3f,Расчеты,used sparse cells,2026-09-16,mixed,JM31,null,272,n
1.0.0,"Таблица по подбору сечений теплых ангаров пролетами 9м, 12м, 15м, 18м, 21м, 24м версия 1,5.xlsx",0271b96c6fe725d3e50ad7891401958322a5ae97866bb0bf8cb190bc4bbeff3f,Расчеты,used sparse cells,2026-09-16,mixed,JN31,null,273,n
1.0.0,"Таблица по подбору сечений теплых ангаров пролетами 9м, 12м, 15м, 18м, 21м, 24м версия 1,5.xlsx",0271b96c6fe725d3e50ad7891401958322a5ae97866bb0bf8cb190bc4bbeff3f,Расчеты,used sparse cells,2026-09-16,mixed,JO31,null,274,n
1.0.0,"Таблица по подбору сечений теплых ангаров пролетами 9м, 12м, 15м, 18м, 21м, 24м версия 1,5.xlsx",0271b96c6fe725d3e50ad7891401958322a5ae97866bb0bf8cb190bc4bbeff3f,Расчеты,used sparse cells,2026-09-16,mixed,JP31,null,275,n
1.0.0,"Таблица по подбору сечений теплых ангаров пролетами 9м, 12м, 15м, 18м, 21м, 24м версия 1,5.xlsx",0271b96c6fe725d3e50ad7891401958322a5ae97866bb0bf8cb190bc4bbeff3f,Расчеты,used sparse cells,2026-09-16,mixed,JQ31,null,276,n
1.0.0,"Таблица по подбору сечений теплых ангаров пролетами 9м, 12м, 15м, 18м, 21м, 24м версия 1,5.xlsx",0271b96c6fe725d3e50ad7891401958322a5ae97866bb0bf8cb190bc4bbeff3f,Расчеты,used sparse cells,2026-09-16,mixed,JR31,null,277,n
1.0.0,"Таблица по подбору сечений теплых ангаров пролетами 9м, 12м, 15м, 18м, 21м, 24м версия 1,5.xlsx",0271b96c6fe725d3e50ad7891401958322a5ae97866bb0bf8cb190bc4bbeff3f,Расчеты,used sparse cells,2026-09-16,mixed,JS31,null,278,n
1.0.0,"Таблица по подбору сечений теплых ангаров пролетами 9м, 12м, 15м, 18м, 21м, 24м версия 1,5.xlsx",0271b96c6fe725d3e50ad7891401958322a5ae97866bb0bf8cb190bc4bbeff3f,Расчеты,used sparse cells,2026-09-16,mixed,JT31,null,279,n
1.0.0,"Таблица по подбору сечений теплых ангаров пролетами 9м, 12м, 15м, 18м, 21м, 24м версия 1,5.xlsx",0271b96c6fe725d3e50ad7891401958322a5ae97866bb0bf8cb190bc4bbeff3f,Расчеты,used sparse cells,2026-09-16,mixed,JU31,null,280,n
1.0.0,"Таблица по подбору сечений теплых ангаров пролетами 9м, 12м, 15м, 18м, 21м, 24м версия 1,5.xlsx",0271b96c6fe725d3e50ad7891401958322a5ae97866bb0bf8cb190bc4bbeff3f,Расчеты,used sparse cells,2026-09-16,mixed,JV31,null,281,n
1.0.0,"Таблица по подбору сечений теплых ангаров пролетами 9м, 12м, 15м, 18м, 21м, 24м версия 1,5.xlsx",0271b96c6fe725d3e50ad7891401958322a5ae97866bb0bf8cb190bc4bbeff3f,Расчеты,used sparse cells,2026-09-16,mixed,JW31,null,282,n
1.0.0,"Таблица по подбору сечений теплых ангаров пролетами 9м, 12м, 15м, 18м, 21м, 24м версия 1,5.xlsx",0271b96c6fe725d3e50ad7891401958322a5ae97866bb0bf8cb190bc4bbeff3f,Расчеты,used sparse cells,2026-09-16,mixed,JX31,null,283,n
1.0.0,"Таблица по подбору сечений теплых ангаров пролетами 9м, 12м, 15м, 18м, 21м, 24м версия 1,5.xlsx",0271b96c6fe725d3e50ad7891401958322a5ae97866bb0bf8cb190bc4bbeff3f,Расчеты,used sparse cells,2026-09-16,mixed,JY31,null,284,n
1.0.0,"Таблица по подбору сечений теплых ангаров пролетами 9м, 12м, 15м, 18м, 21м, 24м версия 1,5.xlsx",0271b96c6fe725d3e50ad7891401958322a5ae97866bb0bf8cb190bc4bbeff3f,Расчеты,used sparse cells,2026-09-16,mixed,JZ31,null,285,n
1.0.0,"Таблица по подбору сечений теплых ангаров пролетами 9м, 12м, 15м, 18м, 21м, 24м версия 1,5.xlsx",0271b96c6fe725d3e50ad7891401958322a5ae97866bb0bf8cb190bc4bbeff3f,Расчеты,used sparse cells,2026-09-16,mixed,KA31,null,286,n
1.0.0,"Таблица по подбору сечений теплых ангаров пролетами 9м, 12м, 15м, 18м, 21м, 24м версия 1,5.xlsx",0271b96c6fe725d3e50ad7891401958322a5ae97866bb0bf8cb190bc4bbeff3f,Расчеты,used sparse cells,2026-09-16,mixed,KB31,null,287,n
1.0.0,"Таблица по подбору сечений теплых ангаров пролетами 9м, 12м, 15м, 18м, 21м, 24м версия 1,5.xlsx",0271b96c6fe725d3e50ad7891401958322a5ae97866bb0bf8cb190bc4bbeff3f,Расчеты,used sparse cells,2026-09-16,mixed,KC31,null,288,n
1.0.0,"Таблица по подбору сечений теплых ангаров пролетами 9м, 12м, 15м, 18м, 21м, 24м версия 1,5.xlsx",0271b96c6fe725d3e50ad7891401958322a5ae97866bb0bf8cb190bc4bbeff3f,Расчеты,used sparse cells,2026-09-16,mixed,KD31,null,289,n
1.0.0,"Таблица по подбору сечений теплых ангаров пролетами 9м, 12м, 15м, 18м, 21м, 24м версия 1,5.xlsx",0271b96c6fe725d3e50ad7891401958322a5ae97866bb0bf8cb190bc4bbeff3f,Расчеты,used sparse cells,2026-09-16,mixed,KE31,null,290,n
1.0.0,"Таблица по подбору сечений теплых ангаров пролетами 9м, 12м, 15м, 18м, 21м, 24м версия 1,5.xlsx",0271b96c6fe725d3e50ad7891401958322a5ae97866bb0bf8cb190bc4bbeff3f,Расчеты,used sparse cells,2026-09-16,mixed,KF31,null,291,n
1.0.0,"Таблица по подбору сечений теплых ангаров пролетами 9м, 12м, 15м, 18м, 21м, 24м версия 1,5.xlsx",0271b96c6fe725d3e50ad7891401958322a5ae97866bb0bf8cb190bc4bbeff3f,Расчеты,used sparse cells,2026-09-16,mixed,KG31,null,292,n
1.0.0,"Таблица по подбору сечений теплых ангаров пролетами 9м, 12м, 15м, 18м, 21м, 24м версия 1,5.xlsx",0271b96c6fe725d3e50ad7891401958322a5ae97866bb0bf8cb190bc4bbeff3f,Расчеты,used sparse cells,2026-09-16,mixed,KH31,null,293,n
1.0.0,"Таблица по подбору сечений теплых ангаров пролетами 9м, 12м, 15м, 18м, 21м, 24м версия 1,5.xlsx",0271b96c6fe725d3e50ad7891401958322a5ae97866bb0bf8cb190bc4bbeff3f,Расчеты,used sparse cells,2026-09-16,mixed,KI31,null,294,n
1.0.0,"Таблица по подбору сечений теплых ангаров пролетами 9м, 12м, 15м, 18м, 21м, 24м версия 1,5.xlsx",0271b96c6fe725d3e50ad7891401958322a5ae97866bb0bf8cb190bc4bbeff3f,Расчеты,used sparse cells,2026-09-16,mixed,KJ31,null,295,n
1.0.0,"Таблица по подбору сечений теплых ангаров пролетами 9м, 12м, 15м, 18м, 21м, 24м версия 1,5.xlsx",0271b96c6fe725d3e50ad7891401958322a5ae97866bb0bf8cb190bc4bbeff3f,Расчеты,used sparse cells,2026-09-16,mixed,KK31,null,296,n
1.0.0,"Таблица по подбору сечений теплых ангаров пролетами 9м, 12м, 15м, 18м, 21м, 24м версия 1,5.xlsx",0271b96c6fe725d3e50ad7891401958322a5ae97866bb0bf8cb190bc4bbeff3f,Расчеты,used sparse cells,2026-09-16,mixed,KL31,null,297,n
1.0.0,"Таблица по подбору сечений теплых ангаров пролетами 9м, 12м, 15м, 18м, 21м, 24м версия 1,5.xlsx",0271b96c6fe725d3e50ad7891401958322a5ae97866bb0bf8cb190bc4bbeff3f,Расчеты,used sparse cells,2026-09-16,mixed,KM31,null,298,n
1.0.0,"Таблица по подбору сечений теплых ангаров пролетами 9м, 12м, 15м, 18м, 21м, 24м версия 1,5.xlsx",0271b96c6fe725d3e50ad7891401958322a5ae97866bb0bf8cb190bc4bbeff3f,Расчеты,used sparse cells,2026-09-16,mixed,KN31,null,299,n
1.0.0,"Таблица по подбору сечений теплых ангаров пролетами 9м, 12м, 15м, 18м, 21м, 24м версия 1,5.xlsx",0271b96c6fe725d3e50ad7891401958322a5ae97866bb0bf8cb190bc4bbeff3f,Расчеты,used sparse cells,2026-09-16,mixed,KO31,null,300,n
1.0.0,"Таблица по подбору сечений теплых ангаров пролетами 9м, 12м, 15м, 18м, 21м, 24м версия 1,5.xlsx",0271b96c6fe725d3e50ad7891401958322a5ae97866bb0bf8cb190bc4bbeff3f,Расчеты,used sparse cells,2026-09-16,mixed,KP31,null,301,n
1.0.0,"Таблица по подбору сечений теплых ангаров пролетами 9м, 12м, 15м, 18м, 21м, 24м версия 1,5.xlsx",0271b96c6fe725d3e50ad7891401958322a5ae97866bb0bf8cb190bc4bbeff3f,Расчеты,used sparse cells,2026-09-16,mixed,KQ31,null,302,n
1.0.0,"Таблица по подбору сечений теплых ангаров пролетами 9м, 12м, 15м, 18м, 21м, 24м версия 1,5.xlsx",0271b96c6fe725d3e50ad7891401958322a5ae97866bb0bf8cb190bc4bbeff3f,Расчеты,used sparse cells,2026-09-16,mixed,KR31,null,303,n
1.0.0,"Таблица по подбору сечений теплых ангаров пролетами 9м, 12м, 15м, 18м, 21м, 24м версия 1,5.xlsx",0271b96c6fe725d3e50ad7891401958322a5ae97866bb0bf8cb190bc4bbeff3f,Расчеты,used sparse cells,2026-09-16,mixed,KS31,null,304,n
1.0.0,"Таблица по подбору сечений теплых ангаров пролетами 9м, 12м, 15м, 18м, 21м, 24м версия 1,5.xlsx",0271b96c6fe725d3e50ad7891401958322a5ae97866bb0bf8cb190bc4bbeff3f,Расчеты,used sparse cells,2026-09-16,mixed,KT31,null,305,n
1.0.0,"Таблица по подбору сечений теплых ангаров пролетами 9м, 12м, 15м, 18м, 21м, 24м версия 1,5.xlsx",0271b96c6fe725d3e50ad7891401958322a5ae97866bb0bf8cb190bc4bbeff3f,Расчеты,used sparse cells,2026-09-16,mixed,KU31,null,306,n
1.0.0,"Таблица по подбору сечений теплых ангаров пролетами 9м, 12м, 15м, 18м, 21м, 24м версия 1,5.xlsx",0271b96c6fe725d3e50ad7891401958322a5ae97866bb0bf8cb190bc4bbeff3f,Расчеты,used sparse cells,2026-09-16,mixed,KV31,null,307,n
1.0.0,"Таблица по подбору сечений теплых ангаров пролетами 9м, 12м, 15м, 18м, 21м, 24м версия 1,5.xlsx",0271b96c6fe725d3e50ad7891401958322a5ae97866bb0bf8cb190bc4bbeff3f,Расчеты,used sparse cells,2026-09-16,mixed,KW31,null,308,n
1.0.0,"Таблица по подбору сечений теплых ангаров пролетами 9м, 12м, 15м, 18м, 21м, 24м версия 1,5.xlsx",0271b96c6fe725d3e50ad7891401958322a5ae97866bb0bf8cb190bc4bbeff3f,Расчеты,used sparse cells,2026-09-16,mixed,KX31,null,309,n
1.0.0,"Таблица по подбору сечений теплых ангаров пролетами 9м, 12м, 15м, 18м, 21м, 24м версия 1,5.xlsx",0271b96c6fe725d3e50ad7891401958322a5ae97866bb0bf8cb190bc4bbeff3f,Расчеты,used sparse cells,2026-09-16,mixed,KY31,null,310,n
1.0.0,"Таблица по подбору сечений теплых ангаров пролетами 9м, 12м, 15м, 18м, 21м, 24м версия 1,5.xlsx",0271b96c6fe725d3e50ad7891401958322a5ae97866bb0bf8cb190bc4bbeff3f,Расчеты,used sparse cells,2026-09-16,mixed,KZ31,null,311,n
1.0.0,"Таблица по подбору сечений теплых ангаров пролетами 9м, 12м, 15м, 18м, 21м, 24м версия 1,5.xlsx",0271b96c6fe725d3e50ad7891401958322a5ae97866bb0bf8cb190bc4bbeff3f,Расчеты,used sparse cells,2026-09-16,mixed,LA31,null,312,n
1.0.0,"Таблица по подбору сечений теплых ангаров пролетами 9м, 12м, 15м, 18м, 21м, 24м версия 1,5.xlsx",0271b96c6fe725d3e50ad7891401958322a5ae97866bb0bf8cb190bc4bbeff3f,Расчеты,used sparse cells,2026-09-16,mixed,LB31,null,313,n
1.0.0,"Таблица по подбору сечений теплых ангаров пролетами 9м, 12м, 15м, 18м, 21м, 24м версия 1,5.xlsx",0271b96c6fe725d3e50ad7891401958322a5ae97866bb0bf8cb190bc4bbeff3f,Расчеты,used sparse cells,2026-09-16,mixed,LC31,null,314,n
1.0.0,"Таблица по подбору сечений теплых ангаров пролетами 9м, 12м, 15м, 18м, 21м, 24м версия 1,5.xlsx",0271b96c6fe725d3e50ad7891401958322a5ae97866bb0bf8cb190bc4bbeff3f,Расчеты,used sparse cells,2026-09-16,mixed,LD31,null,315,n
1.0.0,"Таблица по подбору сечений теплых ангаров пролетами 9м, 12м, 15м, 18м, 21м, 24м версия 1,5.xlsx",0271b96c6fe725d3e50ad7891401958322a5ae97866bb0bf8cb190bc4bbeff3f,Расчеты,used sparse cells,2026-09-16,mixed,LE31,null,316,n
1.0.0,"Таблица по подбору сечений теплых ангаров пролетами 9м, 12м, 15м, 18м, 21м, 24м версия 1,5.xlsx",0271b96c6fe725d3e50ad7891401958322a5ae97866bb0bf8cb190bc4bbeff3f,Расчеты,used sparse cells,2026-09-16,mixed,LF31,null,317,n
1.0.0,"Таблица по подбору сечений теплых ангаров пролетами 9м, 12м, 15м, 18м, 21м, 24м версия 1,5.xlsx",0271b96c6fe725d3e50ad7891401958322a5ae97866bb0bf8cb190bc4bbeff3f,Расчеты,used sparse cells,2026-09-16,mixed,LG31,null,318,n
1.0.0,"Таблица по подбору сечений теплых ангаров пролетами 9м, 12м, 15м, 18м, 21м, 24м версия 1,5.xlsx",0271b96c6fe725d3e50ad7891401958322a5ae97866bb0bf8cb190bc4bbeff3f,Расчеты,used sparse cells,2026-09-16,mixed,LH31,null,319,n
1.0.0,"Таблица по подбору сечений теплых ангаров пролетами 9м, 12м, 15м, 18м, 21м, 24м версия 1,5.xlsx",0271b96c6fe725d3e50ad7891401958322a5ae97866bb0bf8cb190bc4bbeff3f,Расчеты,used sparse cells,2026-09-16,mixed,LI31,null,320,n
1.0.0,"Таблица по подбору сечений теплых ангаров пролетами 9м, 12м, 15м, 18м, 21м, 24м версия 1,5.xlsx",0271b96c6fe725d3e50ad7891401958322a5ae97866bb0bf8cb190bc4bbeff3f,Расчеты,used sparse cells,2026-09-16,mixed,LJ31,null,321,n
1.0.0,"Таблица по подбору сечений теплых ангаров пролетами 9м, 12м, 15м, 18м, 21м, 24м версия 1,5.xlsx",0271b96c6fe725d3e50ad7891401958322a5ae97866bb0bf8cb190bc4bbeff3f,Расчеты,used sparse cells,2026-09-16,mixed,LK31,null,322,n
1.0.0,"Таблица по подбору сечений теплых ангаров пролетами 9м, 12м, 15м, 18м, 21м, 24м версия 1,5.xlsx",0271b96c6fe725d3e50ad7891401958322a5ae97866bb0bf8cb190bc4bbeff3f,Расчеты,used sparse cells,2026-09-16,mixed,LL31,null,323,n
1.0.0,"Таблица по подбору сечений теплых ангаров пролетами 9м, 12м, 15м, 18м, 21м, 24м версия 1,5.xlsx",0271b96c6fe725d3e50ad7891401958322a5ae97866bb0bf8cb190bc4bbeff3f,Расчеты,used sparse cells,2026-09-16,mixed,LM31,null,324,n
1.0.0,"Таблица по подбору сечений теплых ангаров пролетами 9м, 12м, 15м, 18м, 21м, 24м версия 1,5.xlsx",0271b96c6fe725d3e50ad7891401958322a5ae97866bb0bf8cb190bc4bbeff3f,Расчеты,used sparse cells,2026-09-16,mixed,LN31,null,325,n
1.0.0,"Таблица по подбору сечений теплых ангаров пролетами 9м, 12м, 15м, 18м, 21м, 24м версия 1,5.xlsx",0271b96c6fe725d3e50ad7891401958322a5ae97866bb0bf8cb190bc4bbeff3f,Расчеты,used sparse cells,2026-09-16,mixed,LO31,null,326,n
1.0.0,"Таблица по подбору сечений теплых ангаров пролетами 9м, 12м, 15м, 18м, 21м, 24м версия 1,5.xlsx",0271b96c6fe725d3e50ad7891401958322a5ae97866bb0bf8cb190bc4bbeff3f,Расчеты,used sparse cells,2026-09-16,mixed,LP31,null,327,n
1.0.0,"Таблица по подбору сечений теплых ангаров пролетами 9м, 12м, 15м, 18м, 21м, 24м версия 1,5.xlsx",0271b96c6fe725d3e50ad7891401958322a5ae97866bb0bf8cb190bc4bbeff3f,Расчеты,used sparse cells,2026-09-16,mixed,LQ31,null,328,n
1.0.0,"Таблица по подбору сечений теплых ангаров пролетами 9м, 12м, 15м, 18м, 21м, 24м версия 1,5.xlsx",0271b96c6fe725d3e50ad7891401958322a5ae97866bb0bf8cb190bc4bbeff3f,Расчеты,used sparse cells,2026-09-16,mixed,LR31,null,329,n
1.0.0,"Таблица по подбору сечений теплых ангаров пролетами 9м, 12м, 15м, 18м, 21м, 24м версия 1,5.xlsx",0271b96c6fe725d3e50ad7891401958322a5ae97866bb0bf8cb190bc4bbeff3f,Расчеты,used sparse cells,2026-09-16,mixed,LS31,null,330,n
1.0.0,"Таблица по подбору сечений теплых ангаров пролетами 9м, 12м, 15м, 18м, 21м, 24м версия 1,5.xlsx",0271b96c6fe725d3e50ad7891401958322a5ae97866bb0bf8cb190bc4bbeff3f,Расчеты,used sparse cells,2026-09-16,mixed,LT31,null,331,n
1.0.0,"Таблица по подбору сечений теплых ангаров пролетами 9м, 12м, 15м, 18м, 21м, 24м версия 1,5.xlsx",0271b96c6fe725d3e50ad7891401958322a5ae97866bb0bf8cb190bc4bbeff3f,Расчеты,used sparse cells,2026-09-16,mixed,LU31,null,332,n
1.0.0,"Таблица по подбору сечений теплых ангаров пролетами 9м, 12м, 15м, 18м, 21м, 24м версия 1,5.xlsx",0271b96c6fe725d3e50ad7891401958322a5ae97866bb0bf8cb190bc4bbeff3f,Расчеты,used sparse cells,2026-09-16,mixed,LV31,null,333,n
1.0.0,"Таблица по подбору сечений теплых ангаров пролетами 9м, 12м, 15м, 18м, 21м, 24м версия 1,5.xlsx",0271b96c6fe725d3e50ad7891401958322a5ae97866bb0bf8cb190bc4bbeff3f,Расчеты,used sparse cells,2026-09-16,mixed,LW31,null,334,n
1.0.0,"Таблица по подбору сечений теплых ангаров пролетами 9м, 12м, 15м, 18м, 21м, 24м версия 1,5.xlsx",0271b96c6fe725d3e50ad7891401958322a5ae97866bb0bf8cb190bc4bbeff3f,Расчеты,used sparse cells,2026-09-16,mixed,LX31,null,335,n
1.0.0,"Таблица по подбору сечений теплых ангаров пролетами 9м, 12м, 15м, 18м, 21м, 24м версия 1,5.xlsx",0271b96c6fe725d3e50ad7891401958322a5ae97866bb0bf8cb190bc4bbeff3f,Расчеты,used sparse cells,2026-09-16,mixed,LY31,null,336,n
1.0.0,"Таблица по подбору сечений теплых ангаров пролетами 9м, 12м, 15м, 18м, 21м, 24м версия 1,5.xlsx",0271b96c6fe725d3e50ad7891401958322a5ae97866bb0bf8cb190bc4bbeff3f,Расчеты,used sparse cells,2026-09-16,mixed,LZ31,null,337,n
1.0.0,"Таблица по подбору сечений теплых ангаров пролетами 9м, 12м, 15м, 18м, 21м, 24м версия 1,5.xlsx",0271b96c6fe725d3e50ad7891401958322a5ae97866bb0bf8cb190bc4bbeff3f,Расчеты,used sparse cells,2026-09-16,mixed,MA31,null,338,n
1.0.0,"Таблица по подбору сечений теплых ангаров пролетами 9м, 12м, 15м, 18м, 21м, 24м версия 1,5.xlsx",0271b96c6fe725d3e50ad7891401958322a5ae97866bb0bf8cb190bc4bbeff3f,Расчеты,used sparse cells,2026-09-16,mixed,MB31,null,339,n
1.0.0,"Таблица по подбору сечений теплых ангаров пролетами 9м, 12м, 15м, 18м, 21м, 24м версия 1,5.xlsx",0271b96c6fe725d3e50ad7891401958322a5ae97866bb0bf8cb190bc4bbeff3f,Расчеты,used sparse cells,2026-09-16,mixed,MC31,null,340,n
1.0.0,"Таблица по подбору сечений теплых ангаров пролетами 9м, 12м, 15м, 18м, 21м, 24м версия 1,5.xlsx",0271b96c6fe725d3e50ad7891401958322a5ae97866bb0bf8cb190bc4bbeff3f,Расчеты,used sparse cells,2026-09-16,mixed,MD31,null,341,n
1.0.0,"Таблица по подбору сечений теплых ангаров пролетами 9м, 12м, 15м, 18м, 21м, 24м версия 1,5.xlsx",0271b96c6fe725d3e50ad7891401958322a5ae97866bb0bf8cb190bc4bbeff3f,Расчеты,used sparse cells,2026-09-16,mixed,ME31,null,342,n
1.0.0,"Таблица по подбору сечений теплых ангаров пролетами 9м, 12м, 15м, 18м, 21м, 24м версия 1,5.xlsx",0271b96c6fe725d3e50ad7891401958322a5ae97866bb0bf8cb190bc4bbeff3f,Расчеты,used sparse cells,2026-09-16,mixed,MF31,null,343,n
1.0.0,"Таблица по подбору сечений теплых ангаров пролетами 9м, 12м, 15м, 18м, 21м, 24м версия 1,5.xlsx",0271b96c6fe725d3e50ad7891401958322a5ae97866bb0bf8cb190bc4bbeff3f,Расчеты,used sparse cells,2026-09-16,mixed,MG31,null,344,n
1.0.0,"Таблица по подбору сечений теплых ангаров пролетами 9м, 12м, 15м, 18м, 21м, 24м версия 1,5.xlsx",0271b96c6fe725d3e50ad7891401958322a5ae97866bb0bf8cb190bc4bbeff3f,Расчеты,used sparse cells,2026-09-16,mixed,MH31,null,345,n
1.0.0,"Таблица по подбору сечений теплых ангаров пролетами 9м, 12м, 15м, 18м, 21м, 24м версия 1,5.xlsx",0271b96c6fe725d3e50ad7891401958322a5ae97866bb0bf8cb190bc4bbeff3f,Расчеты,used sparse cells,2026-09-16,mixed,MI31,null,346,n
1.0.0,"Таблица по подбору сечений теплых ангаров пролетами 9м, 12м, 15м, 18м, 21м, 24м версия 1,5.xlsx",0271b96c6fe725d3e50ad7891401958322a5ae97866bb0bf8cb190bc4bbeff3f,Расчеты,used sparse cells,2026-09-16,mixed,MJ31,null,347,n
1.0.0,"Таблица по подбору сечений теплых ангаров пролетами 9м, 12м, 15м, 18м, 21м, 24м версия 1,5.xlsx",0271b96c6fe725d3e50ad7891401958322a5ae97866bb0bf8cb190bc4bbeff3f,Расчеты,used sparse cells,2026-09-16,mixed,MK31,null,348,n
1.0.0,"Таблица по подбору сечений теплых ангаров пролетами 9м, 12м, 15м, 18м, 21м, 24м версия 1,5.xlsx",0271b96c6fe725d3e50ad7891401958322a5ae97866bb0bf8cb190bc4bbeff3f,Расчеты,used sparse cells,2026-09-16,mixed,ML31,null,349,n
1.0.0,"Таблица по подбору сечений теплых ангаров пролетами 9м, 12м, 15м, 18м, 21м, 24м версия 1,5.xlsx",0271b96c6fe725d3e50ad7891401958322a5ae97866bb0bf8cb190bc4bbeff3f,Расчеты,used sparse cells,2026-09-16,mixed,MM31,null,350,n
1.0.0,"Таблица по подбору сечений теплых ангаров пролетами 9м, 12м, 15м, 18м, 21м, 24м версия 1,5.xlsx",0271b96c6fe725d3e50ad7891401958322a5ae97866bb0bf8cb190bc4bbeff3f,Расчеты,used sparse cells,2026-09-16,mixed,MN31,null,351,n
1.0.0,"Таблица по подбору сечений теплых ангаров пролетами 9м, 12м, 15м, 18м, 21м, 24м версия 1,5.xlsx",0271b96c6fe725d3e50ad7891401958322a5ae97866bb0bf8cb190bc4bbeff3f,Расчеты,used sparse cells,2026-09-16,mixed,MO31,null,352,n
1.0.0,"Таблица по подбору сечений теплых ангаров пролетами 9м, 12м, 15м, 18м, 21м, 24м версия 1,5.xlsx",0271b96c6fe725d3e50ad7891401958322a5ae97866bb0bf8cb190bc4bbeff3f,Расчеты,used sparse cells,2026-09-16,mixed,MP31,null,353,n
1.0.0,"Таблица по подбору сечений теплых ангаров пролетами 9м, 12м, 15м, 18м, 21м, 24м версия 1,5.xlsx",0271b96c6fe725d3e50ad7891401958322a5ae97866bb0bf8cb190bc4bbeff3f,Расчеты,used sparse cells,2026-09-16,mixed,MQ31,null,354,n
1.0.0,"Таблица по подбору сечений теплых ангаров пролетами 9м, 12м, 15м, 18м, 21м, 24м версия 1,5.xlsx",0271b96c6fe725d3e50ad7891401958322a5ae97866bb0bf8cb190bc4bbeff3f,Расчеты,used sparse cells,2026-09-16,mixed,MR31,null,355,n
1.0.0,"Таблица по подбору сечений теплых ангаров пролетами 9м, 12м, 15м, 18м, 21м, 24м версия 1,5.xlsx",0271b96c6fe725d3e50ad7891401958322a5ae97866bb0bf8cb190bc4bbeff3f,Расчеты,used sparse cells,2026-09-16,mixed,MS31,null,356,n
1.0.0,"Таблица по подбору сечений теплых ангаров пролетами 9м, 12м, 15м, 18м, 21м, 24м версия 1,5.xlsx",0271b96c6fe725d3e50ad7891401958322a5ae97866bb0bf8cb190bc4bbeff3f,Расчеты,used sparse cells,2026-09-16,mixed,MT31,null,357,n
1.0.0,"Таблица по подбору сечений теплых ангаров пролетами 9м, 12м, 15м, 18м, 21м, 24м версия 1,5.xlsx",0271b96c6fe725d3e50ad7891401958322a5ae97866bb0bf8cb190bc4bbeff3f,Расчеты,used sparse cells,2026-09-16,mixed,MU31,null,358,n
1.0.0,"Таблица по подбору сечений теплых ангаров пролетами 9м, 12м, 15м, 18м, 21м, 24м версия 1,5.xlsx",0271b96c6fe725d3e50ad7891401958322a5ae97866bb0bf8cb190bc4bbeff3f,Расчеты,used sparse cells,2026-09-16,mixed,MV31,null,359,n
1.0.0,"Таблица по подбору сечений теплых ангаров пролетами 9м, 12м, 15м, 18м, 21м, 24м версия 1,5.xlsx",0271b96c6fe725d3e50ad7891401958322a5ae97866bb0bf8cb190bc4bbeff3f,Расчеты,used sparse cells,2026-09-16,mixed,MW31,null,360,n
1.0.0,"Таблица по подбору сечений теплых ангаров пролетами 9м, 12м, 15м, 18м, 21м, 24м версия 1,5.xlsx",0271b96c6fe725d3e50ad7891401958322a5ae97866bb0bf8cb190bc4bbeff3f,Расчеты,used sparse cells,2026-09-16,mixed,MX31,null,361,n
1.0.0,"Таблица по подбору сечений теплых ангаров пролетами 9м, 12м, 15м, 18м, 21м, 24м версия 1,5.xlsx",0271b96c6fe725d3e50ad7891401958322a5ae97866bb0bf8cb190bc4bbeff3f,Расчеты,used sparse cells,2026-09-16,mixed,MY31,null,362,n
1.0.0,"Таблица по подбору сечений теплых ангаров пролетами 9м, 12м, 15м, 18м, 21м, 24м версия 1,5.xlsx",0271b96c6fe725d3e50ad7891401958322a5ae97866bb0bf8cb190bc4bbeff3f,Расчеты,used sparse cells,2026-09-16,mixed,MZ31,null,363,n
1.0.0,"Таблица по подбору сечений теплых ангаров пролетами 9м, 12м, 15м, 18м, 21м, 24м версия 1,5.xlsx",0271b96c6fe725d3e50ad7891401958322a5ae97866bb0bf8cb190bc4bbeff3f,Расчеты,used sparse cells,2026-09-16,mixed,NA31,null,364,n
1.0.0,"Таблица по подбору сечений теплых ангаров пролетами 9м, 12м, 15м, 18м, 21м, 24м версия 1,5.xlsx",0271b96c6fe725d3e50ad7891401958322a5ae97866bb0bf8cb190bc4bbeff3f,Расчеты,used sparse cells,2026-09-16,mixed,NB31,null,365,n
1.0.0,"Таблица по подбору сечений теплых ангаров пролетами 9м, 12м, 15м, 18м, 21м, 24м версия 1,5.xlsx",0271b96c6fe725d3e50ad7891401958322a5ae97866bb0bf8cb190bc4bbeff3f,Расчеты,used sparse cells,2026-09-16,mixed,NC31,null,366,n
1.0.0,"Таблица по подбору сечений теплых ангаров пролетами 9м, 12м, 15м, 18м, 21м, 24м версия 1,5.xlsx",0271b96c6fe725d3e50ad7891401958322a5ae97866bb0bf8cb190bc4bbeff3f,Расчеты,used sparse cells,2026-09-16,mixed,ND31,null,367,n
1.0.0,"Таблица по подбору сечений теплых ангаров пролетами 9м, 12м, 15м, 18м, 21м, 24м версия 1,5.xlsx",0271b96c6fe725d3e50ad7891401958322a5ae97866bb0bf8cb190bc4bbeff3f,Расчеты,used sparse cells,2026-09-16,mixed,NE31,null,368,n
1.0.0,"Таблица по подбору сечений теплых ангаров пролетами 9м, 12м, 15м, 18м, 21м, 24м версия 1,5.xlsx",0271b96c6fe725d3e50ad7891401958322a5ae97866bb0bf8cb190bc4bbeff3f,Расчеты,used sparse cells,2026-09-16,mixed,NF31,null,369,n
1.0.0,"Таблица по подбору сечений теплых ангаров пролетами 9м, 12м, 15м, 18м, 21м, 24м версия 1,5.xlsx",0271b96c6fe725d3e50ad7891401958322a5ae97866bb0bf8cb190bc4bbeff3f,Расчеты,used sparse cells,2026-09-16,mixed,NG31,null,370,n
1.0.0,"Таблица по подбору сечений теплых ангаров пролетами 9м, 12м, 15м, 18м, 21м, 24м версия 1,5.xlsx",0271b96c6fe725d3e50ad7891401958322a5ae97866bb0bf8cb190bc4bbeff3f,Расчеты,used sparse cells,2026-09-16,mixed,NH31,null,371,n
1.0.0,"Таблица по подбору сечений теплых ангаров пролетами 9м, 12м, 15м, 18м, 21м, 24м версия 1,5.xlsx",0271b96c6fe725d3e50ad7891401958322a5ae97866bb0bf8cb190bc4bbeff3f,Расчеты,used sparse cells,2026-09-16,mixed,NI31,null,372,n
1.0.0,"Таблица по подбору сечений теплых ангаров пролетами 9м, 12м, 15м, 18м, 21м, 24м версия 1,5.xlsx",0271b96c6fe725d3e50ad7891401958322a5ae97866bb0bf8cb190bc4bbeff3f,Расчеты,used sparse cells,2026-09-16,mixed,NJ31,null,373,n
1.0.0,"Таблица по подбору сечений теплых ангаров пролетами 9м, 12м, 15м, 18м, 21м, 24м версия 1,5.xlsx",0271b96c6fe725d3e50ad7891401958322a5ae97866bb0bf8cb190bc4bbeff3f,Расчеты,used sparse cells,2026-09-16,mixed,NK31,null,374,n
1.0.0,"Таблица по подбору сечений теплых ангаров пролетами 9м, 12м, 15м, 18м, 21м, 24м версия 1,5.xlsx",0271b96c6fe725d3e50ad7891401958322a5ae97866bb0bf8cb190bc4bbeff3f,Расчеты,used sparse cells,2026-09-16,mixed,NL31,null,375,n
1.0.0,"Таблица по подбору сечений теплых ангаров пролетами 9м, 12м, 15м, 18м, 21м, 24м версия 1,5.xlsx",0271b96c6fe725d3e50ad7891401958322a5ae97866bb0bf8cb190bc4bbeff3f,Расчеты,used sparse cells,2026-09-16,mixed,NM31,null,376,n
1.0.0,"Таблица по подбору сечений теплых ангаров пролетами 9м, 12м, 15м, 18м, 21м, 24м версия 1,5.xlsx",0271b96c6fe725d3e50ad7891401958322a5ae97866bb0bf8cb190bc4bbeff3f,Расчеты,used sparse cells,2026-09-16,mixed,NN31,null,377,n
1.0.0,"Таблица по подбору сечений теплых ангаров пролетами 9м, 12м, 15м, 18м, 21м, 24м версия 1,5.xlsx",0271b96c6fe725d3e50ad7891401958322a5ae97866bb0bf8cb190bc4bbeff3f,Расчеты,used sparse cells,2026-09-16,mixed,NO31,null,378,n
1.0.0,"Таблица по подбору сечений теплых ангаров пролетами 9м, 12м, 15м, 18м, 21м, 24м версия 1,5.xlsx",0271b96c6fe725d3e50ad7891401958322a5ae97866bb0bf8cb190bc4bbeff3f,Расчеты,used sparse cells,2026-09-16,mixed,NP31,null,379,n
1.0.0,"Таблица по подбору сечений теплых ангаров пролетами 9м, 12м, 15м, 18м, 21м, 24м версия 1,5.xlsx",0271b96c6fe725d3e50ad7891401958322a5ae97866bb0bf8cb190bc4bbeff3f,Расчеты,used sparse cells,2026-09-16,mixed,NQ31,null,380,n
1.0.0,"Таблица по подбору сечений теплых ангаров пролетами 9м, 12м, 15м, 18м, 21м, 24м версия 1,5.xlsx",0271b96c6fe725d3e50ad7891401958322a5ae97866bb0bf8cb190bc4bbeff3f,Расчеты,used sparse cells,2026-09-16,mixed,NR31,null,381,n
1.0.0,"Таблица по подбору сечений теплых ангаров пролетами 9м, 12м, 15м, 18м, 21м, 24м версия 1,5.xlsx",0271b96c6fe725d3e50ad7891401958322a5ae97866bb0bf8cb190bc4bbeff3f,Расчеты,used sparse cells,2026-09-16,mixed,NS31,null,382,n
1.0.0,"Таблица по подбору сечений теплых ангаров пролетами 9м, 12м, 15м, 18м, 21м, 24м версия 1,5.xlsx",0271b96c6fe725d3e50ad7891401958322a5ae97866bb0bf8cb190bc4bbeff3f,Расчеты,used sparse cells,2026-09-16,mixed,NT31,null,383,n
1.0.0,"Таблица по подбору сечений теплых ангаров пролетами 9м, 12м, 15м, 18м, 21м, 24м версия 1,5.xlsx",0271b96c6fe725d3e50ad7891401958322a5ae97866bb0bf8cb190bc4bbeff3f,Расчеты,used sparse cells,2026-09-16,mixed,NU31,null,384,n
1.0.0,"Таблица по подбору сечений теплых ангаров пролетами 9м, 12м, 15м, 18м, 21м, 24м версия 1,5.xlsx",0271b96c6fe725d3e50ad7891401958322a5ae97866bb0bf8cb190bc4bbeff3f,Расчеты,used sparse cells,2026-09-16,mixed,NV31,null,385,n
1.0.0,"Таблица по подбору сечений теплых ангаров пролетами 9м, 12м, 15м, 18м, 21м, 24м версия 1,5.xlsx",0271b96c6fe725d3e50ad7891401958322a5ae97866bb0bf8cb190bc4bbeff3f,Расчеты,used sparse cells,2026-09-16,mixed,NW31,null,386,n
1.0.0,"Таблица по подбору сечений теплых ангаров пролетами 9м, 12м, 15м, 18м, 21м, 24м версия 1,5.xlsx",0271b96c6fe725d3e50ad7891401958322a5ae97866bb0bf8cb190bc4bbeff3f,Расчеты,used sparse cells,2026-09-16,mixed,NX31,null,387,n
1.0.0,"Таблица по подбору сечений теплых ангаров пролетами 9м, 12м, 15м, 18м, 21м, 24м версия 1,5.xlsx",0271b96c6fe725d3e50ad7891401958322a5ae97866bb0bf8cb190bc4bbeff3f,Расчеты,used sparse cells,2026-09-16,mixed,NY31,null,388,n
1.0.0,"Таблица по подбору сечений теплых ангаров пролетами 9м, 12м, 15м, 18м, 21м, 24м версия 1,5.xlsx",0271b96c6fe725d3e50ad7891401958322a5ae97866bb0bf8cb190bc4bbeff3f,Расчеты,used sparse cells,2026-09-16,mixed,NZ31,null,389,n
1.0.0,"Таблица по подбору сечений теплых ангаров пролетами 9м, 12м, 15м, 18м, 21м, 24м версия 1,5.xlsx",0271b96c6fe725d3e50ad7891401958322a5ae97866bb0bf8cb190bc4bbeff3f,Расчеты,used sparse cells,2026-09-16,mixed,OA31,null,390,n
1.0.0,"Таблица по подбору сечений теплых ангаров пролетами 9м, 12м, 15м, 18м, 21м, 24м версия 1,5.xlsx",0271b96c6fe725d3e50ad7891401958322a5ae97866bb0bf8cb190bc4bbeff3f,Расчеты,used sparse cells,2026-09-16,mixed,OB31,null,391,n
1.0.0,"Таблица по подбору сечений теплых ангаров пролетами 9м, 12м, 15м, 18м, 21м, 24м версия 1,5.xlsx",0271b96c6fe725d3e50ad7891401958322a5ae97866bb0bf8cb190bc4bbeff3f,Расчеты,used sparse cells,2026-09-16,mixed,OC31,null,392,n
1.0.0,"Таблица по подбору сечений теплых ангаров пролетами 9м, 12м, 15м, 18м, 21м, 24м версия 1,5.xlsx",0271b96c6fe725d3e50ad7891401958322a5ae97866bb0bf8cb190bc4bbeff3f,Расчеты,used sparse cells,2026-09-16,mixed,OD31,null,393,n
1.0.0,"Таблица по подбору сечений теплых ангаров пролетами 9м, 12м, 15м, 18м, 21м, 24м версия 1,5.xlsx",0271b96c6fe725d3e50ad7891401958322a5ae97866bb0bf8cb190bc4bbeff3f,Расчеты,used sparse cells,2026-09-16,mixed,OE31,null,394,n
1.0.0,"Таблица по подбору сечений теплых ангаров пролетами 9м, 12м, 15м, 18м, 21м, 24м версия 1,5.xlsx",0271b96c6fe725d3e50ad7891401958322a5ae97866bb0bf8cb190bc4bbeff3f,Расчеты,used sparse cells,2026-09-16,mixed,OF31,null,395,n
1.0.0,"Таблица по подбору сечений теплых ангаров пролетами 9м, 12м, 15м, 18м, 21м, 24м версия 1,5.xlsx",0271b96c6fe725d3e50ad7891401958322a5ae97866bb0bf8cb190bc4bbeff3f,Расчеты,used sparse cells,2026-09-16,mixed,OG31,null,396,n
1.0.0,"Таблица по подбору сечений теплых ангаров пролетами 9м, 12м, 15м, 18м, 21м, 24м версия 1,5.xlsx",0271b96c6fe725d3e50ad7891401958322a5ae97866bb0bf8cb190bc4bbeff3f,Расчеты,used sparse cells,2026-09-16,mixed,OH31,null,397,n
1.0.0,"Таблица по подбору сечений теплых ангаров пролетами 9м, 12м, 15м, 18м, 21м, 24м версия 1,5.xlsx",0271b96c6fe725d3e50ad7891401958322a5ae97866bb0bf8cb190bc4bbeff3f,Расчеты,used sparse cells,2026-09-16,mixed,OI31,null,398,n
1.0.0,"Таблица по подбору сечений теплых ангаров пролетами 9м, 12м, 15м, 18м, 21м, 24м версия 1,5.xlsx",0271b96c6fe725d3e50ad7891401958322a5ae97866bb0bf8cb190bc4bbeff3f,Расчеты,used sparse cells,2026-09-16,mixed,OJ31,null,399,n
1.0.0,"Таблица по подбору сечений теплых ангаров пролетами 9м, 12м, 15м, 18м, 21м, 24м версия 1,5.xlsx",0271b96c6fe725d3e50ad7891401958322a5ae97866bb0bf8cb190bc4bbeff3f,Расчеты,used sparse cells,2026-09-16,mixed,OK31,null,400,n
1.0.0,"Таблица по подбору сечений теплых ангаров пролетами 9м, 12м, 15м, 18м, 21м, 24м версия 1,5.xlsx",0271b96c6fe725d3e50ad7891401958322a5ae97866bb0bf8cb190bc4bbeff3f,Расчеты,used sparse cells,2026-09-16,mixed,OL31,null,401,n
1.0.0,"Таблица по подбору сечений теплых ангаров пролетами 9м, 12м, 15м, 18м, 21м, 24м версия 1,5.xlsx",0271b96c6fe725d3e50ad7891401958322a5ae97866bb0bf8cb190bc4bbeff3f,Расчеты,used sparse cells,2026-09-16,mixed,OM31,null,402,n
1.0.0,"Таблица по подбору сечений теплых ангаров пролетами 9м, 12м, 15м, 18м, 21м, 24м версия 1,5.xlsx",0271b96c6fe725d3e50ad7891401958322a5ae97866bb0bf8cb190bc4bbeff3f,Расчеты,used sparse cells,2026-09-16,mixed,ON31,null,403,n
1.0.0,"Таблица по подбору сечений теплых ангаров пролетами 9м, 12м, 15м, 18м, 21м, 24м версия 1,5.xlsx",0271b96c6fe725d3e50ad7891401958322a5ae97866bb0bf8cb190bc4bbeff3f,Расчеты,used sparse cells,2026-09-16,mixed,OO31,null,404,n
1.0.0,"Таблица по подбору сечений теплых ангаров пролетами 9м, 12м, 15м, 18м, 21м, 24м версия 1,5.xlsx",0271b96c6fe725d3e50ad7891401958322a5ae97866bb0bf8cb190bc4bbeff3f,Расчеты,used sparse cells,2026-09-16,mixed,OP31,null,405,n
1.0.0,"Таблица по подбору сечений теплых ангаров пролетами 9м, 12м, 15м, 18м, 21м, 24м версия 1,5.xlsx",0271b96c6fe725d3e50ad7891401958322a5ae97866bb0bf8cb190bc4bbeff3f,Расчеты,used sparse cells,2026-09-16,mixed,OQ31,null,406,n
1.0.0,"Таблица по подбору сечений теплых ангаров пролетами 9м, 12м, 15м, 18м, 21м, 24м версия 1,5.xlsx",0271b96c6fe725d3e50ad7891401958322a5ae97866bb0bf8cb190bc4bbeff3f,Расчеты,used sparse cells,2026-09-16,mixed,OR31,null,407,n
1.0.0,"Таблица по подбору сечений теплых ангаров пролетами 9м, 12м, 15м, 18м, 21м, 24м версия 1,5.xlsx",0271b96c6fe725d3e50ad7891401958322a5ae97866bb0bf8cb190bc4bbeff3f,Расчеты,used sparse cells,2026-09-16,mixed,OS31,null,408,n
1.0.0,"Таблица по подбору сечений теплых ангаров пролетами 9м, 12м, 15м, 18м, 21м, 24м версия 1,5.xlsx",0271b96c6fe725d3e50ad7891401958322a5ae97866bb0bf8cb190bc4bbeff3f,Расчеты,used sparse cells,2026-09-16,mixed,OT31,null,409,n
1.0.0,"Таблица по подбору сечений теплых ангаров пролетами 9м, 12м, 15м, 18м, 21м, 24м версия 1,5.xlsx",0271b96c6fe725d3e50ad7891401958322a5ae97866bb0bf8cb190bc4bbeff3f,Расчеты,used sparse cells,2026-09-16,mixed,OU31,null,410,n
1.0.0,"Таблица по подбору сечений теплых ангаров пролетами 9м, 12м, 15м, 18м, 21м, 24м версия 1,5.xlsx",0271b96c6fe725d3e50ad7891401958322a5ae97866bb0bf8cb190bc4bbeff3f,Расчеты,used sparse cells,2026-09-16,mixed,OV31,null,411,n
1.0.0,"Таблица по подбору сечений теплых ангаров пролетами 9м, 12м, 15м, 18м, 21м, 24м версия 1,5.xlsx",0271b96c6fe725d3e50ad7891401958322a5ae97866bb0bf8cb190bc4bbeff3f,Расчеты,used sparse cells,2026-09-16,mixed,OW31,null,412,n
1.0.0,"Таблица по подбору сечений теплых ангаров пролетами 9м, 12м, 15м, 18м, 21м, 24м версия 1,5.xlsx",0271b96c6fe725d3e50ad7891401958322a5ae97866bb0bf8cb190bc4bbeff3f,Расчеты,used sparse cells,2026-09-16,mixed,OX31,null,413,n
1.0.0,"Таблица по подбору сечений теплых ангаров пролетами 9м, 12м, 15м, 18м, 21м, 24м версия 1,5.xlsx",0271b96c6fe725d3e50ad7891401958322a5ae97866bb0bf8cb190bc4bbeff3f,Расчеты,used sparse cells,2026-09-16,mixed,OY31,null,414,n
1.0.0,"Таблица по подбору сечений теплых ангаров пролетами 9м, 12м, 15м, 18м, 21м, 24м версия 1,5.xlsx",0271b96c6fe725d3e50ad7891401958322a5ae97866bb0bf8cb190bc4bbeff3f,Расчеты,used sparse cells,2026-09-16,mixed,OZ31,null,415,n
1.0.0,"Таблица по подбору сечений теплых ангаров пролетами 9м, 12м, 15м, 18м, 21м, 24м версия 1,5.xlsx",0271b96c6fe725d3e50ad7891401958322a5ae97866bb0bf8cb190bc4bbeff3f,Расчеты,used sparse cells,2026-09-16,mixed,PA31,null,416,n
1.0.0,"Таблица по подбору сечений теплых ангаров пролетами 9м, 12м, 15м, 18м, 21м, 24м версия 1,5.xlsx",0271b96c6fe725d3e50ad7891401958322a5ae97866bb0bf8cb190bc4bbeff3f,Расчеты,used sparse cells,2026-09-16,mixed,PB31,null,417,n
1.0.0,"Таблица по подбору сечений теплых ангаров пролетами 9м, 12м, 15м, 18м, 21м, 24м версия 1,5.xlsx",0271b96c6fe725d3e50ad7891401958322a5ae97866bb0bf8cb190bc4bbeff3f,Расчеты,used sparse cells,2026-09-16,mixed,PC31,null,418,n
1.0.0,"Таблица по подбору сечений теплых ангаров пролетами 9м, 12м, 15м, 18м, 21м, 24м версия 1,5.xlsx",0271b96c6fe725d3e50ad7891401958322a5ae97866bb0bf8cb190bc4bbeff3f,Расчеты,used sparse cells,2026-09-16,mixed,PD31,null,419,n
1.0.0,"Таблица по подбору сечений теплых ангаров пролетами 9м, 12м, 15м, 18м, 21м, 24м версия 1,5.xlsx",0271b96c6fe725d3e50ad7891401958322a5ae97866bb0bf8cb190bc4bbeff3f,Расчеты,used sparse cells,2026-09-16,mixed,PE31,null,420,n
1.0.0,"Таблица по подбору сечений теплых ангаров пролетами 9м, 12м, 15м, 18м, 21м, 24м версия 1,5.xlsx",0271b96c6fe725d3e50ad7891401958322a5ae97866bb0bf8cb190bc4bbeff3f,Расчеты,used sparse cells,2026-09-16,mixed,PF31,null,421,n
1.0.0,"Таблица по подбору сечений теплых ангаров пролетами 9м, 12м, 15м, 18м, 21м, 24м версия 1,5.xlsx",0271b96c6fe725d3e50ad7891401958322a5ae97866bb0bf8cb190bc4bbeff3f,Расчеты,used sparse cells,2026-09-16,mixed,PG31,null,422,n
1.0.0,"Таблица по подбору сечений теплых ангаров пролетами 9м, 12м, 15м, 18м, 21м, 24м версия 1,5.xlsx",0271b96c6fe725d3e50ad7891401958322a5ae97866bb0bf8cb190bc4bbeff3f,Расчеты,used sparse cells,2026-09-16,mixed,PH31,null,423,n
1.0.0,"Таблица по подбору сечений теплых ангаров пролетами 9м, 12м, 15м, 18м, 21м, 24м версия 1,5.xlsx",0271b96c6fe725d3e50ad7891401958322a5ae97866bb0bf8cb190bc4bbeff3f,Расчеты,used sparse cells,2026-09-16,mixed,PI31,null,424,n
1.0.0,"Таблица по подбору сечений теплых ангаров пролетами 9м, 12м, 15м, 18м, 21м, 24м версия 1,5.xlsx",0271b96c6fe725d3e50ad7891401958322a5ae97866bb0bf8cb190bc4bbeff3f,Расчеты,used sparse cells,2026-09-16,mixed,PJ31,null,425,n
1.0.0,"Таблица по подбору сечений теплых ангаров пролетами 9м, 12м, 15м, 18м, 21м, 24м версия 1,5.xlsx",0271b96c6fe725d3e50ad7891401958322a5ae97866bb0bf8cb190bc4bbeff3f,Расчеты,used sparse cells,2026-09-16,mixed,PK31,null,426,n
1.0.0,"Таблица по подбору сечений теплых ангаров пролетами 9м, 12м, 15м, 18м, 21м, 24м версия 1,5.xlsx",0271b96c6fe725d3e50ad7891401958322a5ae97866bb0bf8cb190bc4bbeff3f,Расчеты,used sparse cells,2026-09-16,mixed,PL31,null,427,n
1.0.0,"Таблица по подбору сечений теплых ангаров пролетами 9м, 12м, 15м, 18м, 21м, 24м версия 1,5.xlsx",0271b96c6fe725d3e50ad7891401958322a5ae97866bb0bf8cb190bc4bbeff3f,Расчеты,used sparse cells,2026-09-16,mixed,PM31,null,428,n
1.0.0,"Таблица по подбору сечений теплых ангаров пролетами 9м, 12м, 15м, 18м, 21м, 24м версия 1,5.xlsx",0271b96c6fe725d3e50ad7891401958322a5ae97866bb0bf8cb190bc4bbeff3f,Расчеты,used sparse cells,2026-09-16,mixed,PN31,null,429,n
1.0.0,"Таблица по подбору сечений теплых ангаров пролетами 9м, 12м, 15м, 18м, 21м, 24м версия 1,5.xlsx",0271b96c6fe725d3e50ad7891401958322a5ae97866bb0bf8cb190bc4bbeff3f,Расчеты,used sparse cells,2026-09-16,mixed,PO31,null,430,n
1.0.0,"Таблица по подбору сечений теплых ангаров пролетами 9м, 12м, 15м, 18м, 21м, 24м версия 1,5.xlsx",0271b96c6fe725d3e50ad7891401958322a5ae97866bb0bf8cb190bc4bbeff3f,Расчеты,used sparse cells,2026-09-16,mixed,PP31,null,431,n
1.0.0,"Таблица по подбору сечений теплых ангаров пролетами 9м, 12м, 15м, 18м, 21м, 24м версия 1,5.xlsx",0271b96c6fe725d3e50ad7891401958322a5ae97866bb0bf8cb190bc4bbeff3f,Расчеты,used sparse cells,2026-09-16,mixed,PQ31,null,432,n
1.0.0,"Таблица по подбору сечений теплых ангаров пролетами 9м, 12м, 15м, 18м, 21м, 24м версия 1,5.xlsx",0271b96c6fe725d3e50ad7891401958322a5ae97866bb0bf8cb190bc4bbeff3f,Расчеты,used sparse cells,2026-09-16,mixed,PR31,null,433,n
1.0.0,"Таблица по подбору сечений теплых ангаров пролетами 9м, 12м, 15м, 18м, 21м, 24м версия 1,5.xlsx",0271b96c6fe725d3e50ad7891401958322a5ae97866bb0bf8cb190bc4bbeff3f,Расчеты,used sparse cells,2026-09-16,mixed,PS31,null,434,n
1.0.0,"Таблица по подбору сечений теплых ангаров пролетами 9м, 12м, 15м, 18м, 21м, 24м версия 1,5.xlsx",0271b96c6fe725d3e50ad7891401958322a5ae97866bb0bf8cb190bc4bbeff3f,Расчеты,used sparse cells,2026-09-16,mixed,PT31,null,435,n
1.0.0,"Таблица по подбору сечений теплых ангаров пролетами 9м, 12м, 15м, 18м, 21м, 24м версия 1,5.xlsx",0271b96c6fe725d3e50ad7891401958322a5ae97866bb0bf8cb190bc4bbeff3f,Расчеты,used sparse cells,2026-09-16,mixed,PU31,null,436,n
1.0.0,"Таблица по подбору сечений теплых ангаров пролетами 9м, 12м, 15м, 18м, 21м, 24м версия 1,5.xlsx",0271b96c6fe725d3e50ad7891401958322a5ae97866bb0bf8cb190bc4bbeff3f,Расчеты,used sparse cells,2026-09-16,mixed,PV31,null,437,n
1.0.0,"Таблица по подбору сечений теплых ангаров пролетами 9м, 12м, 15м, 18м, 21м, 24м версия 1,5.xlsx",0271b96c6fe725d3e50ad7891401958322a5ae97866bb0bf8cb190bc4bbeff3f,Расчеты,used sparse cells,2026-09-16,mixed,PW31,null,438,n
1.0.0,"Таблица по подбору сечений теплых ангаров пролетами 9м, 12м, 15м, 18м, 21м, 24м версия 1,5.xlsx",0271b96c6fe725d3e50ad7891401958322a5ae97866bb0bf8cb190bc4bbeff3f,Расчеты,used sparse cells,2026-09-16,mixed,PX31,null,439,n
1.0.0,"Таблица по подбору сечений теплых ангаров пролетами 9м, 12м, 15м, 18м, 21м, 24м версия 1,5.xlsx",0271b96c6fe725d3e50ad7891401958322a5ae97866bb0bf8cb190bc4bbeff3f,Расчеты,used sparse cells,2026-09-16,mixed,PY31,null,440,n
1.0.0,"Таблица по подбору сечений теплых ангаров пролетами 9м, 12м, 15м, 18м, 21м, 24м версия 1,5.xlsx",0271b96c6fe725d3e50ad7891401958322a5ae97866bb0bf8cb190bc4bbeff3f,Расчеты,used sparse cells,2026-09-16,mixed,PZ31,null,441,n
1.0.0,"Таблица по подбору сечений теплых ангаров пролетами 9м, 12м, 15м, 18м, 21м, 24м версия 1,5.xlsx",0271b96c6fe725d3e50ad7891401958322a5ae97866bb0bf8cb190bc4bbeff3f,Расчеты,used sparse cells,2026-09-16,mixed,QA31,null,442,n
1.0.0,"Таблица по подбору сечений теплых ангаров пролетами 9м, 12м, 15м, 18м, 21м, 24м версия 1,5.xlsx",0271b96c6fe725d3e50ad7891401958322a5ae97866bb0bf8cb190bc4bbeff3f,Расчеты,used sparse cells,2026-09-16,mixed,QB31,null,443,n
1.0.0,"Таблица по подбору сечений теплых ангаров пролетами 9м, 12м, 15м, 18м, 21м, 24м версия 1,5.xlsx",0271b96c6fe725d3e50ad7891401958322a5ae97866bb0bf8cb190bc4bbeff3f,Расчеты,used sparse cells,2026-09-16,mixed,QC31,null,444,n
1.0.0,"Таблица по подбору сечений теплых ангаров пролетами 9м, 12м, 15м, 18м, 21м, 24м версия 1,5.xlsx",0271b96c6fe725d3e50ad7891401958322a5ae97866bb0bf8cb190bc4bbeff3f,Расчеты,used sparse cells,2026-09-16,mixed,QD31,null,445,n
1.0.0,"Таблица по подбору сечений теплых ангаров пролетами 9м, 12м, 15м, 18м, 21м, 24м версия 1,5.xlsx",0271b96c6fe725d3e50ad7891401958322a5ae97866bb0bf8cb190bc4bbeff3f,Расчеты,used sparse cells,2026-09-16,mixed,QE31,null,446,n
1.0.0,"Таблица по подбору сечений теплых ангаров пролетами 9м, 12м, 15м, 18м, 21м, 24м версия 1,5.xlsx",0271b96c6fe725d3e50ad7891401958322a5ae97866bb0bf8cb190bc4bbeff3f,Расчеты,used sparse cells,2026-09-16,mixed,QF31,null,447,n
1.0.0,"Таблица по подбору сечений теплых ангаров пролетами 9м, 12м, 15м, 18м, 21м, 24м версия 1,5.xlsx",0271b96c6fe725d3e50ad7891401958322a5ae97866bb0bf8cb190bc4bbeff3f,Расчеты,used sparse cells,2026-09-16,mixed,QG31,null,448,n
1.0.0,"Таблица по подбору сечений теплых ангаров пролетами 9м, 12м, 15м, 18м, 21м, 24м версия 1,5.xlsx",0271b96c6fe725d3e50ad7891401958322a5ae97866bb0bf8cb190bc4bbeff3f,Расчеты,used sparse cells,2026-09-16,mixed,QH31,null,449,n
1.0.0,"Таблица по подбору сечений теплых ангаров пролетами 9м, 12м, 15м, 18м, 21м, 24м версия 1,5.xlsx",0271b96c6fe725d3e50ad7891401958322a5ae97866bb0bf8cb190bc4bbeff3f,Расчеты,used sparse cells,2026-09-16,mixed,QI31,null,450,n
1.0.0,"Таблица по подбору сечений теплых ангаров пролетами 9м, 12м, 15м, 18м, 21м, 24м версия 1,5.xlsx",0271b96c6fe725d3e50ad7891401958322a5ae97866bb0bf8cb190bc4bbeff3f,Расчеты,used sparse cells,2026-09-16,mixed,QJ31,null,451,n
1.0.0,"Таблица по подбору сечений теплых ангаров пролетами 9м, 12м, 15м, 18м, 21м, 24м версия 1,5.xlsx",0271b96c6fe725d3e50ad7891401958322a5ae97866bb0bf8cb190bc4bbeff3f,Расчеты,used sparse cells,2026-09-16,mixed,QK31,null,452,n
1.0.0,"Таблица по подбору сечений теплых ангаров пролетами 9м, 12м, 15м, 18м, 21м, 24м версия 1,5.xlsx",0271b96c6fe725d3e50ad7891401958322a5ae97866bb0bf8cb190bc4bbeff3f,Расчеты,used sparse cells,2026-09-16,mixed,QL31,null,453,n
1.0.0,"Таблица по подбору сечений теплых ангаров пролетами 9м, 12м, 15м, 18м, 21м, 24м версия 1,5.xlsx",0271b96c6fe725d3e50ad7891401958322a5ae97866bb0bf8cb190bc4bbeff3f,Расчеты,used sparse cells,2026-09-16,mixed,QM31,null,454,n
1.0.0,"Таблица по подбору сечений теплых ангаров пролетами 9м, 12м, 15м, 18м, 21м, 24м версия 1,5.xlsx",0271b96c6fe725d3e50ad7891401958322a5ae97866bb0bf8cb190bc4bbeff3f,Расчеты,used sparse cells,2026-09-16,mixed,QN31,null,455,n
1.0.0,"Таблица по подбору сечений теплых ангаров пролетами 9м, 12м, 15м, 18м, 21м, 24м версия 1,5.xlsx",0271b96c6fe725d3e50ad7891401958322a5ae97866bb0bf8cb190bc4bbeff3f,Расчеты,used sparse cells,2026-09-16,mixed,QO31,null,456,n
1.0.0,"Таблица по подбору сечений теплых ангаров пролетами 9м, 12м, 15м, 18м, 21м, 24м версия 1,5.xlsx",0271b96c6fe725d3e50ad7891401958322a5ae97866bb0bf8cb190bc4bbeff3f,Расчеты,used sparse cells,2026-09-16,mixed,QP31,null,457,n
1.0.0,"Таблица по подбору сечений теплых ангаров пролетами 9м, 12м, 15м, 18м, 21м, 24м версия 1,5.xlsx",0271b96c6fe725d3e50ad7891401958322a5ae97866bb0bf8cb190bc4bbeff3f,Расчеты,used sparse cells,2026-09-16,mixed,QQ31,null,458,n
1.0.0,"Таблица по подбору сечений теплых ангаров пролетами 9м, 12м, 15м, 18м, 21м, 24м версия 1,5.xlsx",0271b96c6fe725d3e50ad7891401958322a5ae97866bb0bf8cb190bc4bbeff3f,Расчеты,used sparse cells,2026-09-16,mixed,QR31,null,459,n
1.0.0,"Таблица по подбору сечений теплых ангаров пролетами 9м, 12м, 15м, 18м, 21м, 24м версия 1,5.xlsx",0271b96c6fe725d3e50ad7891401958322a5ae97866bb0bf8cb190bc4bbeff3f,Расчеты,used sparse cells,2026-09-16,mixed,QS31,null,460,n
1.0.0,"Таблица по подбору сечений теплых ангаров пролетами 9м, 12м, 15м, 18м, 21м, 24м версия 1,5.xlsx",0271b96c6fe725d3e50ad7891401958322a5ae97866bb0bf8cb190bc4bbeff3f,Расчеты,used sparse cells,2026-09-16,mixed,QT31,null,461,n
1.0.0,"Таблица по подбору сечений теплых ангаров пролетами 9м, 12м, 15м, 18м, 21м, 24м версия 1,5.xlsx",0271b96c6fe725d3e50ad7891401958322a5ae97866bb0bf8cb190bc4bbeff3f,Расчеты,used sparse cells,2026-09-16,mixed,QU31,null,462,n
1.0.0,"Таблица по подбору сечений теплых ангаров пролетами 9м, 12м, 15м, 18м, 21м, 24м версия 1,5.xlsx",0271b96c6fe725d3e50ad7891401958322a5ae97866bb0bf8cb190bc4bbeff3f,Расчеты,used sparse cells,2026-09-16,mixed,QV31,null,463,n
1.0.0,"Таблица по подбору сечений теплых ангаров пролетами 9м, 12м, 15м, 18м, 21м, 24м версия 1,5.xlsx",0271b96c6fe725d3e50ad7891401958322a5ae97866bb0bf8cb190bc4bbeff3f,Расчеты,used sparse cells,2026-09-16,mixed,QW31,null,464,n
1.0.0,"Таблица по подбору сечений теплых ангаров пролетами 9м, 12м, 15м, 18м, 21м, 24м версия 1,5.xlsx",0271b96c6fe725d3e50ad7891401958322a5ae97866bb0bf8cb190bc4bbeff3f,Расчеты,used sparse cells,2026-09-16,mixed,QX31,null,465,n
1.0.0,"Таблица по подбору сечений теплых ангаров пролетами 9м, 12м, 15м, 18м, 21м, 24м версия 1,5.xlsx",0271b96c6fe725d3e50ad7891401958322a5ae97866bb0bf8cb190bc4bbeff3f,Расчеты,used sparse cells,2026-09-16,mixed,QY31,null,466,n
1.0.0,"Таблица по подбору сечений теплых ангаров пролетами 9м, 12м, 15м, 18м, 21м, 24м версия 1,5.xlsx",0271b96c6fe725d3e50ad7891401958322a5ae97866bb0bf8cb190bc4bbeff3f,Расчеты,used sparse cells,2026-09-16,mixed,QZ31,null,467,n
1.0.0,"Таблица по подбору сечений теплых ангаров пролетами 9м, 12м, 15м, 18м, 21м, 24м версия 1,5.xlsx",0271b96c6fe725d3e50ad7891401958322a5ae97866bb0bf8cb190bc4bbeff3f,Расчеты,used sparse cells,2026-09-16,mixed,RA31,null,468,n
1.0.0,"Таблица по подбору сечений теплых ангаров пролетами 9м, 12м, 15м, 18м, 21м, 24м версия 1,5.xlsx",0271b96c6fe725d3e50ad7891401958322a5ae97866bb0bf8cb190bc4bbeff3f,Расчеты,used sparse cells,2026-09-16,mixed,RB31,null,469,n
1.0.0,"Таблица по подбору сечений теплых ангаров пролетами 9м, 12м, 15м, 18м, 21м, 24м версия 1,5.xlsx",0271b96c6fe725d3e50ad7891401958322a5ae97866bb0bf8cb190bc4bbeff3f,Расчеты,used sparse cells,2026-09-16,mixed,RC31,null,470,n
1.0.0,"Таблица по подбору сечений теплых ангаров пролетами 9м, 12м, 15м, 18м, 21м, 24м версия 1,5.xlsx",0271b96c6fe725d3e50ad7891401958322a5ae97866bb0bf8cb190bc4bbeff3f,Расчеты,used sparse cells,2026-09-16,mixed,RD31,null,471,n
1.0.0,"Таблица по подбору сечений теплых ангаров пролетами 9м, 12м, 15м, 18м, 21м, 24м версия 1,5.xlsx",0271b96c6fe725d3e50ad7891401958322a5ae97866bb0bf8cb190bc4bbeff3f,Расчеты,used sparse cells,2026-09-16,mixed,RE31,null,472,n
1.0.0,"Таблица по подбору сечений теплых ангаров пролетами 9м, 12м, 15м, 18м, 21м, 24м версия 1,5.xlsx",0271b96c6fe725d3e50ad7891401958322a5ae97866bb0bf8cb190bc4bbeff3f,Расчеты,used sparse cells,2026-09-16,mixed,RF31,null,473,n
1.0.0,"Таблица по подбору сечений теплых ангаров пролетами 9м, 12м, 15м, 18м, 21м, 24м версия 1,5.xlsx",0271b96c6fe725d3e50ad7891401958322a5ae97866bb0bf8cb190bc4bbeff3f,Расчеты,used sparse cells,2026-09-16,mixed,RG31,null,474,n
1.0.0,"Таблица по подбору сечений теплых ангаров пролетами 9м, 12м, 15м, 18м, 21м, 24м версия 1,5.xlsx",0271b96c6fe725d3e50ad7891401958322a5ae97866bb0bf8cb190bc4bbeff3f,Расчеты,used sparse cells,2026-09-16,mixed,RH31,null,475,n
1.0.0,"Таблица по подбору сечений теплых ангаров пролетами 9м, 12м, 15м, 18м, 21м, 24м версия 1,5.xlsx",0271b96c6fe725d3e50ad7891401958322a5ae97866bb0bf8cb190bc4bbeff3f,Расчеты,used sparse cells,2026-09-16,mixed,RI31,null,476,n
1.0.0,"Таблица по подбору сечений теплых ангаров пролетами 9м, 12м, 15м, 18м, 21м, 24м версия 1,5.xlsx",0271b96c6fe725d3e50ad7891401958322a5ae97866bb0bf8cb190bc4bbeff3f,Расчеты,used sparse cells,2026-09-16,mixed,RJ31,null,477,n
1.0.0,"Таблица по подбору сечений теплых ангаров пролетами 9м, 12м, 15м, 18м, 21м, 24м версия 1,5.xlsx",0271b96c6fe725d3e50ad7891401958322a5ae97866bb0bf8cb190bc4bbeff3f,Расчеты,used sparse cells,2026-09-16,mixed,RK31,null,478,n
1.0.0,"Таблица по подбору сечений теплых ангаров пролетами 9м, 12м, 15м, 18м, 21м, 24м версия 1,5.xlsx",0271b96c6fe725d3e50ad7891401958322a5ae97866bb0bf8cb190bc4bbeff3f,Расчеты,used sparse cells,2026-09-16,mixed,RL31,null,479,n
1.0.0,"Таблица по подбору сечений теплых ангаров пролетами 9м, 12м, 15м, 18м, 21м, 24м версия 1,5.xlsx",0271b96c6fe725d3e50ad7891401958322a5ae97866bb0bf8cb190bc4bbeff3f,Расчеты,used sparse cells,2026-09-16,mixed,RM31,null,480,n
1.0.0,"Таблица по подбору сечений теплых ангаров пролетами 9м, 12м, 15м, 18м, 21м, 24м версия 1,5.xlsx",0271b96c6fe725d3e50ad7891401958322a5ae97866bb0bf8cb190bc4bbeff3f,Расчеты,used sparse cells,2026-09-16,mixed,RN31,null,481,n
1.0.0,"Таблица по подбору сечений теплых ангаров пролетами 9м, 12м, 15м, 18м, 21м, 24м версия 1,5.xlsx",0271b96c6fe725d3e50ad7891401958322a5ae97866bb0bf8cb190bc4bbeff3f,Расчеты,used sparse cells,2026-09-16,mixed,RO31,null,482,n
1.0.0,"Таблица по подбору сечений теплых ангаров пролетами 9м, 12м, 15м, 18м, 21м, 24м версия 1,5.xlsx",0271b96c6fe725d3e50ad7891401958322a5ae97866bb0bf8cb190bc4bbeff3f,Расчеты,used sparse cells,2026-09-16,mixed,RP31,null,483,n
1.0.0,"Таблица по подбору сечений теплых ангаров пролетами 9м, 12м, 15м, 18м, 21м, 24м версия 1,5.xlsx",0271b96c6fe725d3e50ad7891401958322a5ae97866bb0bf8cb190bc4bbeff3f,Расчеты,used sparse cells,2026-09-16,mixed,RQ31,null,484,n
1.0.0,"Таблица по подбору сечений теплых ангаров пролетами 9м, 12м, 15м, 18м, 21м, 24м версия 1,5.xlsx",0271b96c6fe725d3e50ad7891401958322a5ae97866bb0bf8cb190bc4bbeff3f,Расчеты,used sparse cells,2026-09-16,mixed,RR31,null,485,n
1.0.0,"Таблица по подбору сечений теплых ангаров пролетами 9м, 12м, 15м, 18м, 21м, 24м версия 1,5.xlsx",0271b96c6fe725d3e50ad7891401958322a5ae97866bb0bf8cb190bc4bbeff3f,Расчеты,used sparse cells,2026-09-16,mixed,RS31,null,486,n
1.0.0,"Таблица по подбору сечений теплых ангаров пролетами 9м, 12м, 15м, 18м, 21м, 24м версия 1,5.xlsx",0271b96c6fe725d3e50ad7891401958322a5ae97866bb0bf8cb190bc4bbeff3f,Расчеты,used sparse cells,2026-09-16,mixed,RT31,null,487,n
1.0.0,"Таблица по подбору сечений теплых ангаров пролетами 9м, 12м, 15м, 18м, 21м, 24м версия 1,5.xlsx",0271b96c6fe725d3e50ad7891401958322a5ae97866bb0bf8cb190bc4bbeff3f,Расчеты,used sparse cells,2026-09-16,mixed,RU31,null,488,n
1.0.0,"Таблица по подбору сечений теплых ангаров пролетами 9м, 12м, 15м, 18м, 21м, 24м версия 1,5.xlsx",0271b96c6fe725d3e50ad7891401958322a5ae97866bb0bf8cb190bc4bbeff3f,Расчеты,used sparse cells,2026-09-16,mixed,RV31,null,489,n
1.0.0,"Таблица по подбору сечений теплых ангаров пролетами 9м, 12м, 15м, 18м, 21м, 24м версия 1,5.xlsx",0271b96c6fe725d3e50ad7891401958322a5ae97866bb0bf8cb190bc4bbeff3f,Расчеты,used sparse cells,2026-09-16,mixed,RW31,null,490,n
1.0.0,"Таблица по подбору сечений теплых ангаров пролетами 9м, 12м, 15м, 18м, 21м, 24м версия 1,5.xlsx",0271b96c6fe725d3e50ad7891401958322a5ae97866bb0bf8cb190bc4bbeff3f,Расчеты,used sparse cells,2026-09-16,mixed,RX31,null,491,n
1.0.0,"Таблица по подбору сечений теплых ангаров пролетами 9м, 12м, 15м, 18м, 21м, 24м версия 1,5.xlsx",0271b96c6fe725d3e50ad7891401958322a5ae97866bb0bf8cb190bc4bbeff3f,Расчеты,used sparse cells,2026-09-16,mixed,RY31,null,492,n
1.0.0,"Таблица по подбору сечений теплых ангаров пролетами 9м, 12м, 15м, 18м, 21м, 24м версия 1,5.xlsx",0271b96c6fe725d3e50ad7891401958322a5ae97866bb0bf8cb190bc4bbeff3f,Расчеты,used sparse cells,2026-09-16,mixed,RZ31,null,493,n
1.0.0,"Таблица по подбору сечений теплых ангаров пролетами 9м, 12м, 15м, 18м, 21м, 24м версия 1,5.xlsx",0271b96c6fe725d3e50ad7891401958322a5ae97866bb0bf8cb190bc4bbeff3f,Расчеты,used sparse cells,2026-09-16,mixed,SA31,null,494,n
1.0.0,"Таблица по подбору сечений теплых ангаров пролетами 9м, 12м, 15м, 18м, 21м, 24м версия 1,5.xlsx",0271b96c6fe725d3e50ad7891401958322a5ae97866bb0bf8cb190bc4bbeff3f,Расчеты,used sparse cells,2026-09-16,mixed,SB31,null,495,n
1.0.0,"Таблица по подбору сечений теплых ангаров пролетами 9м, 12м, 15м, 18м, 21м, 24м версия 1,5.xlsx",0271b96c6fe725d3e50ad7891401958322a5ae97866bb0bf8cb190bc4bbeff3f,Расчеты,used sparse cells,2026-09-16,mixed,SC31,null,496,n
1.0.0,"Таблица по подбору сечений теплых ангаров пролетами 9м, 12м, 15м, 18м, 21м, 24м версия 1,5.xlsx",0271b96c6fe725d3e50ad7891401958322a5ae97866bb0bf8cb190bc4bbeff3f,Расчеты,used sparse cells,2026-09-16,mixed,SD31,null,497,n
1.0.0,"Таблица по подбору сечений теплых ангаров пролетами 9м, 12м, 15м, 18м, 21м, 24м версия 1,5.xlsx",0271b96c6fe725d3e50ad7891401958322a5ae97866bb0bf8cb190bc4bbeff3f,Расчеты,used sparse cells,2026-09-16,mixed,SE31,null,498,n
1.0.0,"Таблица по подбору сечений теплых ангаров пролетами 9м, 12м, 15м, 18м, 21м, 24м версия 1,5.xlsx",0271b96c6fe725d3e50ad7891401958322a5ae97866bb0bf8cb190bc4bbeff3f,Расчеты,used sparse cells,2026-09-16,mixed,SF31,null,499,n
1.0.0,"Таблица по подбору сечений теплых ангаров пролетами 9м, 12м, 15м, 18м, 21м, 24м версия 1,5.xlsx",0271b96c6fe725d3e50ad7891401958322a5ae97866bb0bf8cb190bc4bbeff3f,Расчеты,used sparse cells,2026-09-16,mixed,SG31,null,500,n
1.0.0,"Таблица по подбору сечений теплых ангаров пролетами 9м, 12м, 15м, 18м, 21м, 24м версия 1,5.xlsx",0271b96c6fe725d3e50ad7891401958322a5ae97866bb0bf8cb190bc4bbeff3f,Расчеты,used sparse cells,2026-09-16,mixed,SH31,null,501,n
1.0.0,"Таблица по подбору сечений теплых ангаров пролетами 9м, 12м, 15м, 18м, 21м, 24м версия 1,5.xlsx",0271b96c6fe725d3e50ad7891401958322a5ae97866bb0bf8cb190bc4bbeff3f,Расчеты,used sparse cells,2026-09-16,mixed,SK31,null,"""Z 140х2""",s
1.0.0,"Таблица по подбору сечений теплых ангаров пролетами 9м, 12м, 15м, 18м, 21м, 24м версия 1,5.xlsx",0271b96c6fe725d3e50ad7891401958322a5ae97866bb0bf8cb190bc4bbeff3f,Расчеты,used sparse cells,2026-09-16,mixed,SM31,null,4.56,n
1.0.0,"Таблица по подбору сечений теплых ангаров пролетами 9м, 12м, 15м, 18м, 21м, 24м версия 1,5.xlsx",0271b96c6fe725d3e50ad7891401958322a5ae97866bb0bf8cb190bc4bbeff3f,Расчеты,used sparse cells,2026-09-16,mixed,A32,null,1,n
1.0.0,"Таблица по подбору сечений теплых ангаров пролетами 9м, 12м, 15м, 18м, 21м, 24м версия 1,5.xlsx",0271b96c6fe725d3e50ad7891401958322a5ae97866bb0bf8cb190bc4bbeff3f,Расчеты,used sparse cells,2026-09-16,mixed,SK32,null,"""Z 140х2,5""",s
1.0.0,"Таблица по подбору сечений теплых ангаров пролетами 9м, 12м, 15м, 18м, 21м, 24м версия 1,5.xlsx",0271b96c6fe725d3e50ad7891401958322a5ae97866bb0bf8cb190bc4bbeff3f,Расчеты,used sparse cells,2026-09-16,mixed,SM32,null,5.66,n
1.0.0,"Таблица по подбору сечений теплых ангаров пролетами 9м, 12м, 15м, 18м, 21м, 24м версия 1,5.xlsx",0271b96c6fe725d3e50ad7891401958322a5ae97866bb0bf8cb190bc4bbeff3f,Расчеты,used sparse cells,2026-09-16,mixed,A33,null,"""2ТПС""",s
1.0.0,"Таблица по подбору сечений теплых ангаров пролетами 9м, 12м, 15м, 18м, 21м, 24м версия 1,5.xlsx",0271b96c6fe725d3e50ad7891401958322a5ae97866bb0bf8cb190bc4bbeff3f,Расчеты,used sparse cells,2026-09-16,mixed,SK33,null,"""Z 160х1,5""",s
1.0.0,"Таблица по подбору сечений теплых ангаров пролетами 9м, 12м, 15м, 18м, 21м, 24м версия 1,5.xlsx",0271b96c6fe725d3e50ad7891401958322a5ae97866bb0bf8cb190bc4bbeff3f,Расчеты,used sparse cells,2026-09-16,mixed,SM33,null,3.67,n
1.0.0,"Таблица по подбору сечений теплых ангаров пролетами 9м, 12м, 15м, 18м, 21м, 24м версия 1,5.xlsx",0271b96c6fe725d3e50ad7891401958322a5ae97866bb0bf8cb190bc4bbeff3f,Расчеты,used sparse cells,2026-09-16,mixed,A34,null,"""2ПС""",s
1.0.0,"Таблица по подбору сечений теплых ангаров пролетами 9м, 12м, 15м, 18м, 21м, 24м версия 1,5.xlsx",0271b96c6fe725d3e50ad7891401958322a5ae97866bb0bf8cb190bc4bbeff3f,Расчеты,used sparse cells,2026-09-16,mixed,SK34,null,"""Z 160х2""",s
1.0.0,"Таблица по подбору сечений теплых ангаров пролетами 9м, 12м, 15м, 18м, 21м, 24м версия 1,5.xlsx",0271b96c6fe725d3e50ad7891401958322a5ae97866bb0bf8cb190bc4bbeff3f,Расчеты,used sparse cells,2026-09-16,mixed,SM34,null,4.87,n
1.0.0,"Таблица по подбору сечений теплых ангаров пролетами 9м, 12м, 15м, 18м, 21м, 24м версия 1,5.xlsx",0271b96c6fe725d3e50ad7891401958322a5ae97866bb0bf8cb190bc4bbeff3f,Расчеты,used sparse cells,2026-09-16,mixed,A35,null,"""Z""",s
1.0.0,"Таблица по подбору сечений теплых ангаров пролетами 9м, 12м, 15м, 18м, 21м, 24м версия 1,5.xlsx",0271b96c6fe725d3e50ad7891401958322a5ae97866bb0bf8cb190bc4bbeff3f,Расчеты,used sparse cells,2026-09-16,mixed,SK35,null,"""Z 160х2,5""",s
1.0.0,"Таблица по подбору сечений теплых ангаров пролетами 9м, 12м, 15м, 18м, 21м, 24м версия 1,5.xlsx",0271b96c6fe725d3e50ad7891401958322a5ae97866bb0bf8cb190bc4bbeff3f,Расчеты,used sparse cells,2026-09-16,mixed,SM35,null,6.05,n
1.0.0,"Таблица по подбору сечений теплых ангаров пролетами 9м, 12м, 15м, 18м, 21м, 24м версия 1,5.xlsx",0271b96c6fe725d3e50ad7891401958322a5ae97866bb0bf8cb190bc4bbeff3f,Расчеты,used sparse cells,2026-09-16,mixed,SK36,null,"""Z 180х1,5""",s
1.0.0,"Таблица по подбору сечений теплых ангаров пролетами 9м, 12м, 15м, 18м, 21м, 24м версия 1,5.xlsx",0271b96c6fe725d3e50ad7891401958322a5ae97866bb0bf8cb190bc4bbeff3f,Расчеты,used sparse cells,2026-09-16,mixed,SM36,null,3.91,n
1.0.0,"Таблица по подбору сечений теплых ангаров пролетами 9м, 12м, 15м, 18м, 21м, 24м версия 1,5.xlsx",0271b96c6fe725d3e50ad7891401958322a5ae97866bb0bf8cb190bc4bbeff3f,Расчеты,used sparse cells,2026-09-16,mixed,A37,null,1,n
1.0.0,"Таблица по подбору сечений теплых ангаров пролетами 9м, 12м, 15м, 18м, 21м, 24м версия 1,5.xlsx",0271b96c6fe725d3e50ad7891401958322a5ae97866bb0bf8cb190bc4bbeff3f,Расчеты,used sparse cells,2026-09-16,mixed,SK37,null,"""Z 180х2""",s
1.0.0,"Таблица по подбору сечений теплых ангаров пролетами 9м, 12м, 15м, 18м, 21м, 24м версия 1,5.xlsx",0271b96c6fe725d3e50ad7891401958322a5ae97866bb0bf8cb190bc4bbeff3f,Расчеты,used sparse cells,2026-09-16,mixed,SM37,null,5.19,n
1.0.0,"Таблица по подбору сечений теплых ангаров пролетами 9м, 12м, 15м, 18м, 21м, 24м версия 1,5.xlsx",0271b96c6fe725d3e50ad7891401958322a5ae97866bb0bf8cb190bc4bbeff3f,Расчеты,used sparse cells,2026-09-16,mixed,A38,null,"""2ТПС""",s
1.0.0,"Таблица по подбору сечений теплых ангаров пролетами 9м, 12м, 15м, 18м, 21м, 24м версия 1,5.xlsx",0271b96c6fe725d3e50ad7891401958322a5ae97866bb0bf8cb190bc4bbeff3f,Расчеты,used sparse cells,2026-09-16,mixed,SK38,null,"""Z 180х2,5""",s
1.0.0,"Таблица по подбору сечений теплых ангаров пролетами 9м, 12м, 15м, 18м, 21м, 24м версия 1,5.xlsx",0271b96c6fe725d3e50ad7891401958322a5ae97866bb0bf8cb190bc4bbeff3f,Расчеты,used sparse cells,2026-09-16,mixed,SM38,null,6.5,n
1.0.0,"Таблица по подбору сечений теплых ангаров пролетами 9м, 12м, 15м, 18м, 21м, 24м версия 1,5.xlsx",0271b96c6fe725d3e50ad7891401958322a5ae97866bb0bf8cb190bc4bbeff3f,Расчеты,used sparse cells,2026-09-16,mixed,A39,null,"""2ПС""",s
1.0.0,"Таблица по подбору сечений теплых ангаров пролетами 9м, 12м, 15м, 18м, 21м, 24м версия 1,5.xlsx",0271b96c6fe725d3e50ad7891401958322a5ae97866bb0bf8cb190bc4bbeff3f,Расчеты,used sparse cells,2026-09-16,mixed,SK39,null,"""Z 200х1,5""",s
1.0.0,"Таблица по подбору сечений теплых ангаров пролетами 9м, 12м, 15м, 18м, 21м, 24м версия 1,5.xlsx",0271b96c6fe725d3e50ad7891401958322a5ae97866bb0bf8cb190bc4bbeff3f,Расчеты,used sparse cells,2026-09-16,mixed,SM39,null,4.15,n
1.0.0,"Таблица по подбору сечений теплых ангаров пролетами 9м, 12м, 15м, 18м, 21м, 24м версия 1,5.xlsx",0271b96c6fe725d3e50ad7891401958322a5ae97866bb0bf8cb190bc4bbeff3f,Расчеты,used sparse cells,2026-09-16,mixed,A40,null,"""Z""",s
1.0.0,"Таблица по подбору сечений теплых ангаров пролетами 9м, 12м, 15м, 18м, 21м, 24м версия 1,5.xlsx",0271b96c6fe725d3e50ad7891401958322a5ae97866bb0bf8cb190bc4bbeff3f,Расчеты,used sparse cells,2026-09-16,mixed,SK40,null,"""Z 200х2""",s
1.0.0,"Таблица по подбору сечений теплых ангаров пролетами 9м, 12м, 15м, 18м, 21м, 24м версия 1,5.xlsx",0271b96c6fe725d3e50ad7891401958322a5ae97866bb0bf8cb190bc4bbeff3f,Расчеты,used sparse cells,2026-09-16,mixed,SM40,null,5.5,n
1.0.0,"Таблица по подбору сечений теплых ангаров пролетами 9м, 12м, 15м, 18м, 21м, 24м версия 1,5.xlsx",0271b96c6fe725d3e50ad7891401958322a5ae97866bb0bf8cb190bc4bbeff3f,Расчеты,used sparse cells,2026-09-16,mixed,SK41,null,"""Z 200х2,5""",s
1.0.0,"Таблица по подбору сечений теплых ангаров пролетами 9м, 12м, 15м, 18м, 21м, 24м версия 1,5.xlsx",0271b96c6fe725d3e50ad7891401958322a5ae97866bb0bf8cb190bc4bbeff3f,Расчеты,used sparse cells,2026-09-16,mixed,SM41,null,6.84,n
1.0.0,"Таблица по подбору сечений теплых ангаров пролетами 9м, 12м, 15м, 18м, 21м, 24м версия 1,5.xlsx",0271b96c6fe725d3e50ad7891401958322a5ae97866bb0bf8cb190bc4bbeff3f,Расчеты,used sparse cells,2026-09-16,mixed,A42,null,1,n
1.0.0,"Таблица по подбору сечений теплых ангаров пролетами 9м, 12м, 15м, 18м, 21м, 24м версия 1,5.xlsx",0271b96c6fe725d3e50ad7891401958322a5ae97866bb0bf8cb190bc4bbeff3f,Расчеты,used sparse cells,2026-09-16,mixed,SK42,null,"""Z 220х1,5""",s
1.0.0,"Таблица по подбору сечений теплых ангаров пролетами 9м, 12м, 15м, 18м, 21м, 24м версия 1,5.xlsx",0271b96c6fe725d3e50ad7891401958322a5ae97866bb0bf8cb190bc4bbeff3f,Расчеты,used sparse cells,2026-09-16,mixed,SM42,null,4.38,n
1.0.0,"Таблица по подбору сечений теплых ангаров пролетами 9м, 12м, 15м, 18м, 21м, 24м версия 1,5.xlsx",0271b96c6fe725d3e50ad7891401958322a5ae97866bb0bf8cb190bc4bbeff3f,Расчеты,used sparse cells,2026-09-16,mixed,A43,null,"""2ТПС""",s
1.0.0,"Таблица по подбору сечений теплых ангаров пролетами 9м, 12м, 15м, 18м, 21м, 24м версия 1,5.xlsx",0271b96c6fe725d3e50ad7891401958322a5ae97866bb0bf8cb190bc4bbeff3f,Расчеты,used sparse cells,2026-09-16,mixed,SK43,null,"""Z 220х2""",s
1.0.0,"Таблица по подбору сечений теплых ангаров пролетами 9м, 12м, 15м, 18м, 21м, 24м версия 1,5.xlsx",0271b96c6fe725d3e50ad7891401958322a5ae97866bb0bf8cb190bc4bbeff3f,Расчеты,used sparse cells,2026-09-16,mixed,SM43,null,5.81,n
1.0.0,"Таблица по подбору сечений теплых ангаров пролетами 9м, 12м, 15м, 18м, 21м, 24м версия 1,5.xlsx",0271b96c6fe725d3e50ad7891401958322a5ae97866bb0bf8cb190bc4bbeff3f,Расчеты,used sparse cells,2026-09-16,mixed,A44,null,"""2ПС""",s
1.0.0,"Таблица по подбору сечений теплых ангаров пролетами 9м, 12м, 15м, 18м, 21м, 24м версия 1,5.xlsx",0271b96c6fe725d3e50ad7891401958322a5ae97866bb0bf8cb190bc4bbeff3f,Расчеты,used sparse cells,2026-09-16,mixed,SK44,null,"""Z 220х2,5""",s
1.0.0,"Таблица по подбору сечений теплых ангаров пролетами 9м, 12м, 15м, 18м, 21м, 24м версия 1,5.xlsx",0271b96c6fe725d3e50ad7891401958322a5ae97866bb0bf8cb190bc4bbeff3f,Расчеты,used sparse cells,2026-09-16,mixed,SM44,null,7.23,n
1.0.0,"Таблица по подбору сечений теплых ангаров пролетами 9м, 12м, 15м, 18м, 21м, 24м версия 1,5.xlsx",0271b96c6fe725d3e50ad7891401958322a5ae97866bb0bf8cb190bc4bbeff3f,Расчеты,used sparse cells,2026-09-16,mixed,A45,null,"""Z""",s
1.0.0,"Таблица по подбору сечений теплых ангаров пролетами 9м, 12м, 15м, 18м, 21м, 24м версия 1,5.xlsx",0271b96c6fe725d3e50ad7891401958322a5ae97866bb0bf8cb190bc4bbeff3f,Расчеты,used sparse cells,2026-09-16,mixed,SK45,null,"""Z 250х1,5""",s
1.0.0,"Таблица по подбору сечений теплых ангаров пролетами 9м, 12м, 15м, 18м, 21м, 24м версия 1,5.xlsx",0271b96c6fe725d3e50ad7891401958322a5ae97866bb0bf8cb190bc4bbeff3f,Расчеты,used sparse cells,2026-09-16,mixed,SM45,null,4.94,n
1.0.0,"Таблица по подбору сечений теплых ангаров пролетами 9м, 12м, 15м, 18м, 21м, 24м версия 1,5.xlsx",0271b96c6fe725d3e50ad7891401958322a5ae97866bb0bf8cb190bc4bbeff3f,Расчеты,used sparse cells,2026-09-16,mixed,SK46,null,"""Z 250х2""",s
1.0.0,"Таблица по подбору сечений теплых ангаров пролетами 9м, 12м, 15м, 18м, 21м, 24м версия 1,5.xlsx",0271b96c6fe725d3e50ad7891401958322a5ae97866bb0bf8cb190bc4bbeff3f,Расчеты,used sparse cells,2026-09-16,mixed,SM46,null,6.57,n
1.0.0,"Таблица по подбору сечений теплых ангаров пролетами 9м, 12м, 15м, 18м, 21м, 24м версия 1,5.xlsx",0271b96c6fe725d3e50ad7891401958322a5ae97866bb0bf8cb190bc4bbeff3f,Расчеты,used sparse cells,2026-09-16,mixed,A47,null,1,n
1.0.0,"Таблица по подбору сечений теплых ангаров пролетами 9м, 12м, 15м, 18м, 21м, 24м версия 1,5.xlsx",0271b96c6fe725d3e50ad7891401958322a5ae97866bb0bf8cb190bc4bbeff3f,Расчеты,used sparse cells,2026-09-16,mixed,SK47,null,"""Z 250х2,5""",s
1.0.0,"Таблица по подбору сечений теплых ангаров пролетами 9м, 12м, 15м, 18м, 21м, 24м версия 1,5.xlsx",0271b96c6fe725d3e50ad7891401958322a5ae97866bb0bf8cb190bc4bbeff3f,Расчеты,used sparse cells,2026-09-16,mixed,SM47,null,8.23,n
1.0.0,"Таблица по подбору сечений теплых ангаров пролетами 9м, 12м, 15м, 18м, 21м, 24м версия 1,5.xlsx",0271b96c6fe725d3e50ad7891401958322a5ae97866bb0bf8cb190bc4bbeff3f,Расчеты,used sparse cells,2026-09-16,mixed,A48,null,"""2ТПС""",s
1.0.0,"Таблица по подбору сечений теплых ангаров пролетами 9м, 12м, 15м, 18м, 21м, 24м версия 1,5.xlsx",0271b96c6fe725d3e50ad7891401958322a5ae97866bb0bf8cb190bc4bbeff3f,Расчеты,used sparse cells,2026-09-16,mixed,SK48,null,"""Z 250х3""",s
1.0.0,"Таблица по подбору сечений теплых ангаров пролетами 9м, 12м, 15м, 18м, 21м, 24м версия 1,5.xlsx",0271b96c6fe725d3e50ad7891401958322a5ae97866bb0bf8cb190bc4bbeff3f,Расчеты,used sparse cells,2026-09-16,mixed,SM48,null,9.9,n
1.0.0,"Таблица по подбору сечений теплых ангаров пролетами 9м, 12м, 15м, 18м, 21м, 24м версия 1,5.xlsx",0271b96c6fe725d3e50ad7891401958322a5ae97866bb0bf8cb190bc4bbeff3f,Расчеты,used sparse cells,2026-09-16,mixed,A49,null,"""2ПС""",s
1.0.0,"Таблица по подбору сечений теплых ангаров пролетами 9м, 12м, 15м, 18м, 21м, 24м версия 1,5.xlsx",0271b96c6fe725d3e50ad7891401958322a5ae97866bb0bf8cb190bc4bbeff3f,Расчеты,used sparse cells,2026-09-16,mixed,SK49,null,"""Z 300х2""",s
1.0.0,"Таблица по подбору сечений теплых ангаров пролетами 9м, 12м, 15м, 18м, 21м, 24м версия 1,5.xlsx",0271b96c6fe725d3e50ad7891401958322a5ae97866bb0bf8cb190bc4bbeff3f,Расчеты,used sparse cells,2026-09-16,mixed,SM49,null,8.12,n
1.0.0,"Таблица по подбору сечений теплых ангаров пролетами 9м, 12м, 15м, 18м, 21м, 24м версия 1,5.xlsx",0271b96c6fe725d3e50ad7891401958322a5ae97866bb0bf8cb190bc4bbeff3f,Расчеты,used sparse cells,2026-09-16,mixed,A50,null,"""Z""",s
1.0.0,"Таблица по подбору сечений теплых ангаров пролетами 9м, 12м, 15м, 18м, 21м, 24м версия 1,5.xlsx",0271b96c6fe725d3e50ad7891401958322a5ae97866bb0bf8cb190bc4bbeff3f,Расчеты,used sparse cells,2026-09-16,mixed,SK50,null,"""Z 300х2,5""",s
1.0.0,"Таблица по подбору сечений теплых ангаров пролетами 9м, 12м, 15м, 18м, 21м, 24м версия 1,5.xlsx",0271b96c6fe725d3e50ad7891401958322a5ae97866bb0bf8cb190bc4bbeff3f,Расчеты,used sparse cells,2026-09-16,mixed,SM50,null,10.17,n
1.0.0,"Таблица по подбору сечений теплых ангаров пролетами 9м, 12м, 15м, 18м, 21м, 24м версия 1,5.xlsx",0271b96c6fe725d3e50ad7891401958322a5ae97866bb0bf8cb190bc4bbeff3f,Расчеты,used sparse cells,2026-09-16,mixed,SK51,null,"""Z 300х3""",s
1.0.0,"Таблица по подбору сечений теплых ангаров пролетами 9м, 12м, 15м, 18м, 21м, 24м версия 1,5.xlsx",0271b96c6fe725d3e50ad7891401958322a5ae97866bb0bf8cb190bc4bbeff3f,Расчеты,used sparse cells,2026-09-16,mixed,SM51,null,12.23,n
1.0.0,"Таблица по подбору сечений теплых ангаров пролетами 9м, 12м, 15м, 18м, 21м, 24м версия 1,5.xlsx",0271b96c6fe725d3e50ad7891401958322a5ae97866bb0bf8cb190bc4bbeff3f,Расчеты,used sparse cells,2026-09-16,mixed,SK52,null,"""Z 350х2""",s
1.0.0,"Таблица по подбору сечений теплых ангаров пролетами 9м, 12м, 15м, 18м, 21м, 24м версия 1,5.xlsx",0271b96c6fe725d3e50ad7891401958322a5ae97866bb0bf8cb190bc4bbeff3f,Расчеты,used sparse cells,2026-09-16,mixed,SM52,null,8.9,n
1.0.0,"Таблица по подбору сечений теплых ангаров пролетами 9м, 12м, 15м, 18м, 21м, 24м версия 1,5.xlsx",0271b96c6fe725d3e50ad7891401958322a5ae97866bb0bf8cb190bc4bbeff3f,Расчеты,used sparse cells,2026-09-16,mixed,SK53,null,"""Z 350х2,5""",s
1.0.0,"Таблица по подбору сечений теплых ангаров пролетами 9м, 12м, 15м, 18м, 21м, 24м версия 1,5.xlsx",0271b96c6fe725d3e50ad7891401958322a5ae97866bb0bf8cb190bc4bbeff3f,Расчеты,used sparse cells,2026-09-16,mixed,SM53,null,11.15,n
1.0.0,"Таблица по подбору сечений теплых ангаров пролетами 9м, 12м, 15м, 18м, 21м, 24м версия 1,5.xlsx",0271b96c6fe725d3e50ad7891401958322a5ae97866bb0bf8cb190bc4bbeff3f,Расчеты,used sparse cells,2026-09-16,mixed,SK54,null,"""Z 350х3""",s
1.0.0,"Таблица по подбору сечений теплых ангаров пролетами 9м, 12м, 15м, 18м, 21м, 24м версия 1,5.xlsx",0271b96c6fe725d3e50ad7891401958322a5ae97866bb0bf8cb190bc4bbeff3f,Расчеты,used sparse cells,2026-09-16,mixed,SM54,null,13.41,n
1.0.0,"Таблица по подбору сечений теплых ангаров пролетами 9м, 12м, 15м, 18м, 21м, 24м версия 1,5.xlsx",0271b96c6fe725d3e50ad7891401958322a5ae97866bb0bf8cb190bc4bbeff3f,Расчеты,used sparse cells,2026-09-16,mixed,SO56,null,"""К-т использования""",s
1.0.0,"Таблица по подбору сечений теплых ангаров пролетами 9м, 12м, 15м, 18м, 21м, 24м версия 1,5.xlsx",0271b96c6fe725d3e50ad7891401958322a5ae97866bb0bf8cb190bc4bbeff3f,Расчеты,used sparse cells,2026-09-16,mixed,SO57,null,"""Шаг прогонов""",s
1.0.0,"Таблица по подбору сечений теплых ангаров пролетами 9м, 12м, 15м, 18м, 21м, 24м версия 1,5.xlsx",0271b96c6fe725d3e50ad7891401958322a5ae97866bb0bf8cb190bc4bbeff3f,Расчеты,used sparse cells,2026-09-16,mixed,BFE57,null,"""Шаг прогонов""",s
1.0.0,"Таблица по подбору сечений теплых ангаров пролетами 9м, 12м, 15м, 18м, 21м, 24м версия 1,5.xlsx",0271b96c6fe725d3e50ad7891401958322a5ae97866bb0bf8cb190bc4bbeff3f,Расчеты,used sparse cells,2026-09-16,mixed,SO58,null,500,n
1.0.0,"Таблица по подбору сечений теплых ангаров пролетами 9м, 12м, 15м, 18м, 21м, 24м версия 1,5.xlsx",0271b96c6fe725d3e50ad7891401958322a5ae97866bb0bf8cb190bc4bbeff3f,Расчеты,used sparse cells,2026-09-16,mixed,TI58,null,600,n
1.0.0,"Таблица по подбору сечений теплых ангаров пролетами 9м, 12м, 15м, 18м, 21м, 24м версия 1,5.xlsx",0271b96c6fe725d3e50ad7891401958322a5ae97866bb0bf8cb190bc4bbeff3f,Расчеты,used sparse cells,2026-09-16,mixed,UC58,null,700,n
1.0.0,"Таблица по подбору сечений теплых ангаров пролетами 9м, 12м, 15м, 18м, 21м, 24м версия 1,5.xlsx",0271b96c6fe725d3e50ad7891401958322a5ae97866bb0bf8cb190bc4bbeff3f,Расчеты,used sparse cells,2026-09-16,mixed,UW58,null,800,n
1.0.0,"Таблица по подбору сечений теплых ангаров пролетами 9м, 12м, 15м, 18м, 21м, 24м версия 1,5.xlsx",0271b96c6fe725d3e50ad7891401958322a5ae97866bb0bf8cb190bc4bbeff3f,Расчеты,used sparse cells,2026-09-16,mixed,VQ58,null,900,n
1.0.0,"Таблица по подбору сечений теплых ангаров пролетами 9м, 12м, 15м, 18м, 21м, 24м версия 1,5.xlsx",0271b96c6fe725d3e50ad7891401958322a5ae97866bb0bf8cb190bc4bbeff3f,Расчеты,used sparse cells,2026-09-16,mixed,WK58,null,1000,n
1.0.0,"Таблица по подбору сечений теплых ангаров пролетами 9м, 12м, 15м, 18м, 21м, 24м версия 1,5.xlsx",0271b96c6fe725d3e50ad7891401958322a5ae97866bb0bf8cb190bc4bbeff3f,Расчеты,used sparse cells,2026-09-16,mixed,XE58,null,1100,n
1.0.0,"Таблица по подбору сечений теплых ангаров пролетами 9м, 12м, 15м, 18м, 21м, 24м версия 1,5.xlsx",0271b96c6fe725d3e50ad7891401958322a5ae97866bb0bf8cb190bc4bbeff3f,Расчеты,used sparse cells,2026-09-16,mixed,XY58,null,1200,n
1.0.0,"Таблица по подбору сечений теплых ангаров пролетами 9м, 12м, 15м, 18м, 21м, 24м версия 1,5.xlsx",0271b96c6fe725d3e50ad7891401958322a5ae97866bb0bf8cb190bc4bbeff3f,Расчеты,used sparse cells,2026-09-16,mixed,YS58,null,1300,n
1.0.0,"Таблица по подбору сечений теплых ангаров пролетами 9м, 12м, 15м, 18м, 21м, 24м версия 1,5.xlsx",0271b96c6fe725d3e50ad7891401958322a5ae97866bb0bf8cb190bc4bbeff3f,Расчеты,used sparse cells,2026-09-16,mixed,ZM58,null,1400,n
1.0.0,"Таблица по подбору сечений теплых ангаров пролетами 9м, 12м, 15м, 18м, 21м, 24м версия 1,5.xlsx",0271b96c6fe725d3e50ad7891401958322a5ae97866bb0bf8cb190bc4bbeff3f,Расчеты,used sparse cells,2026-09-16,mixed,AAG58,null,1500,n
1.0.0,"Таблица по подбору сечений теплых ангаров пролетами 9м, 12м, 15м, 18м, 21м, 24м версия 1,5.xlsx",0271b96c6fe725d3e50ad7891401958322a5ae97866bb0bf8cb190bc4bbeff3f,Расчеты,used sparse cells,2026-09-16,mixed,ABA58,null,1600,n
1.0.0,"Таблица по подбору сечений теплых ангаров пролетами 9м, 12м, 15м, 18м, 21м, 24м версия 1,5.xlsx",0271b96c6fe725d3e50ad7891401958322a5ae97866bb0bf8cb190bc4bbeff3f,Расчеты,used sparse cells,2026-09-16,mixed,ABU58,null,1700,n
1.0.0,"Таблица по подбору сечений теплых ангаров пролетами 9м, 12м, 15м, 18м, 21м, 24м версия 1,5.xlsx",0271b96c6fe725d3e50ad7891401958322a5ae97866bb0bf8cb190bc4bbeff3f,Расчеты,used sparse cells,2026-09-16,mixed,ACO58,null,1800,n
1.0.0,"Таблица по подбору сечений теплых ангаров пролетами 9м, 12м, 15м, 18м, 21м, 24м версия 1,5.xlsx",0271b96c6fe725d3e50ad7891401958322a5ae97866bb0bf8cb190bc4bbeff3f,Расчеты,used sparse cells,2026-09-16,mixed,ADI58,null,1900,n
1.0.0,"Таблица по подбору сечений теплых ангаров пролетами 9м, 12м, 15м, 18м, 21м, 24м версия 1,5.xlsx",0271b96c6fe725d3e50ad7891401958322a5ae97866bb0bf8cb190bc4bbeff3f,Расчеты,used sparse cells,2026-09-16,mixed,AEC58,null,2000,n
1.0.0,"Таблица по подбору сечений теплых ангаров пролетами 9м, 12м, 15м, 18м, 21м, 24м версия 1,5.xlsx",0271b96c6fe725d3e50ad7891401958322a5ae97866bb0bf8cb190bc4bbeff3f,Расчеты,used sparse cells,2026-09-16,mixed,AEW58,null,2100,n
1.0.0,"Таблица по подбору сечений теплых ангаров пролетами 9м, 12м, 15м, 18м, 21м, 24м версия 1,5.xlsx",0271b96c6fe725d3e50ad7891401958322a5ae97866bb0bf8cb190bc4bbeff3f,Расчеты,used sparse cells,2026-09-16,mixed,AFQ58,null,2200,n
1.0.0,"Таблица по подбору сечений теплых ангаров пролетами 9м, 12м, 15м, 18м, 21м, 24м версия 1,5.xlsx",0271b96c6fe725d3e50ad7891401958322a5ae97866bb0bf8cb190bc4bbeff3f,Расчеты,used sparse cells,2026-09-16,mixed,AGK58,null,2300,n
1.0.0,"Таблица по подбору сечений теплых ангаров пролетами 9м, 12м, 15м, 18м, 21м, 24м версия 1,5.xlsx",0271b96c6fe725d3e50ad7891401958322a5ae97866bb0bf8cb190bc4bbeff3f,Расчеты,used sparse cells,2026-09-16,mixed,AHE58,null,2400,n
1.0.0,"Таблица по подбору сечений теплых ангаров пролетами 9м, 12м, 15м, 18м, 21м, 24м версия 1,5.xlsx",0271b96c6fe725d3e50ad7891401958322a5ae97866bb0bf8cb190bc4bbeff3f,Расчеты,used sparse cells,2026-09-16,mixed,AHY58,null,2500,n
1.0.0,"Таблица по подбору сечений теплых ангаров пролетами 9м, 12м, 15м, 18м, 21м, 24м версия 1,5.xlsx",0271b96c6fe725d3e50ad7891401958322a5ae97866bb0bf8cb190bc4bbeff3f,Расчеты,used sparse cells,2026-09-16,mixed,AIS58,null,2600,n
1.0.0,"Таблица по подбору сечений теплых ангаров пролетами 9м, 12м, 15м, 18м, 21м, 24м версия 1,5.xlsx",0271b96c6fe725d3e50ad7891401958322a5ae97866bb0bf8cb190bc4bbeff3f,Расчеты,used sparse cells,2026-09-16,mixed,AJM58,null,2700,n
1.0.0,"Таблица по подбору сечений теплых ангаров пролетами 9м, 12м, 15м, 18м, 21м, 24м версия 1,5.xlsx",0271b96c6fe725d3e50ad7891401958322a5ae97866bb0bf8cb190bc4bbeff3f,Расчеты,used sparse cells,2026-09-16,mixed,AKG58,null,2800,n
1.0.0,"Таблица по подбору сечений теплых ангаров пролетами 9м, 12м, 15м, 18м, 21м, 24м версия 1,5.xlsx",0271b96c6fe725d3e50ad7891401958322a5ae97866bb0bf8cb190bc4bbeff3f,Расчеты,used sparse cells,2026-09-16,mixed,ALA58,null,2900,n
1.0.0,"Таблица по подбору сечений теплых ангаров пролетами 9м, 12м, 15м, 18м, 21м, 24м версия 1,5.xlsx",0271b96c6fe725d3e50ad7891401958322a5ae97866bb0bf8cb190bc4bbeff3f,Расчеты,used sparse cells,2026-09-16,mixed,ALU58,null,3000,n
1.0.0,"Таблица по подбору сечений теплых ангаров пролетами 9м, 12м, 15м, 18м, 21м, 24м версия 1,5.xlsx",0271b96c6fe725d3e50ad7891401958322a5ae97866bb0bf8cb190bc4bbeff3f,Расчеты,used sparse cells,2026-09-16,mixed,ALX58,null,600,n
1.0.0,"Таблица по подбору сечений теплых ангаров пролетами 9м, 12м, 15м, 18м, 21м, 24м версия 1,5.xlsx",0271b96c6fe725d3e50ad7891401958322a5ae97866bb0bf8cb190bc4bbeff3f,Расчеты,used sparse cells,2026-09-16,mixed,ALY58,null,700,n
1.0.0,"Таблица по подбору сечений теплых ангаров пролетами 9м, 12м, 15м, 18м, 21м, 24м версия 1,5.xlsx",0271b96c6fe725d3e50ad7891401958322a5ae97866bb0bf8cb190bc4bbeff3f,Расчеты,used sparse cells,2026-09-16,mixed,ALZ58,null,800,n
1.0.0,"Таблица по подбору сечений теплых ангаров пролетами 9м, 12м, 15м, 18м, 21м, 24м версия 1,5.xlsx",0271b96c6fe725d3e50ad7891401958322a5ae97866bb0bf8cb190bc4bbeff3f,Расчеты,used sparse cells,2026-09-16,mixed,AMA58,null,900,n
1.0.0,"Таблица по подбору сечений теплых ангаров пролетами 9м, 12м, 15м, 18м, 21м, 24м версия 1,5.xlsx",0271b96c6fe725d3e50ad7891401958322a5ae97866bb0bf8cb190bc4bbeff3f,Расчеты,used sparse cells,2026-09-16,mixed,AMB58,null,1000,n
1.0.0,"Таблица по подбору сечений теплых ангаров пролетами 9м, 12м, 15м, 18м, 21м, 24м версия 1,5.xlsx",0271b96c6fe725d3e50ad7891401958322a5ae97866bb0bf8cb190bc4bbeff3f,Расчеты,used sparse cells,2026-09-16,mixed,AMC58,null,1100,n
1.0.0,"Таблица по подбору сечений теплых ангаров пролетами 9м, 12м, 15м, 18м, 21м, 24м версия 1,5.xlsx",0271b96c6fe725d3e50ad7891401958322a5ae97866bb0bf8cb190bc4bbeff3f,Расчеты,used sparse cells,2026-09-16,mixed,AMD58,null,1200,n
1.0.0,"Таблица по подбору сечений теплых ангаров пролетами 9м, 12м, 15м, 18м, 21м, 24м версия 1,5.xlsx",0271b96c6fe725d3e50ad7891401958322a5ae97866bb0bf8cb190bc4bbeff3f,Расчеты,used sparse cells,2026-09-16,mixed,AME58,null,1300,n
1.0.0,"Таблица по подбору сечений теплых ангаров пролетами 9м, 12м, 15м, 18м, 21м, 24м версия 1,5.xlsx",0271b96c6fe725d3e50ad7891401958322a5ae97866bb0bf8cb190bc4bbeff3f,Расчеты,used sparse cells,2026-09-16,mixed,AMF58,null,1400,n
1.0.0,"Таблица по подбору сечений теплых ангаров пролетами 9м, 12м, 15м, 18м, 21м, 24м версия 1,5.xlsx",0271b96c6fe725d3e50ad7891401958322a5ae97866bb0bf8cb190bc4bbeff3f,Расчеты,used sparse cells,2026-09-16,mixed,AMG58,null,1500,n
1.0.0,"Таблица по подбору сечений теплых ангаров пролетами 9м, 12м, 15м, 18м, 21м, 24м версия 1,5.xlsx",0271b96c6fe725d3e50ad7891401958322a5ae97866bb0bf8cb190bc4bbeff3f,Расчеты,used sparse cells,2026-09-16,mixed,AMH58,null,1600,n
1.0.0,"Таблица по подбору сечений теплых ангаров пролетами 9м, 12м, 15м, 18м, 21м, 24м версия 1,5.xlsx",0271b96c6fe725d3e50ad7891401958322a5ae97866bb0bf8cb190bc4bbeff3f,Расчеты,used sparse cells,2026-09-16,mixed,AMI58,null,1700,n
1.0.0,"Таблица по подбору сечений теплых ангаров пролетами 9м, 12м, 15м, 18м, 21м, 24м версия 1,5.xlsx",0271b96c6fe725d3e50ad7891401958322a5ae97866bb0bf8cb190bc4bbeff3f,Расчеты,used sparse cells,2026-09-16,mixed,AMJ58,null,1800,n
1.0.0,"Таблица по подбору сечений теплых ангаров пролетами 9м, 12м, 15м, 18м, 21м, 24м версия 1,5.xlsx",0271b96c6fe725d3e50ad7891401958322a5ae97866bb0bf8cb190bc4bbeff3f,Расчеты,used sparse cells,2026-09-16,mixed,AMK58,null,1900,n
1.0.0,"Таблица по подбору сечений теплых ангаров пролетами 9м, 12м, 15м, 18м, 21м, 24м версия 1,5.xlsx",0271b96c6fe725d3e50ad7891401958322a5ae97866bb0bf8cb190bc4bbeff3f,Расчеты,used sparse cells,2026-09-16,mixed,AML58,null,2000,n
1.0.0,"Таблица по подбору сечений теплых ангаров пролетами 9м, 12м, 15м, 18м, 21м, 24м версия 1,5.xlsx",0271b96c6fe725d3e50ad7891401958322a5ae97866bb0bf8cb190bc4bbeff3f,Расчеты,used sparse cells,2026-09-16,mixed,AMM58,null,2100,n
1.0.0,"Таблица по подбору сечений теплых ангаров пролетами 9м, 12м, 15м, 18м, 21м, 24м версия 1,5.xlsx",0271b96c6fe725d3e50ad7891401958322a5ae97866bb0bf8cb190bc4bbeff3f,Расчеты,used sparse cells,2026-09-16,mixed,AMN58,null,2200,n
1.0.0,"Таблица по подбору сечений теплых ангаров пролетами 9м, 12м, 15м, 18м, 21м, 24м версия 1,5.xlsx",0271b96c6fe725d3e50ad7891401958322a5ae97866bb0bf8cb190bc4bbeff3f,Расчеты,used sparse cells,2026-09-16,mixed,AMO58,null,2300,n
1.0.0,"Таблица по подбору сечений теплых ангаров пролетами 9м, 12м, 15м, 18м, 21м, 24м версия 1,5.xlsx",0271b96c6fe725d3e50ad7891401958322a5ae97866bb0bf8cb190bc4bbeff3f,Расчеты,used sparse cells,2026-09-16,mixed,AMP58,null,2400,n
1.0.0,"Таблица по подбору сечений теплых ангаров пролетами 9м, 12м, 15м, 18м, 21м, 24м версия 1,5.xlsx",0271b96c6fe725d3e50ad7891401958322a5ae97866bb0bf8cb190bc4bbeff3f,Расчеты,used sparse cells,2026-09-16,mixed,AMQ58,null,2500,n
1.0.0,"Таблица по подбору сечений теплых ангаров пролетами 9м, 12м, 15м, 18м, 21м, 24м версия 1,5.xlsx",0271b96c6fe725d3e50ad7891401958322a5ae97866bb0bf8cb190bc4bbeff3f,Расчеты,used sparse cells,2026-09-16,mixed,AMR58,null,2600,n
1.0.0,"Таблица по подбору сечений теплых ангаров пролетами 9м, 12м, 15м, 18м, 21м, 24м версия 1,5.xlsx",0271b96c6fe725d3e50ad7891401958322a5ae97866bb0bf8cb190bc4bbeff3f,Расчеты,used sparse cells,2026-09-16,mixed,AMS58,null,2700,n
1.0.0,"Таблица по подбору сечений теплых ангаров пролетами 9м, 12м, 15м, 18м, 21м, 24м версия 1,5.xlsx",0271b96c6fe725d3e50ad7891401958322a5ae97866bb0bf8cb190bc4bbeff3f,Расчеты,used sparse cells,2026-09-16,mixed,AMT58,null,2800,n
1.0.0,"Таблица по подбору сечений теплых ангаров пролетами 9м, 12м, 15м, 18м, 21м, 24м версия 1,5.xlsx",0271b96c6fe725d3e50ad7891401958322a5ae97866bb0bf8cb190bc4bbeff3f,Расчеты,used sparse cells,2026-09-16,mixed,AMU58,null,2900,n
1.0.0,"Таблица по подбору сечений теплых ангаров пролетами 9м, 12м, 15м, 18м, 21м, 24м версия 1,5.xlsx",0271b96c6fe725d3e50ad7891401958322a5ae97866bb0bf8cb190bc4bbeff3f,Расчеты,used sparse cells,2026-09-16,mixed,AMV58,null,3000,n
1.0.0,"Таблица по подбору сечений теплых ангаров пролетами 9м, 12м, 15м, 18м, 21м, 24м версия 1,5.xlsx",0271b96c6fe725d3e50ad7891401958322a5ae97866bb0bf8cb190bc4bbeff3f,Расчеты,used sparse cells,2026-09-16,mixed,BFE58,null,500,n
1.0.0,"Таблица по подбору сечений теплых ангаров пролетами 9м, 12м, 15м, 18м, 21м, 24м версия 1,5.xlsx",0271b96c6fe725d3e50ad7891401958322a5ae97866bb0bf8cb190bc4bbeff3f,Расчеты,used sparse cells,2026-09-16,mixed,BFF58,null,600,n
1.0.0,"Таблица по подбору сечений теплых ангаров пролетами 9м, 12м, 15м, 18м, 21м, 24м версия 1,5.xlsx",0271b96c6fe725d3e50ad7891401958322a5ae97866bb0bf8cb190bc4bbeff3f,Расчеты,used sparse cells,2026-09-16,mixed,BFG58,null,700,n
1.0.0,"Таблица по подбору сечений теплых ангаров пролетами 9м, 12м, 15м, 18м, 21м, 24м версия 1,5.xlsx",0271b96c6fe725d3e50ad7891401958322a5ae97866bb0bf8cb190bc4bbeff3f,Расчеты,used sparse cells,2026-09-16,mixed,BFH58,null,800,n
1.0.0,"Таблица по подбору сечений теплых ангаров пролетами 9м, 12м, 15м, 18м, 21м, 24м версия 1,5.xlsx",0271b96c6fe725d3e50ad7891401958322a5ae97866bb0bf8cb190bc4bbeff3f,Расчеты,used sparse cells,2026-09-16,mixed,BFI58,null,900,n
1.0.0,"Таблица по подбору сечений теплых ангаров пролетами 9м, 12м, 15м, 18м, 21м, 24м версия 1,5.xlsx",0271b96c6fe725d3e50ad7891401958322a5ae97866bb0bf8cb190bc4bbeff3f,Расчеты,used sparse cells,2026-09-16,mixed,BFJ58,null,1000,n
1.0.0,"Таблица по подбору сечений теплых ангаров пролетами 9м, 12м, 15м, 18м, 21м, 24м версия 1,5.xlsx",0271b96c6fe725d3e50ad7891401958322a5ae97866bb0bf8cb190bc4bbeff3f,Расчеты,used sparse cells,2026-09-16,mixed,BFK58,null,1100,n
1.0.0,"Таблица по подбору сечений теплых ангаров пролетами 9м, 12м, 15м, 18м, 21м, 24м версия 1,5.xlsx",0271b96c6fe725d3e50ad7891401958322a5ae97866bb0bf8cb190bc4bbeff3f,Расчеты,used sparse cells,2026-09-16,mixed,BFL58,null,1200,n
1.0.0,"Таблица по подбору сечений теплых ангаров пролетами 9м, 12м, 15м, 18м, 21м, 24м версия 1,5.xlsx",0271b96c6fe725d3e50ad7891401958322a5ae97866bb0bf8cb190bc4bbeff3f,Расчеты,used sparse cells,2026-09-16,mixed,BFM58,null,1300,n
1.0.0,"Таблица по подбору сечений теплых ангаров пролетами 9м, 12м, 15м, 18м, 21м, 24м версия 1,5.xlsx",0271b96c6fe725d3e50ad7891401958322a5ae97866bb0bf8cb190bc4bbeff3f,Расчеты,used sparse cells,2026-09-16,mixed,BFN58,null,1400,n
1.0.0,"Таблица по подбору сечений теплых ангаров пролетами 9м, 12м, 15м, 18м, 21м, 24м версия 1,5.xlsx",0271b96c6fe725d3e50ad7891401958322a5ae97866bb0bf8cb190bc4bbeff3f,Расчеты,used sparse cells,2026-09-16,mixed,BFO58,null,1500,n
1.0.0,"Таблица по подбору сечений теплых ангаров пролетами 9м, 12м, 15м, 18м, 21м, 24м версия 1,5.xlsx",0271b96c6fe725d3e50ad7891401958322a5ae97866bb0bf8cb190bc4bbeff3f,Расчеты,used sparse cells,2026-09-16,mixed,BFP58,null,1600,n
1.0.0,"Таблица по подбору сечений теплых ангаров пролетами 9м, 12м, 15м, 18м, 21м, 24м версия 1,5.xlsx",0271b96c6fe725d3e50ad7891401958322a5ae97866bb0bf8cb190bc4bbeff3f,Расчеты,used sparse cells,2026-09-16,mixed,BFQ58,null,1700,n
1.0.0,"Таблица по подбору сечений теплых ангаров пролетами 9м, 12м, 15м, 18м, 21м, 24м версия 1,5.xlsx",0271b96c6fe725d3e50ad7891401958322a5ae97866bb0bf8cb190bc4bbeff3f,Расчеты,used sparse cells,2026-09-16,mixed,BFR58,null,1800,n
1.0.0,"Таблица по подбору сечений теплых ангаров пролетами 9м, 12м, 15м, 18м, 21м, 24м версия 1,5.xlsx",0271b96c6fe725d3e50ad7891401958322a5ae97866bb0bf8cb190bc4bbeff3f,Расчеты,used sparse cells,2026-09-16,mixed,BFS58,null,1900,n
1.0.0,"Таблица по подбору сечений теплых ангаров пролетами 9м, 12м, 15м, 18м, 21м, 24м версия 1,5.xlsx",0271b96c6fe725d3e50ad7891401958322a5ae97866bb0bf8cb190bc4bbeff3f,Расчеты,used sparse cells,2026-09-16,mixed,BFT58,null,2000,n
1.0.0,"Таблица по подбору сечений теплых ангаров пролетами 9м, 12м, 15м, 18м, 21м, 24м версия 1,5.xlsx",0271b96c6fe725d3e50ad7891401958322a5ae97866bb0bf8cb190bc4bbeff3f,Расчеты,used sparse cells,2026-09-16,mixed,BFU58,null,2100,n
1.0.0,"Таблица по подбору сечений теплых ангаров пролетами 9м, 12м, 15м, 18м, 21м, 24м версия 1,5.xlsx",0271b96c6fe725d3e50ad7891401958322a5ae97866bb0bf8cb190bc4bbeff3f,Расчеты,used sparse cells,2026-09-16,mixed,BFV58,null,2200,n
1.0.0,"Таблица по подбору сечений теплых ангаров пролетами 9м, 12м, 15м, 18м, 21м, 24м версия 1,5.xlsx",0271b96c6fe725d3e50ad7891401958322a5ae97866bb0bf8cb190bc4bbeff3f,Расчеты,used sparse cells,2026-09-16,mixed,BFW58,null,2300,n
1.0.0,"Таблица по подбору сечений теплых ангаров пролетами 9м, 12м, 15м, 18м, 21м, 24м версия 1,5.xlsx",0271b96c6fe725d3e50ad7891401958322a5ae97866bb0bf8cb190bc4bbeff3f,Расчеты,used sparse cells,2026-09-16,mixed,BFX58,null,2400,n
1.0.0,"Таблица по подбору сечений теплых ангаров пролетами 9м, 12м, 15м, 18м, 21м, 24м версия 1,5.xlsx",0271b96c6fe725d3e50ad7891401958322a5ae97866bb0bf8cb190bc4bbeff3f,Расчеты,used sparse cells,2026-09-16,mixed,BFY58,null,2500,n
1.0.0,"Таблица по подбору сечений теплых ангаров пролетами 9м, 12м, 15м, 18м, 21м, 24м версия 1,5.xlsx",0271b96c6fe725d3e50ad7891401958322a5ae97866bb0bf8cb190bc4bbeff3f,Расчеты,used sparse cells,2026-09-16,mixed,BFZ58,null,2600,n
1.0.0,"Таблица по подбору сечений теплых ангаров пролетами 9м, 12м, 15м, 18м, 21м, 24м версия 1,5.xlsx",0271b96c6fe725d3e50ad7891401958322a5ae97866bb0bf8cb190bc4bbeff3f,Расчеты,used sparse cells,2026-09-16,mixed,BGA58,null,2700,n
1.0.0,"Таблица по подбору сечений теплых ангаров пролетами 9м, 12м, 15м, 18м, 21м, 24м версия 1,5.xlsx",0271b96c6fe725d3e50ad7891401958322a5ae97866bb0bf8cb190bc4bbeff3f,Расчеты,used sparse cells,2026-09-16,mixed,BGB58,null,2800,n
1.0.0,"Таблица по подбору сечений теплых ангаров пролетами 9м, 12м, 15м, 18м, 21м, 24м версия 1,5.xlsx",0271b96c6fe725d3e50ad7891401958322a5ae97866bb0bf8cb190bc4bbeff3f,Расчеты,used sparse cells,2026-09-16,mixed,BGC58,null,2900,n
1.0.0,"Таблица по подбору сечений теплых ангаров пролетами 9м, 12м, 15м, 18м, 21м, 24м версия 1,5.xlsx",0271b96c6fe725d3e50ad7891401958322a5ae97866bb0bf8cb190bc4bbeff3f,Расчеты,used sparse cells,2026-09-16,mixed,BGD58,null,3000,n
1.0.0,"Таблица по подбору сечений теплых ангаров пролетами 9м, 12м, 15м, 18м, 21м, 24м версия 1,5.xlsx",0271b96c6fe725d3e50ad7891401958322a5ae97866bb0bf8cb190bc4bbeff3f,Расчеты,used sparse cells,2026-09-16,mixed,SK59,null,"""Толщина""",s
1.0.0,"Таблица по подбору сечений теплых ангаров пролетами 9м, 12м, 15м, 18м, 21м, 24м версия 1,5.xlsx",0271b96c6fe725d3e50ad7891401958322a5ae97866bb0bf8cb190bc4bbeff3f,Расчеты,used sparse cells,2026-09-16,mixed,SL59,null,"""Пред М""",s
1.0.0,"Таблица по подбору сечений теплых ангаров пролетами 9м, 12м, 15м, 18м, 21м, 24м версия 1,5.xlsx",0271b96c6fe725d3e50ad7891401958322a5ae97866bb0bf8cb190bc4bbeff3f,Расчеты,used sparse cells,2026-09-16,mixed,SM59,null,"""Масса 1м профиля, кг""",s
1.0.0,"Таблица по подбору сечений теплых ангаров пролетами 9м, 12м, 15м, 18м, 21м, 24м версия 1,5.xlsx",0271b96c6fe725d3e50ad7891401958322a5ae97866bb0bf8cb190bc4bbeff3f,Расчеты,used sparse cells,2026-09-16,mixed,SN59,null,"""q""",s
1.0.0,"Таблица по подбору сечений теплых ангаров пролетами 9м, 12м, 15м, 18м, 21м, 24м версия 1,5.xlsx",0271b96c6fe725d3e50ad7891401958322a5ae97866bb0bf8cb190bc4bbeff3f,Расчеты,used sparse cells,2026-09-16,mixed,B60,null,"""γс = """,s
1.0.0,"Таблица по подбору сечений теплых ангаров пролетами 9м, 12м, 15м, 18м, 21м, 24м версия 1,5.xlsx",0271b96c6fe725d3e50ad7891401958322a5ae97866bb0bf8cb190bc4bbeff3f,Расчеты,used sparse cells,2026-09-16,mixed,C60,null,1.4,n
1.0.0,"Таблица по подбору сечений теплых ангаров пролетами 9м, 12м, 15м, 18м, 21м, 24м версия 1,5.xlsx",0271b96c6fe725d3e50ad7891401958322a5ae97866bb0bf8cb190bc4bbeff3f,Расчеты,used sparse cells,2026-09-16,mixed,SK60,null,"""2ТПС 145х45х1,5""",s
1.0.0,"Таблица по подбору сечений теплых ангаров пролетами 9м, 12м, 15м, 18м, 21м, 24м версия 1,5.xlsx",0271b96c6fe725d3e50ad7891401958322a5ae97866bb0bf8cb190bc4bbeff3f,Расчеты,used sparse cells,2026-09-16,mixed,SM60,null,5.6,n
1.0.0,"Таблица по подбору сечений теплых ангаров пролетами 9м, 12м, 15м, 18м, 21м, 24м версия 1,5.xlsx",0271b96c6fe725d3e50ad7891401958322a5ae97866bb0bf8cb190bc4bbeff3f,Расчеты,used sparse cells,2026-09-16,mixed,B61,null,"""μ =""",s
1.0.0,"Таблица по подбору сечений теплых ангаров пролетами 9м, 12м, 15м, 18м, 21м, 24м версия 1,5.xlsx",0271b96c6fe725d3e50ad7891401958322a5ae97866bb0bf8cb190bc4bbeff3f,Расчеты,used sparse cells,2026-09-16,mixed,C61,null,1.1,n
1.0.0,"Таблица по подбору сечений теплых ангаров пролетами 9м, 12м, 15м, 18м, 21м, 24м версия 1,5.xlsx",0271b96c6fe725d3e50ad7891401958322a5ae97866bb0bf8cb190bc4bbeff3f,Расчеты,used sparse cells,2026-09-16,mixed,SK61,null,"""2ТПС 150х45х1,5""",s
1.0.0,"Таблица по подбору сечений теплых ангаров пролетами 9м, 12м, 15м, 18м, 21м, 24м версия 1,5.xlsx",0271b96c6fe725d3e50ad7891401958322a5ae97866bb0bf8cb190bc4bbeff3f,Расчеты,used sparse cells,2026-09-16,mixed,SM61,null,5.72,n
1.0.0,"Таблица по подбору сечений теплых ангаров пролетами 9м, 12м, 15м, 18м, 21м, 24м версия 1,5.xlsx",0271b96c6fe725d3e50ad7891401958322a5ae97866bb0bf8cb190bc4bbeff3f,Расчеты,used sparse cells,2026-09-16,mixed,A62,null,"""к-т неразрезности""",s
1.0.0,"Таблица по подбору сечений теплых ангаров пролетами 9м, 12м, 15м, 18м, 21м, 24м версия 1,5.xlsx",0271b96c6fe725d3e50ad7891401958322a5ae97866bb0bf8cb190bc4bbeff3f,Расчеты,used sparse cells,2026-09-16,mixed,C62,null,1.13,n
1.0.0,"Таблица по подбору сечений теплых ангаров пролетами 9м, 12м, 15м, 18м, 21м, 24м версия 1,5.xlsx",0271b96c6fe725d3e50ad7891401958322a5ae97866bb0bf8cb190bc4bbeff3f,Расчеты,used sparse cells,2026-09-16,mixed,SK62,null,"""2ТПС 150х45х2""",s
1.0.0,"Таблица по подбору сечений теплых ангаров пролетами 9м, 12м, 15м, 18м, 21м, 24м версия 1,5.xlsx",0271b96c6fe725d3e50ad7891401958322a5ae97866bb0bf8cb190bc4bbeff3f,Расчеты,used sparse cells,2026-09-16,mixed,SM62,null,7.3,n
1.0.0,"Таблица по подбору сечений теплых ангаров пролетами 9м, 12м, 15м, 18м, 21м, 24м версия 1,5.xlsx",0271b96c6fe725d3e50ad7891401958322a5ae97866bb0bf8cb190bc4bbeff3f,Расчеты,used sparse cells,2026-09-16,mixed,A63,null,"""расчетная снеговая нагрузка""",s
1.0.0,"Таблица по подбору сечений теплых ангаров пролетами 9м, 12м, 15м, 18м, 21м, 24м версия 1,5.xlsx",0271b96c6fe725d3e50ad7891401958322a5ae97866bb0bf8cb190bc4bbeff3f,Расчеты,used sparse cells,2026-09-16,mixed,D63,null,"""кН/м2""",s
1.0.0,"Таблица по подбору сечений теплых ангаров пролетами 9м, 12м, 15м, 18м, 21м, 24м версия 1,5.xlsx",0271b96c6fe725d3e50ad7891401958322a5ae97866bb0bf8cb190bc4bbeff3f,Расчеты,used sparse cells,2026-09-16,mixed,SK63,null,"""2ТПС 150х65х1,5""",s
1.0.0,"Таблица по подбору сечений теплых ангаров пролетами 9м, 12м, 15м, 18м, 21м, 24м версия 1,5.xlsx",0271b96c6fe725d3e50ad7891401958322a5ae97866bb0bf8cb190bc4bbeff3f,Расчеты,used sparse cells,2026-09-16,mixed,SM63,null,8.72,n
1.0.0,"Таблица по подбору сечений теплых ангаров пролетами 9м, 12м, 15м, 18м, 21м, 24м версия 1,5.xlsx",0271b96c6fe725d3e50ad7891401958322a5ae97866bb0bf8cb190bc4bbeff3f,Расчеты,used sparse cells,2026-09-16,mixed,SK64,null,"""2ТПС 195х45х1,5""",s
1.0.0,"Таблица по подбору сечений теплых ангаров пролетами 9м, 12м, 15м, 18м, 21м, 24м версия 1,5.xlsx",0271b96c6fe725d3e50ad7891401958322a5ae97866bb0bf8cb190bc4bbeff3f,Расчеты,used sparse cells,2026-09-16,mixed,SM64,null,6.8,n
1.0.0,"Таблица по подбору сечений теплых ангаров пролетами 9м, 12м, 15м, 18м, 21м, 24м версия 1,5.xlsx",0271b96c6fe725d3e50ad7891401958322a5ae97866bb0bf8cb190bc4bbeff3f,Расчеты,used sparse cells,2026-09-16,mixed,SK65,null,"""2ТПС 200х45х1,5""",s
1.0.0,"Таблица по подбору сечений теплых ангаров пролетами 9м, 12м, 15м, 18м, 21м, 24м версия 1,5.xlsx",0271b96c6fe725d3e50ad7891401958322a5ae97866bb0bf8cb190bc4bbeff3f,Расчеты,used sparse cells,2026-09-16,mixed,SM65,null,6.91,n
1.0.0,"Таблица по подбору сечений теплых ангаров пролетами 9м, 12м, 15м, 18м, 21м, 24м версия 1,5.xlsx",0271b96c6fe725d3e50ad7891401958322a5ae97866bb0bf8cb190bc4bbeff3f,Расчеты,used sparse cells,2026-09-16,mixed,A66,null,"""Подходящие профили""",s
1.0.0,"Таблица по подбору сечений теплых ангаров пролетами 9м, 12м, 15м, 18м, 21м, 24м версия 1,5.xlsx",0271b96c6fe725d3e50ad7891401958322a5ae97866bb0bf8cb190bc4bbeff3f,Расчеты,used sparse cells,2026-09-16,mixed,SK66,null,"""2ТПС 200х45х2""",s
1.0.0,"Таблица по подбору сечений теплых ангаров пролетами 9м, 12м, 15м, 18м, 21м, 24м версия 1,5.xlsx",0271b96c6fe725d3e50ad7891401958322a5ae97866bb0bf8cb190bc4bbeff3f,Расчеты,used sparse cells,2026-09-16,mixed,SM66,null,9.06,n
1.0.0,"Таблица по подбору сечений теплых ангаров пролетами 9м, 12м, 15м, 18м, 21м, 24м версия 1,5.xlsx",0271b96c6fe725d3e50ad7891401958322a5ae97866bb0bf8cb190bc4bbeff3f,Расчеты,used sparse cells,2026-09-16,mixed,A67,null,"""№""",s
1.0.0,"Таблица по подбору сечений теплых ангаров пролетами 9м, 12м, 15м, 18м, 21м, 24м версия 1,5.xlsx",0271b96c6fe725d3e50ad7891401958322a5ae97866bb0bf8cb190bc4bbeff3f,Расчеты,used sparse cells,2026-09-16,mixed,B67,null,500,n
1.0.0,"Таблица по подбору сечений теплых ангаров пролетами 9м, 12м, 15м, 18м, 21м, 24м версия 1,5.xlsx",0271b96c6fe725d3e50ad7891401958322a5ae97866bb0bf8cb190bc4bbeff3f,Расчеты,used sparse cells,2026-09-16,mixed,C67,null,600,n
1.0.0,"Таблица по подбору сечений теплых ангаров пролетами 9м, 12м, 15м, 18м, 21м, 24м версия 1,5.xlsx",0271b96c6fe725d3e50ad7891401958322a5ae97866bb0bf8cb190bc4bbeff3f,Расчеты,used sparse cells,2026-09-16,mixed,D67,null,700,n
1.0.0,"Таблица по подбору сечений теплых ангаров пролетами 9м, 12м, 15м, 18м, 21м, 24м версия 1,5.xlsx",0271b96c6fe725d3e50ad7891401958322a5ae97866bb0bf8cb190bc4bbeff3f,Расчеты,used sparse cells,2026-09-16,mixed,E67,null,800,n
1.0.0,"Таблица по подбору сечений теплых ангаров пролетами 9м, 12м, 15м, 18м, 21м, 24м версия 1,5.xlsx",0271b96c6fe725d3e50ad7891401958322a5ae97866bb0bf8cb190bc4bbeff3f,Расчеты,used sparse cells,2026-09-16,mixed,F67,null,900,n
1.0.0,"Таблица по подбору сечений теплых ангаров пролетами 9м, 12м, 15м, 18м, 21м, 24м версия 1,5.xlsx",0271b96c6fe725d3e50ad7891401958322a5ae97866bb0bf8cb190bc4bbeff3f,Расчеты,used sparse cells,2026-09-16,mixed,G67,null,1000,n
1.0.0,"Таблица по подбору сечений теплых ангаров пролетами 9м, 12м, 15м, 18м, 21м, 24м версия 1,5.xlsx",0271b96c6fe725d3e50ad7891401958322a5ae97866bb0bf8cb190bc4bbeff3f,Расчеты,used sparse cells,2026-09-16,mixed,H67,null,1100,n
1.0.0,"Таблица по подбору сечений теплых ангаров пролетами 9м, 12м, 15м, 18м, 21м, 24м версия 1,5.xlsx",0271b96c6fe725d3e50ad7891401958322a5ae97866bb0bf8cb190bc4bbeff3f,Расчеты,used sparse cells,2026-09-16,mixed,I67,null,1200,n
1.0.0,"Таблица по подбору сечений теплых ангаров пролетами 9м, 12м, 15м, 18м, 21м, 24м версия 1,5.xlsx",0271b96c6fe725d3e50ad7891401958322a5ae97866bb0bf8cb190bc4bbeff3f,Расчеты,used sparse cells,2026-09-16,mixed,J67,null,1300,n
1.0.0,"Таблица по подбору сечений теплых ангаров пролетами 9м, 12м, 15м, 18м, 21м, 24м версия 1,5.xlsx",0271b96c6fe725d3e50ad7891401958322a5ae97866bb0bf8cb190bc4bbeff3f,Расчеты,used sparse cells,2026-09-16,mixed,K67,null,1400,n
1.0.0,"Таблица по подбору сечений теплых ангаров пролетами 9м, 12м, 15м, 18м, 21м, 24м версия 1,5.xlsx",0271b96c6fe725d3e50ad7891401958322a5ae97866bb0bf8cb190bc4bbeff3f,Расчеты,used sparse cells,2026-09-16,mixed,L67,null,1500,n
1.0.0,"Таблица по подбору сечений теплых ангаров пролетами 9м, 12м, 15м, 18м, 21м, 24м версия 1,5.xlsx",0271b96c6fe725d3e50ad7891401958322a5ae97866bb0bf8cb190bc4bbeff3f,Расчеты,used sparse cells,2026-09-16,mixed,M67,null,1600,n
1.0.0,"Таблица по подбору сечений теплых ангаров пролетами 9м, 12м, 15м, 18м, 21м, 24м версия 1,5.xlsx",0271b96c6fe725d3e50ad7891401958322a5ae97866bb0bf8cb190bc4bbeff3f,Расчеты,used sparse cells,2026-09-16,mixed,N67,null,1700,n
1.0.0,"Таблица по подбору сечений теплых ангаров пролетами 9м, 12м, 15м, 18м, 21м, 24м версия 1,5.xlsx",0271b96c6fe725d3e50ad7891401958322a5ae97866bb0bf8cb190bc4bbeff3f,Расчеты,used sparse cells,2026-09-16,mixed,O67,null,1800,n
1.0.0,"Таблица по подбору сечений теплых ангаров пролетами 9м, 12м, 15м, 18м, 21м, 24м версия 1,5.xlsx",0271b96c6fe725d3e50ad7891401958322a5ae97866bb0bf8cb190bc4bbeff3f,Расчеты,used sparse cells,2026-09-16,mixed,P67,null,1900,n
1.0.0,"Таблица по подбору сечений теплых ангаров пролетами 9м, 12м, 15м, 18м, 21м, 24м версия 1,5.xlsx",0271b96c6fe725d3e50ad7891401958322a5ae97866bb0bf8cb190bc4bbeff3f,Расчеты,used sparse cells,2026-09-16,mixed,Q67,null,2000,n
1.0.0,"Таблица по подбору сечений теплых ангаров пролетами 9м, 12м, 15м, 18м, 21м, 24м версия 1,5.xlsx",0271b96c6fe725d3e50ad7891401958322a5ae97866bb0bf8cb190bc4bbeff3f,Расчеты,used sparse cells,2026-09-16,mixed,R67,null,2100,n
1.0.0,"Таблица по подбору сечений теплых ангаров пролетами 9м, 12м, 15м, 18м, 21м, 24м версия 1,5.xlsx",0271b96c6fe725d3e50ad7891401958322a5ae97866bb0bf8cb190bc4bbeff3f,Расчеты,used sparse cells,2026-09-16,mixed,S67,null,2200,n
1.0.0,"Таблица по подбору сечений теплых ангаров пролетами 9м, 12м, 15м, 18м, 21м, 24м версия 1,5.xlsx",0271b96c6fe725d3e50ad7891401958322a5ae97866bb0bf8cb190bc4bbeff3f,Расчеты,used sparse cells,2026-09-16,mixed,T67,null,2300,n
1.0.0,"Таблица по подбору сечений теплых ангаров пролетами 9м, 12м, 15м, 18м, 21м, 24м версия 1,5.xlsx",0271b96c6fe725d3e50ad7891401958322a5ae97866bb0bf8cb190bc4bbeff3f,Расчеты,used sparse cells,2026-09-16,mixed,U67,null,2400,n
1.0.0,"Таблица по подбору сечений теплых ангаров пролетами 9м, 12м, 15м, 18м, 21м, 24м версия 1,5.xlsx",0271b96c6fe725d3e50ad7891401958322a5ae97866bb0bf8cb190bc4bbeff3f,Расчеты,used sparse cells,2026-09-16,mixed,V67,null,2500,n
1.0.0,"Таблица по подбору сечений теплых ангаров пролетами 9м, 12м, 15м, 18м, 21м, 24м версия 1,5.xlsx",0271b96c6fe725d3e50ad7891401958322a5ae97866bb0bf8cb190bc4bbeff3f,Расчеты,used sparse cells,2026-09-16,mixed,W67,null,2600,n
1.0.0,"Таблица по подбору сечений теплых ангаров пролетами 9м, 12м, 15м, 18м, 21м, 24м версия 1,5.xlsx",0271b96c6fe725d3e50ad7891401958322a5ae97866bb0bf8cb190bc4bbeff3f,Расчеты,used sparse cells,2026-09-16,mixed,X67,null,2700,n
1.0.0,"Таблица по подбору сечений теплых ангаров пролетами 9м, 12м, 15м, 18м, 21м, 24м версия 1,5.xlsx",0271b96c6fe725d3e50ad7891401958322a5ae97866bb0bf8cb190bc4bbeff3f,Расчеты,used sparse cells,2026-09-16,mixed,Y67,null,2800,n
1.0.0,"Таблица по подбору сечений теплых ангаров пролетами 9м, 12м, 15м, 18м, 21м, 24м версия 1,5.xlsx",0271b96c6fe725d3e50ad7891401958322a5ae97866bb0bf8cb190bc4bbeff3f,Расчеты,used sparse cells,2026-09-16,mixed,Z67,null,2900,n
1.0.0,"Таблица по подбору сечений теплых ангаров пролетами 9м, 12м, 15м, 18м, 21м, 24м версия 1,5.xlsx",0271b96c6fe725d3e50ad7891401958322a5ae97866bb0bf8cb190bc4bbeff3f,Расчеты,used sparse cells,2026-09-16,mixed,AA67,null,3000,n
1.0.0,"Таблица по подбору сечений теплых ангаров пролетами 9м, 12м, 15м, 18м, 21м, 24м версия 1,5.xlsx",0271b96c6fe725d3e50ad7891401958322a5ae97866bb0bf8cb190bc4bbeff3f,Расчеты,used sparse cells,2026-09-16,mixed,SK67,null,"""2ТПС 200х65х1,5""",s
1.0.0,"Таблица по подбору сечений теплых ангаров пролетами 9м, 12м, 15м, 18м, 21м, 24м версия 1,5.xlsx",0271b96c6fe725d3e50ad7891401958322a5ae97866bb0bf8cb190bc4bbeff3f,Расчеты,used sparse cells,2026-09-16,mixed,SM67,null,7.87,n
1.0.0,"Таблица по подбору сечений теплых ангаров пролетами 9м, 12м, 15м, 18м, 21м, 24м версия 1,5.xlsx",0271b96c6fe725d3e50ad7891401958322a5ae97866bb0bf8cb190bc4bbeff3f,Расчеты,used sparse cells,2026-09-16,mixed,A68,null,1,n
1.0.0,"Таблица по подбору сечений теплых ангаров пролетами 9м, 12м, 15м, 18м, 21м, 24м версия 1,5.xlsx",0271b96c6fe725d3e50ad7891401958322a5ae97866bb0bf8cb190bc4bbeff3f,Расчеты,used sparse cells,2026-09-16,mixed,SK68,null,"""2ТПС 200х65х2""",s
1.0.0,"Таблица по подбору сечений теплых ангаров пролетами 9м, 12м, 15м, 18м, 21м, 24м версия 1,5.xlsx",0271b96c6fe725d3e50ad7891401958322a5ae97866bb0bf8cb190bc4bbeff3f,Расчеты,used sparse cells,2026-09-16,mixed,SM68,null,10.33,n
1.0.0,"Таблица по подбору сечений теплых ангаров пролетами 9м, 12м, 15м, 18м, 21м, 24м версия 1,5.xlsx",0271b96c6fe725d3e50ad7891401958322a5ae97866bb0bf8cb190bc4bbeff3f,Расчеты,used sparse cells,2026-09-16,mixed,A69,null,"""2ТПС""",s
1.0.0,"Таблица по подбору сечений теплых ангаров пролетами 9м, 12м, 15м, 18м, 21м, 24м версия 1,5.xlsx",0271b96c6fe725d3e50ad7891401958322a5ae97866bb0bf8cb190bc4bbeff3f,Расчеты,used sparse cells,2026-09-16,mixed,SK69,null,"""2ТПС 245х65х1,5""",s
1.0.0,"Таблица по подбору сечений теплых ангаров пролетами 9м, 12м, 15м, 18м, 21м, 24м версия 1,5.xlsx",0271b96c6fe725d3e50ad7891401958322a5ae97866bb0bf8cb190bc4bbeff3f,Расчеты,used sparse cells,2026-09-16,mixed,SM69,null,8.95,n
1.0.0,"Таблица по подбору сечений теплых ангаров пролетами 9м, 12м, 15м, 18м, 21м, 24м версия 1,5.xlsx",0271b96c6fe725d3e50ad7891401958322a5ae97866bb0bf8cb190bc4bbeff3f,Расчеты,used sparse cells,2026-09-16,mixed,A70,null,"""2ПС""",s
1.0.0,"Таблица по подбору сечений теплых ангаров пролетами 9м, 12м, 15м, 18м, 21м, 24м версия 1,5.xlsx",0271b96c6fe725d3e50ad7891401958322a5ae97866bb0bf8cb190bc4bbeff3f,Расчеты,used sparse cells,2026-09-16,mixed,SK70,null,"""2ТПС 245х65х2""",s
1.0.0,"Таблица по подбору сечений теплых ангаров пролетами 9м, 12м, 15м, 18м, 21м, 24м версия 1,5.xlsx",0271b96c6fe725d3e50ad7891401958322a5ae97866bb0bf8cb190bc4bbeff3f,Расчеты,used sparse cells,2026-09-16,mixed,SM70,null,11.6,n
1.0.0,"Таблица по подбору сечений теплых ангаров пролетами 9м, 12м, 15м, 18м, 21м, 24м версия 1,5.xlsx",0271b96c6fe725d3e50ad7891401958322a5ae97866bb0bf8cb190bc4bbeff3f,Расчеты,used sparse cells,2026-09-16,mixed,A71,null,"""Z""",s
1.0.0,"Таблица по подбору сечений теплых ангаров пролетами 9м, 12м, 15м, 18м, 21м, 24м версия 1,5.xlsx",0271b96c6fe725d3e50ad7891401958322a5ae97866bb0bf8cb190bc4bbeff3f,Расчеты,used sparse cells,2026-09-16,mixed,SK71,null,"""2ПС 145х45х1,5""",s
1.0.0,"Таблица по подбору сечений теплых ангаров пролетами 9м, 12м, 15м, 18м, 21м, 24м версия 1,5.xlsx",0271b96c6fe725d3e50ad7891401958322a5ae97866bb0bf8cb190bc4bbeff3f,Расчеты,used sparse cells,2026-09-16,mixed,SM71,null,5.9,n
1.0.0,"Таблица по подбору сечений теплых ангаров пролетами 9м, 12м, 15м, 18м, 21м, 24м версия 1,5.xlsx",0271b96c6fe725d3e50ad7891401958322a5ae97866bb0bf8cb190bc4bbeff3f,Расчеты,used sparse cells,2026-09-16,mixed,SK72,null,"""2ПС 145х45х2""",s
1.0.0,"Таблица по подбору сечений теплых ангаров пролетами 9м, 12м, 15м, 18м, 21м, 24м версия 1,5.xlsx",0271b96c6fe725d3e50ad7891401958322a5ae97866bb0bf8cb190bc4bbeff3f,Расчеты,used sparse cells,2026-09-16,mixed,SM72,null,7.79,n
1.0.0,"Таблица по подбору сечений теплых ангаров пролетами 9м, 12м, 15м, 18м, 21м, 24м версия 1,5.xlsx",0271b96c6fe725d3e50ad7891401958322a5ae97866bb0bf8cb190bc4bbeff3f,Расчеты,used sparse cells,2026-09-16,mixed,A73,null,1,n
1.0.0,"Таблица по подбору сечений теплых ангаров пролетами 9м, 12м, 15м, 18м, 21м, 24м версия 1,5.xlsx",0271b96c6fe725d3e50ad7891401958322a5ae97866bb0bf8cb190bc4bbeff3f,Расчеты,used sparse cells,2026-09-16,mixed,SK73,null,"""2ПС 150х45х1,5""",s
1.0.0,"Таблица по подбору сечений теплых ангаров пролетами 9м, 12м, 15м, 18м, 21м, 24м версия 1,5.xlsx",0271b96c6fe725d3e50ad7891401958322a5ae97866bb0bf8cb190bc4bbeff3f,Расчеты,used sparse cells,2026-09-16,mixed,SM73,null,6.03,n
1.0.0,"Таблица по подбору сечений теплых ангаров пролетами 9м, 12м, 15м, 18м, 21м, 24м версия 1,5.xlsx",0271b96c6fe725d3e50ad7891401958322a5ae97866bb0bf8cb190bc4bbeff3f,Расчеты,used sparse cells,2026-09-16,mixed,A74,null,"""2ТПС""",s
1.0.0,"Таблица по подбору сечений теплых ангаров пролетами 9м, 12м, 15м, 18м, 21м, 24м версия 1,5.xlsx",0271b96c6fe725d3e50ad7891401958322a5ae97866bb0bf8cb190bc4bbeff3f,Расчеты,used sparse cells,2026-09-16,mixed,SK74,null,"""2ПС 150х45х2""",s
1.0.0,"Таблица по подбору сечений теплых ангаров пролетами 9м, 12м, 15м, 18м, 21м, 24м версия 1,5.xlsx",0271b96c6fe725d3e50ad7891401958322a5ae97866bb0bf8cb190bc4bbeff3f,Расчеты,used sparse cells,2026-09-16,mixed,SM74,null,7.95,n
1.0.0,"Таблица по подбору сечений теплых ангаров пролетами 9м, 12м, 15м, 18м, 21м, 24м версия 1,5.xlsx",0271b96c6fe725d3e50ad7891401958322a5ae97866bb0bf8cb190bc4bbeff3f,Расчеты,used sparse cells,2026-09-16,mixed,A75,null,"""2ПС""",s
1.0.0,"Таблица по подбору сечений теплых ангаров пролетами 9м, 12м, 15м, 18м, 21м, 24м версия 1,5.xlsx",0271b96c6fe725d3e50ad7891401958322a5ae97866bb0bf8cb190bc4bbeff3f,Расчеты,used sparse cells,2026-09-16,mixed,SK75,null,"""2ПС 150х65х1,5""",s
1.0.0,"Таблица по подбору сечений теплых ангаров пролетами 9м, 12м, 15м, 18м, 21м, 24м версия 1,5.xlsx",0271b96c6fe725d3e50ad7891401958322a5ae97866bb0bf8cb190bc4bbeff3f,Расчеты,used sparse cells,2026-09-16,mixed,SM75,null,6.97,n
1.0.0,"Таблица по подбору сечений теплых ангаров пролетами 9м, 12м, 15м, 18м, 21м, 24м версия 1,5.xlsx",0271b96c6fe725d3e50ad7891401958322a5ae97866bb0bf8cb190bc4bbeff3f,Расчеты,used sparse cells,2026-09-16,mixed,A76,null,"""Z""",s
1.0.0,"Таблица по подбору сечений теплых ангаров пролетами 9м, 12м, 15м, 18м, 21м, 24м версия 1,5.xlsx",0271b96c6fe725d3e50ad7891401958322a5ae97866bb0bf8cb190bc4bbeff3f,Расчеты,used sparse cells,2026-09-16,mixed,SK76,null,"""2ПС 150х65х2""",s
1.0.0,"Таблица по подбору сечений теплых ангаров пролетами 9м, 12м, 15м, 18м, 21м, 24м версия 1,5.xlsx",0271b96c6fe725d3e50ad7891401958322a5ae97866bb0bf8cb190bc4bbeff3f,Расчеты,used sparse cells,2026-09-16,mixed,SM76,null,9.2,n
1.0.0,"Таблица по подбору сечений теплых ангаров пролетами 9м, 12м, 15м, 18м, 21м, 24м версия 1,5.xlsx",0271b96c6fe725d3e50ad7891401958322a5ae97866bb0bf8cb190bc4bbeff3f,Расчеты,used sparse cells,2026-09-16,mixed,SK77,null,"""2ПС 195х45х1,5""",s
1.0.0,"Таблица по подбору сечений теплых ангаров пролетами 9м, 12м, 15м, 18м, 21м, 24м версия 1,5.xlsx",0271b96c6fe725d3e50ad7891401958322a5ae97866bb0bf8cb190bc4bbeff3f,Расчеты,used sparse cells,2026-09-16,mixed,SM77,null,7.08,n
1.0.0,"Таблица по подбору сечений теплых ангаров пролетами 9м, 12м, 15м, 18м, 21м, 24м версия 1,5.xlsx",0271b96c6fe725d3e50ad7891401958322a5ae97866bb0bf8cb190bc4bbeff3f,Расчеты,used sparse cells,2026-09-16,mixed,SK78,null,"""2ПС 195х45х2""",s
1.0.0,"Таблица по подбору сечений теплых ангаров пролетами 9м, 12м, 15м, 18м, 21м, 24м версия 1,5.xlsx",0271b96c6fe725d3e50ad7891401958322a5ae97866bb0bf8cb190bc4bbeff3f,Расчеты,used sparse cells,2026-09-16,mixed,SM78,null,9.36,n
1.0.0,"Таблица по подбору сечений теплых ангаров пролетами 9м, 12м, 15м, 18м, 21м, 24м версия 1,5.xlsx",0271b96c6fe725d3e50ad7891401958322a5ae97866bb0bf8cb190bc4bbeff3f,Расчеты,used sparse cells,2026-09-16,mixed,SK79,null,"""2ПС 200х45х1,5""",s
1.0.0,"Таблица по подбору сечений теплых ангаров пролетами 9м, 12м, 15м, 18м, 21м, 24м версия 1,5.xlsx",0271b96c6fe725d3e50ad7891401958322a5ae97866bb0bf8cb190bc4bbeff3f,Расчеты,used sparse cells,2026-09-16,mixed,SM79,null,7.2,n
1.0.0,"Таблица по подбору сечений теплых ангаров пролетами 9м, 12м, 15м, 18м, 21м, 24м версия 1,5.xlsx",0271b96c6fe725d3e50ad7891401958322a5ae97866bb0bf8cb190bc4bbeff3f,Расчеты,used sparse cells,2026-09-16,mixed,B80,null,"""Масса на м2""",s
1.0.0,"Таблица по подбору сечений теплых ангаров пролетами 9м, 12м, 15м, 18м, 21м, 24м версия 1,5.xlsx",0271b96c6fe725d3e50ad7891401958322a5ae97866bb0bf8cb190bc4bbeff3f,Расчеты,used sparse cells,2026-09-16,mixed,C80,null,"""Шаг""",s
1.0.0,"Таблица по подбору сечений теплых ангаров пролетами 9м, 12м, 15м, 18м, 21м, 24м версия 1,5.xlsx",0271b96c6fe725d3e50ad7891401958322a5ae97866bb0bf8cb190bc4bbeff3f,Расчеты,used sparse cells,2026-09-16,mixed,D80,null,"""Масса на м""",s
1.0.0,"Таблица по подбору сечений теплых ангаров пролетами 9м, 12м, 15м, 18м, 21м, 24м версия 1,5.xlsx",0271b96c6fe725d3e50ad7891401958322a5ae97866bb0bf8cb190bc4bbeff3f,Расчеты,used sparse cells,2026-09-16,mixed,E80,null,"""Профиль""",s
1.0.0,"Таблица по подбору сечений теплых ангаров пролетами 9м, 12м, 15м, 18м, 21м, 24м версия 1,5.xlsx",0271b96c6fe725d3e50ad7891401958322a5ae97866bb0bf8cb190bc4bbeff3f,Расчеты,used sparse cells,2026-09-16,mixed,SK80,null,"""2ПС 200х45х2""",s
1.0.0,"Таблица по подбору сечений теплых ангаров пролетами 9м, 12м, 15м, 18м, 21м, 24м версия 1,5.xlsx",0271b96c6fe725d3e50ad7891401958322a5ae97866bb0bf8cb190bc4bbeff3f,Расчеты,used sparse cells,2026-09-16,mixed,SM80,null,9.51,n
1.0.0,"Таблица по подбору сечений теплых ангаров пролетами 9м, 12м, 15м, 18м, 21м, 24м версия 1,5.xlsx",0271b96c6fe725d3e50ad7891401958322a5ae97866bb0bf8cb190bc4bbeff3f,Расчеты,used sparse cells,2026-09-16,mixed,A81,null,1,n
1.0.0,"Таблица по подбору сечений теплых ангаров пролетами 9м, 12м, 15м, 18м, 21м, 24м версия 1,5.xlsx",0271b96c6fe725d3e50ad7891401958322a5ae97866bb0bf8cb190bc4bbeff3f,Расчеты,used sparse cells,2026-09-16,mixed,SK81,null,"""2ПС 200х65х1,5""",s
1.0.0,"Таблица по подбору сечений теплых ангаров пролетами 9м, 12м, 15м, 18м, 21м, 24м версия 1,5.xlsx",0271b96c6fe725d3e50ad7891401958322a5ae97866bb0bf8cb190bc4bbeff3f,Расчеты,used sparse cells,2026-09-16,mixed,SM81,null,8.14,n
1.0.0,"Таблица по подбору сечений теплых ангаров пролетами 9м, 12м, 15м, 18м, 21м, 24м версия 1,5.xlsx",0271b96c6fe725d3e50ad7891401958322a5ae97866bb0bf8cb190bc4bbeff3f,Расчеты,used sparse cells,2026-09-16,mixed,A82,null,"""2ТПС""",s
1.0.0,"Таблица по подбору сечений теплых ангаров пролетами 9м, 12м, 15м, 18м, 21м, 24м версия 1,5.xlsx",0271b96c6fe725d3e50ad7891401958322a5ae97866bb0bf8cb190bc4bbeff3f,Расчеты,used sparse cells,2026-09-16,mixed,SK82,null,"""2ПС 200х65х2""",s
1.0.0,"Таблица по подбору сечений теплых ангаров пролетами 9м, 12м, 15м, 18м, 21м, 24м версия 1,5.xlsx",0271b96c6fe725d3e50ad7891401958322a5ae97866bb0bf8cb190bc4bbeff3f,Расчеты,used sparse cells,2026-09-16,mixed,SM82,null,10.77,n
1.0.0,"Таблица по подбору сечений теплых ангаров пролетами 9м, 12м, 15м, 18м, 21м, 24м версия 1,5.xlsx",0271b96c6fe725d3e50ad7891401958322a5ae97866bb0bf8cb190bc4bbeff3f,Расчеты,used sparse cells,2026-09-16,mixed,A83,null,"""2ПС""",s
1.0.0,"Таблица по подбору сечений теплых ангаров пролетами 9м, 12м, 15м, 18м, 21м, 24м версия 1,5.xlsx",0271b96c6fe725d3e50ad7891401958322a5ae97866bb0bf8cb190bc4bbeff3f,Расчеты,used sparse cells,2026-09-16,mixed,SK83,null,"""2ПС 245х65х1,5""",s
1.0.0,"Таблица по подбору сечений теплых ангаров пролетами 9м, 12м, 15м, 18м, 21м, 24м версия 1,5.xlsx",0271b96c6fe725d3e50ad7891401958322a5ae97866bb0bf8cb190bc4bbeff3f,Расчеты,used sparse cells,2026-09-16,mixed,SM83,null,9.19,n
1.0.0,"Таблица по подбору сечений теплых ангаров пролетами 9м, 12м, 15м, 18м, 21м, 24м версия 1,5.xlsx",0271b96c6fe725d3e50ad7891401958322a5ae97866bb0bf8cb190bc4bbeff3f,Расчеты,used sparse cells,2026-09-16,mixed,A84,null,"""Z""",s
1.0.0,"Таблица по подбору сечений теплых ангаров пролетами 9м, 12м, 15м, 18м, 21м, 24м версия 1,5.xlsx",0271b96c6fe725d3e50ad7891401958322a5ae97866bb0bf8cb190bc4bbeff3f,Расчеты,used sparse cells,2026-09-16,mixed,SK84,null,"""2ПС 245х65х2""",s
1.0.0,"Таблица по подбору сечений теплых ангаров пролетами 9м, 12м, 15м, 18м, 21м, 24м версия 1,5.xlsx",0271b96c6fe725d3e50ad7891401958322a5ae97866bb0bf8cb190bc4bbeff3f,Расчеты,used sparse cells,2026-09-16,mixed,SM84,null,12.18,n
1.0.0,"Таблица по подбору сечений теплых ангаров пролетами 9м, 12м, 15м, 18м, 21м, 24м версия 1,5.xlsx",0271b96c6fe725d3e50ad7891401958322a5ae97866bb0bf8cb190bc4bbeff3f,Расчеты,used sparse cells,2026-09-16,mixed,SK85,null,"""Z 140х1,5""",s
1.0.0,"Таблица по подбору сечений теплых ангаров пролетами 9м, 12м, 15м, 18м, 21м, 24м версия 1,5.xlsx",0271b96c6fe725d3e50ad7891401958322a5ae97866bb0bf8cb190bc4bbeff3f,Расчеты,used sparse cells,2026-09-16,mixed,SM85,null,3.44,n
1.0.0,"Таблица по подбору сечений теплых ангаров пролетами 9м, 12м, 15м, 18м, 21м, 24м версия 1,5.xlsx",0271b96c6fe725d3e50ad7891401958322a5ae97866bb0bf8cb190bc4bbeff3f,Расчеты,used sparse cells,2026-09-16,mixed,SK86,null,"""Z 140х2""",s
1.0.0,"Таблица по подбору сечений теплых ангаров пролетами 9м, 12м, 15м, 18м, 21м, 24м версия 1,5.xlsx",0271b96c6fe725d3e50ad7891401958322a5ae97866bb0bf8cb190bc4bbeff3f,Расчеты,used sparse cells,2026-09-16,mixed,SM86,null,4.56,n
1.0.0,"Таблица по подбору сечений теплых ангаров пролетами 9м, 12м, 15м, 18м, 21м, 24м версия 1,5.xlsx",0271b96c6fe725d3e50ad7891401958322a5ae97866bb0bf8cb190bc4bbeff3f,Расчеты,used sparse cells,2026-09-16,mixed,SK87,null,"""Z 140х2,5""",s
1.0.0,"Таблица по подбору сечений теплых ангаров пролетами 9м, 12м, 15м, 18м, 21м, 24м версия 1,5.xlsx",0271b96c6fe725d3e50ad7891401958322a5ae97866bb0bf8cb190bc4bbeff3f,Расчеты,used sparse cells,2026-09-16,mixed,SM87,null,5.66,n
1.0.0,"Таблица по подбору сечений теплых ангаров пролетами 9м, 12м, 15м, 18м, 21м, 24м версия 1,5.xlsx",0271b96c6fe725d3e50ad7891401958322a5ae97866bb0bf8cb190bc4bbeff3f,Расчеты,used sparse cells,2026-09-16,mixed,SK88,null,"""Z 160х1,5""",s
1.0.0,"Таблица по подбору сечений теплых ангаров пролетами 9м, 12м, 15м, 18м, 21м, 24м версия 1,5.xlsx",0271b96c6fe725d3e50ad7891401958322a5ae97866bb0bf8cb190bc4bbeff3f,Расчеты,used sparse cells,2026-09-16,mixed,SM88,null,3.67,n
1.0.0,"Таблица по подбору сечений теплых ангаров пролетами 9м, 12м, 15м, 18м, 21м, 24м версия 1,5.xlsx",0271b96c6fe725d3e50ad7891401958322a5ae97866bb0bf8cb190bc4bbeff3f,Расчеты,used sparse cells,2026-09-16,mixed,SK89,null,"""Z 160х2""",s
1.0.0,"Таблица по подбору сечений теплых ангаров пролетами 9м, 12м, 15м, 18м, 21м, 24м версия 1,5.xlsx",0271b96c6fe725d3e50ad7891401958322a5ae97866bb0bf8cb190bc4bbeff3f,Расчеты,used sparse cells,2026-09-16,mixed,SM89,null,4.87,n
1.0.0,"Таблица по подбору сечений теплых ангаров пролетами 9м, 12м, 15м, 18м, 21м, 24м версия 1,5.xlsx",0271b96c6fe725d3e50ad7891401958322a5ae97866bb0bf8cb190bc4bbeff3f,Расчеты,used sparse cells,2026-09-16,mixed,SK90,null,"""Z 160х2,5""",s
1.0.0,"Таблица по подбору сечений теплых ангаров пролетами 9м, 12м, 15м, 18м, 21м, 24м версия 1,5.xlsx",0271b96c6fe725d3e50ad7891401958322a5ae97866bb0bf8cb190bc4bbeff3f,Расчеты,used sparse cells,2026-09-16,mixed,SM90,null,6.05,n
1.0.0,"Таблица по подбору сечений теплых ангаров пролетами 9м, 12м, 15м, 18м, 21м, 24м версия 1,5.xlsx",0271b96c6fe725d3e50ad7891401958322a5ae97866bb0bf8cb190bc4bbeff3f,Расчеты,used sparse cells,2026-09-16,mixed,SK91,null,"""Z 180х1,5""",s
1.0.0,"Таблица по подбору сечений теплых ангаров пролетами 9м, 12м, 15м, 18м, 21м, 24м версия 1,5.xlsx",0271b96c6fe725d3e50ad7891401958322a5ae97866bb0bf8cb190bc4bbeff3f,Расчеты,used sparse cells,2026-09-16,mixed,SM91,null,3.91,n
1.0.0,"Таблица по подбору сечений теплых ангаров пролетами 9м, 12м, 15м, 18м, 21м, 24м версия 1,5.xlsx",0271b96c6fe725d3e50ad7891401958322a5ae97866bb0bf8cb190bc4bbeff3f,Расчеты,used sparse cells,2026-09-16,mixed,SK92,null,"""Z 180х2""",s
1.0.0,"Таблица по подбору сечений теплых ангаров пролетами 9м, 12м, 15м, 18м, 21м, 24м версия 1,5.xlsx",0271b96c6fe725d3e50ad7891401958322a5ae97866bb0bf8cb190bc4bbeff3f,Расчеты,used sparse cells,2026-09-16,mixed,SM92,null,5.19,n
1.0.0,"Таблица по подбору сечений теплых ангаров пролетами 9м, 12м, 15м, 18м, 21м, 24м версия 1,5.xlsx",0271b96c6fe725d3e50ad7891401958322a5ae97866bb0bf8cb190bc4bbeff3f,Расчеты,used sparse cells,2026-09-16,mixed,SK93,null,"""Z 180х2,5""",s
1.0.0,"Таблица по подбору сечений теплых ангаров пролетами 9м, 12м, 15м, 18м, 21м, 24м версия 1,5.xlsx",0271b96c6fe725d3e50ad7891401958322a5ae97866bb0bf8cb190bc4bbeff3f,Расчеты,used sparse cells,2026-09-16,mixed,SM93,null,6.5,n
1.0.0,"Таблица по подбору сечений теплых ангаров пролетами 9м, 12м, 15м, 18м, 21м, 24м версия 1,5.xlsx",0271b96c6fe725d3e50ad7891401958322a5ae97866bb0bf8cb190bc4bbeff3f,Расчеты,used sparse cells,2026-09-16,mixed,SK94,null,"""Z 200х1,5""",s
1.0.0,"Таблица по подбору сечений теплых ангаров пролетами 9м, 12м, 15м, 18м, 21м, 24м версия 1,5.xlsx",0271b96c6fe725d3e50ad7891401958322a5ae97866bb0bf8cb190bc4bbeff3f,Расчеты,used sparse cells,2026-09-16,mixed,SM94,null,4.15,n
1.0.0,"Таблица по подбору сечений теплых ангаров пролетами 9м, 12м, 15м, 18м, 21м, 24м версия 1,5.xlsx",0271b96c6fe725d3e50ad7891401958322a5ae97866bb0bf8cb190bc4bbeff3f,Расчеты,used sparse cells,2026-09-16,mixed,SK95,null,"""Z 200х2""",s
1.0.0,"Таблица по подбору сечений теплых ангаров пролетами 9м, 12м, 15м, 18м, 21м, 24м версия 1,5.xlsx",0271b96c6fe725d3e50ad7891401958322a5ae97866bb0bf8cb190bc4bbeff3f,Расчеты,used sparse cells,2026-09-16,mixed,SM95,null,5.5,n
1.0.0,"Таблица по подбору сечений теплых ангаров пролетами 9м, 12м, 15м, 18м, 21м, 24м версия 1,5.xlsx",0271b96c6fe725d3e50ad7891401958322a5ae97866bb0bf8cb190bc4bbeff3f,Расчеты,used sparse cells,2026-09-16,mixed,SK96,null,"""Z 200х2,5""",s
1.0.0,"Таблица по подбору сечений теплых ангаров пролетами 9м, 12м, 15м, 18м, 21м, 24м версия 1,5.xlsx",0271b96c6fe725d3e50ad7891401958322a5ae97866bb0bf8cb190bc4bbeff3f,Расчеты,used sparse cells,2026-09-16,mixed,SM96,null,6.84,n
1.0.0,"Таблица по подбору сечений теплых ангаров пролетами 9м, 12м, 15м, 18м, 21м, 24м версия 1,5.xlsx",0271b96c6fe725d3e50ad7891401958322a5ae97866bb0bf8cb190bc4bbeff3f,Расчеты,used sparse cells,2026-09-16,mixed,SK97,null,"""Z 220х1,5""",s
1.0.0,"Таблица по подбору сечений теплых ангаров пролетами 9м, 12м, 15м, 18м, 21м, 24м версия 1,5.xlsx",0271b96c6fe725d3e50ad7891401958322a5ae97866bb0bf8cb190bc4bbeff3f,Расчеты,used sparse cells,2026-09-16,mixed,SM97,null,4.38,n
1.0.0,"Таблица по подбору сечений теплых ангаров пролетами 9м, 12м, 15м, 18м, 21м, 24м версия 1,5.xlsx",0271b96c6fe725d3e50ad7891401958322a5ae97866bb0bf8cb190bc4bbeff3f,Расчеты,used sparse cells,2026-09-16,mixed,SK98,null,"""Z 220х2""",s
1.0.0,"Таблица по подбору сечений теплых ангаров пролетами 9м, 12м, 15м, 18м, 21м, 24м версия 1,5.xlsx",0271b96c6fe725d3e50ad7891401958322a5ae97866bb0bf8cb190bc4bbeff3f,Расчеты,used sparse cells,2026-09-16,mixed,SM98,null,5.81,n
1.0.0,"Таблица по подбору сечений теплых ангаров пролетами 9м, 12м, 15м, 18м, 21м, 24м версия 1,5.xlsx",0271b96c6fe725d3e50ad7891401958322a5ae97866bb0bf8cb190bc4bbeff3f,Расчеты,used sparse cells,2026-09-16,mixed,SK99,null,"""Z 220х2,5""",s
1.0.0,"Таблица по подбору сечений теплых ангаров пролетами 9м, 12м, 15м, 18м, 21м, 24м версия 1,5.xlsx",0271b96c6fe725d3e50ad7891401958322a5ae97866bb0bf8cb190bc4bbeff3f,Расчеты,used sparse cells,2026-09-16,mixed,SM99,null,7.23,n
1.0.0,"Таблица по подбору сечений теплых ангаров пролетами 9м, 12м, 15м, 18м, 21м, 24м версия 1,5.xlsx",0271b96c6fe725d3e50ad7891401958322a5ae97866bb0bf8cb190bc4bbeff3f,Расчеты,used sparse cells,2026-09-16,mixed,SK100,null,"""Z 250х1,5""",s
1.0.0,"Таблица по подбору сечений теплых ангаров пролетами 9м, 12м, 15м, 18м, 21м, 24м версия 1,5.xlsx",0271b96c6fe725d3e50ad7891401958322a5ae97866bb0bf8cb190bc4bbeff3f,Расчеты,used sparse cells,2026-09-16,mixed,SM100,null,4.94,n
1.0.0,"Таблица по подбору сечений теплых ангаров пролетами 9м, 12м, 15м, 18м, 21м, 24м версия 1,5.xlsx",0271b96c6fe725d3e50ad7891401958322a5ae97866bb0bf8cb190bc4bbeff3f,Расчеты,used sparse cells,2026-09-16,mixed,SK101,null,"""Z 250х2""",s
1.0.0,"Таблица по подбору сечений теплых ангаров пролетами 9м, 12м, 15м, 18м, 21м, 24м версия 1,5.xlsx",0271b96c6fe725d3e50ad7891401958322a5ae97866bb0bf8cb190bc4bbeff3f,Расчеты,used sparse cells,2026-09-16,mixed,SM101,null,6.57,n
1.0.0,"Таблица по подбору сечений теплых ангаров пролетами 9м, 12м, 15м, 18м, 21м, 24м версия 1,5.xlsx",0271b96c6fe725d3e50ad7891401958322a5ae97866bb0bf8cb190bc4bbeff3f,Расчеты,used sparse cells,2026-09-16,mixed,SK102,null,"""Z 250х2,5""",s
1.0.0,"Таблица по подбору сечений теплых ангаров пролетами 9м, 12м, 15м, 18м, 21м, 24м версия 1,5.xlsx",0271b96c6fe725d3e50ad7891401958322a5ae97866bb0bf8cb190bc4bbeff3f,Расчеты,used sparse cells,2026-09-16,mixed,SM102,null,8.23,n
1.0.0,"Таблица по подбору сечений теплых ангаров пролетами 9м, 12м, 15м, 18м, 21м, 24м версия 1,5.xlsx",0271b96c6fe725d3e50ad7891401958322a5ae97866bb0bf8cb190bc4bbeff3f,Расчеты,used sparse cells,2026-09-16,mixed,SK103,null,"""Z 250х3""",s
1.0.0,"Таблица по подбору сечений теплых ангаров пролетами 9м, 12м, 15м, 18м, 21м, 24м версия 1,5.xlsx",0271b96c6fe725d3e50ad7891401958322a5ae97866bb0bf8cb190bc4bbeff3f,Расчеты,used sparse cells,2026-09-16,mixed,SM103,null,9.9,n
1.0.0,"Таблица по подбору сечений теплых ангаров пролетами 9м, 12м, 15м, 18м, 21м, 24м версия 1,5.xlsx",0271b96c6fe725d3e50ad7891401958322a5ae97866bb0bf8cb190bc4bbeff3f,Расчеты,used sparse cells,2026-09-16,mixed,SK104,null,"""Z 300х2""",s
1.0.0,"Таблица по подбору сечений теплых ангаров пролетами 9м, 12м, 15м, 18м, 21м, 24м версия 1,5.xlsx",0271b96c6fe725d3e50ad7891401958322a5ae97866bb0bf8cb190bc4bbeff3f,Расчеты,used sparse cells,2026-09-16,mixed,SM104,null,8.12,n
1.0.0,"Таблица по подбору сечений теплых ангаров пролетами 9м, 12м, 15м, 18м, 21м, 24м версия 1,5.xlsx",0271b96c6fe725d3e50ad7891401958322a5ae97866bb0bf8cb190bc4bbeff3f,Расчеты,used sparse cells,2026-09-16,mixed,SK105,null,"""Z 300х2,5""",s
1.0.0,"Таблица по подбору сечений теплых ангаров пролетами 9м, 12м, 15м, 18м, 21м, 24м версия 1,5.xlsx",0271b96c6fe725d3e50ad7891401958322a5ae97866bb0bf8cb190bc4bbeff3f,Расчеты,used sparse cells,2026-09-16,mixed,SM105,null,10.17,n
1.0.0,"Таблица по подбору сечений теплых ангаров пролетами 9м, 12м, 15м, 18м, 21м, 24м версия 1,5.xlsx",0271b96c6fe725d3e50ad7891401958322a5ae97866bb0bf8cb190bc4bbeff3f,Расчеты,used sparse cells,2026-09-16,mixed,SK106,null,"""Z 300х3""",s
1.0.0,"Таблица по подбору сечений теплых ангаров пролетами 9м, 12м, 15м, 18м, 21м, 24м версия 1,5.xlsx",0271b96c6fe725d3e50ad7891401958322a5ae97866bb0bf8cb190bc4bbeff3f,Расчеты,used sparse cells,2026-09-16,mixed,SM106,null,12.23,n
1.0.0,"Таблица по подбору сечений теплых ангаров пролетами 9м, 12м, 15м, 18м, 21м, 24м версия 1,5.xlsx",0271b96c6fe725d3e50ad7891401958322a5ae97866bb0bf8cb190bc4bbeff3f,Расчеты,used sparse cells,2026-09-16,mixed,SK107,null,"""Z 350х2""",s
1.0.0,"Таблица по подбору сечений теплых ангаров пролетами 9м, 12м, 15м, 18м, 21м, 24м версия 1,5.xlsx",0271b96c6fe725d3e50ad7891401958322a5ae97866bb0bf8cb190bc4bbeff3f,Расчеты,used sparse cells,2026-09-16,mixed,SM107,null,8.9,n
1.0.0,"Таблица по подбору сечений теплых ангаров пролетами 9м, 12м, 15м, 18м, 21м, 24м версия 1,5.xlsx",0271b96c6fe725d3e50ad7891401958322a5ae97866bb0bf8cb190bc4bbeff3f,Расчеты,used sparse cells,2026-09-16,mixed,SK108,null,"""Z 350х2,5""",s
1.0.0,"Таблица по подбору сечений теплых ангаров пролетами 9м, 12м, 15м, 18м, 21м, 24м версия 1,5.xlsx",0271b96c6fe725d3e50ad7891401958322a5ae97866bb0bf8cb190bc4bbeff3f,Расчеты,used sparse cells,2026-09-16,mixed,SM108,null,11.15,n
1.0.0,"Таблица по подбору сечений теплых ангаров пролетами 9м, 12м, 15м, 18м, 21м, 24м версия 1,5.xlsx",0271b96c6fe725d3e50ad7891401958322a5ae97866bb0bf8cb190bc4bbeff3f,Расчеты,used sparse cells,2026-09-16,mixed,SK109,null,"""Z 350х3""",s
1.0.0,"Таблица по подбору сечений теплых ангаров пролетами 9м, 12м, 15м, 18м, 21м, 24м версия 1,5.xlsx",0271b96c6fe725d3e50ad7891401958322a5ae97866bb0bf8cb190bc4bbeff3f,Расчеты,used sparse cells,2026-09-16,mixed,SM109,null,13.41,n
1.0.0,"Таблица по подбору сечений теплых ангаров пролетами 9м, 12м, 15м, 18м, 21м, 24м версия 1,5.xlsx",0271b96c6fe725d3e50ad7891401958322a5ae97866bb0bf8cb190bc4bbeff3f,Расчеты,used sparse cells,2026-09-16,mixed,SO111,null,"""К-т использования""",s
1.0.0,"Таблица по подбору сечений теплых ангаров пролетами 9м, 12м, 15м, 18м, 21м, 24м версия 1,5.xlsx",0271b96c6fe725d3e50ad7891401958322a5ae97866bb0bf8cb190bc4bbeff3f,Расчеты,used sparse cells,2026-09-16,mixed,SO112,null,"""Шаг прогонов""",s
1.0.0,"Таблица по подбору сечений теплых ангаров пролетами 9м, 12м, 15м, 18м, 21м, 24м версия 1,5.xlsx",0271b96c6fe725d3e50ad7891401958322a5ae97866bb0bf8cb190bc4bbeff3f,Расчеты,used sparse cells,2026-09-16,mixed,BFE112,null,"""Шаг прогонов""",s
1.0.0,"Таблица по подбору сечений теплых ангаров пролетами 9м, 12м, 15м, 18м, 21м, 24м версия 1,5.xlsx",0271b96c6fe725d3e50ad7891401958322a5ae97866bb0bf8cb190bc4bbeff3f,Расчеты,used sparse cells,2026-09-16,mixed,SO113,null,500,n
1.0.0,"Таблица по подбору сечений теплых ангаров пролетами 9м, 12м, 15м, 18м, 21м, 24м версия 1,5.xlsx",0271b96c6fe725d3e50ad7891401958322a5ae97866bb0bf8cb190bc4bbeff3f,Расчеты,used sparse cells,2026-09-16,mixed,TI113,null,600,n
1.0.0,"Таблица по подбору сечений теплых ангаров пролетами 9м, 12м, 15м, 18м, 21м, 24м версия 1,5.xlsx",0271b96c6fe725d3e50ad7891401958322a5ae97866bb0bf8cb190bc4bbeff3f,Расчеты,used sparse cells,2026-09-16,mixed,UC113,null,700,n
1.0.0,"Таблица по подбору сечений теплых ангаров пролетами 9м, 12м, 15м, 18м, 21м, 24м версия 1,5.xlsx",0271b96c6fe725d3e50ad7891401958322a5ae97866bb0bf8cb190bc4bbeff3f,Расчеты,used sparse cells,2026-09-16,mixed,UW113,null,800,n
1.0.0,"Таблица по подбору сечений теплых ангаров пролетами 9м, 12м, 15м, 18м, 21м, 24м версия 1,5.xlsx",0271b96c6fe725d3e50ad7891401958322a5ae97866bb0bf8cb190bc4bbeff3f,Расчеты,used sparse cells,2026-09-16,mixed,VQ113,null,900,n
1.0.0,"Таблица по подбору сечений теплых ангаров пролетами 9м, 12м, 15м, 18м, 21м, 24м версия 1,5.xlsx",0271b96c6fe725d3e50ad7891401958322a5ae97866bb0bf8cb190bc4bbeff3f,Расчеты,used sparse cells,2026-09-16,mixed,WK113,null,1000,n
1.0.0,"Таблица по подбору сечений теплых ангаров пролетами 9м, 12м, 15м, 18м, 21м, 24м версия 1,5.xlsx",0271b96c6fe725d3e50ad7891401958322a5ae97866bb0bf8cb190bc4bbeff3f,Расчеты,used sparse cells,2026-09-16,mixed,XE113,null,1100,n
1.0.0,"Таблица по подбору сечений теплых ангаров пролетами 9м, 12м, 15м, 18м, 21м, 24м версия 1,5.xlsx",0271b96c6fe725d3e50ad7891401958322a5ae97866bb0bf8cb190bc4bbeff3f,Расчеты,used sparse cells,2026-09-16,mixed,XY113,null,1200,n
1.0.0,"Таблица по подбору сечений теплых ангаров пролетами 9м, 12м, 15м, 18м, 21м, 24м версия 1,5.xlsx",0271b96c6fe725d3e50ad7891401958322a5ae97866bb0bf8cb190bc4bbeff3f,Расчеты,used sparse cells,2026-09-16,mixed,YS113,null,1300,n
1.0.0,"Таблица по подбору сечений теплых ангаров пролетами 9м, 12м, 15м, 18м, 21м, 24м версия 1,5.xlsx",0271b96c6fe725d3e50ad7891401958322a5ae97866bb0bf8cb190bc4bbeff3f,Расчеты,used sparse cells,2026-09-16,mixed,ZM113,null,1400,n
1.0.0,"Таблица по подбору сечений теплых ангаров пролетами 9м, 12м, 15м, 18м, 21м, 24м версия 1,5.xlsx",0271b96c6fe725d3e50ad7891401958322a5ae97866bb0bf8cb190bc4bbeff3f,Расчеты,used sparse cells,2026-09-16,mixed,AAG113,null,1500,n
1.0.0,"Таблица по подбору сечений теплых ангаров пролетами 9м, 12м, 15м, 18м, 21м, 24м версия 1,5.xlsx",0271b96c6fe725d3e50ad7891401958322a5ae97866bb0bf8cb190bc4bbeff3f,Расчеты,used sparse cells,2026-09-16,mixed,ABA113,null,1600,n
1.0.0,"Таблица по подбору сечений теплых ангаров пролетами 9м, 12м, 15м, 18м, 21м, 24м версия 1,5.xlsx",0271b96c6fe725d3e50ad7891401958322a5ae97866bb0bf8cb190bc4bbeff3f,Расчеты,used sparse cells,2026-09-16,mixed,ABU113,null,1700,n
1.0.0,"Таблица по подбору сечений теплых ангаров пролетами 9м, 12м, 15м, 18м, 21м, 24м версия 1,5.xlsx",0271b96c6fe725d3e50ad7891401958322a5ae97866bb0bf8cb190bc4bbeff3f,Расчеты,used sparse cells,2026-09-16,mixed,ACO113,null,1800,n
1.0.0,"Таблица по подбору сечений теплых ангаров пролетами 9м, 12м, 15м, 18м, 21м, 24м версия 1,5.xlsx",0271b96c6fe725d3e50ad7891401958322a5ae97866bb0bf8cb190bc4bbeff3f,Расчеты,used sparse cells,2026-09-16,mixed,ADI113,null,1900,n
1.0.0,"Таблица по подбору сечений теплых ангаров пролетами 9м, 12м, 15м, 18м, 21м, 24м версия 1,5.xlsx",0271b96c6fe725d3e50ad7891401958322a5ae97866bb0bf8cb190bc4bbeff3f,Расчеты,used sparse cells,2026-09-16,mixed,AEC113,null,2000,n
1.0.0,"Таблица по подбору сечений теплых ангаров пролетами 9м, 12м, 15м, 18м, 21м, 24м версия 1,5.xlsx",0271b96c6fe725d3e50ad7891401958322a5ae97866bb0bf8cb190bc4bbeff3f,Расчеты,used sparse cells,2026-09-16,mixed,AEW113,null,2100,n
1.0.0,"Таблица по подбору сечений теплых ангаров пролетами 9м, 12м, 15м, 18м, 21м, 24м версия 1,5.xlsx",0271b96c6fe725d3e50ad7891401958322a5ae97866bb0bf8cb190bc4bbeff3f,Расчеты,used sparse cells,2026-09-16,mixed,AFQ113,null,2200,n
1.0.0,"Таблица по подбору сечений теплых ангаров пролетами 9м, 12м, 15м, 18м, 21м, 24м версия 1,5.xlsx",0271b96c6fe725d3e50ad7891401958322a5ae97866bb0bf8cb190bc4bbeff3f,Расчеты,used sparse cells,2026-09-16,mixed,AGK113,null,2300,n
1.0.0,"Таблица по подбору сечений теплых ангаров пролетами 9м, 12м, 15м, 18м, 21м, 24м версия 1,5.xlsx",0271b96c6fe725d3e50ad7891401958322a5ae97866bb0bf8cb190bc4bbeff3f,Расчеты,used sparse cells,2026-09-16,mixed,AHE113,null,2400,n
1.0.0,"Таблица по подбору сечений теплых ангаров пролетами 9м, 12м, 15м, 18м, 21м, 24м версия 1,5.xlsx",0271b96c6fe725d3e50ad7891401958322a5ae97866bb0bf8cb190bc4bbeff3f,Расчеты,used sparse cells,2026-09-16,mixed,AHY113,null,2500,n
1.0.0,"Таблица по подбору сечений теплых ангаров пролетами 9м, 12м, 15м, 18м, 21м, 24м версия 1,5.xlsx",0271b96c6fe725d3e50ad7891401958322a5ae97866bb0bf8cb190bc4bbeff3f,Расчеты,used sparse cells,2026-09-16,mixed,AIS113,null,2600,n
1.0.0,"Таблица по подбору сечений теплых ангаров пролетами 9м, 12м, 15м, 18м, 21м, 24м версия 1,5.xlsx",0271b96c6fe725d3e50ad7891401958322a5ae97866bb0bf8cb190bc4bbeff3f,Расчеты,used sparse cells,2026-09-16,mixed,AJM113,null,2700,n
1.0.0,"Таблица по подбору сечений теплых ангаров пролетами 9м, 12м, 15м, 18м, 21м, 24м версия 1,5.xlsx",0271b96c6fe725d3e50ad7891401958322a5ae97866bb0bf8cb190bc4bbeff3f,Расчеты,used sparse cells,2026-09-16,mixed,AKG113,null,2800,n
1.0.0,"Таблица по подбору сечений теплых ангаров пролетами 9м, 12м, 15м, 18м, 21м, 24м версия 1,5.xlsx",0271b96c6fe725d3e50ad7891401958322a5ae97866bb0bf8cb190bc4bbeff3f,Расчеты,used sparse cells,2026-09-16,mixed,ALA113,null,2900,n
1.0.0,"Таблица по подбору сечений теплых ангаров пролетами 9м, 12м, 15м, 18м, 21м, 24м версия 1,5.xlsx",0271b96c6fe725d3e50ad7891401958322a5ae97866bb0bf8cb190bc4bbeff3f,Расчеты,used sparse cells,2026-09-16,mixed,ALU113,null,3000,n
1.0.0,"Таблица по подбору сечений теплых ангаров пролетами 9м, 12м, 15м, 18м, 21м, 24м версия 1,5.xlsx",0271b96c6fe725d3e50ad7891401958322a5ae97866bb0bf8cb190bc4bbeff3f,Расчеты,used sparse cells,2026-09-16,mixed,ALX113,null,600,n
1.0.0,"Таблица по подбору сечений теплых ангаров пролетами 9м, 12м, 15м, 18м, 21м, 24м версия 1,5.xlsx",0271b96c6fe725d3e50ad7891401958322a5ae97866bb0bf8cb190bc4bbeff3f,Расчеты,used sparse cells,2026-09-16,mixed,ALY113,null,700,n
1.0.0,"Таблица по подбору сечений теплых ангаров пролетами 9м, 12м, 15м, 18м, 21м, 24м версия 1,5.xlsx",0271b96c6fe725d3e50ad7891401958322a5ae97866bb0bf8cb190bc4bbeff3f,Расчеты,used sparse cells,2026-09-16,mixed,ALZ113,null,800,n
1.0.0,"Таблица по подбору сечений теплых ангаров пролетами 9м, 12м, 15м, 18м, 21м, 24м версия 1,5.xlsx",0271b96c6fe725d3e50ad7891401958322a5ae97866bb0bf8cb190bc4bbeff3f,Расчеты,used sparse cells,2026-09-16,mixed,AMA113,null,900,n
1.0.0,"Таблица по подбору сечений теплых ангаров пролетами 9м, 12м, 15м, 18м, 21м, 24м версия 1,5.xlsx",0271b96c6fe725d3e50ad7891401958322a5ae97866bb0bf8cb190bc4bbeff3f,Расчеты,used sparse cells,2026-09-16,mixed,AMB113,null,1000,n
1.0.0,"Таблица по подбору сечений теплых ангаров пролетами 9м, 12м, 15м, 18м, 21м, 24м версия 1,5.xlsx",0271b96c6fe725d3e50ad7891401958322a5ae97866bb0bf8cb190bc4bbeff3f,Расчеты,used sparse cells,2026-09-16,mixed,AMC113,null,1100,n
1.0.0,"Таблица по подбору сечений теплых ангаров пролетами 9м, 12м, 15м, 18м, 21м, 24м версия 1,5.xlsx",0271b96c6fe725d3e50ad7891401958322a5ae97866bb0bf8cb190bc4bbeff3f,Расчеты,used sparse cells,2026-09-16,mixed,AMD113,null,1200,n
1.0.0,"Таблица по подбору сечений теплых ангаров пролетами 9м, 12м, 15м, 18м, 21м, 24м версия 1,5.xlsx",0271b96c6fe725d3e50ad7891401958322a5ae97866bb0bf8cb190bc4bbeff3f,Расчеты,used sparse cells,2026-09-16,mixed,AME113,null,1300,n
1.0.0,"Таблица по подбору сечений теплых ангаров пролетами 9м, 12м, 15м, 18м, 21м, 24м версия 1,5.xlsx",0271b96c6fe725d3e50ad7891401958322a5ae97866bb0bf8cb190bc4bbeff3f,Расчеты,used sparse cells,2026-09-16,mixed,AMF113,null,1400,n
1.0.0,"Таблица по подбору сечений теплых ангаров пролетами 9м, 12м, 15м, 18м, 21м, 24м версия 1,5.xlsx",0271b96c6fe725d3e50ad7891401958322a5ae97866bb0bf8cb190bc4bbeff3f,Расчеты,used sparse cells,2026-09-16,mixed,AMG113,null,1500,n
1.0.0,"Таблица по подбору сечений теплых ангаров пролетами 9м, 12м, 15м, 18м, 21м, 24м версия 1,5.xlsx",0271b96c6fe725d3e50ad7891401958322a5ae97866bb0bf8cb190bc4bbeff3f,Расчеты,used sparse cells,2026-09-16,mixed,AMH113,null,1600,n
1.0.0,"Таблица по подбору сечений теплых ангаров пролетами 9м, 12м, 15м, 18м, 21м, 24м версия 1,5.xlsx",0271b96c6fe725d3e50ad7891401958322a5ae97866bb0bf8cb190bc4bbeff3f,Расчеты,used sparse cells,2026-09-16,mixed,AMI113,null,1700,n
1.0.0,"Таблица по подбору сечений теплых ангаров пролетами 9м, 12м, 15м, 18м, 21м, 24м версия 1,5.xlsx",0271b96c6fe725d3e50ad7891401958322a5ae97866bb0bf8cb190bc4bbeff3f,Расчеты,used sparse cells,2026-09-16,mixed,AMJ113,null,1800,n
1.0.0,"Таблица по подбору сечений теплых ангаров пролетами 9м, 12м, 15м, 18м, 21м, 24м версия 1,5.xlsx",0271b96c6fe725d3e50ad7891401958322a5ae97866bb0bf8cb190bc4bbeff3f,Расчеты,used sparse cells,2026-09-16,mixed,AMK113,null,1900,n
1.0.0,"Таблица по подбору сечений теплых ангаров пролетами 9м, 12м, 15м, 18м, 21м, 24м версия 1,5.xlsx",0271b96c6fe725d3e50ad7891401958322a5ae97866bb0bf8cb190bc4bbeff3f,Расчеты,used sparse cells,2026-09-16,mixed,AML113,null,2000,n
1.0.0,"Таблица по подбору сечений теплых ангаров пролетами 9м, 12м, 15м, 18м, 21м, 24м версия 1,5.xlsx",0271b96c6fe725d3e50ad7891401958322a5ae97866bb0bf8cb190bc4bbeff3f,Расчеты,used sparse cells,2026-09-16,mixed,AMM113,null,2100,n
1.0.0,"Таблица по подбору сечений теплых ангаров пролетами 9м, 12м, 15м, 18м, 21м, 24м версия 1,5.xlsx",0271b96c6fe725d3e50ad7891401958322a5ae97866bb0bf8cb190bc4bbeff3f,Расчеты,used sparse cells,2026-09-16,mixed,AMN113,null,2200,n
1.0.0,"Таблица по подбору сечений теплых ангаров пролетами 9м, 12м, 15м, 18м, 21м, 24м версия 1,5.xlsx",0271b96c6fe725d3e50ad7891401958322a5ae97866bb0bf8cb190bc4bbeff3f,Расчеты,used sparse cells,2026-09-16,mixed,AMO113,null,2300,n
1.0.0,"Таблица по подбору сечений теплых ангаров пролетами 9м, 12м, 15м, 18м, 21м, 24м версия 1,5.xlsx",0271b96c6fe725d3e50ad7891401958322a5ae97866bb0bf8cb190bc4bbeff3f,Расчеты,used sparse cells,2026-09-16,mixed,AMP113,null,2400,n
1.0.0,"Таблица по подбору сечений теплых ангаров пролетами 9м, 12м, 15м, 18м, 21м, 24м версия 1,5.xlsx",0271b96c6fe725d3e50ad7891401958322a5ae97866bb0bf8cb190bc4bbeff3f,Расчеты,used sparse cells,2026-09-16,mixed,AMQ113,null,2500,n
1.0.0,"Таблица по подбору сечений теплых ангаров пролетами 9м, 12м, 15м, 18м, 21м, 24м версия 1,5.xlsx",0271b96c6fe725d3e50ad7891401958322a5ae97866bb0bf8cb190bc4bbeff3f,Расчеты,used sparse cells,2026-09-16,mixed,AMR113,null,2600,n
1.0.0,"Таблица по подбору сечений теплых ангаров пролетами 9м, 12м, 15м, 18м, 21м, 24м версия 1,5.xlsx",0271b96c6fe725d3e50ad7891401958322a5ae97866bb0bf8cb190bc4bbeff3f,Расчеты,used sparse cells,2026-09-16,mixed,AMS113,null,2700,n
1.0.0,"Таблица по подбору сечений теплых ангаров пролетами 9м, 12м, 15м, 18м, 21м, 24м версия 1,5.xlsx",0271b96c6fe725d3e50ad7891401958322a5ae97866bb0bf8cb190bc4bbeff3f,Расчеты,used sparse cells,2026-09-16,mixed,AMT113,null,2800,n
1.0.0,"Таблица по подбору сечений теплых ангаров пролетами 9м, 12м, 15м, 18м, 21м, 24м версия 1,5.xlsx",0271b96c6fe725d3e50ad7891401958322a5ae97866bb0bf8cb190bc4bbeff3f,Расчеты,used sparse cells,2026-09-16,mixed,AMU113,null,2900,n
1.0.0,"Таблица по подбору сечений теплых ангаров пролетами 9м, 12м, 15м, 18м, 21м, 24м версия 1,5.xlsx",0271b96c6fe725d3e50ad7891401958322a5ae97866bb0bf8cb190bc4bbeff3f,Расчеты,used sparse cells,2026-09-16,mixed,AMV113,null,3000,n
1.0.0,"Таблица по подбору сечений теплых ангаров пролетами 9м, 12м, 15м, 18м, 21м, 24м версия 1,5.xlsx",0271b96c6fe725d3e50ad7891401958322a5ae97866bb0bf8cb190bc4bbeff3f,Расчеты,used sparse cells,2026-09-16,mixed,BFE113,null,500,n
1.0.0,"Таблица по подбору сечений теплых ангаров пролетами 9м, 12м, 15м, 18м, 21м, 24м версия 1,5.xlsx",0271b96c6fe725d3e50ad7891401958322a5ae97866bb0bf8cb190bc4bbeff3f,Расчеты,used sparse cells,2026-09-16,mixed,BFF113,null,600,n
1.0.0,"Таблица по подбору сечений теплых ангаров пролетами 9м, 12м, 15м, 18м, 21м, 24м версия 1,5.xlsx",0271b96c6fe725d3e50ad7891401958322a5ae97866bb0bf8cb190bc4bbeff3f,Расчеты,used sparse cells,2026-09-16,mixed,BFG113,null,700,n
1.0.0,"Таблица по подбору сечений теплых ангаров пролетами 9м, 12м, 15м, 18м, 21м, 24м версия 1,5.xlsx",0271b96c6fe725d3e50ad7891401958322a5ae97866bb0bf8cb190bc4bbeff3f,Расчеты,used sparse cells,2026-09-16,mixed,BFH113,null,800,n
1.0.0,"Таблица по подбору сечений теплых ангаров пролетами 9м, 12м, 15м, 18м, 21м, 24м версия 1,5.xlsx",0271b96c6fe725d3e50ad7891401958322a5ae97866bb0bf8cb190bc4bbeff3f,Расчеты,used sparse cells,2026-09-16,mixed,BFI113,null,900,n
1.0.0,"Таблица по подбору сечений теплых ангаров пролетами 9м, 12м, 15м, 18м, 21м, 24м версия 1,5.xlsx",0271b96c6fe725d3e50ad7891401958322a5ae97866bb0bf8cb190bc4bbeff3f,Расчеты,used sparse cells,2026-09-16,mixed,BFJ113,null,1000,n
1.0.0,"Таблица по подбору сечений теплых ангаров пролетами 9м, 12м, 15м, 18м, 21м, 24м версия 1,5.xlsx",0271b96c6fe725d3e50ad7891401958322a5ae97866bb0bf8cb190bc4bbeff3f,Расчеты,used sparse cells,2026-09-16,mixed,BFK113,null,1100,n
1.0.0,"Таблица по подбору сечений теплых ангаров пролетами 9м, 12м, 15м, 18м, 21м, 24м версия 1,5.xlsx",0271b96c6fe725d3e50ad7891401958322a5ae97866bb0bf8cb190bc4bbeff3f,Расчеты,used sparse cells,2026-09-16,mixed,BFL113,null,1200,n
1.0.0,"Таблица по подбору сечений теплых ангаров пролетами 9м, 12м, 15м, 18м, 21м, 24м версия 1,5.xlsx",0271b96c6fe725d3e50ad7891401958322a5ae97866bb0bf8cb190bc4bbeff3f,Расчеты,used sparse cells,2026-09-16,mixed,BFM113,null,1300,n
1.0.0,"Таблица по подбору сечений теплых ангаров пролетами 9м, 12м, 15м, 18м, 21м, 24м версия 1,5.xlsx",0271b96c6fe725d3e50ad7891401958322a5ae97866bb0bf8cb190bc4bbeff3f,Расчеты,used sparse cells,2026-09-16,mixed,BFN113,null,1400,n
1.0.0,"Таблица по подбору сечений теплых ангаров пролетами 9м, 12м, 15м, 18м, 21м, 24м версия 1,5.xlsx",0271b96c6fe725d3e50ad7891401958322a5ae97866bb0bf8cb190bc4bbeff3f,Расчеты,used sparse cells,2026-09-16,mixed,BFO113,null,1500,n
1.0.0,"Таблица по подбору сечений теплых ангаров пролетами 9м, 12м, 15м, 18м, 21м, 24м версия 1,5.xlsx",0271b96c6fe725d3e50ad7891401958322a5ae97866bb0bf8cb190bc4bbeff3f,Расчеты,used sparse cells,2026-09-16,mixed,BFP113,null,1600,n
1.0.0,"Таблица по подбору сечений теплых ангаров пролетами 9м, 12м, 15м, 18м, 21м, 24м версия 1,5.xlsx",0271b96c6fe725d3e50ad7891401958322a5ae97866bb0bf8cb190bc4bbeff3f,Расчеты,used sparse cells,2026-09-16,mixed,BFQ113,null,1700,n
1.0.0,"Таблица по подбору сечений теплых ангаров пролетами 9м, 12м, 15м, 18м, 21м, 24м версия 1,5.xlsx",0271b96c6fe725d3e50ad7891401958322a5ae97866bb0bf8cb190bc4bbeff3f,Расчеты,used sparse cells,2026-09-16,mixed,BFR113,null,1800,n
1.0.0,"Таблица по подбору сечений теплых ангаров пролетами 9м, 12м, 15м, 18м, 21м, 24м версия 1,5.xlsx",0271b96c6fe725d3e50ad7891401958322a5ae97866bb0bf8cb190bc4bbeff3f,Расчеты,used sparse cells,2026-09-16,mixed,BFS113,null,1900,n
1.0.0,"Таблица по подбору сечений теплых ангаров пролетами 9м, 12м, 15м, 18м, 21м, 24м версия 1,5.xlsx",0271b96c6fe725d3e50ad7891401958322a5ae97866bb0bf8cb190bc4bbeff3f,Расчеты,used sparse cells,2026-09-16,mixed,BFT113,null,2000,n
1.0.0,"Таблица по подбору сечений теплых ангаров пролетами 9м, 12м, 15м, 18м, 21м, 24м версия 1,5.xlsx",0271b96c6fe725d3e50ad7891401958322a5ae97866bb0bf8cb190bc4bbeff3f,Расчеты,used sparse cells,2026-09-16,mixed,BFU113,null,2100,n
1.0.0,"Таблица по подбору сечений теплых ангаров пролетами 9м, 12м, 15м, 18м, 21м, 24м версия 1,5.xlsx",0271b96c6fe725d3e50ad7891401958322a5ae97866bb0bf8cb190bc4bbeff3f,Расчеты,used sparse cells,2026-09-16,mixed,BFV113,null,2200,n
1.0.0,"Таблица по подбору сечений теплых ангаров пролетами 9м, 12м, 15м, 18м, 21м, 24м версия 1,5.xlsx",0271b96c6fe725d3e50ad7891401958322a5ae97866bb0bf8cb190bc4bbeff3f,Расчеты,used sparse cells,2026-09-16,mixed,BFW113,null,2300,n
1.0.0,"Таблица по подбору сечений теплых ангаров пролетами 9м, 12м, 15м, 18м, 21м, 24м версия 1,5.xlsx",0271b96c6fe725d3e50ad7891401958322a5ae97866bb0bf8cb190bc4bbeff3f,Расчеты,used sparse cells,2026-09-16,mixed,BFX113,null,2400,n
1.0.0,"Таблица по подбору сечений теплых ангаров пролетами 9м, 12м, 15м, 18м, 21м, 24м версия 1,5.xlsx",0271b96c6fe725d3e50ad7891401958322a5ae97866bb0bf8cb190bc4bbeff3f,Расчеты,used sparse cells,2026-09-16,mixed,BFY113,null,2500,n
1.0.0,"Таблица по подбору сечений теплых ангаров пролетами 9м, 12м, 15м, 18м, 21м, 24м версия 1,5.xlsx",0271b96c6fe725d3e50ad7891401958322a5ae97866bb0bf8cb190bc4bbeff3f,Расчеты,used sparse cells,2026-09-16,mixed,BFZ113,null,2600,n
1.0.0,"Таблица по подбору сечений теплых ангаров пролетами 9м, 12м, 15м, 18м, 21м, 24м версия 1,5.xlsx",0271b96c6fe725d3e50ad7891401958322a5ae97866bb0bf8cb190bc4bbeff3f,Расчеты,used sparse cells,2026-09-16,mixed,BGA113,null,2700,n
1.0.0,"Таблица по подбору сечений теплых ангаров пролетами 9м, 12м, 15м, 18м, 21м, 24м версия 1,5.xlsx",0271b96c6fe725d3e50ad7891401958322a5ae97866bb0bf8cb190bc4bbeff3f,Расчеты,used sparse cells,2026-09-16,mixed,BGB113,null,2800,n
1.0.0,"Таблица по подбору сечений теплых ангаров пролетами 9м, 12м, 15м, 18м, 21м, 24м версия 1,5.xlsx",0271b96c6fe725d3e50ad7891401958322a5ae97866bb0bf8cb190bc4bbeff3f,Расчеты,used sparse cells,2026-09-16,mixed,BGC113,null,2900,n
1.0.0,"Таблица по подбору сечений теплых ангаров пролетами 9м, 12м, 15м, 18м, 21м, 24м версия 1,5.xlsx",0271b96c6fe725d3e50ad7891401958322a5ae97866bb0bf8cb190bc4bbeff3f,Расчеты,used sparse cells,2026-09-16,mixed,BGD113,null,3000,n
1.0.0,"Таблица по подбору сечений теплых ангаров пролетами 9м, 12м, 15м, 18м, 21м, 24м версия 1,5.xlsx",0271b96c6fe725d3e50ad7891401958322a5ae97866bb0bf8cb190bc4bbeff3f,Расчеты,used sparse cells,2026-09-16,mixed,SK114,null,"""Толщина""",s
1.0.0,"Таблица по подбору сечений теплых ангаров пролетами 9м, 12м, 15м, 18м, 21м, 24м версия 1,5.xlsx",0271b96c6fe725d3e50ad7891401958322a5ae97866bb0bf8cb190bc4bbeff3f,Расчеты,used sparse cells,2026-09-16,mixed,SL114,null,"""Пред М""",s
1.0.0,"Таблица по подбору сечений теплых ангаров пролетами 9м, 12м, 15м, 18м, 21м, 24м версия 1,5.xlsx",0271b96c6fe725d3e50ad7891401958322a5ae97866bb0bf8cb190bc4bbeff3f,Расчеты,used sparse cells,2026-09-16,mixed,SM114,null,"""Масса 1м профиля, кг""",s
1.0.0,"Таблица по подбору сечений теплых ангаров пролетами 9м, 12м, 15м, 18м, 21м, 24м версия 1,5.xlsx",0271b96c6fe725d3e50ad7891401958322a5ae97866bb0bf8cb190bc4bbeff3f,Расчеты,used sparse cells,2026-09-16,mixed,SN114,null,"""q""",s
1.0.0,"Таблица по подбору сечений теплых ангаров пролетами 9м, 12м, 15м, 18м, 21м, 24м версия 1,5.xlsx",0271b96c6fe725d3e50ad7891401958322a5ae97866bb0bf8cb190bc4bbeff3f,Расчеты,used sparse cells,2026-09-16,mixed,B115,null,"""γс = """,s
1.0.0,"Таблица по подбору сечений теплых ангаров пролетами 9м, 12м, 15м, 18м, 21м, 24м версия 1,5.xlsx",0271b96c6fe725d3e50ad7891401958322a5ae97866bb0bf8cb190bc4bbeff3f,Расчеты,used sparse cells,2026-09-16,mixed,C115,null,1.4,n
1.0.0,"Таблица по подбору сечений теплых ангаров пролетами 9м, 12м, 15м, 18м, 21м, 24м версия 1,5.xlsx",0271b96c6fe725d3e50ad7891401958322a5ae97866bb0bf8cb190bc4bbeff3f,Расчеты,used sparse cells,2026-09-16,mixed,SK115,null,"""2ТПС 145х45х1,5""",s
1.0.0,"Таблица по подбору сечений теплых ангаров пролетами 9м, 12м, 15м, 18м, 21м, 24м версия 1,5.xlsx",0271b96c6fe725d3e50ad7891401958322a5ae97866bb0bf8cb190bc4bbeff3f,Расчеты,used sparse cells,2026-09-16,mixed,SM115,null,5.6,n
1.0.0,"Таблица по подбору сечений теплых ангаров пролетами 9м, 12м, 15м, 18м, 21м, 24м версия 1,5.xlsx",0271b96c6fe725d3e50ad7891401958322a5ae97866bb0bf8cb190bc4bbeff3f,Расчеты,used sparse cells,2026-09-16,mixed,B116,null,"""μ =""",s
1.0.0,"Таблица по подбору сечений теплых ангаров пролетами 9м, 12м, 15м, 18м, 21м, 24м версия 1,5.xlsx",0271b96c6fe725d3e50ad7891401958322a5ae97866bb0bf8cb190bc4bbeff3f,Расчеты,used sparse cells,2026-09-16,mixed,C116,null,1.1,n
1.0.0,"Таблица по подбору сечений теплых ангаров пролетами 9м, 12м, 15м, 18м, 21м, 24м версия 1,5.xlsx",0271b96c6fe725d3e50ad7891401958322a5ae97866bb0bf8cb190bc4bbeff3f,Расчеты,used sparse cells,2026-09-16,mixed,SK116,null,"""2ТПС 150х45х1,5""",s
1.0.0,"Таблица по подбору сечений теплых ангаров пролетами 9м, 12м, 15м, 18м, 21м, 24м версия 1,5.xlsx",0271b96c6fe725d3e50ad7891401958322a5ae97866bb0bf8cb190bc4bbeff3f,Расчеты,used sparse cells,2026-09-16,mixed,SM116,null,5.72,n
1.0.0,"Таблица по подбору сечений теплых ангаров пролетами 9м, 12м, 15м, 18м, 21м, 24м версия 1,5.xlsx",0271b96c6fe725d3e50ad7891401958322a5ae97866bb0bf8cb190bc4bbeff3f,Расчеты,used sparse cells,2026-09-16,mixed,A117,null,"""к-т неразрезности""",s
1.0.0,"Таблица по подбору сечений теплых ангаров пролетами 9м, 12м, 15м, 18м, 21м, 24м версия 1,5.xlsx",0271b96c6fe725d3e50ad7891401958322a5ae97866bb0bf8cb190bc4bbeff3f,Расчеты,used sparse cells,2026-09-16,mixed,C117,null,1.13,n
1.0.0,"Таблица по подбору сечений теплых ангаров пролетами 9м, 12м, 15м, 18м, 21м, 24м версия 1,5.xlsx",0271b96c6fe725d3e50ad7891401958322a5ae97866bb0bf8cb190bc4bbeff3f,Расчеты,used sparse cells,2026-09-16,mixed,SK117,null,"""2ТПС 150х45х2""",s
1.0.0,"Таблица по подбору сечений теплых ангаров пролетами 9м, 12м, 15м, 18м, 21м, 24м версия 1,5.xlsx",0271b96c6fe725d3e50ad7891401958322a5ae97866bb0bf8cb190bc4bbeff3f,Расчеты,used sparse cells,2026-09-16,mixed,SM117,null,7.3,n
1.0.0,"Таблица по подбору сечений теплых ангаров пролетами 9м, 12м, 15м, 18м, 21м, 24м версия 1,5.xlsx",0271b96c6fe725d3e50ad7891401958322a5ae97866bb0bf8cb190bc4bbeff3f,Расчеты,used sparse cells,2026-09-16,mixed,A118,null,"""расчетная снеговая нагрузка""",s
1.0.0,"Таблица по подбору сечений теплых ангаров пролетами 9м, 12м, 15м, 18м, 21м, 24м версия 1,5.xlsx",0271b96c6fe725d3e50ad7891401958322a5ae97866bb0bf8cb190bc4bbeff3f,Расчеты,used sparse cells,2026-09-16,mixed,D118,null,"""кН/м2""",s
1.0.0,"Таблица по подбору сечений теплых ангаров пролетами 9м, 12м, 15м, 18м, 21м, 24м версия 1,5.xlsx",0271b96c6fe725d3e50ad7891401958322a5ae97866bb0bf8cb190bc4bbeff3f,Расчеты,used sparse cells,2026-09-16,mixed,SK118,null,"""2ТПС 150х65х1,5""",s
1.0.0,"Таблица по подбору сечений теплых ангаров пролетами 9м, 12м, 15м, 18м, 21м, 24м версия 1,5.xlsx",0271b96c6fe725d3e50ad7891401958322a5ae97866bb0bf8cb190bc4bbeff3f,Расчеты,used sparse cells,2026-09-16,mixed,SM118,null,8.72,n
1.0.0,"Таблица по подбору сечений теплых ангаров пролетами 9м, 12м, 15м, 18м, 21м, 24м версия 1,5.xlsx",0271b96c6fe725d3e50ad7891401958322a5ae97866bb0bf8cb190bc4bbeff3f,Расчеты,used sparse cells,2026-09-16,mixed,SK119,null,"""2ТПС 195х45х1,5""",s
1.0.0,"Таблица по подбору сечений теплых ангаров пролетами 9м, 12м, 15м, 18м, 21м, 24м версия 1,5.xlsx",0271b96c6fe725d3e50ad7891401958322a5ae97866bb0bf8cb190bc4bbeff3f,Расчеты,used sparse cells,2026-09-16,mixed,SM119,null,6.8,n
1.0.0,"Таблица по подбору сечений теплых ангаров пролетами 9м, 12м, 15м, 18м, 21м, 24м версия 1,5.xlsx",0271b96c6fe725d3e50ad7891401958322a5ae97866bb0bf8cb190bc4bbeff3f,Расчеты,used sparse cells,2026-09-16,mixed,SK120,null,"""2ТПС 200х45х1,5""",s
1.0.0,"Таблица по подбору сечений теплых ангаров пролетами 9м, 12м, 15м, 18м, 21м, 24м версия 1,5.xlsx",0271b96c6fe725d3e50ad7891401958322a5ae97866bb0bf8cb190bc4bbeff3f,Расчеты,used sparse cells,2026-09-16,mixed,SM120,null,6.91,n
1.0.0,"Таблица по подбору сечений теплых ангаров пролетами 9м, 12м, 15м, 18м, 21м, 24м версия 1,5.xlsx",0271b96c6fe725d3e50ad7891401958322a5ae97866bb0bf8cb190bc4bbeff3f,Расчеты,used sparse cells,2026-09-16,mixed,A121,null,"""Подходящие профили""",s
1.0.0,"Таблица по подбору сечений теплых ангаров пролетами 9м, 12м, 15м, 18м, 21м, 24м версия 1,5.xlsx",0271b96c6fe725d3e50ad7891401958322a5ae97866bb0bf8cb190bc4bbeff3f,Расчеты,used sparse cells,2026-09-16,mixed,SK121,null,"""2ТПС 200х45х2""",s
1.0.0,"Таблица по подбору сечений теплых ангаров пролетами 9м, 12м, 15м, 18м, 21м, 24м версия 1,5.xlsx",0271b96c6fe725d3e50ad7891401958322a5ae97866bb0bf8cb190bc4bbeff3f,Расчеты,used sparse cells,2026-09-16,mixed,SM121,null,9.06,n
1.0.0,"Таблица по подбору сечений теплых ангаров пролетами 9м, 12м, 15м, 18м, 21м, 24м версия 1,5.xlsx",0271b96c6fe725d3e50ad7891401958322a5ae97866bb0bf8cb190bc4bbeff3f,Расчеты,used sparse cells,2026-09-16,mixed,A122,null,"""№""",s
1.0.0,"Таблица по подбору сечений теплых ангаров пролетами 9м, 12м, 15м, 18м, 21м, 24м версия 1,5.xlsx",0271b96c6fe725d3e50ad7891401958322a5ae97866bb0bf8cb190bc4bbeff3f,Расчеты,used sparse cells,2026-09-16,mixed,B122,null,500,n
1.0.0,"Таблица по подбору сечений теплых ангаров пролетами 9м, 12м, 15м, 18м, 21м, 24м версия 1,5.xlsx",0271b96c6fe725d3e50ad7891401958322a5ae97866bb0bf8cb190bc4bbeff3f,Расчеты,used sparse cells,2026-09-16,mixed,C122,null,600,n
1.0.0,"Таблица по подбору сечений теплых ангаров пролетами 9м, 12м, 15м, 18м, 21м, 24м версия 1,5.xlsx",0271b96c6fe725d3e50ad7891401958322a5ae97866bb0bf8cb190bc4bbeff3f,Расчеты,used sparse cells,2026-09-16,mixed,D122,null,700,n
1.0.0,"Таблица по подбору сечений теплых ангаров пролетами 9м, 12м, 15м, 18м, 21м, 24м версия 1,5.xlsx",0271b96c6fe725d3e50ad7891401958322a5ae97866bb0bf8cb190bc4bbeff3f,Расчеты,used sparse cells,2026-09-16,mixed,E122,null,800,n
1.0.0,"Таблица по подбору сечений теплых ангаров пролетами 9м, 12м, 15м, 18м, 21м, 24м версия 1,5.xlsx",0271b96c6fe725d3e50ad7891401958322a5ae97866bb0bf8cb190bc4bbeff3f,Расчеты,used sparse cells,2026-09-16,mixed,F122,null,900,n
1.0.0,"Таблица по подбору сечений теплых ангаров пролетами 9м, 12м, 15м, 18м, 21м, 24м версия 1,5.xlsx",0271b96c6fe725d3e50ad7891401958322a5ae97866bb0bf8cb190bc4bbeff3f,Расчеты,used sparse cells,2026-09-16,mixed,G122,null,1000,n
1.0.0,"Таблица по подбору сечений теплых ангаров пролетами 9м, 12м, 15м, 18м, 21м, 24м версия 1,5.xlsx",0271b96c6fe725d3e50ad7891401958322a5ae97866bb0bf8cb190bc4bbeff3f,Расчеты,used sparse cells,2026-09-16,mixed,H122,null,1100,n
1.0.0,"Таблица по подбору сечений теплых ангаров пролетами 9м, 12м, 15м, 18м, 21м, 24м версия 1,5.xlsx",0271b96c6fe725d3e50ad7891401958322a5ae97866bb0bf8cb190bc4bbeff3f,Расчеты,used sparse cells,2026-09-16,mixed,I122,null,1200,n
1.0.0,"Таблица по подбору сечений теплых ангаров пролетами 9м, 12м, 15м, 18м, 21м, 24м версия 1,5.xlsx",0271b96c6fe725d3e50ad7891401958322a5ae97866bb0bf8cb190bc4bbeff3f,Расчеты,used sparse cells,2026-09-16,mixed,J122,null,1300,n
1.0.0,"Таблица по подбору сечений теплых ангаров пролетами 9м, 12м, 15м, 18м, 21м, 24м версия 1,5.xlsx",0271b96c6fe725d3e50ad7891401958322a5ae97866bb0bf8cb190bc4bbeff3f,Расчеты,used sparse cells,2026-09-16,mixed,K122,null,1400,n
1.0.0,"Таблица по подбору сечений теплых ангаров пролетами 9м, 12м, 15м, 18м, 21м, 24м версия 1,5.xlsx",0271b96c6fe725d3e50ad7891401958322a5ae97866bb0bf8cb190bc4bbeff3f,Расчеты,used sparse cells,2026-09-16,mixed,L122,null,1500,n
1.0.0,"Таблица по подбору сечений теплых ангаров пролетами 9м, 12м, 15м, 18м, 21м, 24м версия 1,5.xlsx",0271b96c6fe725d3e50ad7891401958322a5ae97866bb0bf8cb190bc4bbeff3f,Расчеты,used sparse cells,2026-09-16,mixed,M122,null,1600,n
1.0.0,"Таблица по подбору сечений теплых ангаров пролетами 9м, 12м, 15м, 18м, 21м, 24м версия 1,5.xlsx",0271b96c6fe725d3e50ad7891401958322a5ae97866bb0bf8cb190bc4bbeff3f,Расчеты,used sparse cells,2026-09-16,mixed,N122,null,1700,n
1.0.0,"Таблица по подбору сечений теплых ангаров пролетами 9м, 12м, 15м, 18м, 21м, 24м версия 1,5.xlsx",0271b96c6fe725d3e50ad7891401958322a5ae97866bb0bf8cb190bc4bbeff3f,Расчеты,used sparse cells,2026-09-16,mixed,O122,null,1800,n
1.0.0,"Таблица по подбору сечений теплых ангаров пролетами 9м, 12м, 15м, 18м, 21м, 24м версия 1,5.xlsx",0271b96c6fe725d3e50ad7891401958322a5ae97866bb0bf8cb190bc4bbeff3f,Расчеты,used sparse cells,2026-09-16,mixed,P122,null,1900,n
1.0.0,"Таблица по подбору сечений теплых ангаров пролетами 9м, 12м, 15м, 18м, 21м, 24м версия 1,5.xlsx",0271b96c6fe725d3e50ad7891401958322a5ae97866bb0bf8cb190bc4bbeff3f,Расчеты,used sparse cells,2026-09-16,mixed,Q122,null,2000,n
1.0.0,"Таблица по подбору сечений теплых ангаров пролетами 9м, 12м, 15м, 18м, 21м, 24м версия 1,5.xlsx",0271b96c6fe725d3e50ad7891401958322a5ae97866bb0bf8cb190bc4bbeff3f,Расчеты,used sparse cells,2026-09-16,mixed,R122,null,2100,n
1.0.0,"Таблица по подбору сечений теплых ангаров пролетами 9м, 12м, 15м, 18м, 21м, 24м версия 1,5.xlsx",0271b96c6fe725d3e50ad7891401958322a5ae97866bb0bf8cb190bc4bbeff3f,Расчеты,used sparse cells,2026-09-16,mixed,S122,null,2200,n
1.0.0,"Таблица по подбору сечений теплых ангаров пролетами 9м, 12м, 15м, 18м, 21м, 24м версия 1,5.xlsx",0271b96c6fe725d3e50ad7891401958322a5ae97866bb0bf8cb190bc4bbeff3f,Расчеты,used sparse cells,2026-09-16,mixed,T122,null,2300,n
1.0.0,"Таблица по подбору сечений теплых ангаров пролетами 9м, 12м, 15м, 18м, 21м, 24м версия 1,5.xlsx",0271b96c6fe725d3e50ad7891401958322a5ae97866bb0bf8cb190bc4bbeff3f,Расчеты,used sparse cells,2026-09-16,mixed,U122,null,2400,n
1.0.0,"Таблица по подбору сечений теплых ангаров пролетами 9м, 12м, 15м, 18м, 21м, 24м версия 1,5.xlsx",0271b96c6fe725d3e50ad7891401958322a5ae97866bb0bf8cb190bc4bbeff3f,Расчеты,used sparse cells,2026-09-16,mixed,V122,null,2500,n
1.0.0,"Таблица по подбору сечений теплых ангаров пролетами 9м, 12м, 15м, 18м, 21м, 24м версия 1,5.xlsx",0271b96c6fe725d3e50ad7891401958322a5ae97866bb0bf8cb190bc4bbeff3f,Расчеты,used sparse cells,2026-09-16,mixed,W122,null,2600,n
1.0.0,"Таблица по подбору сечений теплых ангаров пролетами 9м, 12м, 15м, 18м, 21м, 24м версия 1,5.xlsx",0271b96c6fe725d3e50ad7891401958322a5ae97866bb0bf8cb190bc4bbeff3f,Расчеты,used sparse cells,2026-09-16,mixed,X122,null,2700,n
1.0.0,"Таблица по подбору сечений теплых ангаров пролетами 9м, 12м, 15м, 18м, 21м, 24м версия 1,5.xlsx",0271b96c6fe725d3e50ad7891401958322a5ae97866bb0bf8cb190bc4bbeff3f,Расчеты,used sparse cells,2026-09-16,mixed,Y122,null,2800,n
1.0.0,"Таблица по подбору сечений теплых ангаров пролетами 9м, 12м, 15м, 18м, 21м, 24м версия 1,5.xlsx",0271b96c6fe725d3e50ad7891401958322a5ae97866bb0bf8cb190bc4bbeff3f,Расчеты,used sparse cells,2026-09-16,mixed,Z122,null,2900,n
1.0.0,"Таблица по подбору сечений теплых ангаров пролетами 9м, 12м, 15м, 18м, 21м, 24м версия 1,5.xlsx",0271b96c6fe725d3e50ad7891401958322a5ae97866bb0bf8cb190bc4bbeff3f,Расчеты,used sparse cells,2026-09-16,mixed,AA122,null,3000,n
1.0.0,"Таблица по подбору сечений теплых ангаров пролетами 9м, 12м, 15м, 18м, 21м, 24м версия 1,5.xlsx",0271b96c6fe725d3e50ad7891401958322a5ae97866bb0bf8cb190bc4bbeff3f,Расчеты,used sparse cells,2026-09-16,mixed,SK122,null,"""2ТПС 200х65х1,5""",s
1.0.0,"Таблица по подбору сечений теплых ангаров пролетами 9м, 12м, 15м, 18м, 21м, 24м версия 1,5.xlsx",0271b96c6fe725d3e50ad7891401958322a5ae97866bb0bf8cb190bc4bbeff3f,Расчеты,used sparse cells,2026-09-16,mixed,SM122,null,7.87,n
1.0.0,"Таблица по подбору сечений теплых ангаров пролетами 9м, 12м, 15м, 18м, 21м, 24м версия 1,5.xlsx",0271b96c6fe725d3e50ad7891401958322a5ae97866bb0bf8cb190bc4bbeff3f,Расчеты,used sparse cells,2026-09-16,mixed,A123,null,1,n
1.0.0,"Таблица по подбору сечений теплых ангаров пролетами 9м, 12м, 15м, 18м, 21м, 24м версия 1,5.xlsx",0271b96c6fe725d3e50ad7891401958322a5ae97866bb0bf8cb190bc4bbeff3f,Расчеты,used sparse cells,2026-09-16,mixed,SK123,null,"""2ТПС 200х65х2""",s
1.0.0,"Таблица по подбору сечений теплых ангаров пролетами 9м, 12м, 15м, 18м, 21м, 24м версия 1,5.xlsx",0271b96c6fe725d3e50ad7891401958322a5ae97866bb0bf8cb190bc4bbeff3f,Расчеты,used sparse cells,2026-09-16,mixed,SM123,null,10.33,n
1.0.0,"Таблица по подбору сечений теплых ангаров пролетами 9м, 12м, 15м, 18м, 21м, 24м версия 1,5.xlsx",0271b96c6fe725d3e50ad7891401958322a5ae97866bb0bf8cb190bc4bbeff3f,Расчеты,used sparse cells,2026-09-16,mixed,A124,null,"""2ТПС""",s
1.0.0,"Таблица по подбору сечений теплых ангаров пролетами 9м, 12м, 15м, 18м, 21м, 24м версия 1,5.xlsx",0271b96c6fe725d3e50ad7891401958322a5ae97866bb0bf8cb190bc4bbeff3f,Расчеты,used sparse cells,2026-09-16,mixed,SK124,null,"""2ТПС 245х65х1,5""",s
1.0.0,"Таблица по подбору сечений теплых ангаров пролетами 9м, 12м, 15м, 18м, 21м, 24м версия 1,5.xlsx",0271b96c6fe725d3e50ad7891401958322a5ae97866bb0bf8cb190bc4bbeff3f,Расчеты,used sparse cells,2026-09-16,mixed,SM124,null,8.95,n
1.0.0,"Таблица по подбору сечений теплых ангаров пролетами 9м, 12м, 15м, 18м, 21м, 24м версия 1,5.xlsx",0271b96c6fe725d3e50ad7891401958322a5ae97866bb0bf8cb190bc4bbeff3f,Расчеты,used sparse cells,2026-09-16,mixed,A125,null,"""2ПС""",s
1.0.0,"Таблица по подбору сечений теплых ангаров пролетами 9м, 12м, 15м, 18м, 21м, 24м версия 1,5.xlsx",0271b96c6fe725d3e50ad7891401958322a5ae97866bb0bf8cb190bc4bbeff3f,Расчеты,used sparse cells,2026-09-16,mixed,SK125,null,"""2ТПС 245х65х2""",s
1.0.0,"Таблица по подбору сечений теплых ангаров пролетами 9м, 12м, 15м, 18м, 21м, 24м версия 1,5.xlsx",0271b96c6fe725d3e50ad7891401958322a5ae97866bb0bf8cb190bc4bbeff3f,Расчеты,used sparse cells,2026-09-16,mixed,SM125,null,11.6,n
1.0.0,"Таблица по подбору сечений теплых ангаров пролетами 9м, 12м, 15м, 18м, 21м, 24м версия 1,5.xlsx",0271b96c6fe725d3e50ad7891401958322a5ae97866bb0bf8cb190bc4bbeff3f,Расчеты,used sparse cells,2026-09-16,mixed,A126,null,"""Z""",s
1.0.0,"Таблица по подбору сечений теплых ангаров пролетами 9м, 12м, 15м, 18м, 21м, 24м версия 1,5.xlsx",0271b96c6fe725d3e50ad7891401958322a5ae97866bb0bf8cb190bc4bbeff3f,Расчеты,used sparse cells,2026-09-16,mixed,SK126,null,"""2ПС 145х45х1,5""",s
1.0.0,"Таблица по подбору сечений теплых ангаров пролетами 9м, 12м, 15м, 18м, 21м, 24м версия 1,5.xlsx",0271b96c6fe725d3e50ad7891401958322a5ae97866bb0bf8cb190bc4bbeff3f,Расчеты,used sparse cells,2026-09-16,mixed,SM126,null,5.9,n
1.0.0,"Таблица по подбору сечений теплых ангаров пролетами 9м, 12м, 15м, 18м, 21м, 24м версия 1,5.xlsx",0271b96c6fe725d3e50ad7891401958322a5ae97866bb0bf8cb190bc4bbeff3f,Расчеты,used sparse cells,2026-09-16,mixed,SK127,null,"""2ПС 145х45х2""",s
1.0.0,"Таблица по подбору сечений теплых ангаров пролетами 9м, 12м, 15м, 18м, 21м, 24м версия 1,5.xlsx",0271b96c6fe725d3e50ad7891401958322a5ae97866bb0bf8cb190bc4bbeff3f,Расчеты,used sparse cells,2026-09-16,mixed,SM127,null,7.79,n
1.0.0,"Таблица по подбору сечений теплых ангаров пролетами 9м, 12м, 15м, 18м, 21м, 24м версия 1,5.xlsx",0271b96c6fe725d3e50ad7891401958322a5ae97866bb0bf8cb190bc4bbeff3f,Расчеты,used sparse cells,2026-09-16,mixed,A128,null,1,n
1.0.0,"Таблица по подбору сечений теплых ангаров пролетами 9м, 12м, 15м, 18м, 21м, 24м версия 1,5.xlsx",0271b96c6fe725d3e50ad7891401958322a5ae97866bb0bf8cb190bc4bbeff3f,Расчеты,used sparse cells,2026-09-16,mixed,SK128,null,"""2ПС 150х45х1,5""",s
1.0.0,"Таблица по подбору сечений теплых ангаров пролетами 9м, 12м, 15м, 18м, 21м, 24м версия 1,5.xlsx",0271b96c6fe725d3e50ad7891401958322a5ae97866bb0bf8cb190bc4bbeff3f,Расчеты,used sparse cells,2026-09-16,mixed,SM128,null,6.03,n
1.0.0,"Таблица по подбору сечений теплых ангаров пролетами 9м, 12м, 15м, 18м, 21м, 24м версия 1,5.xlsx",0271b96c6fe725d3e50ad7891401958322a5ae97866bb0bf8cb190bc4bbeff3f,Расчеты,used sparse cells,2026-09-16,mixed,A129,null,"""2ТПС""",s
1.0.0,"Таблица по подбору сечений теплых ангаров пролетами 9м, 12м, 15м, 18м, 21м, 24м версия 1,5.xlsx",0271b96c6fe725d3e50ad7891401958322a5ae97866bb0bf8cb190bc4bbeff3f,Расчеты,used sparse cells,2026-09-16,mixed,SK129,null,"""2ПС 150х45х2""",s
1.0.0,"Таблица по подбору сечений теплых ангаров пролетами 9м, 12м, 15м, 18м, 21м, 24м версия 1,5.xlsx",0271b96c6fe725d3e50ad7891401958322a5ae97866bb0bf8cb190bc4bbeff3f,Расчеты,used sparse cells,2026-09-16,mixed,SM129,null,7.95,n
1.0.0,"Таблица по подбору сечений теплых ангаров пролетами 9м, 12м, 15м, 18м, 21м, 24м версия 1,5.xlsx",0271b96c6fe725d3e50ad7891401958322a5ae97866bb0bf8cb190bc4bbeff3f,Расчеты,used sparse cells,2026-09-16,mixed,A130,null,"""2ПС""",s
1.0.0,"Таблица по подбору сечений теплых ангаров пролетами 9м, 12м, 15м, 18м, 21м, 24м версия 1,5.xlsx",0271b96c6fe725d3e50ad7891401958322a5ae97866bb0bf8cb190bc4bbeff3f,Расчеты,used sparse cells,2026-09-16,mixed,SK130,null,"""2ПС 150х65х1,5""",s
1.0.0,"Таблица по подбору сечений теплых ангаров пролетами 9м, 12м, 15м, 18м, 21м, 24м версия 1,5.xlsx",0271b96c6fe725d3e50ad7891401958322a5ae97866bb0bf8cb190bc4bbeff3f,Расчеты,used sparse cells,2026-09-16,mixed,SM130,null,6.97,n
1.0.0,"Таблица по подбору сечений теплых ангаров пролетами 9м, 12м, 15м, 18м, 21м, 24м версия 1,5.xlsx",0271b96c6fe725d3e50ad7891401958322a5ae97866bb0bf8cb190bc4bbeff3f,Расчеты,used sparse cells,2026-09-16,mixed,A131,null,"""Z""",s
1.0.0,"Таблица по подбору сечений теплых ангаров пролетами 9м, 12м, 15м, 18м, 21м, 24м версия 1,5.xlsx",0271b96c6fe725d3e50ad7891401958322a5ae97866bb0bf8cb190bc4bbeff3f,Расчеты,used sparse cells,2026-09-16,mixed,SK131,null,"""2ПС 150х65х2""",s
1.0.0,"Таблица по подбору сечений теплых ангаров пролетами 9м, 12м, 15м, 18м, 21м, 24м версия 1,5.xlsx",0271b96c6fe725d3e50ad7891401958322a5ae97866bb0bf8cb190bc4bbeff3f,Расчеты,used sparse cells,2026-09-16,mixed,SM131,null,9.2,n
1.0.0,"Таблица по подбору сечений теплых ангаров пролетами 9м, 12м, 15м, 18м, 21м, 24м версия 1,5.xlsx",0271b96c6fe725d3e50ad7891401958322a5ae97866bb0bf8cb190bc4bbeff3f,Расчеты,used sparse cells,2026-09-16,mixed,SK132,null,"""2ПС 195х45х1,5""",s
1.0.0,"Таблица по подбору сечений теплых ангаров пролетами 9м, 12м, 15м, 18м, 21м, 24м версия 1,5.xlsx",0271b96c6fe725d3e50ad7891401958322a5ae97866bb0bf8cb190bc4bbeff3f,Расчеты,used sparse cells,2026-09-16,mixed,SM132,null,7.08,n
1.0.0,"Таблица по подбору сечений теплых ангаров пролетами 9м, 12м, 15м, 18м, 21м, 24м версия 1,5.xlsx",0271b96c6fe725d3e50ad7891401958322a5ae97866bb0bf8cb190bc4bbeff3f,Расчеты,used sparse cells,2026-09-16,mixed,SK133,null,"""2ПС 195х45х2""",s
1.0.0,"Таблица по подбору сечений теплых ангаров пролетами 9м, 12м, 15м, 18м, 21м, 24м версия 1,5.xlsx",0271b96c6fe725d3e50ad7891401958322a5ae97866bb0bf8cb190bc4bbeff3f,Расчеты,used sparse cells,2026-09-16,mixed,SM133,null,9.36,n
1.0.0,"Таблица по подбору сечений теплых ангаров пролетами 9м, 12м, 15м, 18м, 21м, 24м версия 1,5.xlsx",0271b96c6fe725d3e50ad7891401958322a5ae97866bb0bf8cb190bc4bbeff3f,Расчеты,used sparse cells,2026-09-16,mixed,SK134,null,"""2ПС 200х45х1,5""",s
1.0.0,"Таблица по подбору сечений теплых ангаров пролетами 9м, 12м, 15м, 18м, 21м, 24м версия 1,5.xlsx",0271b96c6fe725d3e50ad7891401958322a5ae97866bb0bf8cb190bc4bbeff3f,Расчеты,used sparse cells,2026-09-16,mixed,SM134,null,7.2,n
1.0.0,"Таблица по подбору сечений теплых ангаров пролетами 9м, 12м, 15м, 18м, 21м, 24м версия 1,5.xlsx",0271b96c6fe725d3e50ad7891401958322a5ae97866bb0bf8cb190bc4bbeff3f,Расчеты,used sparse cells,2026-09-16,mixed,B135,null,"""Масса на м2""",s
1.0.0,"Таблица по подбору сечений теплых ангаров пролетами 9м, 12м, 15м, 18м, 21м, 24м версия 1,5.xlsx",0271b96c6fe725d3e50ad7891401958322a5ae97866bb0bf8cb190bc4bbeff3f,Расчеты,used sparse cells,2026-09-16,mixed,C135,null,"""Шаг""",s
1.0.0,"Таблица по подбору сечений теплых ангаров пролетами 9м, 12м, 15м, 18м, 21м, 24м версия 1,5.xlsx",0271b96c6fe725d3e50ad7891401958322a5ae97866bb0bf8cb190bc4bbeff3f,Расчеты,used sparse cells,2026-09-16,mixed,D135,null,"""Масса на м""",s
1.0.0,"Таблица по подбору сечений теплых ангаров пролетами 9м, 12м, 15м, 18м, 21м, 24м версия 1,5.xlsx",0271b96c6fe725d3e50ad7891401958322a5ae97866bb0bf8cb190bc4bbeff3f,Расчеты,used sparse cells,2026-09-16,mixed,E135,null,"""Профиль""",s
1.0.0,"Таблица по подбору сечений теплых ангаров пролетами 9м, 12м, 15м, 18м, 21м, 24м версия 1,5.xlsx",0271b96c6fe725d3e50ad7891401958322a5ae97866bb0bf8cb190bc4bbeff3f,Расчеты,used sparse cells,2026-09-16,mixed,SK135,null,"""2ПС 200х45х2""",s
1.0.0,"Таблица по подбору сечений теплых ангаров пролетами 9м, 12м, 15м, 18м, 21м, 24м версия 1,5.xlsx",0271b96c6fe725d3e50ad7891401958322a5ae97866bb0bf8cb190bc4bbeff3f,Расчеты,used sparse cells,2026-09-16,mixed,SM135,null,9.51,n
1.0.0,"Таблица по подбору сечений теплых ангаров пролетами 9м, 12м, 15м, 18м, 21м, 24м версия 1,5.xlsx",0271b96c6fe725d3e50ad7891401958322a5ae97866bb0bf8cb190bc4bbeff3f,Расчеты,used sparse cells,2026-09-16,mixed,A136,null,1,n
1.0.0,"Таблица по подбору сечений теплых ангаров пролетами 9м, 12м, 15м, 18м, 21м, 24м версия 1,5.xlsx",0271b96c6fe725d3e50ad7891401958322a5ae97866bb0bf8cb190bc4bbeff3f,Расчеты,used sparse cells,2026-09-16,mixed,SK136,null,"""2ПС 200х65х1,5""",s
1.0.0,"Таблица по подбору сечений теплых ангаров пролетами 9м, 12м, 15м, 18м, 21м, 24м версия 1,5.xlsx",0271b96c6fe725d3e50ad7891401958322a5ae97866bb0bf8cb190bc4bbeff3f,Расчеты,used sparse cells,2026-09-16,mixed,SM136,null,8.14,n
1.0.0,"Таблица по подбору сечений теплых ангаров пролетами 9м, 12м, 15м, 18м, 21м, 24м версия 1,5.xlsx",0271b96c6fe725d3e50ad7891401958322a5ae97866bb0bf8cb190bc4bbeff3f,Расчеты,used sparse cells,2026-09-16,mixed,A137,null,"""2ТПС""",s
1.0.0,"Таблица по подбору сечений теплых ангаров пролетами 9м, 12м, 15м, 18м, 21м, 24м версия 1,5.xlsx",0271b96c6fe725d3e50ad7891401958322a5ae97866bb0bf8cb190bc4bbeff3f,Расчеты,used sparse cells,2026-09-16,mixed,SK137,null,"""2ПС 200х65х2""",s
1.0.0,"Таблица по подбору сечений теплых ангаров пролетами 9м, 12м, 15м, 18м, 21м, 24м версия 1,5.xlsx",0271b96c6fe725d3e50ad7891401958322a5ae97866bb0bf8cb190bc4bbeff3f,Расчеты,used sparse cells,2026-09-16,mixed,SM137,null,10.77,n
1.0.0,"Таблица по подбору сечений теплых ангаров пролетами 9м, 12м, 15м, 18м, 21м, 24м версия 1,5.xlsx",0271b96c6fe725d3e50ad7891401958322a5ae97866bb0bf8cb190bc4bbeff3f,Расчеты,used sparse cells,2026-09-16,mixed,A138,null,"""2ПС""",s
1.0.0,"Таблица по подбору сечений теплых ангаров пролетами 9м, 12м, 15м, 18м, 21м, 24м версия 1,5.xlsx",0271b96c6fe725d3e50ad7891401958322a5ae97866bb0bf8cb190bc4bbeff3f,Расчеты,used sparse cells,2026-09-16,mixed,SK138,null,"""2ПС 245х65х1,5""",s
1.0.0,"Таблица по подбору сечений теплых ангаров пролетами 9м, 12м, 15м, 18м, 21м, 24м версия 1,5.xlsx",0271b96c6fe725d3e50ad7891401958322a5ae97866bb0bf8cb190bc4bbeff3f,Расчеты,used sparse cells,2026-09-16,mixed,SM138,null,9.19,n
1.0.0,"Таблица по подбору сечений теплых ангаров пролетами 9м, 12м, 15м, 18м, 21м, 24м версия 1,5.xlsx",0271b96c6fe725d3e50ad7891401958322a5ae97866bb0bf8cb190bc4bbeff3f,Расчеты,used sparse cells,2026-09-16,mixed,A139,null,"""Z""",s
1.0.0,"Таблица по подбору сечений теплых ангаров пролетами 9м, 12м, 15м, 18м, 21м, 24м версия 1,5.xlsx",0271b96c6fe725d3e50ad7891401958322a5ae97866bb0bf8cb190bc4bbeff3f,Расчеты,used sparse cells,2026-09-16,mixed,SK139,null,"""2ПС 245х65х2""",s
1.0.0,"Таблица по подбору сечений теплых ангаров пролетами 9м, 12м, 15м, 18м, 21м, 24м версия 1,5.xlsx",0271b96c6fe725d3e50ad7891401958322a5ae97866bb0bf8cb190bc4bbeff3f,Расчеты,used sparse cells,2026-09-16,mixed,SM139,null,12.18,n
1.0.0,"Таблица по подбору сечений теплых ангаров пролетами 9м, 12м, 15м, 18м, 21м, 24м версия 1,5.xlsx",0271b96c6fe725d3e50ad7891401958322a5ae97866bb0bf8cb190bc4bbeff3f,Расчеты,used sparse cells,2026-09-16,mixed,SK140,null,"""Z 140х1,5""",s
1.0.0,"Таблица по подбору сечений теплых ангаров пролетами 9м, 12м, 15м, 18м, 21м, 24м версия 1,5.xlsx",0271b96c6fe725d3e50ad7891401958322a5ae97866bb0bf8cb190bc4bbeff3f,Расчеты,used sparse cells,2026-09-16,mixed,SM140,null,3.44,n
1.0.0,"Таблица по подбору сечений теплых ангаров пролетами 9м, 12м, 15м, 18м, 21м, 24м версия 1,5.xlsx",0271b96c6fe725d3e50ad7891401958322a5ae97866bb0bf8cb190bc4bbeff3f,Расчеты,used sparse cells,2026-09-16,mixed,SK141,null,"""Z 140х2""",s
1.0.0,"Таблица по подбору сечений теплых ангаров пролетами 9м, 12м, 15м, 18м, 21м, 24м версия 1,5.xlsx",0271b96c6fe725d3e50ad7891401958322a5ae97866bb0bf8cb190bc4bbeff3f,Расчеты,used sparse cells,2026-09-16,mixed,SM141,null,4.56,n
1.0.0,"Таблица по подбору сечений теплых ангаров пролетами 9м, 12м, 15м, 18м, 21м, 24м версия 1,5.xlsx",0271b96c6fe725d3e50ad7891401958322a5ae97866bb0bf8cb190bc4bbeff3f,Расчеты,used sparse cells,2026-09-16,mixed,SK142,null,"""Z 140х2,5""",s
1.0.0,"Таблица по подбору сечений теплых ангаров пролетами 9м, 12м, 15м, 18м, 21м, 24м версия 1,5.xlsx",0271b96c6fe725d3e50ad7891401958322a5ae97866bb0bf8cb190bc4bbeff3f,Расчеты,used sparse cells,2026-09-16,mixed,SM142,null,5.66,n
1.0.0,"Таблица по подбору сечений теплых ангаров пролетами 9м, 12м, 15м, 18м, 21м, 24м версия 1,5.xlsx",0271b96c6fe725d3e50ad7891401958322a5ae97866bb0bf8cb190bc4bbeff3f,Расчеты,used sparse cells,2026-09-16,mixed,SK143,null,"""Z 160х1,5""",s
1.0.0,"Таблица по подбору сечений теплых ангаров пролетами 9м, 12м, 15м, 18м, 21м, 24м версия 1,5.xlsx",0271b96c6fe725d3e50ad7891401958322a5ae97866bb0bf8cb190bc4bbeff3f,Расчеты,used sparse cells,2026-09-16,mixed,SM143,null,3.67,n
1.0.0,"Таблица по подбору сечений теплых ангаров пролетами 9м, 12м, 15м, 18м, 21м, 24м версия 1,5.xlsx",0271b96c6fe725d3e50ad7891401958322a5ae97866bb0bf8cb190bc4bbeff3f,Расчеты,used sparse cells,2026-09-16,mixed,SK144,null,"""Z 160х2""",s
1.0.0,"Таблица по подбору сечений теплых ангаров пролетами 9м, 12м, 15м, 18м, 21м, 24м версия 1,5.xlsx",0271b96c6fe725d3e50ad7891401958322a5ae97866bb0bf8cb190bc4bbeff3f,Расчеты,used sparse cells,2026-09-16,mixed,SM144,null,4.87,n
1.0.0,"Таблица по подбору сечений теплых ангаров пролетами 9м, 12м, 15м, 18м, 21м, 24м версия 1,5.xlsx",0271b96c6fe725d3e50ad7891401958322a5ae97866bb0bf8cb190bc4bbeff3f,Расчеты,used sparse cells,2026-09-16,mixed,SK145,null,"""Z 160х2,5""",s
1.0.0,"Таблица по подбору сечений теплых ангаров пролетами 9м, 12м, 15м, 18м, 21м, 24м версия 1,5.xlsx",0271b96c6fe725d3e50ad7891401958322a5ae97866bb0bf8cb190bc4bbeff3f,Расчеты,used sparse cells,2026-09-16,mixed,SM145,null,6.05,n
1.0.0,"Таблица по подбору сечений теплых ангаров пролетами 9м, 12м, 15м, 18м, 21м, 24м версия 1,5.xlsx",0271b96c6fe725d3e50ad7891401958322a5ae97866bb0bf8cb190bc4bbeff3f,Расчеты,used sparse cells,2026-09-16,mixed,SK146,null,"""Z 180х1,5""",s
1.0.0,"Таблица по подбору сечений теплых ангаров пролетами 9м, 12м, 15м, 18м, 21м, 24м версия 1,5.xlsx",0271b96c6fe725d3e50ad7891401958322a5ae97866bb0bf8cb190bc4bbeff3f,Расчеты,used sparse cells,2026-09-16,mixed,SM146,null,3.91,n
1.0.0,"Таблица по подбору сечений теплых ангаров пролетами 9м, 12м, 15м, 18м, 21м, 24м версия 1,5.xlsx",0271b96c6fe725d3e50ad7891401958322a5ae97866bb0bf8cb190bc4bbeff3f,Расчеты,used sparse cells,2026-09-16,mixed,SK147,null,"""Z 180х2""",s
1.0.0,"Таблица по подбору сечений теплых ангаров пролетами 9м, 12м, 15м, 18м, 21м, 24м версия 1,5.xlsx",0271b96c6fe725d3e50ad7891401958322a5ae97866bb0bf8cb190bc4bbeff3f,Расчеты,used sparse cells,2026-09-16,mixed,SM147,null,5.19,n
1.0.0,"Таблица по подбору сечений теплых ангаров пролетами 9м, 12м, 15м, 18м, 21м, 24м версия 1,5.xlsx",0271b96c6fe725d3e50ad7891401958322a5ae97866bb0bf8cb190bc4bbeff3f,Расчеты,used sparse cells,2026-09-16,mixed,SK148,null,"""Z 180х2,5""",s
1.0.0,"Таблица по подбору сечений теплых ангаров пролетами 9м, 12м, 15м, 18м, 21м, 24м версия 1,5.xlsx",0271b96c6fe725d3e50ad7891401958322a5ae97866bb0bf8cb190bc4bbeff3f,Расчеты,used sparse cells,2026-09-16,mixed,SM148,null,6.5,n
1.0.0,"Таблица по подбору сечений теплых ангаров пролетами 9м, 12м, 15м, 18м, 21м, 24м версия 1,5.xlsx",0271b96c6fe725d3e50ad7891401958322a5ae97866bb0bf8cb190bc4bbeff3f,Расчеты,used sparse cells,2026-09-16,mixed,SK149,null,"""Z 200х1,5""",s
1.0.0,"Таблица по подбору сечений теплых ангаров пролетами 9м, 12м, 15м, 18м, 21м, 24м версия 1,5.xlsx",0271b96c6fe725d3e50ad7891401958322a5ae97866bb0bf8cb190bc4bbeff3f,Расчеты,used sparse cells,2026-09-16,mixed,SM149,null,4.15,n
1.0.0,"Таблица по подбору сечений теплых ангаров пролетами 9м, 12м, 15м, 18м, 21м, 24м версия 1,5.xlsx",0271b96c6fe725d3e50ad7891401958322a5ae97866bb0bf8cb190bc4bbeff3f,Расчеты,used sparse cells,2026-09-16,mixed,SK150,null,"""Z 200х2""",s
1.0.0,"Таблица по подбору сечений теплых ангаров пролетами 9м, 12м, 15м, 18м, 21м, 24м версия 1,5.xlsx",0271b96c6fe725d3e50ad7891401958322a5ae97866bb0bf8cb190bc4bbeff3f,Расчеты,used sparse cells,2026-09-16,mixed,SM150,null,5.5,n
1.0.0,"Таблица по подбору сечений теплых ангаров пролетами 9м, 12м, 15м, 18м, 21м, 24м версия 1,5.xlsx",0271b96c6fe725d3e50ad7891401958322a5ae97866bb0bf8cb190bc4bbeff3f,Расчеты,used sparse cells,2026-09-16,mixed,SK151,null,"""Z 200х2,5""",s
1.0.0,"Таблица по подбору сечений теплых ангаров пролетами 9м, 12м, 15м, 18м, 21м, 24м версия 1,5.xlsx",0271b96c6fe725d3e50ad7891401958322a5ae97866bb0bf8cb190bc4bbeff3f,Расчеты,used sparse cells,2026-09-16,mixed,SM151,null,6.84,n
1.0.0,"Таблица по подбору сечений теплых ангаров пролетами 9м, 12м, 15м, 18м, 21м, 24м версия 1,5.xlsx",0271b96c6fe725d3e50ad7891401958322a5ae97866bb0bf8cb190bc4bbeff3f,Расчеты,used sparse cells,2026-09-16,mixed,SK152,null,"""Z 220х1,5""",s
1.0.0,"Таблица по подбору сечений теплых ангаров пролетами 9м, 12м, 15м, 18м, 21м, 24м версия 1,5.xlsx",0271b96c6fe725d3e50ad7891401958322a5ae97866bb0bf8cb190bc4bbeff3f,Расчеты,used sparse cells,2026-09-16,mixed,SM152,null,4.38,n
1.0.0,"Таблица по подбору сечений теплых ангаров пролетами 9м, 12м, 15м, 18м, 21м, 24м версия 1,5.xlsx",0271b96c6fe725d3e50ad7891401958322a5ae97866bb0bf8cb190bc4bbeff3f,Расчеты,used sparse cells,2026-09-16,mixed,SK153,null,"""Z 220х2""",s
1.0.0,"Таблица по подбору сечений теплых ангаров пролетами 9м, 12м, 15м, 18м, 21м, 24м версия 1,5.xlsx",0271b96c6fe725d3e50ad7891401958322a5ae97866bb0bf8cb190bc4bbeff3f,Расчеты,used sparse cells,2026-09-16,mixed,SM153,null,5.81,n
1.0.0,"Таблица по подбору сечений теплых ангаров пролетами 9м, 12м, 15м, 18м, 21м, 24м версия 1,5.xlsx",0271b96c6fe725d3e50ad7891401958322a5ae97866bb0bf8cb190bc4bbeff3f,Расчеты,used sparse cells,2026-09-16,mixed,SK154,null,"""Z 220х2,5""",s
1.0.0,"Таблица по подбору сечений теплых ангаров пролетами 9м, 12м, 15м, 18м, 21м, 24м версия 1,5.xlsx",0271b96c6fe725d3e50ad7891401958322a5ae97866bb0bf8cb190bc4bbeff3f,Расчеты,used sparse cells,2026-09-16,mixed,SM154,null,7.23,n
1.0.0,"Таблица по подбору сечений теплых ангаров пролетами 9м, 12м, 15м, 18м, 21м, 24м версия 1,5.xlsx",0271b96c6fe725d3e50ad7891401958322a5ae97866bb0bf8cb190bc4bbeff3f,Расчеты,used sparse cells,2026-09-16,mixed,SK155,null,"""Z 250х1,5""",s
1.0.0,"Таблица по подбору сечений теплых ангаров пролетами 9м, 12м, 15м, 18м, 21м, 24м версия 1,5.xlsx",0271b96c6fe725d3e50ad7891401958322a5ae97866bb0bf8cb190bc4bbeff3f,Расчеты,used sparse cells,2026-09-16,mixed,SM155,null,4.94,n
1.0.0,"Таблица по подбору сечений теплых ангаров пролетами 9м, 12м, 15м, 18м, 21м, 24м версия 1,5.xlsx",0271b96c6fe725d3e50ad7891401958322a5ae97866bb0bf8cb190bc4bbeff3f,Расчеты,used sparse cells,2026-09-16,mixed,SK156,null,"""Z 250х2""",s
1.0.0,"Таблица по подбору сечений теплых ангаров пролетами 9м, 12м, 15м, 18м, 21м, 24м версия 1,5.xlsx",0271b96c6fe725d3e50ad7891401958322a5ae97866bb0bf8cb190bc4bbeff3f,Расчеты,used sparse cells,2026-09-16,mixed,SM156,null,6.57,n
1.0.0,"Таблица по подбору сечений теплых ангаров пролетами 9м, 12м, 15м, 18м, 21м, 24м версия 1,5.xlsx",0271b96c6fe725d3e50ad7891401958322a5ae97866bb0bf8cb190bc4bbeff3f,Расчеты,used sparse cells,2026-09-16,mixed,SK157,null,"""Z 250х2,5""",s
1.0.0,"Таблица по подбору сечений теплых ангаров пролетами 9м, 12м, 15м, 18м, 21м, 24м версия 1,5.xlsx",0271b96c6fe725d3e50ad7891401958322a5ae97866bb0bf8cb190bc4bbeff3f,Расчеты,used sparse cells,2026-09-16,mixed,SM157,null,8.23,n
1.0.0,"Таблица по подбору сечений теплых ангаров пролетами 9м, 12м, 15м, 18м, 21м, 24м версия 1,5.xlsx",0271b96c6fe725d3e50ad7891401958322a5ae97866bb0bf8cb190bc4bbeff3f,Расчеты,used sparse cells,2026-09-16,mixed,SK158,null,"""Z 250х3""",s
1.0.0,"Таблица по подбору сечений теплых ангаров пролетами 9м, 12м, 15м, 18м, 21м, 24м версия 1,5.xlsx",0271b96c6fe725d3e50ad7891401958322a5ae97866bb0bf8cb190bc4bbeff3f,Расчеты,used sparse cells,2026-09-16,mixed,SM158,null,9.9,n
1.0.0,"Таблица по подбору сечений теплых ангаров пролетами 9м, 12м, 15м, 18м, 21м, 24м версия 1,5.xlsx",0271b96c6fe725d3e50ad7891401958322a5ae97866bb0bf8cb190bc4bbeff3f,Расчеты,used sparse cells,2026-09-16,mixed,SK159,null,"""Z 300х2""",s
1.0.0,"Таблица по подбору сечений теплых ангаров пролетами 9м, 12м, 15м, 18м, 21м, 24м версия 1,5.xlsx",0271b96c6fe725d3e50ad7891401958322a5ae97866bb0bf8cb190bc4bbeff3f,Расчеты,used sparse cells,2026-09-16,mixed,SM159,null,8.12,n
1.0.0,"Таблица по подбору сечений теплых ангаров пролетами 9м, 12м, 15м, 18м, 21м, 24м версия 1,5.xlsx",0271b96c6fe725d3e50ad7891401958322a5ae97866bb0bf8cb190bc4bbeff3f,Расчеты,used sparse cells,2026-09-16,mixed,SK160,null,"""Z 300х2,5""",s
1.0.0,"Таблица по подбору сечений теплых ангаров пролетами 9м, 12м, 15м, 18м, 21м, 24м версия 1,5.xlsx",0271b96c6fe725d3e50ad7891401958322a5ae97866bb0bf8cb190bc4bbeff3f,Расчеты,used sparse cells,2026-09-16,mixed,SM160,null,10.17,n
1.0.0,"Таблица по подбору сечений теплых ангаров пролетами 9м, 12м, 15м, 18м, 21м, 24м версия 1,5.xlsx",0271b96c6fe725d3e50ad7891401958322a5ae97866bb0bf8cb190bc4bbeff3f,Расчеты,used sparse cells,2026-09-16,mixed,SK161,null,"""Z 300х3""",s
1.0.0,"Таблица по подбору сечений теплых ангаров пролетами 9м, 12м, 15м, 18м, 21м, 24м версия 1,5.xlsx",0271b96c6fe725d3e50ad7891401958322a5ae97866bb0bf8cb190bc4bbeff3f,Расчеты,used sparse cells,2026-09-16,mixed,SM161,null,12.23,n
1.0.0,"Таблица по подбору сечений теплых ангаров пролетами 9м, 12м, 15м, 18м, 21м, 24м версия 1,5.xlsx",0271b96c6fe725d3e50ad7891401958322a5ae97866bb0bf8cb190bc4bbeff3f,Расчеты,used sparse cells,2026-09-16,mixed,SK162,null,"""Z 350х2""",s
1.0.0,"Таблица по подбору сечений теплых ангаров пролетами 9м, 12м, 15м, 18м, 21м, 24м версия 1,5.xlsx",0271b96c6fe725d3e50ad7891401958322a5ae97866bb0bf8cb190bc4bbeff3f,Расчеты,used sparse cells,2026-09-16,mixed,SM162,null,8.9,n
1.0.0,"Таблица по подбору сечений теплых ангаров пролетами 9м, 12м, 15м, 18м, 21м, 24м версия 1,5.xlsx",0271b96c6fe725d3e50ad7891401958322a5ae97866bb0bf8cb190bc4bbeff3f,Расчеты,used sparse cells,2026-09-16,mixed,SK163,null,"""Z 350х2,5""",s
1.0.0,"Таблица по подбору сечений теплых ангаров пролетами 9м, 12м, 15м, 18м, 21м, 24м версия 1,5.xlsx",0271b96c6fe725d3e50ad7891401958322a5ae97866bb0bf8cb190bc4bbeff3f,Расчеты,used sparse cells,2026-09-16,mixed,SM163,null,11.15,n
1.0.0,"Таблица по подбору сечений теплых ангаров пролетами 9м, 12м, 15м, 18м, 21м, 24м версия 1,5.xlsx",0271b96c6fe725d3e50ad7891401958322a5ae97866bb0bf8cb190bc4bbeff3f,Расчеты,used sparse cells,2026-09-16,mixed,SK164,null,"""Z 350х3""",s
1.0.0,"Таблица по подбору сечений теплых ангаров пролетами 9м, 12м, 15м, 18м, 21м, 24м версия 1,5.xlsx",0271b96c6fe725d3e50ad7891401958322a5ae97866bb0bf8cb190bc4bbeff3f,Расчеты,used sparse cells,2026-09-16,mixed,SM164,null,13.41,n
