schema_version,source_workbook,source_workbook_sha256,source_sheet,source_range,extraction_date,units,cell,formula_json,cached_value_json,cell_data_type
1.0.0,"Таблица по подбору сечений теплых ангаров пролетами 9м, 12м, 15м, 18м, 21м, 24м версия 1,5.xlsx",0271b96c6fe725d3e50ad7891401958322a5ae97866bb0bf8cb190bc4bbeff3f,Расчеты,"C7,SO58:ALU58,SM60:SM109,SO113:ALU113,SM115:SM164",2026-09-16,source-labelled,C7,null,1.13,n
1.0.0,"Таблица по подбору сечений теплых ангаров пролетами 9м, 12м, 15м, 18м, 21м, 24м версия 1,5.xlsx",0271b96c6fe725d3e50ad7891401958322a5ae97866bb0bf8cb190bc4bbeff3f,Расчеты,"C7,SO58:ALU58,SM60:SM109,SO113:ALU113,SM115:SM164",2026-09-16,source-labelled,SO58,null,500,n
1.0.0,"Таблица по подбору сечений теплых ангаров пролетами 9м, 12м, 15м, 18м, 21м, 24м версия 1,5.xlsx",0271b96c6fe725d3e50ad7891401958322a5ae97866bb0bf8cb190bc4bbeff3f,Расчеты,"C7,SO58:ALU58,SM60:SM109,SO113:ALU113,SM115:SM164",2026-09-16,source-labelled,SP58,null,null,n
1.0.0,"Таблица по подбору сечений теплых ангаров пролетами 9м, 12м, 15м, 18м, 21м, 24м версия 1,5.xlsx",0271b96c6fe725d3e50ad7891401958322a5ae97866bb0bf8cb190bc4bbeff3f,Расчеты,"C7,SO58:ALU58,SM60:SM109,SO113:ALU113,SM115:SM164",2026-09-16,source-labelled,SQ58,null,null,n
1.0.0,"Таблица по подбору сечений теплых ангаров пролетами 9м, 12м, 15м, 18м, 21м, 24м версия 1,5.xlsx",0271b96c6fe725d3e50ad7891401958322a5ae97866bb0bf8cb190bc4bbeff3f,Расчеты,"C7,SO58:ALU58,SM60:SM109,SO113:ALU113,SM115:SM164",2026-09-16,source-labelled,SR58,null,null,n
1.0.0,"Таблица по подбору сечений теплых ангаров пролетами 9м, 12м, 15м, 18м, 21м, 24м версия 1,5.xlsx",0271b96c6fe725d3e50ad7891401958322a5ae97866bb0bf8cb190bc4bbeff3f,Расчеты,"C7,SO58:ALU58,SM60:SM109,SO113:ALU113,SM115:SM164",2026-09-16,source-labelled,SS58,null,null,n
1.0.0,"Таблица по подбору сечений теплых ангаров пролетами 9м, 12м, 15м, 18м, 21м, 24м версия 1,5.xlsx",0271b96c6fe725d3e50ad7891401958322a5ae97866bb0bf8cb190bc4bbeff3f,Расчеты,"C7,SO58:ALU58,SM60:SM109,SO113:ALU113,SM115:SM164",2026-09-16,source-labelled,ST58,null,null,n
1.0.0,"Таблица по подбору сечений теплых ангаров пролетами 9м, 12м, 15м, 18м, 21м, 24м версия 1,5.xlsx",0271b96c6fe725d3e50ad7891401958322a5ae97866bb0bf8cb190bc4bbeff3f,Расчеты,"C7,SO58:ALU58,SM60:SM109,SO113:ALU113,SM115:SM164",2026-09-16,source-labelled,SU58,null,null,n
1.0.0,"Таблица по подбору сечений теплых ангаров пролетами 9м, 12м, 15м, 18м, 21м, 24м версия 1,5.xlsx",0271b96c6fe725d3e50ad7891401958322a5ae97866bb0bf8cb190bc4bbeff3f,Расчеты,"C7,SO58:ALU58,SM60:SM109,SO113:ALU113,SM115:SM164",2026-09-16,source-labelled,SV58,null,null,n
1.0.0,"Таблица по подбору сечений теплых ангаров пролетами 9м, 12м, 15м, 18м, 21м, 24м версия 1,5.xlsx",0271b96c6fe725d3e50ad7891401958322a5ae97866bb0bf8cb190bc4bbeff3f,Расчеты,"C7,SO58:ALU58,SM60:SM109,SO113:ALU113,SM115:SM164",2026-09-16,source-labelled,SW58,null,null,n
1.0.0,"Таблица по подбору сечений теплых ангаров пролетами 9м, 12м, 15м, 18м, 21м, 24м версия 1,5.xlsx",0271b96c6fe725d3e50ad7891401958322a5ae97866bb0bf8cb190bc4bbeff3f,Расчеты,"C7,SO58:ALU58,SM60:SM109,SO113:ALU113,SM115:SM164",2026-09-16,source-labelled,SX58,null,null,n
1.0.0,"Таблица по подбору сечений теплых ангаров пролетами 9м, 12м, 15м, 18м, 21м, 24м версия 1,5.xlsx",0271b96c6fe725d3e50ad7891401958322a5ae97866bb0bf8cb190bc4bbeff3f,Расчеты,"C7,SO58:ALU58,SM60:SM109,SO113:ALU113,SM115:SM164",2026-09-16,source-labelled,SY58,null,null,n
1.0.0,"Таблица по подбору сечений теплых ангаров пролетами 9м, 12м, 15м, 18м, 21м, 24м версия 1,5.xlsx",0271b96c6fe725d3e50ad7891401958322a5ae97866bb0bf8cb190bc4bbeff3f,Расчеты,"C7,SO58:ALU58,SM60:SM109,SO113:ALU113,SM115:SM164",2026-09-16,source-labelled,SZ58,null,null,n
1.0.0,"Таблица по подбору сечений теплых ангаров пролетами 9м, 12м, 15м, 18м, 21м, 24м версия 1,5.xlsx",0271b96c6fe725d3e50ad7891401958322a5ae97866bb0bf8cb190bc4bbeff3f,Расчеты,"C7,SO58:ALU58,SM60:SM109,SO113:ALU113,SM115:SM164",2026-09-16,source-labelled,TA58,null,null,n
1.0.0,"Таблица по подбору сечений теплых ангаров пролетами 9м, 12м, 15м, 18м, 21м, 24м версия 1,5.xlsx",0271b96c6fe725d3e50ad7891401958322a5ae97866bb0bf8cb190bc4bbeff3f,Расчеты,"C7,SO58:ALU58,SM60:SM109,SO113:ALU113,SM115:SM164",2026-09-16,source-labelled,TB58,null,null,n
1.0.0,"Таблица по подбору сечений теплых ангаров пролетами 9м, 12м, 15м, 18м, 21м, 24м версия 1,5.xlsx",0271b96c6fe725d3e50ad7891401958322a5ae97866bb0bf8cb190bc4bbeff3f,Расчеты,"C7,SO58:ALU58,SM60:SM109,SO113:ALU113,SM115:SM164",2026-09-16,source-labelled,TC58,null,null,n
1.0.0,"Таблица по подбору сечений теплых ангаров пролетами 9м, 12м, 15м, 18м, 21м, 24м версия 1,5.xlsx",0271b96c6fe725d3e50ad7891401958322a5ae97866bb0bf8cb190bc4bbeff3f,Расчеты,"C7,SO58:ALU58,SM60:SM109,SO113:ALU113,SM115:SM164",2026-09-16,source-labelled,TD58,null,null,n
1.0.0,"Таблица по подбору сечений теплых ангаров пролетами 9м, 12м, 15м, 18м, 21м, 24м версия 1,5.xlsx",0271b96c6fe725d3e50ad7891401958322a5ae97866bb0bf8cb190bc4bbeff3f,Расчеты,"C7,SO58:ALU58,SM60:SM109,SO113:ALU113,SM115:SM164",2026-09-16,source-labelled,TE58,null,null,n
1.0.0,"Таблица по подбору сечений теплых ангаров пролетами 9м, 12м, 15м, 18м, 21м, 24м версия 1,5.xlsx",0271b96c6fe725d3e50ad7891401958322a5ae97866bb0bf8cb190bc4bbeff3f,Расчеты,"C7,SO58:ALU58,SM60:SM109,SO113:ALU113,SM115:SM164",2026-09-16,source-labelled,TF58,null,null,n
1.0.0,"Таблица по подбору сечений теплых ангаров пролетами 9м, 12м, 15м, 18м, 21м, 24м версия 1,5.xlsx",0271b96c6fe725d3e50ad7891401958322a5ae97866bb0bf8cb190bc4bbeff3f,Расчеты,"C7,SO58:ALU58,SM60:SM109,SO113:ALU113,SM115:SM164",2026-09-16,source-labelled,TG58,null,null,n
1.0.0,"Таблица по подбору сечений теплых ангаров пролетами 9м, 12м, 15м, 18м, 21м, 24м версия 1,5.xlsx",0271b96c6fe725d3e50ad7891401958322a5ae97866bb0bf8cb190bc4bbeff3f,Расчеты,"C7,SO58:ALU58,SM60:SM109,SO113:ALU113,SM115:SM164",2026-09-16,source-labelled,TH58,null,null,n
1.0.0,"Таблица по подбору сечений теплых ангаров пролетами 9м, 12м, 15м, 18м, 21м, 24м версия 1,5.xlsx",0271b96c6fe725d3e50ad7891401958322a5ae97866bb0bf8cb190bc4bbeff3f,Расчеты,"C7,SO58:ALU58,SM60:SM109,SO113:ALU113,SM115:SM164",2026-09-16,source-labelled,TI58,null,600,n
1.0.0,"Таблица по подбору сечений теплых ангаров пролетами 9м, 12м, 15м, 18м, 21м, 24м версия 1,5.xlsx",0271b96c6fe725d3e50ad7891401958322a5ae97866bb0bf8cb190bc4bbeff3f,Расчеты,"C7,SO58:ALU58,SM60:SM109,SO113:ALU113,SM115:SM164",2026-09-16,source-labelled,TJ58,null,null,n
1.0.0,"Таблица по подбору сечений теплых ангаров пролетами 9м, 12м, 15м, 18м, 21м, 24м версия 1,5.xlsx",0271b96c6fe725d3e50ad7891401958322a5ae97866bb0bf8cb190bc4bbeff3f,Расчеты,"C7,SO58:ALU58,SM60:SM109,SO113:ALU113,SM115:SM164",2026-09-16,source-labelled,TK58,null,null,n
1.0.0,"Таблица по подбору сечений теплых ангаров пролетами 9м, 12м, 15м, 18м, 21м, 24м версия 1,5.xlsx",0271b96c6fe725d3e50ad7891401958322a5ae97866bb0bf8cb190bc4bbeff3f,Расчеты,"C7,SO58:ALU58,SM60:SM109,SO113:ALU113,SM115:SM164",2026-09-16,source-labelled,TL58,null,null,n
1.0.0,"Таблица по подбору сечений теплых ангаров пролетами 9м, 12м, 15м, 18м, 21м, 24м версия 1,5.xlsx",0271b96c6fe725d3e50ad7891401958322a5ae97866bb0bf8cb190bc4bbeff3f,Расчеты,"C7,SO58:ALU58,SM60:SM109,SO113:ALU113,SM115:SM164",2026-09-16,source-labelled,TM58,null,null,n
1.0.0,"Таблица по подбору сечений теплых ангаров пролетами 9м, 12м, 15м, 18м, 21м, 24м версия 1,5.xlsx",0271b96c6fe725d3e50ad7891401958322a5ae97866bb0bf8cb190bc4bbeff3f,Расчеты,"C7,SO58:ALU58,SM60:SM109,SO113:ALU113,SM115:SM164",2026-09-16,source-labelled,TN58,null,null,n
1.0.0,"Таблица по подбору сечений теплых ангаров пролетами 9м, 12м, 15м, 18м, 21м, 24м версия 1,5.xlsx",0271b96c6fe725d3e50ad7891401958322a5ae97866bb0bf8cb190bc4bbeff3f,Расчеты,"C7,SO58:ALU58,SM60:SM109,SO113:ALU113,SM115:SM164",2026-09-16,source-labelled,TO58,null,null,n
1.0.0,"Таблица по подбору сечений теплых ангаров пролетами 9м, 12м, 15м, 18м, 21м, 24м версия 1,5.xlsx",0271b96c6fe725d3e50ad7891401958322a5ae97866bb0bf8cb190bc4bbeff3f,Расчеты,"C7,SO58:ALU58,SM60:SM109,SO113:ALU113,SM115:SM164",2026-09-16,source-labelled,TP58,null,null,n
1.0.0,"Таблица по подбору сечений теплых ангаров пролетами 9м, 12м, 15м, 18м, 21м, 24м версия 1,5.xlsx",0271b96c6fe725d3e50ad7891401958322a5ae97866bb0bf8cb190bc4bbeff3f,Расчеты,"C7,SO58:ALU58,SM60:SM109,SO113:ALU113,SM115:SM164",2026-09-16,source-labelled,TQ58,null,null,n
1.0.0,"Таблица по подбору сечений теплых ангаров пролетами 9м, 12м, 15м, 18м, 21м, 24м версия 1,5.xlsx",0271b96c6fe725d3e50ad7891401958322a5ae97866bb0bf8cb190bc4bbeff3f,Расчеты,"C7,SO58:ALU58,SM60:SM109,SO113:ALU113,SM115:SM164",2026-09-16,source-labelled,TR58,null,null,n
1.0.0,"Таблица по подбору сечений теплых ангаров пролетами 9м, 12м, 15м, 18м, 21м, 24м версия 1,5.xlsx",0271b96c6fe725d3e50ad7891401958322a5ae97866bb0bf8cb190bc4bbeff3f,Расчеты,"C7,SO58:ALU58,SM60:SM109,SO113:ALU113,SM115:SM164",2026-09-16,source-labelled,TS58,null,null,n
1.0.0,"Таблица по подбору сечений теплых ангаров пролетами 9м, 12м, 15м, 18м, 21м, 24м версия 1,5.xlsx",0271b96c6fe725d3e50ad7891401958322a5ae97866bb0bf8cb190bc4bbeff3f,Расчеты,"C7,SO58:ALU58,SM60:SM109,SO113:ALU113,SM115:SM164",2026-09-16,source-labelled,TT58,null,null,n
1.0.0,"Таблица по подбору сечений теплых ангаров пролетами 9м, 12м, 15м, 18м, 21м, 24м версия 1,5.xlsx",0271b96c6fe725d3e50ad7891401958322a5ae97866bb0bf8cb190bc4bbeff3f,Расчеты,"C7,SO58:ALU58,SM60:SM109,SO113:ALU113,SM115:SM164",2026-09-16,source-labelled,TU58,null,null,n
1.0.0,"Таблица по подбору сечений теплых ангаров пролетами 9м, 12м, 15м, 18м, 21м, 24м версия 1,5.xlsx",0271b96c6fe725d3e50ad7891401958322a5ae97866bb0bf8cb190bc4bbeff3f,Расчеты,"C7,SO58:ALU58,SM60:SM109,SO113:ALU113,SM115:SM164",2026-09-16,source-labelled,TV58,null,null,n
1.0.0,"Таблица по подбору сечений теплых ангаров пролетами 9м, 12м, 15м, 18м, 21м, 24м версия 1,5.xlsx",0271b96c6fe725d3e50ad7891401958322a5ae97866bb0bf8cb190bc4bbeff3f,Расчеты,"C7,SO58:ALU58,SM60:SM109,SO113:ALU113,SM115:SM164",2026-09-16,source-labelled,TW58,null,null,n
1.0.0,"Таблица по подбору сечений теплых ангаров пролетами 9м, 12м, 15м, 18м, 21м, 24м версия 1,5.xlsx",0271b96c6fe725d3e50ad7891401958322a5ae97866bb0bf8cb190bc4bbeff3f,Расчеты,"C7,SO58:ALU58,SM60:SM109,SO113:ALU113,SM115:SM164",2026-09-16,source-labelled,TX58,null,null,n
1.0.0,"Таблица по подбору сечений теплых ангаров пролетами 9м, 12м, 15м, 18м, 21м, 24м версия 1,5.xlsx",0271b96c6fe725d3e50ad7891401958322a5ae97866bb0bf8cb190bc4bbeff3f,Расчеты,"C7,SO58:ALU58,SM60:SM109,SO113:ALU113,SM115:SM164",2026-09-16,source-labelled,TY58,null,null,n
1.0.0,"Таблица по подбору сечений теплых ангаров пролетами 9м, 12м, 15м, 18м, 21м, 24м версия 1,5.xlsx",0271b96c6fe725d3e50ad7891401958322a5ae97866bb0bf8cb190bc4bbeff3f,Расчеты,"C7,SO58:ALU58,SM60:SM109,SO113:ALU113,SM115:SM164",2026-09-16,source-labelled,TZ58,null,null,n
1.0.0,"Таблица по подбору сечений теплых ангаров пролетами 9м, 12м, 15м, 18м, 21м, 24м версия 1,5.xlsx",0271b96c6fe725d3e50ad7891401958322a5ae97866bb0bf8cb190bc4bbeff3f,Расчеты,"C7,SO58:ALU58,SM60:SM109,SO113:ALU113,SM115:SM164",2026-09-16,source-labelled,UA58,null,null,n
1.0.0,"Таблица по подбору сечений теплых ангаров пролетами 9м, 12м, 15м, 18м, 21м, 24м версия 1,5.xlsx",0271b96c6fe725d3e50ad7891401958322a5ae97866bb0bf8cb190bc4bbeff3f,Расчеты,"C7,SO58:ALU58,SM60:SM109,SO113:ALU113,SM115:SM164",2026-09-16,source-labelled,UB58,null,null,n
1.0.0,"Таблица по подбору сечений теплых ангаров пролетами 9м, 12м, 15м, 18м, 21м, 24м версия 1,5.xlsx",0271b96c6fe725d3e50ad7891401958322a5ae97866bb0bf8cb190bc4bbeff3f,Расчеты,"C7,SO58:ALU58,SM60:SM109,SO113:ALU113,SM115:SM164",2026-09-16,source-labelled,UC58,null,700,n
1.0.0,"Таблица по подбору сечений теплых ангаров пролетами 9м, 12м, 15м, 18м, 21м, 24м версия 1,5.xlsx",0271b96c6fe725d3e50ad7891401958322a5ae97866bb0bf8cb190bc4bbeff3f,Расчеты,"C7,SO58:ALU58,SM60:SM109,SO113:ALU113,SM115:SM164",2026-09-16,source-labelled,UD58,null,null,n
1.0.0,"Таблица по подбору сечений теплых ангаров пролетами 9м, 12м, 15м, 18м, 21м, 24м версия 1,5.xlsx",0271b96c6fe725d3e50ad7891401958322a5ae97866bb0bf8cb190bc4bbeff3f,Расчеты,"C7,SO58:ALU58,SM60:SM109,SO113:ALU113,SM115:SM164",2026-09-16,source-labelled,UE58,null,null,n
1.0.0,"Таблица по подбору сечений теплых ангаров пролетами 9м, 12м, 15м, 18м, 21м, 24м версия 1,5.xlsx",0271b96c6fe725d3e50ad7891401958322a5ae97866bb0bf8cb190bc4bbeff3f,Расчеты,"C7,SO58:ALU58,SM60:SM109,SO113:ALU113,SM115:SM164",2026-09-16,source-labelled,UF58,null,null,n
1.0.0,"Таблица по подбору сечений теплых ангаров пролетами 9м, 12м, 15м, 18м, 21м, 24м версия 1,5.xlsx",0271b96c6fe725d3e50ad7891401958322a5ae97866bb0bf8cb190bc4bbeff3f,Расчеты,"C7,SO58:ALU58,SM60:SM109,SO113:ALU113,SM115:SM164",2026-09-16,source-labelled,UG58,null,null,n
1.0.0,"Таблица по подбору сечений теплых ангаров пролетами 9м, 12м, 15м, 18м, 21м, 24м версия 1,5.xlsx",0271b96c6fe725d3e50ad7891401958322a5ae97866bb0bf8cb190bc4bbeff3f,Расчеты,"C7,SO58:ALU58,SM60:SM109,SO113:ALU113,SM115:SM164",2026-09-16,source-labelled,UH58,null,null,n
1.0.0,"Таблица по подбору сечений теплых ангаров пролетами 9м, 12м, 15м, 18м, 21м, 24м версия 1,5.xlsx",0271b96c6fe725d3e50ad7891401958322a5ae97866bb0bf8cb190bc4bbeff3f,Расчеты,"C7,SO58:ALU58,SM60:SM109,SO113:ALU113,SM115:SM164",2026-09-16,source-labelled,UI58,null,null,n
1.0.0,"Таблица по подбору сечений теплых ангаров пролетами 9м, 12м, 15м, 18м, 21м, 24м версия 1,5.xlsx",0271b96c6fe725d3e50ad7891401958322a5ae97866bb0bf8cb190bc4bbeff3f,Расчеты,"C7,SO58:ALU58,SM60:SM109,SO113:ALU113,SM115:SM164",2026-09-16,source-labelled,UJ58,null,null,n
1.0.0,"Таблица по подбору сечений теплых ангаров пролетами 9м, 12м, 15м, 18м, 21м, 24м версия 1,5.xlsx",0271b96c6fe725d3e50ad7891401958322a5ae97866bb0bf8cb190bc4bbeff3f,Расчеты,"C7,SO58:ALU58,SM60:SM109,SO113:ALU113,SM115:SM164",2026-09-16,source-labelled,UK58,null,null,n
1.0.0,"Таблица по подбору сечений теплых ангаров пролетами 9м, 12м, 15м, 18м, 21м, 24м версия 1,5.xlsx",0271b96c6fe725d3e50ad7891401958322a5ae97866bb0bf8cb190bc4bbeff3f,Расчеты,"C7,SO58:ALU58,SM60:SM109,SO113:ALU113,SM115:SM164",2026-09-16,source-labelled,UL58,null,null,n
1.0.0,"Таблица по подбору сечений теплых ангаров пролетами 9м, 12м, 15м, 18м, 21м, 24м версия 1,5.xlsx",0271b96c6fe725d3e50ad7891401958322a5ae97866bb0bf8cb190bc4bbeff3f,Расчеты,"C7,SO58:ALU58,SM60:SM109,SO113:ALU113,SM115:SM164",2026-09-16,source-labelled,UM58,null,null,n
1.0.0,"Таблица по подбору сечений теплых ангаров пролетами 9м, 12м, 15м, 18м, 21м, 24м версия 1,5.xlsx",0271b96c6fe725d3e50ad7891401958322a5ae97866bb0bf8cb190bc4bbeff3f,Расчеты,"C7,SO58:ALU58,SM60:SM109,SO113:ALU113,SM115:SM164",2026-09-16,source-labelled,UN58,null,null,n
1.0.0,"Таблица по подбору сечений теплых ангаров пролетами 9м, 12м, 15м, 18м, 21м, 24м версия 1,5.xlsx",0271b96c6fe725d3e50ad7891401958322a5ae97866bb0bf8cb190bc4bbeff3f,Расчеты,"C7,SO58:ALU58,SM60:SM109,SO113:ALU113,SM115:SM164",2026-09-16,source-labelled,UO58,null,null,n
1.0.0,"Таблица по подбору сечений теплых ангаров пролетами 9м, 12м, 15м, 18м, 21м, 24м версия 1,5.xlsx",0271b96c6fe725d3e50ad7891401958322a5ae97866bb0bf8cb190bc4bbeff3f,Расчеты,"C7,SO58:ALU58,SM60:SM109,SO113:ALU113,SM115:SM164",2026-09-16,source-labelled,UP58,null,null,n
1.0.0,"Таблица по подбору сечений теплых ангаров пролетами 9м, 12м, 15м, 18м, 21м, 24м версия 1,5.xlsx",0271b96c6fe725d3e50ad7891401958322a5ae97866bb0bf8cb190bc4bbeff3f,Расчеты,"C7,SO58:ALU58,SM60:SM109,SO113:ALU113,SM115:SM164",2026-09-16,source-labelled,UQ58,null,null,n
1.0.0,"Таблица по подбору сечений теплых ангаров пролетами 9м, 12м, 15м, 18м, 21м, 24м версия 1,5.xlsx",0271b96c6fe725d3e50ad7891401958322a5ae97866bb0bf8cb190bc4bbeff3f,Расчеты,"C7,SO58:ALU58,SM60:SM109,SO113:ALU113,SM115:SM164",2026-09-16,source-labelled,UR58,null,null,n
1.0.0,"Таблица по подбору сечений теплых ангаров пролетами 9м, 12м, 15м, 18м, 21м, 24м версия 1,5.xlsx",0271b96c6fe725d3e50ad7891401958322a5ae97866bb0bf8cb190bc4bbeff3f,Расчеты,"C7,SO58:ALU58,SM60:SM109,SO113:ALU113,SM115:SM164",2026-09-16,source-labelled,US58,null,null,n
1.0.0,"Таблица по подбору сечений теплых ангаров пролетами 9м, 12м, 15м, 18м, 21м, 24м версия 1,5.xlsx",0271b96c6fe725d3e50ad7891401958322a5ae97866bb0bf8cb190bc4bbeff3f,Расчеты,"C7,SO58:ALU58,SM60:SM109,SO113:ALU113,SM115:SM164",2026-09-16,source-labelled,UT58,null,null,n
1.0.0,"Таблица по подбору сечений теплых ангаров пролетами 9м, 12м, 15м, 18м, 21м, 24м версия 1,5.xlsx",0271b96c6fe725d3e50ad7891401958322a5ae97866bb0bf8cb190bc4bbeff3f,Расчеты,"C7,SO58:ALU58,SM60:SM109,SO113:ALU113,SM115:SM164",2026-09-16,source-labelled,UU58,null,null,n
1.0.0,"Таблица по подбору сечений теплых ангаров пролетами 9м, 12м, 15м, 18м, 21м, 24м версия 1,5.xlsx",0271b96c6fe725d3e50ad7891401958322a5ae97866bb0bf8cb190bc4bbeff3f,Расчеты,"C7,SO58:ALU58,SM60:SM109,SO113:ALU113,SM115:SM164",2026-09-16,source-labelled,UV58,null,null,n
1.0.0,"Таблица по подбору сечений теплых ангаров пролетами 9м, 12м, 15м, 18м, 21м, 24м версия 1,5.xlsx",0271b96c6fe725d3e50ad7891401958322a5ae97866bb0bf8cb190bc4bbeff3f,Расчеты,"C7,SO58:ALU58,SM60:SM109,SO113:ALU113,SM115:SM164",2026-09-16,source-labelled,UW58,null,800,n
1.0.0,"Таблица по подбору сечений теплых ангаров пролетами 9м, 12м, 15м, 18м, 21м, 24м версия 1,5.xlsx",0271b96c6fe725d3e50ad7891401958322a5ae97866bb0bf8cb190bc4bbeff3f,Расчеты,"C7,SO58:ALU58,SM60:SM109,SO113:ALU113,SM115:SM164",2026-09-16,source-labelled,UX58,null,null,n
1.0.0,"Таблица по подбору сечений теплых ангаров пролетами 9м, 12м, 15м, 18м, 21м, 24м версия 1,5.xlsx",0271b96c6fe725d3e50ad7891401958322a5ae97866bb0bf8cb190bc4bbeff3f,Расчеты,"C7,SO58:ALU58,SM60:SM109,SO113:ALU113,SM115:SM164",2026-09-16,source-labelled,UY58,null,null,n
1.0.0,"Таблица по подбору сечений теплых ангаров пролетами 9м, 12м, 15м, 18м, 21м, 24м версия 1,5.xlsx",0271b96c6fe725d3e50ad7891401958322a5ae97866bb0bf8cb190bc4bbeff3f,Расчеты,"C7,SO58:ALU58,SM60:SM109,SO113:ALU113,SM115:SM164",2026-09-16,source-labelled,UZ58,null,null,n
1.0.0,"Таблица по подбору сечений теплых ангаров пролетами 9м, 12м, 15м, 18м, 21м, 24м версия 1,5.xlsx",0271b96c6fe725d3e50ad7891401958322a5ae97866bb0bf8cb190bc4bbeff3f,Расчеты,"C7,SO58:ALU58,SM60:SM109,SO113:ALU113,SM115:SM164",2026-09-16,source-labelled,VA58,null,null,n
1.0.0,"Таблица по подбору сечений теплых ангаров пролетами 9м, 12м, 15м, 18м, 21м, 24м версия 1,5.xlsx",0271b96c6fe725d3e50ad7891401958322a5ae97866bb0bf8cb190bc4bbeff3f,Расчеты,"C7,SO58:ALU58,SM60:SM109,SO113:ALU113,SM115:SM164",2026-09-16,source-labelled,VB58,null,null,n
1.0.0,"Таблица по подбору сечений теплых ангаров пролетами 9м, 12м, 15м, 18м, 21м, 24м версия 1,5.xlsx",0271b96c6fe725d3e50ad7891401958322a5ae97866bb0bf8cb190bc4bbeff3f,Расчеты,"C7,SO58:ALU58,SM60:SM109,SO113:ALU113,SM115:SM164",2026-09-16,source-labelled,VC58,null,null,n
1.0.0,"Таблица по подбору сечений теплых ангаров пролетами 9м, 12м, 15м, 18м, 21м, 24м версия 1,5.xlsx",0271b96c6fe725d3e50ad7891401958322a5ae97866bb0bf8cb190bc4bbeff3f,Расчеты,"C7,SO58:ALU58,SM60:SM109,SO113:ALU113,SM115:SM164",2026-09-16,source-labelled,VD58,null,null,n
1.0.0,"Таблица по подбору сечений теплых ангаров пролетами 9м, 12м, 15м, 18м, 21м, 24м версия 1,5.xlsx",0271b96c6fe725d3e50ad7891401958322a5ae97866bb0bf8cb190bc4bbeff3f,Расчеты,"C7,SO58:ALU58,SM60:SM109,SO113:ALU113,SM115:SM164",2026-09-16,source-labelled,VE58,null,null,n
1.0.0,"Таблица по подбору сечений теплых ангаров пролетами 9м, 12м, 15м, 18м, 21м, 24м версия 1,5.xlsx",0271b96c6fe725d3e50ad7891401958322a5ae97866bb0bf8cb190bc4bbeff3f,Расчеты,"C7,SO58:ALU58,SM60:SM109,SO113:ALU113,SM115:SM164",2026-09-16,source-labelled,VF58,null,null,n
1.0.0,"Таблица по подбору сечений теплых ангаров пролетами 9м, 12м, 15м, 18м, 21м, 24м версия 1,5.xlsx",0271b96c6fe725d3e50ad7891401958322a5ae97866bb0bf8cb190bc4bbeff3f,Расчеты,"C7,SO58:ALU58,SM60:SM109,SO113:ALU113,SM115:SM164",2026-09-16,source-labelled,VG58,null,null,n
1.0.0,"Таблица по подбору сечений теплых ангаров пролетами 9м, 12м, 15м, 18м, 21м, 24м версия 1,5.xlsx",0271b96c6fe725d3e50ad7891401958322a5ae97866bb0bf8cb190bc4bbeff3f,Расчеты,"C7,SO58:ALU58,SM60:SM109,SO113:ALU113,SM115:SM164",2026-09-16,source-labelled,VH58,null,null,n
1.0.0,"Таблица по подбору сечений теплых ангаров пролетами 9м, 12м, 15м, 18м, 21м, 24м версия 1,5.xlsx",0271b96c6fe725d3e50ad7891401958322a5ae97866bb0bf8cb190bc4bbeff3f,Расчеты,"C7,SO58:ALU58,SM60:SM109,SO113:ALU113,SM115:SM164",2026-09-16,source-labelled,VI58,null,null,n
1.0.0,"Таблица по подбору сечений теплых ангаров пролетами 9м, 12м, 15м, 18м, 21м, 24м версия 1,5.xlsx",0271b96c6fe725d3e50ad7891401958322a5ae97866bb0bf8cb190bc4bbeff3f,Расчеты,"C7,SO58:ALU58,SM60:SM109,SO113:ALU113,SM115:SM164",2026-09-16,source-labelled,VJ58,null,null,n
1.0.0,"Таблица по подбору сечений теплых ангаров пролетами 9м, 12м, 15м, 18м, 21м, 24м версия 1,5.xlsx",0271b96c6fe725d3e50ad7891401958322a5ae97866bb0bf8cb190bc4bbeff3f,Расчеты,"C7,SO58:ALU58,SM60:SM109,SO113:ALU113,SM115:SM164",2026-09-16,source-labelled,VK58,null,null,n
1.0.0,"Таблица по подбору сечений теплых ангаров пролетами 9м, 12м, 15м, 18м, 21м, 24м версия 1,5.xlsx",0271b96c6fe725d3e50ad7891401958322a5ae97866bb0bf8cb190bc4bbeff3f,Расчеты,"C7,SO58:ALU58,SM60:SM109,SO113:ALU113,SM115:SM164",2026-09-16,source-labelled,VL58,null,null,n
1.0.0,"Таблица по подбору сечений теплых ангаров пролетами 9м, 12м, 15м, 18м, 21м, 24м версия 1,5.xlsx",0271b96c6fe725d3e50ad7891401958322a5ae97866bb0bf8cb190bc4bbeff3f,Расчеты,"C7,SO58:ALU58,SM60:SM109,SO113:ALU113,SM115:SM164",2026-09-16,source-labelled,VM58,null,null,n
1.0.0,"Таблица по подбору сечений теплых ангаров пролетами 9м, 12м, 15м, 18м, 21м, 24м версия 1,5.xlsx",0271b96c6fe725d3e50ad7891401958322a5ae97866bb0bf8cb190bc4bbeff3f,Расчеты,"C7,SO58:ALU58,SM60:SM109,SO113:ALU113,SM115:SM164",2026-09-16,source-labelled,VN58,null,null,n
1.0.0,"Таблица по подбору сечений теплых ангаров пролетами 9м, 12м, 15м, 18м, 21м, 24м версия 1,5.xlsx",0271b96c6fe725d3e50ad7891401958322a5ae97866bb0bf8cb190bc4bbeff3f,Расчеты,"C7,SO58:ALU58,SM60:SM109,SO113:ALU113,SM115:SM164",2026-09-16,source-labelled,VO58,null,null,n
1.0.0,"Таблица по подбору сечений теплых ангаров пролетами 9м, 12м, 15м, 18м, 21м, 24м версия 1,5.xlsx",0271b96c6fe725d3e50ad7891401958322a5ae97866bb0bf8cb190bc4bbeff3f,Расчеты,"C7,SO58:ALU58,SM60:SM109,SO113:ALU113,SM115:SM164",2026-09-16,source-labelled,VP58,null,null,n
1.0.0,"Таблица по подбору сечений теплых ангаров пролетами 9м, 12м, 15м, 18м, 21м, 24м версия 1,5.xlsx",0271b96c6fe725d3e50ad7891401958322a5ae97866bb0bf8cb190bc4bbeff3f,Расчеты,"C7,SO58:ALU58,SM60:SM109,SO113:ALU113,SM115:SM164",2026-09-16,source-labelled,VQ58,null,900,n
1.0.0,"Таблица по подбору сечений теплых ангаров пролетами 9м, 12м, 15м, 18м, 21м, 24м версия 1,5.xlsx",0271b96c6fe725d3e50ad7891401958322a5ae97866bb0bf8cb190bc4bbeff3f,Расчеты,"C7,SO58:ALU58,SM60:SM109,SO113:ALU113,SM115:SM164",2026-09-16,source-labelled,VR58,null,null,n
1.0.0,"Таблица по подбору сечений теплых ангаров пролетами 9м, 12м, 15м, 18м, 21м, 24м версия 1,5.xlsx",0271b96c6fe725d3e50ad7891401958322a5ae97866bb0bf8cb190bc4bbeff3f,Расчеты,"C7,SO58:ALU58,SM60:SM109,SO113:ALU113,SM115:SM164",2026-09-16,source-labelled,VS58,null,null,n
1.0.0,"Таблица по подбору сечений теплых ангаров пролетами 9м, 12м, 15м, 18м, 21м, 24м версия 1,5.xlsx",0271b96c6fe725d3e50ad7891401958322a5ae97866bb0bf8cb190bc4bbeff3f,Расчеты,"C7,SO58:ALU58,SM60:SM109,SO113:ALU113,SM115:SM164",2026-09-16,source-labelled,VT58,null,null,n
1.0.0,"Таблица по подбору сечений теплых ангаров пролетами 9м, 12м, 15м, 18м, 21м, 24м версия 1,5.xlsx",0271b96c6fe725d3e50ad7891401958322a5ae97866bb0bf8cb190bc4bbeff3f,Расчеты,"C7,SO58:ALU58,SM60:SM109,SO113:ALU113,SM115:SM164",2026-09-16,source-labelled,VU58,null,null,n
1.0.0,"Таблица по подбору сечений теплых ангаров пролетами 9м, 12м, 15м, 18м, 21м, 24м версия 1,5.xlsx",0271b96c6fe725d3e50ad7891401958322a5ae97866bb0bf8cb190bc4bbeff3f,Расчеты,"C7,SO58:ALU58,SM60:SM109,SO113:ALU113,SM115:SM164",2026-09-16,source-labelled,VV58,null,null,n
1.0.0,"Таблица по подбору сечений теплых ангаров пролетами 9м, 12м, 15м, 18м, 21м, 24м версия 1,5.xlsx",0271b96c6fe725d3e50ad7891401958322a5ae97866bb0bf8cb190bc4bbeff3f,Расчеты,"C7,SO58:ALU58,SM60:SM109,SO113:ALU113,SM115:SM164",2026-09-16,source-labelled,VW58,null,null,n
1.0.0,"Таблица по подбору сечений теплых ангаров пролетами 9м, 12м, 15м, 18м, 21м, 24м версия 1,5.xlsx",0271b96c6fe725d3e50ad7891401958322a5ae97866bb0bf8cb190bc4bbeff3f,Расчеты,"C7,SO58:ALU58,SM60:SM109,SO113:ALU113,SM115:SM164",2026-09-16,source-labelled,VX58,null,null,n
1.0.0,"Таблица по подбору сечений теплых ангаров пролетами 9м, 12м, 15м, 18м, 21м, 24м версия 1,5.xlsx",0271b96c6fe725d3e50ad7891401958322a5ae97866bb0bf8cb190bc4bbeff3f,Расчеты,"C7,SO58:ALU58,SM60:SM109,SO113:ALU113,SM115:SM164",2026-09-16,source-labelled,VY58,null,null,n
1.0.0,"Таблица по подбору сечений теплых ангаров пролетами 9м, 12м, 15м, 18м, 21м, 24м версия 1,5.xlsx",0271b96c6fe725d3e50ad7891401958322a5ae97866bb0bf8cb190bc4bbeff3f,Расчеты,"C7,SO58:ALU58,SM60:SM109,SO113:ALU113,SM115:SM164",2026-09-16,source-labelled,VZ58,null,null,n
1.0.0,"Таблица по подбору сечений теплых ангаров пролетами 9м, 12м, 15м, 18м, 21м, 24м версия 1,5.xlsx",0271b96c6fe725d3e50ad7891401958322a5ae97866bb0bf8cb190bc4bbeff3f,Расчеты,"C7,SO58:ALU58,SM60:SM109,SO113:ALU113,SM115:SM164",2026-09-16,source-labelled,WA58,null,null,n
1.0.0,"Таблица по подбору сечений теплых ангаров пролетами 9м, 12м, 15м, 18м, 21м, 24м версия 1,5.xlsx",0271b96c6fe725d3e50ad7891401958322a5ae97866bb0bf8cb190bc4bbeff3f,Расчеты,"C7,SO58:ALU58,SM60:SM109,SO113:ALU113,SM115:SM164",2026-09-16,source-labelled,WB58,null,null,n
1.0.0,"Таблица по подбору сечений теплых ангаров пролетами 9м, 12м, 15м, 18м, 21м, 24м версия 1,5.xlsx",0271b96c6fe725d3e50ad7891401958322a5ae97866bb0bf8cb190bc4bbeff3f,Расчеты,"C7,SO58:ALU58,SM60:SM109,SO113:ALU113,SM115:SM164",2026-09-16,source-labelled,WC58,null,null,n
1.0.0,"Таблица по подбору сечений теплых ангаров пролетами 9м, 12м, 15м, 18м, 21м, 24м версия 1,5.xlsx",0271b96c6fe725d3e50ad7891401958322a5ae97866bb0bf8cb190bc4bbeff3f,Расчеты,"C7,SO58:ALU58,SM60:SM109,SO113:ALU113,SM115:SM164",2026-09-16,source-labelled,WD58,null,null,n
1.0.0,"Таблица по подбору сечений теплых ангаров пролетами 9м, 12м, 15м, 18м, 21м, 24м версия 1,5.xlsx",0271b96c6fe725d3e50ad7891401958322a5ae97866bb0bf8cb190bc4bbeff3f,Расчеты,"C7,SO58:ALU58,SM60:SM109,SO113:ALU113,SM115:SM164",2026-09-16,source-labelled,WE58,null,null,n
1.0.0,"Таблица по подбору сечений теплых ангаров пролетами 9м, 12м, 15м, 18м, 21м, 24м версия 1,5.xlsx",0271b96c6fe725d3e50ad7891401958322a5ae97866bb0bf8cb190bc4bbeff3f,Расчеты,"C7,SO58:ALU58,SM60:SM109,SO113:ALU113,SM115:SM164",2026-09-16,source-labelled,WF58,null,null,n
1.0.0,"Таблица по подбору сечений теплых ангаров пролетами 9м, 12м, 15м, 18м, 21м, 24м версия 1,5.xlsx",0271b96c6fe725d3e50ad7891401958322a5ae97866bb0bf8cb190bc4bbeff3f,Расчеты,"C7,SO58:ALU58,SM60:SM109,SO113:ALU113,SM115:SM164",2026-09-16,source-labelled,WG58,null,null,n
1.0.0,"Таблица по подбору сечений теплых ангаров пролетами 9м, 12м, 15м, 18м, 21м, 24м версия 1,5.xlsx",0271b96c6fe725d3e50ad7891401958322a5ae97866bb0bf8cb190bc4bbeff3f,Расчеты,"C7,SO58:ALU58,SM60:SM109,SO113:ALU113,SM115:SM164",2026-09-16,source-labelled,WH58,null,null,n
1.0.0,"Таблица по подбору сечений теплых ангаров пролетами 9м, 12м, 15м, 18м, 21м, 24м версия 1,5.xlsx",0271b96c6fe725d3e50ad7891401958322a5ae97866bb0bf8cb190bc4bbeff3f,Расчеты,"C7,SO58:ALU58,SM60:SM109,SO113:ALU113,SM115:SM164",2026-09-16,source-labelled,WI58,null,null,n
1.0.0,"Таблица по подбору сечений теплых ангаров пролетами 9м, 12м, 15м, 18м, 21м, 24м версия 1,5.xlsx",0271b96c6fe725d3e50ad7891401958322a5ae97866bb0bf8cb190bc4bbeff3f,Расчеты,"C7,SO58:ALU58,SM60:SM109,SO113:ALU113,SM115:SM164",2026-09-16,source-labelled,WJ58,null,null,n
1.0.0,"Таблица по подбору сечений теплых ангаров пролетами 9м, 12м, 15м, 18м, 21м, 24м версия 1,5.xlsx",0271b96c6fe725d3e50ad7891401958322a5ae97866bb0bf8cb190bc4bbeff3f,Расчеты,"C7,SO58:ALU58,SM60:SM109,SO113:ALU113,SM115:SM164",2026-09-16,source-labelled,WK58,null,1000,n
1.0.0,"Таблица по подбору сечений теплых ангаров пролетами 9м, 12м, 15м, 18м, 21м, 24м версия 1,5.xlsx",0271b96c6fe725d3e50ad7891401958322a5ae97866bb0bf8cb190bc4bbeff3f,Расчеты,"C7,SO58:ALU58,SM60:SM109,SO113:ALU113,SM115:SM164",2026-09-16,source-labelled,WL58,null,null,n
1.0.0,"Таблица по подбору сечений теплых ангаров пролетами 9м, 12м, 15м, 18м, 21м, 24м версия 1,5.xlsx",0271b96c6fe725d3e50ad7891401958322a5ae97866bb0bf8cb190bc4bbeff3f,Расчеты,"C7,SO58:ALU58,SM60:SM109,SO113:ALU113,SM115:SM164",2026-09-16,source-labelled,WM58,null,null,n
1.0.0,"Таблица по подбору сечений теплых ангаров пролетами 9м, 12м, 15м, 18м, 21м, 24м версия 1,5.xlsx",0271b96c6fe725d3e50ad7891401958322a5ae97866bb0bf8cb190bc4bbeff3f,Расчеты,"C7,SO58:ALU58,SM60:SM109,SO113:ALU113,SM115:SM164",2026-09-16,source-labelled,WN58,null,null,n
1.0.0,"Таблица по подбору сечений теплых ангаров пролетами 9м, 12м, 15м, 18м, 21м, 24м версия 1,5.xlsx",0271b96c6fe725d3e50ad7891401958322a5ae97866bb0bf8cb190bc4bbeff3f,Расчеты,"C7,SO58:ALU58,SM60:SM109,SO113:ALU113,SM115:SM164",2026-09-16,source-labelled,WO58,null,null,n
1.0.0,"Таблица по подбору сечений теплых ангаров пролетами 9м, 12м, 15м, 18м, 21м, 24м версия 1,5.xlsx",0271b96c6fe725d3e50ad7891401958322a5ae97866bb0bf8cb190bc4bbeff3f,Расчеты,"C7,SO58:ALU58,SM60:SM109,SO113:ALU113,SM115:SM164",2026-09-16,source-labelled,WP58,null,null,n
1.0.0,"Таблица по подбору сечений теплых ангаров пролетами 9м, 12м, 15м, 18м, 21м, 24м версия 1,5.xlsx",0271b96c6fe725d3e50ad7891401958322a5ae97866bb0bf8cb190bc4bbeff3f,Расчеты,"C7,SO58:ALU58,SM60:SM109,SO113:ALU113,SM115:SM164",2026-09-16,source-labelled,WQ58,null,null,n
1.0.0,"Таблица по подбору сечений теплых ангаров пролетами 9м, 12м, 15м, 18м, 21м, 24м версия 1,5.xlsx",0271b96c6fe725d3e50ad7891401958322a5ae97866bb0bf8cb190bc4bbeff3f,Расчеты,"C7,SO58:ALU58,SM60:SM109,SO113:ALU113,SM115:SM164",2026-09-16,source-labelled,WR58,null,null,n
1.0.0,"Таблица по подбору сечений теплых ангаров пролетами 9м, 12м, 15м, 18м, 21м, 24м версия 1,5.xlsx",0271b96c6fe725d3e50ad7891401958322a5ae97866bb0bf8cb190bc4bbeff3f,Расчеты,"C7,SO58:ALU58,SM60:SM109,SO113:ALU113,SM115:SM164",2026-09-16,source-labelled,WS58,null,null,n
1.0.0,"Таблица по подбору сечений теплых ангаров пролетами 9м, 12м, 15м, 18м, 21м, 24м версия 1,5.xlsx",0271b96c6fe725d3e50ad7891401958322a5ae97866bb0bf8cb190bc4bbeff3f,Расчеты,"C7,SO58:ALU58,SM60:SM109,SO113:ALU113,SM115:SM164",2026-09-16,source-labelled,WT58,null,null,n
1.0.0,"Таблица по подбору сечений теплых ангаров пролетами 9м, 12м, 15м, 18м, 21м, 24м версия 1,5.xlsx",0271b96c6fe725d3e50ad7891401958322a5ae97866bb0bf8cb190bc4bbeff3f,Расчеты,"C7,SO58:ALU58,SM60:SM109,SO113:ALU113,SM115:SM164",2026-09-16,source-labelled,WU58,null,null,n
1.0.0,"Таблица по подбору сечений теплых ангаров пролетами 9м, 12м, 15м, 18м, 21м, 24м версия 1,5.xlsx",0271b96c6fe725d3e50ad7891401958322a5ae97866bb0bf8cb190bc4bbeff3f,Расчеты,"C7,SO58:ALU58,SM60:SM109,SO113:ALU113,SM115:SM164",2026-09-16,source-labelled,WV58,null,null,n
1.0.0,"Таблица по подбору сечений теплых ангаров пролетами 9м, 12м, 15м, 18м, 21м, 24м версия 1,5.xlsx",0271b96c6fe725d3e50ad7891401958322a5ae97866bb0bf8cb190bc4bbeff3f,Расчеты,"C7,SO58:ALU58,SM60:SM109,SO113:ALU113,SM115:SM164",2026-09-16,source-labelled,WW58,null,null,n
1.0.0,"Таблица по подбору сечений теплых ангаров пролетами 9м, 12м, 15м, 18м, 21м, 24м версия 1,5.xlsx",0271b96c6fe725d3e50ad7891401958322a5ae97866bb0bf8cb190bc4bbeff3f,Расчеты,"C7,SO58:ALU58,SM60:SM109,SO113:ALU113,SM115:SM164",2026-09-16,source-labelled,WX58,null,null,n
1.0.0,"Таблица по подбору сечений теплых ангаров пролетами 9м, 12м, 15м, 18м, 21м, 24м версия 1,5.xlsx",0271b96c6fe725d3e50ad7891401958322a5ae97866bb0bf8cb190bc4bbeff3f,Расчеты,"C7,SO58:ALU58,SM60:SM109,SO113:ALU113,SM115:SM164",2026-09-16,source-labelled,WY58,null,null,n
1.0.0,"Таблица по подбору сечений теплых ангаров пролетами 9м, 12м, 15м, 18м, 21м, 24м версия 1,5.xlsx",0271b96c6fe725d3e50ad7891401958322a5ae97866bb0bf8cb190bc4bbeff3f,Расчеты,"C7,SO58:ALU58,SM60:SM109,SO113:ALU113,SM115:SM164",2026-09-16,source-labelled,WZ58,null,null,n
1.0.0,"Таблица по подбору сечений теплых ангаров пролетами 9м, 12м, 15м, 18м, 21м, 24м версия 1,5.xlsx",0271b96c6fe725d3e50ad7891401958322a5ae97866bb0bf8cb190bc4bbeff3f,Расчеты,"C7,SO58:ALU58,SM60:SM109,SO113:ALU113,SM115:SM164",2026-09-16,source-labelled,XA58,null,null,n
1.0.0,"Таблица по подбору сечений теплых ангаров пролетами 9м, 12м, 15м, 18м, 21м, 24м версия 1,5.xlsx",0271b96c6fe725d3e50ad7891401958322a5ae97866bb0bf8cb190bc4bbeff3f,Расчеты,"C7,SO58:ALU58,SM60:SM109,SO113:ALU113,SM115:SM164",2026-09-16,source-labelled,XB58,null,null,n
1.0.0,"Таблица по подбору сечений теплых ангаров пролетами 9м, 12м, 15м, 18м, 21м, 24м версия 1,5.xlsx",0271b96c6fe725d3e50ad7891401958322a5ae97866bb0bf8cb190bc4bbeff3f,Расчеты,"C7,SO58:ALU58,SM60:SM109,SO113:ALU113,SM115:SM164",2026-09-16,source-labelled,XC58,null,null,n
1.0.0,"Таблица по подбору сечений теплых ангаров пролетами 9м, 12м, 15м, 18м, 21м, 24м версия 1,5.xlsx",0271b96c6fe725d3e50ad7891401958322a5ae97866bb0bf8cb190bc4bbeff3f,Расчеты,"C7,SO58:ALU58,SM60:SM109,SO113:ALU113,SM115:SM164",2026-09-16,source-labelled,XD58,null,null,n
1.0.0,"Таблица по подбору сечений теплых ангаров пролетами 9м, 12м, 15м, 18м, 21м, 24м версия 1,5.xlsx",0271b96c6fe725d3e50ad7891401958322a5ae97866bb0bf8cb190bc4bbeff3f,Расчеты,"C7,SO58:ALU58,SM60:SM109,SO113:ALU113,SM115:SM164",2026-09-16,source-labelled,XE58,null,1100,n
1.0.0,"Таблица по подбору сечений теплых ангаров пролетами 9м, 12м, 15м, 18м, 21м, 24м версия 1,5.xlsx",0271b96c6fe725d3e50ad7891401958322a5ae97866bb0bf8cb190bc4bbeff3f,Расчеты,"C7,SO58:ALU58,SM60:SM109,SO113:ALU113,SM115:SM164",2026-09-16,source-labelled,XF58,null,null,n
1.0.0,"Таблица по подбору сечений теплых ангаров пролетами 9м, 12м, 15м, 18м, 21м, 24м версия 1,5.xlsx",0271b96c6fe725d3e50ad7891401958322a5ae97866bb0bf8cb190bc4bbeff3f,Расчеты,"C7,SO58:ALU58,SM60:SM109,SO113:ALU113,SM115:SM164",2026-09-16,source-labelled,XG58,null,null,n
1.0.0,"Таблица по подбору сечений теплых ангаров пролетами 9м, 12м, 15м, 18м, 21м, 24м версия 1,5.xlsx",0271b96c6fe725d3e50ad7891401958322a5ae97866bb0bf8cb190bc4bbeff3f,Расчеты,"C7,SO58:ALU58,SM60:SM109,SO113:ALU113,SM115:SM164",2026-09-16,source-labelled,XH58,null,null,n
1.0.0,"Таблица по подбору сечений теплых ангаров пролетами 9м, 12м, 15м, 18м, 21м, 24м версия 1,5.xlsx",0271b96c6fe725d3e50ad7891401958322a5ae97866bb0bf8cb190bc4bbeff3f,Расчеты,"C7,SO58:ALU58,SM60:SM109,SO113:ALU113,SM115:SM164",2026-09-16,source-labelled,XI58,null,null,n
1.0.0,"Таблица по подбору сечений теплых ангаров пролетами 9м, 12м, 15м, 18м, 21м, 24м версия 1,5.xlsx",0271b96c6fe725d3e50ad7891401958322a5ae97866bb0bf8cb190bc4bbeff3f,Расчеты,"C7,SO58:ALU58,SM60:SM109,SO113:ALU113,SM115:SM164",2026-09-16,source-labelled,XJ58,null,null,n
1.0.0,"Таблица по подбору сечений теплых ангаров пролетами 9м, 12м, 15м, 18м, 21м, 24м версия 1,5.xlsx",0271b96c6fe725d3e50ad7891401958322a5ae97866bb0bf8cb190bc4bbeff3f,Расчеты,"C7,SO58:ALU58,SM60:SM109,SO113:ALU113,SM115:SM164",2026-09-16,source-labelled,XK58,null,null,n
1.0.0,"Таблица по подбору сечений теплых ангаров пролетами 9м, 12м, 15м, 18м, 21м, 24м версия 1,5.xlsx",0271b96c6fe725d3e50ad7891401958322a5ae97866bb0bf8cb190bc4bbeff3f,Расчеты,"C7,SO58:ALU58,SM60:SM109,SO113:ALU113,SM115:SM164",2026-09-16,source-labelled,XL58,null,null,n
1.0.0,"Таблица по подбору сечений теплых ангаров пролетами 9м, 12м, 15м, 18м, 21м, 24м версия 1,5.xlsx",0271b96c6fe725d3e50ad7891401958322a5ae97866bb0bf8cb190bc4bbeff3f,Расчеты,"C7,SO58:ALU58,SM60:SM109,SO113:ALU113,SM115:SM164",2026-09-16,source-labelled,XM58,null,null,n
1.0.0,"Таблица по подбору сечений теплых ангаров пролетами 9м, 12м, 15м, 18м, 21м, 24м версия 1,5.xlsx",0271b96c6fe725d3e50ad7891401958322a5ae97866bb0bf8cb190bc4bbeff3f,Расчеты,"C7,SO58:ALU58,SM60:SM109,SO113:ALU113,SM115:SM164",2026-09-16,source-labelled,XN58,null,null,n
1.0.0,"Таблица по подбору сечений теплых ангаров пролетами 9м, 12м, 15м, 18м, 21м, 24м версия 1,5.xlsx",0271b96c6fe725d3e50ad7891401958322a5ae97866bb0bf8cb190bc4bbeff3f,Расчеты,"C7,SO58:ALU58,SM60:SM109,SO113:ALU113,SM115:SM164",2026-09-16,source-labelled,XO58,null,null,n
1.0.0,"Таблица по подбору сечений теплых ангаров пролетами 9м, 12м, 15м, 18м, 21м, 24м версия 1,5.xlsx",0271b96c6fe725d3e50ad7891401958322a5ae97866bb0bf8cb190bc4bbeff3f,Расчеты,"C7,SO58:ALU58,SM60:SM109,SO113:ALU113,SM115:SM164",2026-09-16,source-labelled,XP58,null,null,n
1.0.0,"Таблица по подбору сечений теплых ангаров пролетами 9м, 12м, 15м, 18м, 21м, 24м версия 1,5.xlsx",0271b96c6fe725d3e50ad7891401958322a5ae97866bb0bf8cb190bc4bbeff3f,Расчеты,"C7,SO58:ALU58,SM60:SM109,SO113:ALU113,SM115:SM164",2026-09-16,source-labelled,XQ58,null,null,n
1.0.0,"Таблица по подбору сечений теплых ангаров пролетами 9м, 12м, 15м, 18м, 21м, 24м версия 1,5.xlsx",0271b96c6fe725d3e50ad7891401958322a5ae97866bb0bf8cb190bc4bbeff3f,Расчеты,"C7,SO58:ALU58,SM60:SM109,SO113:ALU113,SM115:SM164",2026-09-16,source-labelled,XR58,null,null,n
1.0.0,"Таблица по подбору сечений теплых ангаров пролетами 9м, 12м, 15м, 18м, 21м, 24м версия 1,5.xlsx",0271b96c6fe725d3e50ad7891401958322a5ae97866bb0bf8cb190bc4bbeff3f,Расчеты,"C7,SO58:ALU58,SM60:SM109,SO113:ALU113,SM115:SM164",2026-09-16,source-labelled,XS58,null,null,n
1.0.0,"Таблица по подбору сечений теплых ангаров пролетами 9м, 12м, 15м, 18м, 21м, 24м версия 1,5.xlsx",0271b96c6fe725d3e50ad7891401958322a5ae97866bb0bf8cb190bc4bbeff3f,Расчеты,"C7,SO58:ALU58,SM60:SM109,SO113:ALU113,SM115:SM164",2026-09-16,source-labelled,XT58,null,null,n
1.0.0,"Таблица по подбору сечений теплых ангаров пролетами 9м, 12м, 15м, 18м, 21м, 24м версия 1,5.xlsx",0271b96c6fe725d3e50ad7891401958322a5ae97866bb0bf8cb190bc4bbeff3f,Расчеты,"C7,SO58:ALU58,SM60:SM109,SO113:ALU113,SM115:SM164",2026-09-16,source-labelled,XU58,null,null,n
1.0.0,"Таблица по подбору сечений теплых ангаров пролетами 9м, 12м, 15м, 18м, 21м, 24м версия 1,5.xlsx",0271b96c6fe725d3e50ad7891401958322a5ae97866bb0bf8cb190bc4bbeff3f,Расчеты,"C7,SO58:ALU58,SM60:SM109,SO113:ALU113,SM115:SM164",2026-09-16,source-labelled,XV58,null,null,n
1.0.0,"Таблица по подбору сечений теплых ангаров пролетами 9м, 12м, 15м, 18м, 21м, 24м версия 1,5.xlsx",0271b96c6fe725d3e50ad7891401958322a5ae97866bb0bf8cb190bc4bbeff3f,Расчеты,"C7,SO58:ALU58,SM60:SM109,SO113:ALU113,SM115:SM164",2026-09-16,source-labelled,XW58,null,null,n
1.0.0,"Таблица по подбору сечений теплых ангаров пролетами 9м, 12м, 15м, 18м, 21м, 24м версия 1,5.xlsx",0271b96c6fe725d3e50ad7891401958322a5ae97866bb0bf8cb190bc4bbeff3f,Расчеты,"C7,SO58:ALU58,SM60:SM109,SO113:ALU113,SM115:SM164",2026-09-16,source-labelled,XX58,null,null,n
1.0.0,"Таблица по подбору сечений теплых ангаров пролетами 9м, 12м, 15м, 18м, 21м, 24м версия 1,5.xlsx",0271b96c6fe725d3e50ad7891401958322a5ae97866bb0bf8cb190bc4bbeff3f,Расчеты,"C7,SO58:ALU58,SM60:SM109,SO113:ALU113,SM115:SM164",2026-09-16,source-labelled,XY58,null,1200,n
1.0.0,"Таблица по подбору сечений теплых ангаров пролетами 9м, 12м, 15м, 18м, 21м, 24м версия 1,5.xlsx",0271b96c6fe725d3e50ad7891401958322a5ae97866bb0bf8cb190bc4bbeff3f,Расчеты,"C7,SO58:ALU58,SM60:SM109,SO113:ALU113,SM115:SM164",2026-09-16,source-labelled,XZ58,null,null,n
1.0.0,"Таблица по подбору сечений теплых ангаров пролетами 9м, 12м, 15м, 18м, 21м, 24м версия 1,5.xlsx",0271b96c6fe725d3e50ad7891401958322a5ae97866bb0bf8cb190bc4bbeff3f,Расчеты,"C7,SO58:ALU58,SM60:SM109,SO113:ALU113,SM115:SM164",2026-09-16,source-labelled,YA58,null,null,n
1.0.0,"Таблица по подбору сечений теплых ангаров пролетами 9м, 12м, 15м, 18м, 21м, 24м версия 1,5.xlsx",0271b96c6fe725d3e50ad7891401958322a5ae97866bb0bf8cb190bc4bbeff3f,Расчеты,"C7,SO58:ALU58,SM60:SM109,SO113:ALU113,SM115:SM164",2026-09-16,source-labelled,YB58,null,null,n
1.0.0,"Таблица по подбору сечений теплых ангаров пролетами 9м, 12м, 15м, 18м, 21м, 24м версия 1,5.xlsx",0271b96c6fe725d3e50ad7891401958322a5ae97866bb0bf8cb190bc4bbeff3f,Расчеты,"C7,SO58:ALU58,SM60:SM109,SO113:ALU113,SM115:SM164",2026-09-16,source-labelled,YC58,null,null,n
1.0.0,"Таблица по подбору сечений теплых ангаров пролетами 9м, 12м, 15м, 18м, 21м, 24м версия 1,5.xlsx",0271b96c6fe725d3e50ad7891401958322a5ae97866bb0bf8cb190bc4bbeff3f,Расчеты,"C7,SO58:ALU58,SM60:SM109,SO113:ALU113,SM115:SM164",2026-09-16,source-labelled,YD58,null,null,n
1.0.0,"Таблица по подбору сечений теплых ангаров пролетами 9м, 12м, 15м, 18м, 21м, 24м версия 1,5.xlsx",0271b96c6fe725d3e50ad7891401958322a5ae97866bb0bf8cb190bc4bbeff3f,Расчеты,"C7,SO58:ALU58,SM60:SM109,SO113:ALU113,SM115:SM164",2026-09-16,source-labelled,YE58,null,null,n
1.0.0,"Таблица по подбору сечений теплых ангаров пролетами 9м, 12м, 15м, 18м, 21м, 24м версия 1,5.xlsx",0271b96c6fe725d3e50ad7891401958322a5ae97866bb0bf8cb190bc4bbeff3f,Расчеты,"C7,SO58:ALU58,SM60:SM109,SO113:ALU113,SM115:SM164",2026-09-16,source-labelled,YF58,null,null,n
1.0.0,"Таблица по подбору сечений теплых ангаров пролетами 9м, 12м, 15м, 18м, 21м, 24м версия 1,5.xlsx",0271b96c6fe725d3e50ad7891401958322a5ae97866bb0bf8cb190bc4bbeff3f,Расчеты,"C7,SO58:ALU58,SM60:SM109,SO113:ALU113,SM115:SM164",2026-09-16,source-labelled,YG58,null,null,n
1.0.0,"Таблица по подбору сечений теплых ангаров пролетами 9м, 12м, 15м, 18м, 21м, 24м версия 1,5.xlsx",0271b96c6fe725d3e50ad7891401958322a5ae97866bb0bf8cb190bc4bbeff3f,Расчеты,"C7,SO58:ALU58,SM60:SM109,SO113:ALU113,SM115:SM164",2026-09-16,source-labelled,YH58,null,null,n
1.0.0,"Таблица по подбору сечений теплых ангаров пролетами 9м, 12м, 15м, 18м, 21м, 24м версия 1,5.xlsx",0271b96c6fe725d3e50ad7891401958322a5ae97866bb0bf8cb190bc4bbeff3f,Расчеты,"C7,SO58:ALU58,SM60:SM109,SO113:ALU113,SM115:SM164",2026-09-16,source-labelled,YI58,null,null,n
1.0.0,"Таблица по подбору сечений теплых ангаров пролетами 9м, 12м, 15м, 18м, 21м, 24м версия 1,5.xlsx",0271b96c6fe725d3e50ad7891401958322a5ae97866bb0bf8cb190bc4bbeff3f,Расчеты,"C7,SO58:ALU58,SM60:SM109,SO113:ALU113,SM115:SM164",2026-09-16,source-labelled,YJ58,null,null,n
1.0.0,"Таблица по подбору сечений теплых ангаров пролетами 9м, 12м, 15м, 18м, 21м, 24м версия 1,5.xlsx",0271b96c6fe725d3e50ad7891401958322a5ae97866bb0bf8cb190bc4bbeff3f,Расчеты,"C7,SO58:ALU58,SM60:SM109,SO113:ALU113,SM115:SM164",2026-09-16,source-labelled,YK58,null,null,n
1.0.0,"Таблица по подбору сечений теплых ангаров пролетами 9м, 12м, 15м, 18м, 21м, 24м версия 1,5.xlsx",0271b96c6fe725d3e50ad7891401958322a5ae97866bb0bf8cb190bc4bbeff3f,Расчеты,"C7,SO58:ALU58,SM60:SM109,SO113:ALU113,SM115:SM164",2026-09-16,source-labelled,YL58,null,null,n
1.0.0,"Таблица по подбору сечений теплых ангаров пролетами 9м, 12м, 15м, 18м, 21м, 24м версия 1,5.xlsx",0271b96c6fe725d3e50ad7891401958322a5ae97866bb0bf8cb190bc4bbeff3f,Расчеты,"C7,SO58:ALU58,SM60:SM109,SO113:ALU113,SM115:SM164",2026-09-16,source-labelled,YM58,null,null,n
1.0.0,"Таблица по подбору сечений теплых ангаров пролетами 9м, 12м, 15м, 18м, 21м, 24м версия 1,5.xlsx",0271b96c6fe725d3e50ad7891401958322a5ae97866bb0bf8cb190bc4bbeff3f,Расчеты,"C7,SO58:ALU58,SM60:SM109,SO113:ALU113,SM115:SM164",2026-09-16,source-labelled,YN58,null,null,n
1.0.0,"Таблица по подбору сечений теплых ангаров пролетами 9м, 12м, 15м, 18м, 21м, 24м версия 1,5.xlsx",0271b96c6fe725d3e50ad7891401958322a5ae97866bb0bf8cb190bc4bbeff3f,Расчеты,"C7,SO58:ALU58,SM60:SM109,SO113:ALU113,SM115:SM164",2026-09-16,source-labelled,YO58,null,null,n
1.0.0,"Таблица по подбору сечений теплых ангаров пролетами 9м, 12м, 15м, 18м, 21м, 24м версия 1,5.xlsx",0271b96c6fe725d3e50ad7891401958322a5ae97866bb0bf8cb190bc4bbeff3f,Расчеты,"C7,SO58:ALU58,SM60:SM109,SO113:ALU113,SM115:SM164",2026-09-16,source-labelled,YP58,null,null,n
1.0.0,"Таблица по подбору сечений теплых ангаров пролетами 9м, 12м, 15м, 18м, 21м, 24м версия 1,5.xlsx",0271b96c6fe725d3e50ad7891401958322a5ae97866bb0bf8cb190bc4bbeff3f,Расчеты,"C7,SO58:ALU58,SM60:SM109,SO113:ALU113,SM115:SM164",2026-09-16,source-labelled,YQ58,null,null,n
1.0.0,"Таблица по подбору сечений теплых ангаров пролетами 9м, 12м, 15м, 18м, 21м, 24м версия 1,5.xlsx",0271b96c6fe725d3e50ad7891401958322a5ae97866bb0bf8cb190bc4bbeff3f,Расчеты,"C7,SO58:ALU58,SM60:SM109,SO113:ALU113,SM115:SM164",2026-09-16,source-labelled,YR58,null,null,n
1.0.0,"Таблица по подбору сечений теплых ангаров пролетами 9м, 12м, 15м, 18м, 21м, 24м версия 1,5.xlsx",0271b96c6fe725d3e50ad7891401958322a5ae97866bb0bf8cb190bc4bbeff3f,Расчеты,"C7,SO58:ALU58,SM60:SM109,SO113:ALU113,SM115:SM164",2026-09-16,source-labelled,YS58,null,1300,n
1.0.0,"Таблица по подбору сечений теплых ангаров пролетами 9м, 12м, 15м, 18м, 21м, 24м версия 1,5.xlsx",0271b96c6fe725d3e50ad7891401958322a5ae97866bb0bf8cb190bc4bbeff3f,Расчеты,"C7,SO58:ALU58,SM60:SM109,SO113:ALU113,SM115:SM164",2026-09-16,source-labelled,YT58,null,null,n
1.0.0,"Таблица по подбору сечений теплых ангаров пролетами 9м, 12м, 15м, 18м, 21м, 24м версия 1,5.xlsx",0271b96c6fe725d3e50ad7891401958322a5ae97866bb0bf8cb190bc4bbeff3f,Расчеты,"C7,SO58:ALU58,SM60:SM109,SO113:ALU113,SM115:SM164",2026-09-16,source-labelled,YU58,null,null,n
1.0.0,"Таблица по подбору сечений теплых ангаров пролетами 9м, 12м, 15м, 18м, 21м, 24м версия 1,5.xlsx",0271b96c6fe725d3e50ad7891401958322a5ae97866bb0bf8cb190bc4bbeff3f,Расчеты,"C7,SO58:ALU58,SM60:SM109,SO113:ALU113,SM115:SM164",2026-09-16,source-labelled,YV58,null,null,n
1.0.0,"Таблица по подбору сечений теплых ангаров пролетами 9м, 12м, 15м, 18м, 21м, 24м версия 1,5.xlsx",0271b96c6fe725d3e50ad7891401958322a5ae97866bb0bf8cb190bc4bbeff3f,Расчеты,"C7,SO58:ALU58,SM60:SM109,SO113:ALU113,SM115:SM164",2026-09-16,source-labelled,YW58,null,null,n
1.0.0,"Таблица по подбору сечений теплых ангаров пролетами 9м, 12м, 15м, 18м, 21м, 24м версия 1,5.xlsx",0271b96c6fe725d3e50ad7891401958322a5ae97866bb0bf8cb190bc4bbeff3f,Расчеты,"C7,SO58:ALU58,SM60:SM109,SO113:ALU113,SM115:SM164",2026-09-16,source-labelled,YX58,null,null,n
1.0.0,"Таблица по подбору сечений теплых ангаров пролетами 9м, 12м, 15м, 18м, 21м, 24м версия 1,5.xlsx",0271b96c6fe725d3e50ad7891401958322a5ae97866bb0bf8cb190bc4bbeff3f,Расчеты,"C7,SO58:ALU58,SM60:SM109,SO113:ALU113,SM115:SM164",2026-09-16,source-labelled,YY58,null,null,n
1.0.0,"Таблица по подбору сечений теплых ангаров пролетами 9м, 12м, 15м, 18м, 21м, 24м версия 1,5.xlsx",0271b96c6fe725d3e50ad7891401958322a5ae97866bb0bf8cb190bc4bbeff3f,Расчеты,"C7,SO58:ALU58,SM60:SM109,SO113:ALU113,SM115:SM164",2026-09-16,source-labelled,YZ58,null,null,n
1.0.0,"Таблица по подбору сечений теплых ангаров пролетами 9м, 12м, 15м, 18м, 21м, 24м версия 1,5.xlsx",0271b96c6fe725d3e50ad7891401958322a5ae97866bb0bf8cb190bc4bbeff3f,Расчеты,"C7,SO58:ALU58,SM60:SM109,SO113:ALU113,SM115:SM164",2026-09-16,source-labelled,ZA58,null,null,n
1.0.0,"Таблица по подбору сечений теплых ангаров пролетами 9м, 12м, 15м, 18м, 21м, 24м версия 1,5.xlsx",0271b96c6fe725d3e50ad7891401958322a5ae97866bb0bf8cb190bc4bbeff3f,Расчеты,"C7,SO58:ALU58,SM60:SM109,SO113:ALU113,SM115:SM164",2026-09-16,source-labelled,ZB58,null,null,n
1.0.0,"Таблица по подбору сечений теплых ангаров пролетами 9м, 12м, 15м, 18м, 21м, 24м версия 1,5.xlsx",0271b96c6fe725d3e50ad7891401958322a5ae97866bb0bf8cb190bc4bbeff3f,Расчеты,"C7,SO58:ALU58,SM60:SM109,SO113:ALU113,SM115:SM164",2026-09-16,source-labelled,ZC58,null,null,n
1.0.0,"Таблица по подбору сечений теплых ангаров пролетами 9м, 12м, 15м, 18м, 21м, 24м версия 1,5.xlsx",0271b96c6fe725d3e50ad7891401958322a5ae97866bb0bf8cb190bc4bbeff3f,Расчеты,"C7,SO58:ALU58,SM60:SM109,SO113:ALU113,SM115:SM164",2026-09-16,source-labelled,ZD58,null,null,n
1.0.0,"Таблица по подбору сечений теплых ангаров пролетами 9м, 12м, 15м, 18м, 21м, 24м версия 1,5.xlsx",0271b96c6fe725d3e50ad7891401958322a5ae97866bb0bf8cb190bc4bbeff3f,Расчеты,"C7,SO58:ALU58,SM60:SM109,SO113:ALU113,SM115:SM164",2026-09-16,source-labelled,ZE58,null,null,n
1.0.0,"Таблица по подбору сечений теплых ангаров пролетами 9м, 12м, 15м, 18м, 21м, 24м версия 1,5.xlsx",0271b96c6fe725d3e50ad7891401958322a5ae97866bb0bf8cb190bc4bbeff3f,Расчеты,"C7,SO58:ALU58,SM60:SM109,SO113:ALU113,SM115:SM164",2026-09-16,source-labelled,ZF58,null,null,n
1.0.0,"Таблица по подбору сечений теплых ангаров пролетами 9м, 12м, 15м, 18м, 21м, 24м версия 1,5.xlsx",0271b96c6fe725d3e50ad7891401958322a5ae97866bb0bf8cb190bc4bbeff3f,Расчеты,"C7,SO58:ALU58,SM60:SM109,SO113:ALU113,SM115:SM164",2026-09-16,source-labelled,ZG58,null,null,n
1.0.0,"Таблица по подбору сечений теплых ангаров пролетами 9м, 12м, 15м, 18м, 21м, 24м версия 1,5.xlsx",0271b96c6fe725d3e50ad7891401958322a5ae97866bb0bf8cb190bc4bbeff3f,Расчеты,"C7,SO58:ALU58,SM60:SM109,SO113:ALU113,SM115:SM164",2026-09-16,source-labelled,ZH58,null,null,n
1.0.0,"Таблица по подбору сечений теплых ангаров пролетами 9м, 12м, 15м, 18м, 21м, 24м версия 1,5.xlsx",0271b96c6fe725d3e50ad7891401958322a5ae97866bb0bf8cb190bc4bbeff3f,Расчеты,"C7,SO58:ALU58,SM60:SM109,SO113:ALU113,SM115:SM164",2026-09-16,source-labelled,ZI58,null,null,n
1.0.0,"Таблица по подбору сечений теплых ангаров пролетами 9м, 12м, 15м, 18м, 21м, 24м версия 1,5.xlsx",0271b96c6fe725d3e50ad7891401958322a5ae97866bb0bf8cb190bc4bbeff3f,Расчеты,"C7,SO58:ALU58,SM60:SM109,SO113:ALU113,SM115:SM164",2026-09-16,source-labelled,ZJ58,null,null,n
1.0.0,"Таблица по подбору сечений теплых ангаров пролетами 9м, 12м, 15м, 18м, 21м, 24м версия 1,5.xlsx",0271b96c6fe725d3e50ad7891401958322a5ae97866bb0bf8cb190bc4bbeff3f,Расчеты,"C7,SO58:ALU58,SM60:SM109,SO113:ALU113,SM115:SM164",2026-09-16,source-labelled,ZK58,null,null,n
1.0.0,"Таблица по подбору сечений теплых ангаров пролетами 9м, 12м, 15м, 18м, 21м, 24м версия 1,5.xlsx",0271b96c6fe725d3e50ad7891401958322a5ae97866bb0bf8cb190bc4bbeff3f,Расчеты,"C7,SO58:ALU58,SM60:SM109,SO113:ALU113,SM115:SM164",2026-09-16,source-labelled,ZL58,null,null,n
1.0.0,"Таблица по подбору сечений теплых ангаров пролетами 9м, 12м, 15м, 18м, 21м, 24м версия 1,5.xlsx",0271b96c6fe725d3e50ad7891401958322a5ae97866bb0bf8cb190bc4bbeff3f,Расчеты,"C7,SO58:ALU58,SM60:SM109,SO113:ALU113,SM115:SM164",2026-09-16,source-labelled,ZM58,null,1400,n
1.0.0,"Таблица по подбору сечений теплых ангаров пролетами 9м, 12м, 15м, 18м, 21м, 24м версия 1,5.xlsx",0271b96c6fe725d3e50ad7891401958322a5ae97866bb0bf8cb190bc4bbeff3f,Расчеты,"C7,SO58:ALU58,SM60:SM109,SO113:ALU113,SM115:SM164",2026-09-16,source-labelled,ZN58,null,null,n
1.0.0,"Таблица по подбору сечений теплых ангаров пролетами 9м, 12м, 15м, 18м, 21м, 24м версия 1,5.xlsx",0271b96c6fe725d3e50ad7891401958322a5ae97866bb0bf8cb190bc4bbeff3f,Расчеты,"C7,SO58:ALU58,SM60:SM109,SO113:ALU113,SM115:SM164",2026-09-16,source-labelled,ZO58,null,null,n
1.0.0,"Таблица по подбору сечений теплых ангаров пролетами 9м, 12м, 15м, 18м, 21м, 24м версия 1,5.xlsx",0271b96c6fe725d3e50ad7891401958322a5ae97866bb0bf8cb190bc4bbeff3f,Расчеты,"C7,SO58:ALU58,SM60:SM109,SO113:ALU113,SM115:SM164",2026-09-16,source-labelled,ZP58,null,null,n
1.0.0,"Таблица по подбору сечений теплых ангаров пролетами 9м, 12м, 15м, 18м, 21м, 24м версия 1,5.xlsx",0271b96c6fe725d3e50ad7891401958322a5ae97866bb0bf8cb190bc4bbeff3f,Расчеты,"C7,SO58:ALU58,SM60:SM109,SO113:ALU113,SM115:SM164",2026-09-16,source-labelled,ZQ58,null,null,n
1.0.0,"Таблица по подбору сечений теплых ангаров пролетами 9м, 12м, 15м, 18м, 21м, 24м версия 1,5.xlsx",0271b96c6fe725d3e50ad7891401958322a5ae97866bb0bf8cb190bc4bbeff3f,Расчеты,"C7,SO58:ALU58,SM60:SM109,SO113:ALU113,SM115:SM164",2026-09-16,source-labelled,ZR58,null,null,n
1.0.0,"Таблица по подбору сечений теплых ангаров пролетами 9м, 12м, 15м, 18м, 21м, 24м версия 1,5.xlsx",0271b96c6fe725d3e50ad7891401958322a5ae97866bb0bf8cb190bc4bbeff3f,Расчеты,"C7,SO58:ALU58,SM60:SM109,SO113:ALU113,SM115:SM164",2026-09-16,source-labelled,ZS58,null,null,n
1.0.0,"Таблица по подбору сечений теплых ангаров пролетами 9м, 12м, 15м, 18м, 21м, 24м версия 1,5.xlsx",0271b96c6fe725d3e50ad7891401958322a5ae97866bb0bf8cb190bc4bbeff3f,Расчеты,"C7,SO58:ALU58,SM60:SM109,SO113:ALU113,SM115:SM164",2026-09-16,source-labelled,ZT58,null,null,n
1.0.0,"Таблица по подбору сечений теплых ангаров пролетами 9м, 12м, 15м, 18м, 21м, 24м версия 1,5.xlsx",0271b96c6fe725d3e50ad7891401958322a5ae97866bb0bf8cb190bc4bbeff3f,Расчеты,"C7,SO58:ALU58,SM60:SM109,SO113:ALU113,SM115:SM164",2026-09-16,source-labelled,ZU58,null,null,n
1.0.0,"Таблица по подбору сечений теплых ангаров пролетами 9м, 12м, 15м, 18м, 21м, 24м версия 1,5.xlsx",0271b96c6fe725d3e50ad7891401958322a5ae97866bb0bf8cb190bc4bbeff3f,Расчеты,"C7,SO58:ALU58,SM60:SM109,SO113:ALU113,SM115:SM164",2026-09-16,source-labelled,ZV58,null,null,n
1.0.0,"Таблица по подбору сечений теплых ангаров пролетами 9м, 12м, 15м, 18м, 21м, 24м версия 1,5.xlsx",0271b96c6fe725d3e50ad7891401958322a5ae97866bb0bf8cb190bc4bbeff3f,Расчеты,"C7,SO58:ALU58,SM60:SM109,SO113:ALU113,SM115:SM164",2026-09-16,source-labelled,ZW58,null,null,n
1.0.0,"Таблица по подбору сечений теплых ангаров пролетами 9м, 12м, 15м, 18м, 21м, 24м версия 1,5.xlsx",0271b96c6fe725d3e50ad7891401958322a5ae97866bb0bf8cb190bc4bbeff3f,Расчеты,"C7,SO58:ALU58,SM60:SM109,SO113:ALU113,SM115:SM164",2026-09-16,source-labelled,ZX58,null,null,n
1.0.0,"Таблица по подбору сечений теплых ангаров пролетами 9м, 12м, 15м, 18м, 21м, 24м версия 1,5.xlsx",0271b96c6fe725d3e50ad7891401958322a5ae97866bb0bf8cb190bc4bbeff3f,Расчеты,"C7,SO58:ALU58,SM60:SM109,SO113:ALU113,SM115:SM164",2026-09-16,source-labelled,ZY58,null,null,n
1.0.0,"Таблица по подбору сечений теплых ангаров пролетами 9м, 12м, 15м, 18м, 21м, 24м версия 1,5.xlsx",0271b96c6fe725d3e50ad7891401958322a5ae97866bb0bf8cb190bc4bbeff3f,Расчеты,"C7,SO58:ALU58,SM60:SM109,SO113:ALU113,SM115:SM164",2026-09-16,source-labelled,ZZ58,null,null,n
1.0.0,"Таблица по подбору сечений теплых ангаров пролетами 9м, 12м, 15м, 18м, 21м, 24м версия 1,5.xlsx",0271b96c6fe725d3e50ad7891401958322a5ae97866bb0bf8cb190bc4bbeff3f,Расчеты,"C7,SO58:ALU58,SM60:SM109,SO113:ALU113,SM115:SM164",2026-09-16,source-labelled,AAA58,null,null,n
1.0.0,"Таблица по подбору сечений теплых ангаров пролетами 9м, 12м, 15м, 18м, 21м, 24м версия 1,5.xlsx",0271b96c6fe725d3e50ad7891401958322a5ae97866bb0bf8cb190bc4bbeff3f,Расчеты,"C7,SO58:ALU58,SM60:SM109,SO113:ALU113,SM115:SM164",2026-09-16,source-labelled,AAB58,null,null,n
1.0.0,"Таблица по подбору сечений теплых ангаров пролетами 9м, 12м, 15м, 18м, 21м, 24м версия 1,5.xlsx",0271b96c6fe725d3e50ad7891401958322a5ae97866bb0bf8cb190bc4bbeff3f,Расчеты,"C7,SO58:ALU58,SM60:SM109,SO113:ALU113,SM115:SM164",2026-09-16,source-labelled,AAC58,null,null,n
1.0.0,"Таблица по подбору сечений теплых ангаров пролетами 9м, 12м, 15м, 18м, 21м, 24м версия 1,5.xlsx",0271b96c6fe725d3e50ad7891401958322a5ae97866bb0bf8cb190bc4bbeff3f,Расчеты,"C7,SO58:ALU58,SM60:SM109,SO113:ALU113,SM115:SM164",2026-09-16,source-labelled,AAD58,null,null,n
1.0.0,"Таблица по подбору сечений теплых ангаров пролетами 9м, 12м, 15м, 18м, 21м, 24м версия 1,5.xlsx",0271b96c6fe725d3e50ad7891401958322a5ae97866bb0bf8cb190bc4bbeff3f,Расчеты,"C7,SO58:ALU58,SM60:SM109,SO113:ALU113,SM115:SM164",2026-09-16,source-labelled,AAE58,null,null,n
1.0.0,"Таблица по подбору сечений теплых ангаров пролетами 9м, 12м, 15м, 18м, 21м, 24м версия 1,5.xlsx",0271b96c6fe725d3e50ad7891401958322a5ae97866bb0bf8cb190bc4bbeff3f,Расчеты,"C7,SO58:ALU58,SM60:SM109,SO113:ALU113,SM115:SM164",2026-09-16,source-labelled,AAF58,null,null,n
1.0.0,"Таблица по подбору сечений теплых ангаров пролетами 9м, 12м, 15м, 18м, 21м, 24м версия 1,5.xlsx",0271b96c6fe725d3e50ad7891401958322a5ae97866bb0bf8cb190bc4bbeff3f,Расчеты,"C7,SO58:ALU58,SM60:SM109,SO113:ALU113,SM115:SM164",2026-09-16,source-labelled,AAG58,null,1500,n
1.0.0,"Таблица по подбору сечений теплых ангаров пролетами 9м, 12м, 15м, 18м, 21м, 24м версия 1,5.xlsx",0271b96c6fe725d3e50ad7891401958322a5ae97866bb0bf8cb190bc4bbeff3f,Расчеты,"C7,SO58:ALU58,SM60:SM109,SO113:ALU113,SM115:SM164",2026-09-16,source-labelled,AAH58,null,null,n
1.0.0,"Таблица по подбору сечений теплых ангаров пролетами 9м, 12м, 15м, 18м, 21м, 24м версия 1,5.xlsx",0271b96c6fe725d3e50ad7891401958322a5ae97866bb0bf8cb190bc4bbeff3f,Расчеты,"C7,SO58:ALU58,SM60:SM109,SO113:ALU113,SM115:SM164",2026-09-16,source-labelled,AAI58,null,null,n
1.0.0,"Таблица по подбору сечений теплых ангаров пролетами 9м, 12м, 15м, 18м, 21м, 24м версия 1,5.xlsx",0271b96c6fe725d3e50ad7891401958322a5ae97866bb0bf8cb190bc4bbeff3f,Расчеты,"C7,SO58:ALU58,SM60:SM109,SO113:ALU113,SM115:SM164",2026-09-16,source-labelled,AAJ58,null,null,n
1.0.0,"Таблица по подбору сечений теплых ангаров пролетами 9м, 12м, 15м, 18м, 21м, 24м версия 1,5.xlsx",0271b96c6fe725d3e50ad7891401958322a5ae97866bb0bf8cb190bc4bbeff3f,Расчеты,"C7,SO58:ALU58,SM60:SM109,SO113:ALU113,SM115:SM164",2026-09-16,source-labelled,AAK58,null,null,n
1.0.0,"Таблица по подбору сечений теплых ангаров пролетами 9м, 12м, 15м, 18м, 21м, 24м версия 1,5.xlsx",0271b96c6fe725d3e50ad7891401958322a5ae97866bb0bf8cb190bc4bbeff3f,Расчеты,"C7,SO58:ALU58,SM60:SM109,SO113:ALU113,SM115:SM164",2026-09-16,source-labelled,AAL58,null,null,n
1.0.0,"Таблица по подбору сечений теплых ангаров пролетами 9м, 12м, 15м, 18м, 21м, 24м версия 1,5.xlsx",0271b96c6fe725d3e50ad7891401958322a5ae97866bb0bf8cb190bc4bbeff3f,Расчеты,"C7,SO58:ALU58,SM60:SM109,SO113:ALU113,SM115:SM164",2026-09-16,source-labelled,AAM58,null,null,n
1.0.0,"Таблица по подбору сечений теплых ангаров пролетами 9м, 12м, 15м, 18м, 21м, 24м версия 1,5.xlsx",0271b96c6fe725d3e50ad7891401958322a5ae97866bb0bf8cb190bc4bbeff3f,Расчеты,"C7,SO58:ALU58,SM60:SM109,SO113:ALU113,SM115:SM164",2026-09-16,source-labelled,AAN58,null,null,n
1.0.0,"Таблица по подбору сечений теплых ангаров пролетами 9м, 12м, 15м, 18м, 21м, 24м версия 1,5.xlsx",0271b96c6fe725d3e50ad7891401958322a5ae97866bb0bf8cb190bc4bbeff3f,Расчеты,"C7,SO58:ALU58,SM60:SM109,SO113:ALU113,SM115:SM164",2026-09-16,source-labelled,AAO58,null,null,n
1.0.0,"Таблица по подбору сечений теплых ангаров пролетами 9м, 12м, 15м, 18м, 21м, 24м версия 1,5.xlsx",0271b96c6fe725d3e50ad7891401958322a5ae97866bb0bf8cb190bc4bbeff3f,Расчеты,"C7,SO58:ALU58,SM60:SM109,SO113:ALU113,SM115:SM164",2026-09-16,source-labelled,AAP58,null,null,n
1.0.0,"Таблица по подбору сечений теплых ангаров пролетами 9м, 12м, 15м, 18м, 21м, 24м версия 1,5.xlsx",0271b96c6fe725d3e50ad7891401958322a5ae97866bb0bf8cb190bc4bbeff3f,Расчеты,"C7,SO58:ALU58,SM60:SM109,SO113:ALU113,SM115:SM164",2026-09-16,source-labelled,AAQ58,null,null,n
1.0.0,"Таблица по подбору сечений теплых ангаров пролетами 9м, 12м, 15м, 18м, 21м, 24м версия 1,5.xlsx",0271b96c6fe725d3e50ad7891401958322a5ae97866bb0bf8cb190bc4bbeff3f,Расчеты,"C7,SO58:ALU58,SM60:SM109,SO113:ALU113,SM115:SM164",2026-09-16,source-labelled,AAR58,null,null,n
1.0.0,"Таблица по подбору сечений теплых ангаров пролетами 9м, 12м, 15м, 18м, 21м, 24м версия 1,5.xlsx",0271b96c6fe725d3e50ad7891401958322a5ae97866bb0bf8cb190bc4bbeff3f,Расчеты,"C7,SO58:ALU58,SM60:SM109,SO113:ALU113,SM115:SM164",2026-09-16,source-labelled,AAS58,null,null,n
1.0.0,"Таблица по подбору сечений теплых ангаров пролетами 9м, 12м, 15м, 18м, 21м, 24м версия 1,5.xlsx",0271b96c6fe725d3e50ad7891401958322a5ae97866bb0bf8cb190bc4bbeff3f,Расчеты,"C7,SO58:ALU58,SM60:SM109,SO113:ALU113,SM115:SM164",2026-09-16,source-labelled,AAT58,null,null,n
1.0.0,"Таблица по подбору сечений теплых ангаров пролетами 9м, 12м, 15м, 18м, 21м, 24м версия 1,5.xlsx",0271b96c6fe725d3e50ad7891401958322a5ae97866bb0bf8cb190bc4bbeff3f,Расчеты,"C7,SO58:ALU58,SM60:SM109,SO113:ALU113,SM115:SM164",2026-09-16,source-labelled,AAU58,null,null,n
1.0.0,"Таблица по подбору сечений теплых ангаров пролетами 9м, 12м, 15м, 18м, 21м, 24м версия 1,5.xlsx",0271b96c6fe725d3e50ad7891401958322a5ae97866bb0bf8cb190bc4bbeff3f,Расчеты,"C7,SO58:ALU58,SM60:SM109,SO113:ALU113,SM115:SM164",2026-09-16,source-labelled,AAV58,null,null,n
1.0.0,"Таблица по подбору сечений теплых ангаров пролетами 9м, 12м, 15м, 18м, 21м, 24м версия 1,5.xlsx",0271b96c6fe725d3e50ad7891401958322a5ae97866bb0bf8cb190bc4bbeff3f,Расчеты,"C7,SO58:ALU58,SM60:SM109,SO113:ALU113,SM115:SM164",2026-09-16,source-labelled,AAW58,null,null,n
1.0.0,"Таблица по подбору сечений теплых ангаров пролетами 9м, 12м, 15м, 18м, 21м, 24м версия 1,5.xlsx",0271b96c6fe725d3e50ad7891401958322a5ae97866bb0bf8cb190bc4bbeff3f,Расчеты,"C7,SO58:ALU58,SM60:SM109,SO113:ALU113,SM115:SM164",2026-09-16,source-labelled,AAX58,null,null,n
1.0.0,"Таблица по подбору сечений теплых ангаров пролетами 9м, 12м, 15м, 18м, 21м, 24м версия 1,5.xlsx",0271b96c6fe725d3e50ad7891401958322a5ae97866bb0bf8cb190bc4bbeff3f,Расчеты,"C7,SO58:ALU58,SM60:SM109,SO113:ALU113,SM115:SM164",2026-09-16,source-labelled,AAY58,null,null,n
1.0.0,"Таблица по подбору сечений теплых ангаров пролетами 9м, 12м, 15м, 18м, 21м, 24м версия 1,5.xlsx",0271b96c6fe725d3e50ad7891401958322a5ae97866bb0bf8cb190bc4bbeff3f,Расчеты,"C7,SO58:ALU58,SM60:SM109,SO113:ALU113,SM115:SM164",2026-09-16,source-labelled,AAZ58,null,null,n
1.0.0,"Таблица по подбору сечений теплых ангаров пролетами 9м, 12м, 15м, 18м, 21м, 24м версия 1,5.xlsx",0271b96c6fe725d3e50ad7891401958322a5ae97866bb0bf8cb190bc4bbeff3f,Расчеты,"C7,SO58:ALU58,SM60:SM109,SO113:ALU113,SM115:SM164",2026-09-16,source-labelled,ABA58,null,1600,n
1.0.0,"Таблица по подбору сечений теплых ангаров пролетами 9м, 12м, 15м, 18м, 21м, 24м версия 1,5.xlsx",0271b96c6fe725d3e50ad7891401958322a5ae97866bb0bf8cb190bc4bbeff3f,Расчеты,"C7,SO58:ALU58,SM60:SM109,SO113:ALU113,SM115:SM164",2026-09-16,source-labelled,ABB58,null,null,n
1.0.0,"Таблица по подбору сечений теплых ангаров пролетами 9м, 12м, 15м, 18м, 21м, 24м версия 1,5.xlsx",0271b96c6fe725d3e50ad7891401958322a5ae97866bb0bf8cb190bc4bbeff3f,Расчеты,"C7,SO58:ALU58,SM60:SM109,SO113:ALU113,SM115:SM164",2026-09-16,source-labelled,ABC58,null,null,n
1.0.0,"Таблица по подбору сечений теплых ангаров пролетами 9м, 12м, 15м, 18м, 21м, 24м версия 1,5.xlsx",0271b96c6fe725d3e50ad7891401958322a5ae97866bb0bf8cb190bc4bbeff3f,Расчеты,"C7,SO58:ALU58,SM60:SM109,SO113:ALU113,SM115:SM164",2026-09-16,source-labelled,ABD58,null,null,n
1.0.0,"Таблица по подбору сечений теплых ангаров пролетами 9м, 12м, 15м, 18м, 21м, 24м версия 1,5.xlsx",0271b96c6fe725d3e50ad7891401958322a5ae97866bb0bf8cb190bc4bbeff3f,Расчеты,"C7,SO58:ALU58,SM60:SM109,SO113:ALU113,SM115:SM164",2026-09-16,source-labelled,ABE58,null,null,n
1.0.0,"Таблица по подбору сечений теплых ангаров пролетами 9м, 12м, 15м, 18м, 21м, 24м версия 1,5.xlsx",0271b96c6fe725d3e50ad7891401958322a5ae97866bb0bf8cb190bc4bbeff3f,Расчеты,"C7,SO58:ALU58,SM60:SM109,SO113:ALU113,SM115:SM164",2026-09-16,source-labelled,ABF58,null,null,n
1.0.0,"Таблица по подбору сечений теплых ангаров пролетами 9м, 12м, 15м, 18м, 21м, 24м версия 1,5.xlsx",0271b96c6fe725d3e50ad7891401958322a5ae97866bb0bf8cb190bc4bbeff3f,Расчеты,"C7,SO58:ALU58,SM60:SM109,SO113:ALU113,SM115:SM164",2026-09-16,source-labelled,ABG58,null,null,n
1.0.0,"Таблица по подбору сечений теплых ангаров пролетами 9м, 12м, 15м, 18м, 21м, 24м версия 1,5.xlsx",0271b96c6fe725d3e50ad7891401958322a5ae97866bb0bf8cb190bc4bbeff3f,Расчеты,"C7,SO58:ALU58,SM60:SM109,SO113:ALU113,SM115:SM164",2026-09-16,source-labelled,ABH58,null,null,n
1.0.0,"Таблица по подбору сечений теплых ангаров пролетами 9м, 12м, 15м, 18м, 21м, 24м версия 1,5.xlsx",0271b96c6fe725d3e50ad7891401958322a5ae97866bb0bf8cb190bc4bbeff3f,Расчеты,"C7,SO58:ALU58,SM60:SM109,SO113:ALU113,SM115:SM164",2026-09-16,source-labelled,ABI58,null,null,n
1.0.0,"Таблица по подбору сечений теплых ангаров пролетами 9м, 12м, 15м, 18м, 21м, 24м версия 1,5.xlsx",0271b96c6fe725d3e50ad7891401958322a5ae97866bb0bf8cb190bc4bbeff3f,Расчеты,"C7,SO58:ALU58,SM60:SM109,SO113:ALU113,SM115:SM164",2026-09-16,source-labelled,ABJ58,null,null,n
1.0.0,"Таблица по подбору сечений теплых ангаров пролетами 9м, 12м, 15м, 18м, 21м, 24м версия 1,5.xlsx",0271b96c6fe725d3e50ad7891401958322a5ae97866bb0bf8cb190bc4bbeff3f,Расчеты,"C7,SO58:ALU58,SM60:SM109,SO113:ALU113,SM115:SM164",2026-09-16,source-labelled,ABK58,null,null,n
1.0.0,"Таблица по подбору сечений теплых ангаров пролетами 9м, 12м, 15м, 18м, 21м, 24м версия 1,5.xlsx",0271b96c6fe725d3e50ad7891401958322a5ae97866bb0bf8cb190bc4bbeff3f,Расчеты,"C7,SO58:ALU58,SM60:SM109,SO113:ALU113,SM115:SM164",2026-09-16,source-labelled,ABL58,null,null,n
1.0.0,"Таблица по подбору сечений теплых ангаров пролетами 9м, 12м, 15м, 18м, 21м, 24м версия 1,5.xlsx",0271b96c6fe725d3e50ad7891401958322a5ae97866bb0bf8cb190bc4bbeff3f,Расчеты,"C7,SO58:ALU58,SM60:SM109,SO113:ALU113,SM115:SM164",2026-09-16,source-labelled,ABM58,null,null,n
1.0.0,"Таблица по подбору сечений теплых ангаров пролетами 9м, 12м, 15м, 18м, 21м, 24м версия 1,5.xlsx",0271b96c6fe725d3e50ad7891401958322a5ae97866bb0bf8cb190bc4bbeff3f,Расчеты,"C7,SO58:ALU58,SM60:SM109,SO113:ALU113,SM115:SM164",2026-09-16,source-labelled,ABN58,null,null,n
1.0.0,"Таблица по подбору сечений теплых ангаров пролетами 9м, 12м, 15м, 18м, 21м, 24м версия 1,5.xlsx",0271b96c6fe725d3e50ad7891401958322a5ae97866bb0bf8cb190bc4bbeff3f,Расчеты,"C7,SO58:ALU58,SM60:SM109,SO113:ALU113,SM115:SM164",2026-09-16,source-labelled,ABO58,null,null,n
1.0.0,"Таблица по подбору сечений теплых ангаров пролетами 9м, 12м, 15м, 18м, 21м, 24м версия 1,5.xlsx",0271b96c6fe725d3e50ad7891401958322a5ae97866bb0bf8cb190bc4bbeff3f,Расчеты,"C7,SO58:ALU58,SM60:SM109,SO113:ALU113,SM115:SM164",2026-09-16,source-labelled,ABP58,null,null,n
1.0.0,"Таблица по подбору сечений теплых ангаров пролетами 9м, 12м, 15м, 18м, 21м, 24м версия 1,5.xlsx",0271b96c6fe725d3e50ad7891401958322a5ae97866bb0bf8cb190bc4bbeff3f,Расчеты,"C7,SO58:ALU58,SM60:SM109,SO113:ALU113,SM115:SM164",2026-09-16,source-labelled,ABQ58,null,null,n
1.0.0,"Таблица по подбору сечений теплых ангаров пролетами 9м, 12м, 15м, 18м, 21м, 24м версия 1,5.xlsx",0271b96c6fe725d3e50ad7891401958322a5ae97866bb0bf8cb190bc4bbeff3f,Расчеты,"C7,SO58:ALU58,SM60:SM109,SO113:ALU113,SM115:SM164",2026-09-16,source-labelled,ABR58,null,null,n
1.0.0,"Таблица по подбору сечений теплых ангаров пролетами 9м, 12м, 15м, 18м, 21м, 24м версия 1,5.xlsx",0271b96c6fe725d3e50ad7891401958322a5ae97866bb0bf8cb190bc4bbeff3f,Расчеты,"C7,SO58:ALU58,SM60:SM109,SO113:ALU113,SM115:SM164",2026-09-16,source-labelled,ABS58,null,null,n
1.0.0,"Таблица по подбору сечений теплых ангаров пролетами 9м, 12м, 15м, 18м, 21м, 24м версия 1,5.xlsx",0271b96c6fe725d3e50ad7891401958322a5ae97866bb0bf8cb190bc4bbeff3f,Расчеты,"C7,SO58:ALU58,SM60:SM109,SO113:ALU113,SM115:SM164",2026-09-16,source-labelled,ABT58,null,null,n
1.0.0,"Таблица по подбору сечений теплых ангаров пролетами 9м, 12м, 15м, 18м, 21м, 24м версия 1,5.xlsx",0271b96c6fe725d3e50ad7891401958322a5ae97866bb0bf8cb190bc4bbeff3f,Расчеты,"C7,SO58:ALU58,SM60:SM109,SO113:ALU113,SM115:SM164",2026-09-16,source-labelled,ABU58,null,1700,n
1.0.0,"Таблица по подбору сечений теплых ангаров пролетами 9м, 12м, 15м, 18м, 21м, 24м версия 1,5.xlsx",0271b96c6fe725d3e50ad7891401958322a5ae97866bb0bf8cb190bc4bbeff3f,Расчеты,"C7,SO58:ALU58,SM60:SM109,SO113:ALU113,SM115:SM164",2026-09-16,source-labelled,ABV58,null,null,n
1.0.0,"Таблица по подбору сечений теплых ангаров пролетами 9м, 12м, 15м, 18м, 21м, 24м версия 1,5.xlsx",0271b96c6fe725d3e50ad7891401958322a5ae97866bb0bf8cb190bc4bbeff3f,Расчеты,"C7,SO58:ALU58,SM60:SM109,SO113:ALU113,SM115:SM164",2026-09-16,source-labelled,ABW58,null,null,n
1.0.0,"Таблица по подбору сечений теплых ангаров пролетами 9м, 12м, 15м, 18м, 21м, 24м версия 1,5.xlsx",0271b96c6fe725d3e50ad7891401958322a5ae97866bb0bf8cb190bc4bbeff3f,Расчеты,"C7,SO58:ALU58,SM60:SM109,SO113:ALU113,SM115:SM164",2026-09-16,source-labelled,ABX58,null,null,n
1.0.0,"Таблица по подбору сечений теплых ангаров пролетами 9м, 12м, 15м, 18м, 21м, 24м версия 1,5.xlsx",0271b96c6fe725d3e50ad7891401958322a5ae97866bb0bf8cb190bc4bbeff3f,Расчеты,"C7,SO58:ALU58,SM60:SM109,SO113:ALU113,SM115:SM164",2026-09-16,source-labelled,ABY58,null,null,n
1.0.0,"Таблица по подбору сечений теплых ангаров пролетами 9м, 12м, 15м, 18м, 21м, 24м версия 1,5.xlsx",0271b96c6fe725d3e50ad7891401958322a5ae97866bb0bf8cb190bc4bbeff3f,Расчеты,"C7,SO58:ALU58,SM60:SM109,SO113:ALU113,SM115:SM164",2026-09-16,source-labelled,ABZ58,null,null,n
1.0.0,"Таблица по подбору сечений теплых ангаров пролетами 9м, 12м, 15м, 18м, 21м, 24м версия 1,5.xlsx",0271b96c6fe725d3e50ad7891401958322a5ae97866bb0bf8cb190bc4bbeff3f,Расчеты,"C7,SO58:ALU58,SM60:SM109,SO113:ALU113,SM115:SM164",2026-09-16,source-labelled,ACA58,null,null,n
1.0.0,"Таблица по подбору сечений теплых ангаров пролетами 9м, 12м, 15м, 18м, 21м, 24м версия 1,5.xlsx",0271b96c6fe725d3e50ad7891401958322a5ae97866bb0bf8cb190bc4bbeff3f,Расчеты,"C7,SO58:ALU58,SM60:SM109,SO113:ALU113,SM115:SM164",2026-09-16,source-labelled,ACB58,null,null,n
1.0.0,"Таблица по подбору сечений теплых ангаров пролетами 9м, 12м, 15м, 18м, 21м, 24м версия 1,5.xlsx",0271b96c6fe725d3e50ad7891401958322a5ae97866bb0bf8cb190bc4bbeff3f,Расчеты,"C7,SO58:ALU58,SM60:SM109,SO113:ALU113,SM115:SM164",2026-09-16,source-labelled,ACC58,null,null,n
1.0.0,"Таблица по подбору сечений теплых ангаров пролетами 9м, 12м, 15м, 18м, 21м, 24м версия 1,5.xlsx",0271b96c6fe725d3e50ad7891401958322a5ae97866bb0bf8cb190bc4bbeff3f,Расчеты,"C7,SO58:ALU58,SM60:SM109,SO113:ALU113,SM115:SM164",2026-09-16,source-labelled,ACD58,null,null,n
1.0.0,"Таблица по подбору сечений теплых ангаров пролетами 9м, 12м, 15м, 18м, 21м, 24м версия 1,5.xlsx",0271b96c6fe725d3e50ad7891401958322a5ae97866bb0bf8cb190bc4bbeff3f,Расчеты,"C7,SO58:ALU58,SM60:SM109,SO113:ALU113,SM115:SM164",2026-09-16,source-labelled,ACE58,null,null,n
1.0.0,"Таблица по подбору сечений теплых ангаров пролетами 9м, 12м, 15м, 18м, 21м, 24м версия 1,5.xlsx",0271b96c6fe725d3e50ad7891401958322a5ae97866bb0bf8cb190bc4bbeff3f,Расчеты,"C7,SO58:ALU58,SM60:SM109,SO113:ALU113,SM115:SM164",2026-09-16,source-labelled,ACF58,null,null,n
1.0.0,"Таблица по подбору сечений теплых ангаров пролетами 9м, 12м, 15м, 18м, 21м, 24м версия 1,5.xlsx",0271b96c6fe725d3e50ad7891401958322a5ae97866bb0bf8cb190bc4bbeff3f,Расчеты,"C7,SO58:ALU58,SM60:SM109,SO113:ALU113,SM115:SM164",2026-09-16,source-labelled,ACG58,null,null,n
1.0.0,"Таблица по подбору сечений теплых ангаров пролетами 9м, 12м, 15м, 18м, 21м, 24м версия 1,5.xlsx",0271b96c6fe725d3e50ad7891401958322a5ae97866bb0bf8cb190bc4bbeff3f,Расчеты,"C7,SO58:ALU58,SM60:SM109,SO113:ALU113,SM115:SM164",2026-09-16,source-labelled,ACH58,null,null,n
1.0.0,"Таблица по подбору сечений теплых ангаров пролетами 9м, 12м, 15м, 18м, 21м, 24м версия 1,5.xlsx",0271b96c6fe725d3e50ad7891401958322a5ae97866bb0bf8cb190bc4bbeff3f,Расчеты,"C7,SO58:ALU58,SM60:SM109,SO113:ALU113,SM115:SM164",2026-09-16,source-labelled,ACI58,null,null,n
1.0.0,"Таблица по подбору сечений теплых ангаров пролетами 9м, 12м, 15м, 18м, 21м, 24м версия 1,5.xlsx",0271b96c6fe725d3e50ad7891401958322a5ae97866bb0bf8cb190bc4bbeff3f,Расчеты,"C7,SO58:ALU58,SM60:SM109,SO113:ALU113,SM115:SM164",2026-09-16,source-labelled,ACJ58,null,null,n
1.0.0,"Таблица по подбору сечений теплых ангаров пролетами 9м, 12м, 15м, 18м, 21м, 24м версия 1,5.xlsx",0271b96c6fe725d3e50ad7891401958322a5ae97866bb0bf8cb190bc4bbeff3f,Расчеты,"C7,SO58:ALU58,SM60:SM109,SO113:ALU113,SM115:SM164",2026-09-16,source-labelled,ACK58,null,null,n
1.0.0,"Таблица по подбору сечений теплых ангаров пролетами 9м, 12м, 15м, 18м, 21м, 24м версия 1,5.xlsx",0271b96c6fe725d3e50ad7891401958322a5ae97866bb0bf8cb190bc4bbeff3f,Расчеты,"C7,SO58:ALU58,SM60:SM109,SO113:ALU113,SM115:SM164",2026-09-16,source-labelled,ACL58,null,null,n
1.0.0,"Таблица по подбору сечений теплых ангаров пролетами 9м, 12м, 15м, 18м, 21м, 24м версия 1,5.xlsx",0271b96c6fe725d3e50ad7891401958322a5ae97866bb0bf8cb190bc4bbeff3f,Расчеты,"C7,SO58:ALU58,SM60:SM109,SO113:ALU113,SM115:SM164",2026-09-16,source-labelled,ACM58,null,null,n
1.0.0,"Таблица по подбору сечений теплых ангаров пролетами 9м, 12м, 15м, 18м, 21м, 24м версия 1,5.xlsx",0271b96c6fe725d3e50ad7891401958322a5ae97866bb0bf8cb190bc4bbeff3f,Расчеты,"C7,SO58:ALU58,SM60:SM109,SO113:ALU113,SM115:SM164",2026-09-16,source-labelled,ACN58,null,null,n
1.0.0,"Таблица по подбору сечений теплых ангаров пролетами 9м, 12м, 15м, 18м, 21м, 24м версия 1,5.xlsx",0271b96c6fe725d3e50ad7891401958322a5ae97866bb0bf8cb190bc4bbeff3f,Расчеты,"C7,SO58:ALU58,SM60:SM109,SO113:ALU113,SM115:SM164",2026-09-16,source-labelled,ACO58,null,1800,n
1.0.0,"Таблица по подбору сечений теплых ангаров пролетами 9м, 12м, 15м, 18м, 21м, 24м версия 1,5.xlsx",0271b96c6fe725d3e50ad7891401958322a5ae97866bb0bf8cb190bc4bbeff3f,Расчеты,"C7,SO58:ALU58,SM60:SM109,SO113:ALU113,SM115:SM164",2026-09-16,source-labelled,ACP58,null,null,n
1.0.0,"Таблица по подбору сечений теплых ангаров пролетами 9м, 12м, 15м, 18м, 21м, 24м версия 1,5.xlsx",0271b96c6fe725d3e50ad7891401958322a5ae97866bb0bf8cb190bc4bbeff3f,Расчеты,"C7,SO58:ALU58,SM60:SM109,SO113:ALU113,SM115:SM164",2026-09-16,source-labelled,ACQ58,null,null,n
1.0.0,"Таблица по подбору сечений теплых ангаров пролетами 9м, 12м, 15м, 18м, 21м, 24м версия 1,5.xlsx",0271b96c6fe725d3e50ad7891401958322a5ae97866bb0bf8cb190bc4bbeff3f,Расчеты,"C7,SO58:ALU58,SM60:SM109,SO113:ALU113,SM115:SM164",2026-09-16,source-labelled,ACR58,null,null,n
1.0.0,"Таблица по подбору сечений теплых ангаров пролетами 9м, 12м, 15м, 18м, 21м, 24м версия 1,5.xlsx",0271b96c6fe725d3e50ad7891401958322a5ae97866bb0bf8cb190bc4bbeff3f,Расчеты,"C7,SO58:ALU58,SM60:SM109,SO113:ALU113,SM115:SM164",2026-09-16,source-labelled,ACS58,null,null,n
1.0.0,"Таблица по подбору сечений теплых ангаров пролетами 9м, 12м, 15м, 18м, 21м, 24м версия 1,5.xlsx",0271b96c6fe725d3e50ad7891401958322a5ae97866bb0bf8cb190bc4bbeff3f,Расчеты,"C7,SO58:ALU58,SM60:SM109,SO113:ALU113,SM115:SM164",2026-09-16,source-labelled,ACT58,null,null,n
1.0.0,"Таблица по подбору сечений теплых ангаров пролетами 9м, 12м, 15м, 18м, 21м, 24м версия 1,5.xlsx",0271b96c6fe725d3e50ad7891401958322a5ae97866bb0bf8cb190bc4bbeff3f,Расчеты,"C7,SO58:ALU58,SM60:SM109,SO113:ALU113,SM115:SM164",2026-09-16,source-labelled,ACU58,null,null,n
1.0.0,"Таблица по подбору сечений теплых ангаров пролетами 9м, 12м, 15м, 18м, 21м, 24м версия 1,5.xlsx",0271b96c6fe725d3e50ad7891401958322a5ae97866bb0bf8cb190bc4bbeff3f,Расчеты,"C7,SO58:ALU58,SM60:SM109,SO113:ALU113,SM115:SM164",2026-09-16,source-labelled,ACV58,null,null,n
1.0.0,"Таблица по подбору сечений теплых ангаров пролетами 9м, 12м, 15м, 18м, 21м, 24м версия 1,5.xlsx",0271b96c6fe725d3e50ad7891401958322a5ae97866bb0bf8cb190bc4bbeff3f,Расчеты,"C7,SO58:ALU58,SM60:SM109,SO113:ALU113,SM115:SM164",2026-09-16,source-labelled,ACW58,null,null,n
1.0.0,"Таблица по подбору сечений теплых ангаров пролетами 9м, 12м, 15м, 18м, 21м, 24м версия 1,5.xlsx",0271b96c6fe725d3e50ad7891401958322a5ae97866bb0bf8cb190bc4bbeff3f,Расчеты,"C7,SO58:ALU58,SM60:SM109,SO113:ALU113,SM115:SM164",2026-09-16,source-labelled,ACX58,null,null,n
1.0.0,"Таблица по подбору сечений теплых ангаров пролетами 9м, 12м, 15м, 18м, 21м, 24м версия 1,5.xlsx",0271b96c6fe725d3e50ad7891401958322a5ae97866bb0bf8cb190bc4bbeff3f,Расчеты,"C7,SO58:ALU58,SM60:SM109,SO113:ALU113,SM115:SM164",2026-09-16,source-labelled,ACY58,null,null,n
1.0.0,"Таблица по подбору сечений теплых ангаров пролетами 9м, 12м, 15м, 18м, 21м, 24м версия 1,5.xlsx",0271b96c6fe725d3e50ad7891401958322a5ae97866bb0bf8cb190bc4bbeff3f,Расчеты,"C7,SO58:ALU58,SM60:SM109,SO113:ALU113,SM115:SM164",2026-09-16,source-labelled,ACZ58,null,null,n
1.0.0,"Таблица по подбору сечений теплых ангаров пролетами 9м, 12м, 15м, 18м, 21м, 24м версия 1,5.xlsx",0271b96c6fe725d3e50ad7891401958322a5ae97866bb0bf8cb190bc4bbeff3f,Расчеты,"C7,SO58:ALU58,SM60:SM109,SO113:ALU113,SM115:SM164",2026-09-16,source-labelled,ADA58,null,null,n
1.0.0,"Таблица по подбору сечений теплых ангаров пролетами 9м, 12м, 15м, 18м, 21м, 24м версия 1,5.xlsx",0271b96c6fe725d3e50ad7891401958322a5ae97866bb0bf8cb190bc4bbeff3f,Расчеты,"C7,SO58:ALU58,SM60:SM109,SO113:ALU113,SM115:SM164",2026-09-16,source-labelled,ADB58,null,null,n
1.0.0,"Таблица по подбору сечений теплых ангаров пролетами 9м, 12м, 15м, 18м, 21м, 24м версия 1,5.xlsx",0271b96c6fe725d3e50ad7891401958322a5ae97866bb0bf8cb190bc4bbeff3f,Расчеты,"C7,SO58:ALU58,SM60:SM109,SO113:ALU113,SM115:SM164",2026-09-16,source-labelled,ADC58,null,null,n
1.0.0,"Таблица по подбору сечений теплых ангаров пролетами 9м, 12м, 15м, 18м, 21м, 24м версия 1,5.xlsx",0271b96c6fe725d3e50ad7891401958322a5ae97866bb0bf8cb190bc4bbeff3f,Расчеты,"C7,SO58:ALU58,SM60:SM109,SO113:ALU113,SM115:SM164",2026-09-16,source-labelled,ADD58,null,null,n
1.0.0,"Таблица по подбору сечений теплых ангаров пролетами 9м, 12м, 15м, 18м, 21м, 24м версия 1,5.xlsx",0271b96c6fe725d3e50ad7891401958322a5ae97866bb0bf8cb190bc4bbeff3f,Расчеты,"C7,SO58:ALU58,SM60:SM109,SO113:ALU113,SM115:SM164",2026-09-16,source-labelled,ADE58,null,null,n
1.0.0,"Таблица по подбору сечений теплых ангаров пролетами 9м, 12м, 15м, 18м, 21м, 24м версия 1,5.xlsx",0271b96c6fe725d3e50ad7891401958322a5ae97866bb0bf8cb190bc4bbeff3f,Расчеты,"C7,SO58:ALU58,SM60:SM109,SO113:ALU113,SM115:SM164",2026-09-16,source-labelled,ADF58,null,null,n
1.0.0,"Таблица по подбору сечений теплых ангаров пролетами 9м, 12м, 15м, 18м, 21м, 24м версия 1,5.xlsx",0271b96c6fe725d3e50ad7891401958322a5ae97866bb0bf8cb190bc4bbeff3f,Расчеты,"C7,SO58:ALU58,SM60:SM109,SO113:ALU113,SM115:SM164",2026-09-16,source-labelled,ADG58,null,null,n
1.0.0,"Таблица по подбору сечений теплых ангаров пролетами 9м, 12м, 15м, 18м, 21м, 24м версия 1,5.xlsx",0271b96c6fe725d3e50ad7891401958322a5ae97866bb0bf8cb190bc4bbeff3f,Расчеты,"C7,SO58:ALU58,SM60:SM109,SO113:ALU113,SM115:SM164",2026-09-16,source-labelled,ADH58,null,null,n
1.0.0,"Таблица по подбору сечений теплых ангаров пролетами 9м, 12м, 15м, 18м, 21м, 24м версия 1,5.xlsx",0271b96c6fe725d3e50ad7891401958322a5ae97866bb0bf8cb190bc4bbeff3f,Расчеты,"C7,SO58:ALU58,SM60:SM109,SO113:ALU113,SM115:SM164",2026-09-16,source-labelled,ADI58,null,1900,n
1.0.0,"Таблица по подбору сечений теплых ангаров пролетами 9м, 12м, 15м, 18м, 21м, 24м версия 1,5.xlsx",0271b96c6fe725d3e50ad7891401958322a5ae97866bb0bf8cb190bc4bbeff3f,Расчеты,"C7,SO58:ALU58,SM60:SM109,SO113:ALU113,SM115:SM164",2026-09-16,source-labelled,ADJ58,null,null,n
1.0.0,"Таблица по подбору сечений теплых ангаров пролетами 9м, 12м, 15м, 18м, 21м, 24м версия 1,5.xlsx",0271b96c6fe725d3e50ad7891401958322a5ae97866bb0bf8cb190bc4bbeff3f,Расчеты,"C7,SO58:ALU58,SM60:SM109,SO113:ALU113,SM115:SM164",2026-09-16,source-labelled,ADK58,null,null,n
1.0.0,"Таблица по подбору сечений теплых ангаров пролетами 9м, 12м, 15м, 18м, 21м, 24м версия 1,5.xlsx",0271b96c6fe725d3e50ad7891401958322a5ae97866bb0bf8cb190bc4bbeff3f,Расчеты,"C7,SO58:ALU58,SM60:SM109,SO113:ALU113,SM115:SM164",2026-09-16,source-labelled,ADL58,null,null,n
1.0.0,"Таблица по подбору сечений теплых ангаров пролетами 9м, 12м, 15м, 18м, 21м, 24м версия 1,5.xlsx",0271b96c6fe725d3e50ad7891401958322a5ae97866bb0bf8cb190bc4bbeff3f,Расчеты,"C7,SO58:ALU58,SM60:SM109,SO113:ALU113,SM115:SM164",2026-09-16,source-labelled,ADM58,null,null,n
1.0.0,"Таблица по подбору сечений теплых ангаров пролетами 9м, 12м, 15м, 18м, 21м, 24м версия 1,5.xlsx",0271b96c6fe725d3e50ad7891401958322a5ae97866bb0bf8cb190bc4bbeff3f,Расчеты,"C7,SO58:ALU58,SM60:SM109,SO113:ALU113,SM115:SM164",2026-09-16,source-labelled,ADN58,null,null,n
1.0.0,"Таблица по подбору сечений теплых ангаров пролетами 9м, 12м, 15м, 18м, 21м, 24м версия 1,5.xlsx",0271b96c6fe725d3e50ad7891401958322a5ae97866bb0bf8cb190bc4bbeff3f,Расчеты,"C7,SO58:ALU58,SM60:SM109,SO113:ALU113,SM115:SM164",2026-09-16,source-labelled,ADO58,null,null,n
1.0.0,"Таблица по подбору сечений теплых ангаров пролетами 9м, 12м, 15м, 18м, 21м, 24м версия 1,5.xlsx",0271b96c6fe725d3e50ad7891401958322a5ae97866bb0bf8cb190bc4bbeff3f,Расчеты,"C7,SO58:ALU58,SM60:SM109,SO113:ALU113,SM115:SM164",2026-09-16,source-labelled,ADP58,null,null,n
1.0.0,"Таблица по подбору сечений теплых ангаров пролетами 9м, 12м, 15м, 18м, 21м, 24м версия 1,5.xlsx",0271b96c6fe725d3e50ad7891401958322a5ae97866bb0bf8cb190bc4bbeff3f,Расчеты,"C7,SO58:ALU58,SM60:SM109,SO113:ALU113,SM115:SM164",2026-09-16,source-labelled,ADQ58,null,null,n
1.0.0,"Таблица по подбору сечений теплых ангаров пролетами 9м, 12м, 15м, 18м, 21м, 24м версия 1,5.xlsx",0271b96c6fe725d3e50ad7891401958322a5ae97866bb0bf8cb190bc4bbeff3f,Расчеты,"C7,SO58:ALU58,SM60:SM109,SO113:ALU113,SM115:SM164",2026-09-16,source-labelled,ADR58,null,null,n
1.0.0,"Таблица по подбору сечений теплых ангаров пролетами 9м, 12м, 15м, 18м, 21м, 24м версия 1,5.xlsx",0271b96c6fe725d3e50ad7891401958322a5ae97866bb0bf8cb190bc4bbeff3f,Расчеты,"C7,SO58:ALU58,SM60:SM109,SO113:ALU113,SM115:SM164",2026-09-16,source-labelled,ADS58,null,null,n
1.0.0,"Таблица по подбору сечений теплых ангаров пролетами 9м, 12м, 15м, 18м, 21м, 24м версия 1,5.xlsx",0271b96c6fe725d3e50ad7891401958322a5ae97866bb0bf8cb190bc4bbeff3f,Расчеты,"C7,SO58:ALU58,SM60:SM109,SO113:ALU113,SM115:SM164",2026-09-16,source-labelled,ADT58,null,null,n
1.0.0,"Таблица по подбору сечений теплых ангаров пролетами 9м, 12м, 15м, 18м, 21м, 24м версия 1,5.xlsx",0271b96c6fe725d3e50ad7891401958322a5ae97866bb0bf8cb190bc4bbeff3f,Расчеты,"C7,SO58:ALU58,SM60:SM109,SO113:ALU113,SM115:SM164",2026-09-16,source-labelled,ADU58,null,null,n
1.0.0,"Таблица по подбору сечений теплых ангаров пролетами 9м, 12м, 15м, 18м, 21м, 24м версия 1,5.xlsx",0271b96c6fe725d3e50ad7891401958322a5ae97866bb0bf8cb190bc4bbeff3f,Расчеты,"C7,SO58:ALU58,SM60:SM109,SO113:ALU113,SM115:SM164",2026-09-16,source-labelled,ADV58,null,null,n
1.0.0,"Таблица по подбору сечений теплых ангаров пролетами 9м, 12м, 15м, 18м, 21м, 24м версия 1,5.xlsx",0271b96c6fe725d3e50ad7891401958322a5ae97866bb0bf8cb190bc4bbeff3f,Расчеты,"C7,SO58:ALU58,SM60:SM109,SO113:ALU113,SM115:SM164",2026-09-16,source-labelled,ADW58,null,null,n
1.0.0,"Таблица по подбору сечений теплых ангаров пролетами 9м, 12м, 15м, 18м, 21м, 24м версия 1,5.xlsx",0271b96c6fe725d3e50ad7891401958322a5ae97866bb0bf8cb190bc4bbeff3f,Расчеты,"C7,SO58:ALU58,SM60:SM109,SO113:ALU113,SM115:SM164",2026-09-16,source-labelled,ADX58,null,null,n
1.0.0,"Таблица по подбору сечений теплых ангаров пролетами 9м, 12м, 15м, 18м, 21м, 24м версия 1,5.xlsx",0271b96c6fe725d3e50ad7891401958322a5ae97866bb0bf8cb190bc4bbeff3f,Расчеты,"C7,SO58:ALU58,SM60:SM109,SO113:ALU113,SM115:SM164",2026-09-16,source-labelled,ADY58,null,null,n
1.0.0,"Таблица по подбору сечений теплых ангаров пролетами 9м, 12м, 15м, 18м, 21м, 24м версия 1,5.xlsx",0271b96c6fe725d3e50ad7891401958322a5ae97866bb0bf8cb190bc4bbeff3f,Расчеты,"C7,SO58:ALU58,SM60:SM109,SO113:ALU113,SM115:SM164",2026-09-16,source-labelled,ADZ58,null,null,n
1.0.0,"Таблица по подбору сечений теплых ангаров пролетами 9м, 12м, 15м, 18м, 21м, 24м версия 1,5.xlsx",0271b96c6fe725d3e50ad7891401958322a5ae97866bb0bf8cb190bc4bbeff3f,Расчеты,"C7,SO58:ALU58,SM60:SM109,SO113:ALU113,SM115:SM164",2026-09-16,source-labelled,AEA58,null,null,n
1.0.0,"Таблица по подбору сечений теплых ангаров пролетами 9м, 12м, 15м, 18м, 21м, 24м версия 1,5.xlsx",0271b96c6fe725d3e50ad7891401958322a5ae97866bb0bf8cb190bc4bbeff3f,Расчеты,"C7,SO58:ALU58,SM60:SM109,SO113:ALU113,SM115:SM164",2026-09-16,source-labelled,AEB58,null,null,n
1.0.0,"Таблица по подбору сечений теплых ангаров пролетами 9м, 12м, 15м, 18м, 21м, 24м версия 1,5.xlsx",0271b96c6fe725d3e50ad7891401958322a5ae97866bb0bf8cb190bc4bbeff3f,Расчеты,"C7,SO58:ALU58,SM60:SM109,SO113:ALU113,SM115:SM164",2026-09-16,source-labelled,AEC58,null,2000,n
1.0.0,"Таблица по подбору сечений теплых ангаров пролетами 9м, 12м, 15м, 18м, 21м, 24м версия 1,5.xlsx",0271b96c6fe725d3e50ad7891401958322a5ae97866bb0bf8cb190bc4bbeff3f,Расчеты,"C7,SO58:ALU58,SM60:SM109,SO113:ALU113,SM115:SM164",2026-09-16,source-labelled,AED58,null,null,n
1.0.0,"Таблица по подбору сечений теплых ангаров пролетами 9м, 12м, 15м, 18м, 21м, 24м версия 1,5.xlsx",0271b96c6fe725d3e50ad7891401958322a5ae97866bb0bf8cb190bc4bbeff3f,Расчеты,"C7,SO58:ALU58,SM60:SM109,SO113:ALU113,SM115:SM164",2026-09-16,source-labelled,AEE58,null,null,n
1.0.0,"Таблица по подбору сечений теплых ангаров пролетами 9м, 12м, 15м, 18м, 21м, 24м версия 1,5.xlsx",0271b96c6fe725d3e50ad7891401958322a5ae97866bb0bf8cb190bc4bbeff3f,Расчеты,"C7,SO58:ALU58,SM60:SM109,SO113:ALU113,SM115:SM164",2026-09-16,source-labelled,AEF58,null,null,n
1.0.0,"Таблица по подбору сечений теплых ангаров пролетами 9м, 12м, 15м, 18м, 21м, 24м версия 1,5.xlsx",0271b96c6fe725d3e50ad7891401958322a5ae97866bb0bf8cb190bc4bbeff3f,Расчеты,"C7,SO58:ALU58,SM60:SM109,SO113:ALU113,SM115:SM164",2026-09-16,source-labelled,AEG58,null,null,n
1.0.0,"Таблица по подбору сечений теплых ангаров пролетами 9м, 12м, 15м, 18м, 21м, 24м версия 1,5.xlsx",0271b96c6fe725d3e50ad7891401958322a5ae97866bb0bf8cb190bc4bbeff3f,Расчеты,"C7,SO58:ALU58,SM60:SM109,SO113:ALU113,SM115:SM164",2026-09-16,source-labelled,AEH58,null,null,n
1.0.0,"Таблица по подбору сечений теплых ангаров пролетами 9м, 12м, 15м, 18м, 21м, 24м версия 1,5.xlsx",0271b96c6fe725d3e50ad7891401958322a5ae97866bb0bf8cb190bc4bbeff3f,Расчеты,"C7,SO58:ALU58,SM60:SM109,SO113:ALU113,SM115:SM164",2026-09-16,source-labelled,AEI58,null,null,n
1.0.0,"Таблица по подбору сечений теплых ангаров пролетами 9м, 12м, 15м, 18м, 21м, 24м версия 1,5.xlsx",0271b96c6fe725d3e50ad7891401958322a5ae97866bb0bf8cb190bc4bbeff3f,Расчеты,"C7,SO58:ALU58,SM60:SM109,SO113:ALU113,SM115:SM164",2026-09-16,source-labelled,AEJ58,null,null,n
1.0.0,"Таблица по подбору сечений теплых ангаров пролетами 9м, 12м, 15м, 18м, 21м, 24м версия 1,5.xlsx",0271b96c6fe725d3e50ad7891401958322a5ae97866bb0bf8cb190bc4bbeff3f,Расчеты,"C7,SO58:ALU58,SM60:SM109,SO113:ALU113,SM115:SM164",2026-09-16,source-labelled,AEK58,null,null,n
1.0.0,"Таблица по подбору сечений теплых ангаров пролетами 9м, 12м, 15м, 18м, 21м, 24м версия 1,5.xlsx",0271b96c6fe725d3e50ad7891401958322a5ae97866bb0bf8cb190bc4bbeff3f,Расчеты,"C7,SO58:ALU58,SM60:SM109,SO113:ALU113,SM115:SM164",2026-09-16,source-labelled,AEL58,null,null,n
1.0.0,"Таблица по подбору сечений теплых ангаров пролетами 9м, 12м, 15м, 18м, 21м, 24м версия 1,5.xlsx",0271b96c6fe725d3e50ad7891401958322a5ae97866bb0bf8cb190bc4bbeff3f,Расчеты,"C7,SO58:ALU58,SM60:SM109,SO113:ALU113,SM115:SM164",2026-09-16,source-labelled,AEM58,null,null,n
1.0.0,"Таблица по подбору сечений теплых ангаров пролетами 9м, 12м, 15м, 18м, 21м, 24м версия 1,5.xlsx",0271b96c6fe725d3e50ad7891401958322a5ae97866bb0bf8cb190bc4bbeff3f,Расчеты,"C7,SO58:ALU58,SM60:SM109,SO113:ALU113,SM115:SM164",2026-09-16,source-labelled,AEN58,null,null,n
1.0.0,"Таблица по подбору сечений теплых ангаров пролетами 9м, 12м, 15м, 18м, 21м, 24м версия 1,5.xlsx",0271b96c6fe725d3e50ad7891401958322a5ae97866bb0bf8cb190bc4bbeff3f,Расчеты,"C7,SO58:ALU58,SM60:SM109,SO113:ALU113,SM115:SM164",2026-09-16,source-labelled,AEO58,null,null,n
1.0.0,"Таблица по подбору сечений теплых ангаров пролетами 9м, 12м, 15м, 18м, 21м, 24м версия 1,5.xlsx",0271b96c6fe725d3e50ad7891401958322a5ae97866bb0bf8cb190bc4bbeff3f,Расчеты,"C7,SO58:ALU58,SM60:SM109,SO113:ALU113,SM115:SM164",2026-09-16,source-labelled,AEP58,null,null,n
1.0.0,"Таблица по подбору сечений теплых ангаров пролетами 9м, 12м, 15м, 18м, 21м, 24м версия 1,5.xlsx",0271b96c6fe725d3e50ad7891401958322a5ae97866bb0bf8cb190bc4bbeff3f,Расчеты,"C7,SO58:ALU58,SM60:SM109,SO113:ALU113,SM115:SM164",2026-09-16,source-labelled,AEQ58,null,null,n
1.0.0,"Таблица по подбору сечений теплых ангаров пролетами 9м, 12м, 15м, 18м, 21м, 24м версия 1,5.xlsx",0271b96c6fe725d3e50ad7891401958322a5ae97866bb0bf8cb190bc4bbeff3f,Расчеты,"C7,SO58:ALU58,SM60:SM109,SO113:ALU113,SM115:SM164",2026-09-16,source-labelled,AER58,null,null,n
1.0.0,"Таблица по подбору сечений теплых ангаров пролетами 9м, 12м, 15м, 18м, 21м, 24м версия 1,5.xlsx",0271b96c6fe725d3e50ad7891401958322a5ae97866bb0bf8cb190bc4bbeff3f,Расчеты,"C7,SO58:ALU58,SM60:SM109,SO113:ALU113,SM115:SM164",2026-09-16,source-labelled,AES58,null,null,n
1.0.0,"Таблица по подбору сечений теплых ангаров пролетами 9м, 12м, 15м, 18м, 21м, 24м версия 1,5.xlsx",0271b96c6fe725d3e50ad7891401958322a5ae97866bb0bf8cb190bc4bbeff3f,Расчеты,"C7,SO58:ALU58,SM60:SM109,SO113:ALU113,SM115:SM164",2026-09-16,source-labelled,AET58,null,null,n
1.0.0,"Таблица по подбору сечений теплых ангаров пролетами 9м, 12м, 15м, 18м, 21м, 24м версия 1,5.xlsx",0271b96c6fe725d3e50ad7891401958322a5ae97866bb0bf8cb190bc4bbeff3f,Расчеты,"C7,SO58:ALU58,SM60:SM109,SO113:ALU113,SM115:SM164",2026-09-16,source-labelled,AEU58,null,null,n
1.0.0,"Таблица по подбору сечений теплых ангаров пролетами 9м, 12м, 15м, 18м, 21м, 24м версия 1,5.xlsx",0271b96c6fe725d3e50ad7891401958322a5ae97866bb0bf8cb190bc4bbeff3f,Расчеты,"C7,SO58:ALU58,SM60:SM109,SO113:ALU113,SM115:SM164",2026-09-16,source-labelled,AEV58,null,null,n
1.0.0,"Таблица по подбору сечений теплых ангаров пролетами 9м, 12м, 15м, 18м, 21м, 24м версия 1,5.xlsx",0271b96c6fe725d3e50ad7891401958322a5ae97866bb0bf8cb190bc4bbeff3f,Расчеты,"C7,SO58:ALU58,SM60:SM109,SO113:ALU113,SM115:SM164",2026-09-16,source-labelled,AEW58,null,2100,n
1.0.0,"Таблица по подбору сечений теплых ангаров пролетами 9м, 12м, 15м, 18м, 21м, 24м версия 1,5.xlsx",0271b96c6fe725d3e50ad7891401958322a5ae97866bb0bf8cb190bc4bbeff3f,Расчеты,"C7,SO58:ALU58,SM60:SM109,SO113:ALU113,SM115:SM164",2026-09-16,source-labelled,AEX58,null,null,n
1.0.0,"Таблица по подбору сечений теплых ангаров пролетами 9м, 12м, 15м, 18м, 21м, 24м версия 1,5.xlsx",0271b96c6fe725d3e50ad7891401958322a5ae97866bb0bf8cb190bc4bbeff3f,Расчеты,"C7,SO58:ALU58,SM60:SM109,SO113:ALU113,SM115:SM164",2026-09-16,source-labelled,AEY58,null,null,n
1.0.0,"Таблица по подбору сечений теплых ангаров пролетами 9м, 12м, 15м, 18м, 21м, 24м версия 1,5.xlsx",0271b96c6fe725d3e50ad7891401958322a5ae97866bb0bf8cb190bc4bbeff3f,Расчеты,"C7,SO58:ALU58,SM60:SM109,SO113:ALU113,SM115:SM164",2026-09-16,source-labelled,AEZ58,null,null,n
1.0.0,"Таблица по подбору сечений теплых ангаров пролетами 9м, 12м, 15м, 18м, 21м, 24м версия 1,5.xlsx",0271b96c6fe725d3e50ad7891401958322a5ae97866bb0bf8cb190bc4bbeff3f,Расчеты,"C7,SO58:ALU58,SM60:SM109,SO113:ALU113,SM115:SM164",2026-09-16,source-labelled,AFA58,null,null,n
1.0.0,"Таблица по подбору сечений теплых ангаров пролетами 9м, 12м, 15м, 18м, 21м, 24м версия 1,5.xlsx",0271b96c6fe725d3e50ad7891401958322a5ae97866bb0bf8cb190bc4bbeff3f,Расчеты,"C7,SO58:ALU58,SM60:SM109,SO113:ALU113,SM115:SM164",2026-09-16,source-labelled,AFB58,null,null,n
1.0.0,"Таблица по подбору сечений теплых ангаров пролетами 9м, 12м, 15м, 18м, 21м, 24м версия 1,5.xlsx",0271b96c6fe725d3e50ad7891401958322a5ae97866bb0bf8cb190bc4bbeff3f,Расчеты,"C7,SO58:ALU58,SM60:SM109,SO113:ALU113,SM115:SM164",2026-09-16,source-labelled,AFC58,null,null,n
1.0.0,"Таблица по подбору сечений теплых ангаров пролетами 9м, 12м, 15м, 18м, 21м, 24м версия 1,5.xlsx",0271b96c6fe725d3e50ad7891401958322a5ae97866bb0bf8cb190bc4bbeff3f,Расчеты,"C7,SO58:ALU58,SM60:SM109,SO113:ALU113,SM115:SM164",2026-09-16,source-labelled,AFD58,null,null,n
1.0.0,"Таблица по подбору сечений теплых ангаров пролетами 9м, 12м, 15м, 18м, 21м, 24м версия 1,5.xlsx",0271b96c6fe725d3e50ad7891401958322a5ae97866bb0bf8cb190bc4bbeff3f,Расчеты,"C7,SO58:ALU58,SM60:SM109,SO113:ALU113,SM115:SM164",2026-09-16,source-labelled,AFE58,null,null,n
1.0.0,"Таблица по подбору сечений теплых ангаров пролетами 9м, 12м, 15м, 18м, 21м, 24м версия 1,5.xlsx",0271b96c6fe725d3e50ad7891401958322a5ae97866bb0bf8cb190bc4bbeff3f,Расчеты,"C7,SO58:ALU58,SM60:SM109,SO113:ALU113,SM115:SM164",2026-09-16,source-labelled,AFF58,null,null,n
1.0.0,"Таблица по подбору сечений теплых ангаров пролетами 9м, 12м, 15м, 18м, 21м, 24м версия 1,5.xlsx",0271b96c6fe725d3e50ad7891401958322a5ae97866bb0bf8cb190bc4bbeff3f,Расчеты,"C7,SO58:ALU58,SM60:SM109,SO113:ALU113,SM115:SM164",2026-09-16,source-labelled,AFG58,null,null,n
1.0.0,"Таблица по подбору сечений теплых ангаров пролетами 9м, 12м, 15м, 18м, 21м, 24м версия 1,5.xlsx",0271b96c6fe725d3e50ad7891401958322a5ae97866bb0bf8cb190bc4bbeff3f,Расчеты,"C7,SO58:ALU58,SM60:SM109,SO113:ALU113,SM115:SM164",2026-09-16,source-labelled,AFH58,null,null,n
1.0.0,"Таблица по подбору сечений теплых ангаров пролетами 9м, 12м, 15м, 18м, 21м, 24м версия 1,5.xlsx",0271b96c6fe725d3e50ad7891401958322a5ae97866bb0bf8cb190bc4bbeff3f,Расчеты,"C7,SO58:ALU58,SM60:SM109,SO113:ALU113,SM115:SM164",2026-09-16,source-labelled,AFI58,null,null,n
1.0.0,"Таблица по подбору сечений теплых ангаров пролетами 9м, 12м, 15м, 18м, 21м, 24м версия 1,5.xlsx",0271b96c6fe725d3e50ad7891401958322a5ae97866bb0bf8cb190bc4bbeff3f,Расчеты,"C7,SO58:ALU58,SM60:SM109,SO113:ALU113,SM115:SM164",2026-09-16,source-labelled,AFJ58,null,null,n
1.0.0,"Таблица по подбору сечений теплых ангаров пролетами 9м, 12м, 15м, 18м, 21м, 24м версия 1,5.xlsx",0271b96c6fe725d3e50ad7891401958322a5ae97866bb0bf8cb190bc4bbeff3f,Расчеты,"C7,SO58:ALU58,SM60:SM109,SO113:ALU113,SM115:SM164",2026-09-16,source-labelled,AFK58,null,null,n
1.0.0,"Таблица по подбору сечений теплых ангаров пролетами 9м, 12м, 15м, 18м, 21м, 24м версия 1,5.xlsx",0271b96c6fe725d3e50ad7891401958322a5ae97866bb0bf8cb190bc4bbeff3f,Расчеты,"C7,SO58:ALU58,SM60:SM109,SO113:ALU113,SM115:SM164",2026-09-16,source-labelled,AFL58,null,null,n
1.0.0,"Таблица по подбору сечений теплых ангаров пролетами 9м, 12м, 15м, 18м, 21м, 24м версия 1,5.xlsx",0271b96c6fe725d3e50ad7891401958322a5ae97866bb0bf8cb190bc4bbeff3f,Расчеты,"C7,SO58:ALU58,SM60:SM109,SO113:ALU113,SM115:SM164",2026-09-16,source-labelled,AFM58,null,null,n
1.0.0,"Таблица по подбору сечений теплых ангаров пролетами 9м, 12м, 15м, 18м, 21м, 24м версия 1,5.xlsx",0271b96c6fe725d3e50ad7891401958322a5ae97866bb0bf8cb190bc4bbeff3f,Расчеты,"C7,SO58:ALU58,SM60:SM109,SO113:ALU113,SM115:SM164",2026-09-16,source-labelled,AFN58,null,null,n
1.0.0,"Таблица по подбору сечений теплых ангаров пролетами 9м, 12м, 15м, 18м, 21м, 24м версия 1,5.xlsx",0271b96c6fe725d3e50ad7891401958322a5ae97866bb0bf8cb190bc4bbeff3f,Расчеты,"C7,SO58:ALU58,SM60:SM109,SO113:ALU113,SM115:SM164",2026-09-16,source-labelled,AFO58,null,null,n
1.0.0,"Таблица по подбору сечений теплых ангаров пролетами 9м, 12м, 15м, 18м, 21м, 24м версия 1,5.xlsx",0271b96c6fe725d3e50ad7891401958322a5ae97866bb0bf8cb190bc4bbeff3f,Расчеты,"C7,SO58:ALU58,SM60:SM109,SO113:ALU113,SM115:SM164",2026-09-16,source-labelled,AFP58,null,null,n
1.0.0,"Таблица по подбору сечений теплых ангаров пролетами 9м, 12м, 15м, 18м, 21м, 24м версия 1,5.xlsx",0271b96c6fe725d3e50ad7891401958322a5ae97866bb0bf8cb190bc4bbeff3f,Расчеты,"C7,SO58:ALU58,SM60:SM109,SO113:ALU113,SM115:SM164",2026-09-16,source-labelled,AFQ58,null,2200,n
1.0.0,"Таблица по подбору сечений теплых ангаров пролетами 9м, 12м, 15м, 18м, 21м, 24м версия 1,5.xlsx",0271b96c6fe725d3e50ad7891401958322a5ae97866bb0bf8cb190bc4bbeff3f,Расчеты,"C7,SO58:ALU58,SM60:SM109,SO113:ALU113,SM115:SM164",2026-09-16,source-labelled,AFR58,null,null,n
1.0.0,"Таблица по подбору сечений теплых ангаров пролетами 9м, 12м, 15м, 18м, 21м, 24м версия 1,5.xlsx",0271b96c6fe725d3e50ad7891401958322a5ae97866bb0bf8cb190bc4bbeff3f,Расчеты,"C7,SO58:ALU58,SM60:SM109,SO113:ALU113,SM115:SM164",2026-09-16,source-labelled,AFS58,null,null,n
1.0.0,"Таблица по подбору сечений теплых ангаров пролетами 9м, 12м, 15м, 18м, 21м, 24м версия 1,5.xlsx",0271b96c6fe725d3e50ad7891401958322a5ae97866bb0bf8cb190bc4bbeff3f,Расчеты,"C7,SO58:ALU58,SM60:SM109,SO113:ALU113,SM115:SM164",2026-09-16,source-labelled,AFT58,null,null,n
1.0.0,"Таблица по подбору сечений теплых ангаров пролетами 9м, 12м, 15м, 18м, 21м, 24м версия 1,5.xlsx",0271b96c6fe725d3e50ad7891401958322a5ae97866bb0bf8cb190bc4bbeff3f,Расчеты,"C7,SO58:ALU58,SM60:SM109,SO113:ALU113,SM115:SM164",2026-09-16,source-labelled,AFU58,null,null,n
1.0.0,"Таблица по подбору сечений теплых ангаров пролетами 9м, 12м, 15м, 18м, 21м, 24м версия 1,5.xlsx",0271b96c6fe725d3e50ad7891401958322a5ae97866bb0bf8cb190bc4bbeff3f,Расчеты,"C7,SO58:ALU58,SM60:SM109,SO113:ALU113,SM115:SM164",2026-09-16,source-labelled,AFV58,null,null,n
1.0.0,"Таблица по подбору сечений теплых ангаров пролетами 9м, 12м, 15м, 18м, 21м, 24м версия 1,5.xlsx",0271b96c6fe725d3e50ad7891401958322a5ae97866bb0bf8cb190bc4bbeff3f,Расчеты,"C7,SO58:ALU58,SM60:SM109,SO113:ALU113,SM115:SM164",2026-09-16,source-labelled,AFW58,null,null,n
1.0.0,"Таблица по подбору сечений теплых ангаров пролетами 9м, 12м, 15м, 18м, 21м, 24м версия 1,5.xlsx",0271b96c6fe725d3e50ad7891401958322a5ae97866bb0bf8cb190bc4bbeff3f,Расчеты,"C7,SO58:ALU58,SM60:SM109,SO113:ALU113,SM115:SM164",2026-09-16,source-labelled,AFX58,null,null,n
1.0.0,"Таблица по подбору сечений теплых ангаров пролетами 9м, 12м, 15м, 18м, 21м, 24м версия 1,5.xlsx",0271b96c6fe725d3e50ad7891401958322a5ae97866bb0bf8cb190bc4bbeff3f,Расчеты,"C7,SO58:ALU58,SM60:SM109,SO113:ALU113,SM115:SM164",2026-09-16,source-labelled,AFY58,null,null,n
1.0.0,"Таблица по подбору сечений теплых ангаров пролетами 9м, 12м, 15м, 18м, 21м, 24м версия 1,5.xlsx",0271b96c6fe725d3e50ad7891401958322a5ae97866bb0bf8cb190bc4bbeff3f,Расчеты,"C7,SO58:ALU58,SM60:SM109,SO113:ALU113,SM115:SM164",2026-09-16,source-labelled,AFZ58,null,null,n
1.0.0,"Таблица по подбору сечений теплых ангаров пролетами 9м, 12м, 15м, 18м, 21м, 24м версия 1,5.xlsx",0271b96c6fe725d3e50ad7891401958322a5ae97866bb0bf8cb190bc4bbeff3f,Расчеты,"C7,SO58:ALU58,SM60:SM109,SO113:ALU113,SM115:SM164",2026-09-16,source-labelled,AGA58,null,null,n
1.0.0,"Таблица по подбору сечений теплых ангаров пролетами 9м, 12м, 15м, 18м, 21м, 24м версия 1,5.xlsx",0271b96c6fe725d3e50ad7891401958322a5ae97866bb0bf8cb190bc4bbeff3f,Расчеты,"C7,SO58:ALU58,SM60:SM109,SO113:ALU113,SM115:SM164",2026-09-16,source-labelled,AGB58,null,null,n
1.0.0,"Таблица по подбору сечений теплых ангаров пролетами 9м, 12м, 15м, 18м, 21м, 24м версия 1,5.xlsx",0271b96c6fe725d3e50ad7891401958322a5ae97866bb0bf8cb190bc4bbeff3f,Расчеты,"C7,SO58:ALU58,SM60:SM109,SO113:ALU113,SM115:SM164",2026-09-16,source-labelled,AGC58,null,null,n
1.0.0,"Таблица по подбору сечений теплых ангаров пролетами 9м, 12м, 15м, 18м, 21м, 24м версия 1,5.xlsx",0271b96c6fe725d3e50ad7891401958322a5ae97866bb0bf8cb190bc4bbeff3f,Расчеты,"C7,SO58:ALU58,SM60:SM109,SO113:ALU113,SM115:SM164",2026-09-16,source-labelled,AGD58,null,null,n
1.0.0,"Таблица по подбору сечений теплых ангаров пролетами 9м, 12м, 15м, 18м, 21м, 24м версия 1,5.xlsx",0271b96c6fe725d3e50ad7891401958322a5ae97866bb0bf8cb190bc4bbeff3f,Расчеты,"C7,SO58:ALU58,SM60:SM109,SO113:ALU113,SM115:SM164",2026-09-16,source-labelled,AGE58,null,null,n
1.0.0,"Таблица по подбору сечений теплых ангаров пролетами 9м, 12м, 15м, 18м, 21м, 24м версия 1,5.xlsx",0271b96c6fe725d3e50ad7891401958322a5ae97866bb0bf8cb190bc4bbeff3f,Расчеты,"C7,SO58:ALU58,SM60:SM109,SO113:ALU113,SM115:SM164",2026-09-16,source-labelled,AGF58,null,null,n
1.0.0,"Таблица по подбору сечений теплых ангаров пролетами 9м, 12м, 15м, 18м, 21м, 24м версия 1,5.xlsx",0271b96c6fe725d3e50ad7891401958322a5ae97866bb0bf8cb190bc4bbeff3f,Расчеты,"C7,SO58:ALU58,SM60:SM109,SO113:ALU113,SM115:SM164",2026-09-16,source-labelled,AGG58,null,null,n
1.0.0,"Таблица по подбору сечений теплых ангаров пролетами 9м, 12м, 15м, 18м, 21м, 24м версия 1,5.xlsx",0271b96c6fe725d3e50ad7891401958322a5ae97866bb0bf8cb190bc4bbeff3f,Расчеты,"C7,SO58:ALU58,SM60:SM109,SO113:ALU113,SM115:SM164",2026-09-16,source-labelled,AGH58,null,null,n
1.0.0,"Таблица по подбору сечений теплых ангаров пролетами 9м, 12м, 15м, 18м, 21м, 24м версия 1,5.xlsx",0271b96c6fe725d3e50ad7891401958322a5ae97866bb0bf8cb190bc4bbeff3f,Расчеты,"C7,SO58:ALU58,SM60:SM109,SO113:ALU113,SM115:SM164",2026-09-16,source-labelled,AGI58,null,null,n
1.0.0,"Таблица по подбору сечений теплых ангаров пролетами 9м, 12м, 15м, 18м, 21м, 24м версия 1,5.xlsx",0271b96c6fe725d3e50ad7891401958322a5ae97866bb0bf8cb190bc4bbeff3f,Расчеты,"C7,SO58:ALU58,SM60:SM109,SO113:ALU113,SM115:SM164",2026-09-16,source-labelled,AGJ58,null,null,n
1.0.0,"Таблица по подбору сечений теплых ангаров пролетами 9м, 12м, 15м, 18м, 21м, 24м версия 1,5.xlsx",0271b96c6fe725d3e50ad7891401958322a5ae97866bb0bf8cb190bc4bbeff3f,Расчеты,"C7,SO58:ALU58,SM60:SM109,SO113:ALU113,SM115:SM164",2026-09-16,source-labelled,AGK58,null,2300,n
1.0.0,"Таблица по подбору сечений теплых ангаров пролетами 9м, 12м, 15м, 18м, 21м, 24м версия 1,5.xlsx",0271b96c6fe725d3e50ad7891401958322a5ae97866bb0bf8cb190bc4bbeff3f,Расчеты,"C7,SO58:ALU58,SM60:SM109,SO113:ALU113,SM115:SM164",2026-09-16,source-labelled,AGL58,null,null,n
1.0.0,"Таблица по подбору сечений теплых ангаров пролетами 9м, 12м, 15м, 18м, 21м, 24м версия 1,5.xlsx",0271b96c6fe725d3e50ad7891401958322a5ae97866bb0bf8cb190bc4bbeff3f,Расчеты,"C7,SO58:ALU58,SM60:SM109,SO113:ALU113,SM115:SM164",2026-09-16,source-labelled,AGM58,null,null,n
1.0.0,"Таблица по подбору сечений теплых ангаров пролетами 9м, 12м, 15м, 18м, 21м, 24м версия 1,5.xlsx",0271b96c6fe725d3e50ad7891401958322a5ae97866bb0bf8cb190bc4bbeff3f,Расчеты,"C7,SO58:ALU58,SM60:SM109,SO113:ALU113,SM115:SM164",2026-09-16,source-labelled,AGN58,null,null,n
1.0.0,"Таблица по подбору сечений теплых ангаров пролетами 9м, 12м, 15м, 18м, 21м, 24м версия 1,5.xlsx",0271b96c6fe725d3e50ad7891401958322a5ae97866bb0bf8cb190bc4bbeff3f,Расчеты,"C7,SO58:ALU58,SM60:SM109,SO113:ALU113,SM115:SM164",2026-09-16,source-labelled,AGO58,null,null,n
1.0.0,"Таблица по подбору сечений теплых ангаров пролетами 9м, 12м, 15м, 18м, 21м, 24м версия 1,5.xlsx",0271b96c6fe725d3e50ad7891401958322a5ae97866bb0bf8cb190bc4bbeff3f,Расчеты,"C7,SO58:ALU58,SM60:SM109,SO113:ALU113,SM115:SM164",2026-09-16,source-labelled,AGP58,null,null,n
1.0.0,"Таблица по подбору сечений теплых ангаров пролетами 9м, 12м, 15м, 18м, 21м, 24м версия 1,5.xlsx",0271b96c6fe725d3e50ad7891401958322a5ae97866bb0bf8cb190bc4bbeff3f,Расчеты,"C7,SO58:ALU58,SM60:SM109,SO113:ALU113,SM115:SM164",2026-09-16,source-labelled,AGQ58,null,null,n
1.0.0,"Таблица по подбору сечений теплых ангаров пролетами 9м, 12м, 15м, 18м, 21м, 24м версия 1,5.xlsx",0271b96c6fe725d3e50ad7891401958322a5ae97866bb0bf8cb190bc4bbeff3f,Расчеты,"C7,SO58:ALU58,SM60:SM109,SO113:ALU113,SM115:SM164",2026-09-16,source-labelled,AGR58,null,null,n
1.0.0,"Таблица по подбору сечений теплых ангаров пролетами 9м, 12м, 15м, 18м, 21м, 24м версия 1,5.xlsx",0271b96c6fe725d3e50ad7891401958322a5ae97866bb0bf8cb190bc4bbeff3f,Расчеты,"C7,SO58:ALU58,SM60:SM109,SO113:ALU113,SM115:SM164",2026-09-16,source-labelled,AGS58,null,null,n
1.0.0,"Таблица по подбору сечений теплых ангаров пролетами 9м, 12м, 15м, 18м, 21м, 24м версия 1,5.xlsx",0271b96c6fe725d3e50ad7891401958322a5ae97866bb0bf8cb190bc4bbeff3f,Расчеты,"C7,SO58:ALU58,SM60:SM109,SO113:ALU113,SM115:SM164",2026-09-16,source-labelled,AGT58,null,null,n
1.0.0,"Таблица по подбору сечений теплых ангаров пролетами 9м, 12м, 15м, 18м, 21м, 24м версия 1,5.xlsx",0271b96c6fe725d3e50ad7891401958322a5ae97866bb0bf8cb190bc4bbeff3f,Расчеты,"C7,SO58:ALU58,SM60:SM109,SO113:ALU113,SM115:SM164",2026-09-16,source-labelled,AGU58,null,null,n
1.0.0,"Таблица по подбору сечений теплых ангаров пролетами 9м, 12м, 15м, 18м, 21м, 24м версия 1,5.xlsx",0271b96c6fe725d3e50ad7891401958322a5ae97866bb0bf8cb190bc4bbeff3f,Расчеты,"C7,SO58:ALU58,SM60:SM109,SO113:ALU113,SM115:SM164",2026-09-16,source-labelled,AGV58,null,null,n
1.0.0,"Таблица по подбору сечений теплых ангаров пролетами 9м, 12м, 15м, 18м, 21м, 24м версия 1,5.xlsx",0271b96c6fe725d3e50ad7891401958322a5ae97866bb0bf8cb190bc4bbeff3f,Расчеты,"C7,SO58:ALU58,SM60:SM109,SO113:ALU113,SM115:SM164",2026-09-16,source-labelled,AGW58,null,null,n
1.0.0,"Таблица по подбору сечений теплых ангаров пролетами 9м, 12м, 15м, 18м, 21м, 24м версия 1,5.xlsx",0271b96c6fe725d3e50ad7891401958322a5ae97866bb0bf8cb190bc4bbeff3f,Расчеты,"C7,SO58:ALU58,SM60:SM109,SO113:ALU113,SM115:SM164",2026-09-16,source-labelled,AGX58,null,null,n
1.0.0,"Таблица по подбору сечений теплых ангаров пролетами 9м, 12м, 15м, 18м, 21м, 24м версия 1,5.xlsx",0271b96c6fe725d3e50ad7891401958322a5ae97866bb0bf8cb190bc4bbeff3f,Расчеты,"C7,SO58:ALU58,SM60:SM109,SO113:ALU113,SM115:SM164",2026-09-16,source-labelled,AGY58,null,null,n
1.0.0,"Таблица по подбору сечений теплых ангаров пролетами 9м, 12м, 15м, 18м, 21м, 24м версия 1,5.xlsx",0271b96c6fe725d3e50ad7891401958322a5ae97866bb0bf8cb190bc4bbeff3f,Расчеты,"C7,SO58:ALU58,SM60:SM109,SO113:ALU113,SM115:SM164",2026-09-16,source-labelled,AGZ58,null,null,n
1.0.0,"Таблица по подбору сечений теплых ангаров пролетами 9м, 12м, 15м, 18м, 21м, 24м версия 1,5.xlsx",0271b96c6fe725d3e50ad7891401958322a5ae97866bb0bf8cb190bc4bbeff3f,Расчеты,"C7,SO58:ALU58,SM60:SM109,SO113:ALU113,SM115:SM164",2026-09-16,source-labelled,AHA58,null,null,n
1.0.0,"Таблица по подбору сечений теплых ангаров пролетами 9м, 12м, 15м, 18м, 21м, 24м версия 1,5.xlsx",0271b96c6fe725d3e50ad7891401958322a5ae97866bb0bf8cb190bc4bbeff3f,Расчеты,"C7,SO58:ALU58,SM60:SM109,SO113:ALU113,SM115:SM164",2026-09-16,source-labelled,AHB58,null,null,n
1.0.0,"Таблица по подбору сечений теплых ангаров пролетами 9м, 12м, 15м, 18м, 21м, 24м версия 1,5.xlsx",0271b96c6fe725d3e50ad7891401958322a5ae97866bb0bf8cb190bc4bbeff3f,Расчеты,"C7,SO58:ALU58,SM60:SM109,SO113:ALU113,SM115:SM164",2026-09-16,source-labelled,AHC58,null,null,n
1.0.0,"Таблица по подбору сечений теплых ангаров пролетами 9м, 12м, 15м, 18м, 21м, 24м версия 1,5.xlsx",0271b96c6fe725d3e50ad7891401958322a5ae97866bb0bf8cb190bc4bbeff3f,Расчеты,"C7,SO58:ALU58,SM60:SM109,SO113:ALU113,SM115:SM164",2026-09-16,source-labelled,AHD58,null,null,n
1.0.0,"Таблица по подбору сечений теплых ангаров пролетами 9м, 12м, 15м, 18м, 21м, 24м версия 1,5.xlsx",0271b96c6fe725d3e50ad7891401958322a5ae97866bb0bf8cb190bc4bbeff3f,Расчеты,"C7,SO58:ALU58,SM60:SM109,SO113:ALU113,SM115:SM164",2026-09-16,source-labelled,AHE58,null,2400,n
1.0.0,"Таблица по подбору сечений теплых ангаров пролетами 9м, 12м, 15м, 18м, 21м, 24м версия 1,5.xlsx",0271b96c6fe725d3e50ad7891401958322a5ae97866bb0bf8cb190bc4bbeff3f,Расчеты,"C7,SO58:ALU58,SM60:SM109,SO113:ALU113,SM115:SM164",2026-09-16,source-labelled,AHF58,null,null,n
1.0.0,"Таблица по подбору сечений теплых ангаров пролетами 9м, 12м, 15м, 18м, 21м, 24м версия 1,5.xlsx",0271b96c6fe725d3e50ad7891401958322a5ae97866bb0bf8cb190bc4bbeff3f,Расчеты,"C7,SO58:ALU58,SM60:SM109,SO113:ALU113,SM115:SM164",2026-09-16,source-labelled,AHG58,null,null,n
1.0.0,"Таблица по подбору сечений теплых ангаров пролетами 9м, 12м, 15м, 18м, 21м, 24м версия 1,5.xlsx",0271b96c6fe725d3e50ad7891401958322a5ae97866bb0bf8cb190bc4bbeff3f,Расчеты,"C7,SO58:ALU58,SM60:SM109,SO113:ALU113,SM115:SM164",2026-09-16,source-labelled,AHH58,null,null,n
1.0.0,"Таблица по подбору сечений теплых ангаров пролетами 9м, 12м, 15м, 18м, 21м, 24м версия 1,5.xlsx",0271b96c6fe725d3e50ad7891401958322a5ae97866bb0bf8cb190bc4bbeff3f,Расчеты,"C7,SO58:ALU58,SM60:SM109,SO113:ALU113,SM115:SM164",2026-09-16,source-labelled,AHI58,null,null,n
1.0.0,"Таблица по подбору сечений теплых ангаров пролетами 9м, 12м, 15м, 18м, 21м, 24м версия 1,5.xlsx",0271b96c6fe725d3e50ad7891401958322a5ae97866bb0bf8cb190bc4bbeff3f,Расчеты,"C7,SO58:ALU58,SM60:SM109,SO113:ALU113,SM115:SM164",2026-09-16,source-labelled,AHJ58,null,null,n
1.0.0,"Таблица по подбору сечений теплых ангаров пролетами 9м, 12м, 15м, 18м, 21м, 24м версия 1,5.xlsx",0271b96c6fe725d3e50ad7891401958322a5ae97866bb0bf8cb190bc4bbeff3f,Расчеты,"C7,SO58:ALU58,SM60:SM109,SO113:ALU113,SM115:SM164",2026-09-16,source-labelled,AHK58,null,null,n
1.0.0,"Таблица по подбору сечений теплых ангаров пролетами 9м, 12м, 15м, 18м, 21м, 24м версия 1,5.xlsx",0271b96c6fe725d3e50ad7891401958322a5ae97866bb0bf8cb190bc4bbeff3f,Расчеты,"C7,SO58:ALU58,SM60:SM109,SO113:ALU113,SM115:SM164",2026-09-16,source-labelled,AHL58,null,null,n
1.0.0,"Таблица по подбору сечений теплых ангаров пролетами 9м, 12м, 15м, 18м, 21м, 24м версия 1,5.xlsx",0271b96c6fe725d3e50ad7891401958322a5ae97866bb0bf8cb190bc4bbeff3f,Расчеты,"C7,SO58:ALU58,SM60:SM109,SO113:ALU113,SM115:SM164",2026-09-16,source-labelled,AHM58,null,null,n
1.0.0,"Таблица по подбору сечений теплых ангаров пролетами 9м, 12м, 15м, 18м, 21м, 24м версия 1,5.xlsx",0271b96c6fe725d3e50ad7891401958322a5ae97866bb0bf8cb190bc4bbeff3f,Расчеты,"C7,SO58:ALU58,SM60:SM109,SO113:ALU113,SM115:SM164",2026-09-16,source-labelled,AHN58,null,null,n
1.0.0,"Таблица по подбору сечений теплых ангаров пролетами 9м, 12м, 15м, 18м, 21м, 24м версия 1,5.xlsx",0271b96c6fe725d3e50ad7891401958322a5ae97866bb0bf8cb190bc4bbeff3f,Расчеты,"C7,SO58:ALU58,SM60:SM109,SO113:ALU113,SM115:SM164",2026-09-16,source-labelled,AHO58,null,null,n
1.0.0,"Таблица по подбору сечений теплых ангаров пролетами 9м, 12м, 15м, 18м, 21м, 24м версия 1,5.xlsx",0271b96c6fe725d3e50ad7891401958322a5ae97866bb0bf8cb190bc4bbeff3f,Расчеты,"C7,SO58:ALU58,SM60:SM109,SO113:ALU113,SM115:SM164",2026-09-16,source-labelled,AHP58,null,null,n
1.0.0,"Таблица по подбору сечений теплых ангаров пролетами 9м, 12м, 15м, 18м, 21м, 24м версия 1,5.xlsx",0271b96c6fe725d3e50ad7891401958322a5ae97866bb0bf8cb190bc4bbeff3f,Расчеты,"C7,SO58:ALU58,SM60:SM109,SO113:ALU113,SM115:SM164",2026-09-16,source-labelled,AHQ58,null,null,n
1.0.0,"Таблица по подбору сечений теплых ангаров пролетами 9м, 12м, 15м, 18м, 21м, 24м версия 1,5.xlsx",0271b96c6fe725d3e50ad7891401958322a5ae97866bb0bf8cb190bc4bbeff3f,Расчеты,"C7,SO58:ALU58,SM60:SM109,SO113:ALU113,SM115:SM164",2026-09-16,source-labelled,AHR58,null,null,n
1.0.0,"Таблица по подбору сечений теплых ангаров пролетами 9м, 12м, 15м, 18м, 21м, 24м версия 1,5.xlsx",0271b96c6fe725d3e50ad7891401958322a5ae97866bb0bf8cb190bc4bbeff3f,Расчеты,"C7,SO58:ALU58,SM60:SM109,SO113:ALU113,SM115:SM164",2026-09-16,source-labelled,AHS58,null,null,n
1.0.0,"Таблица по подбору сечений теплых ангаров пролетами 9м, 12м, 15м, 18м, 21м, 24м версия 1,5.xlsx",0271b96c6fe725d3e50ad7891401958322a5ae97866bb0bf8cb190bc4bbeff3f,Расчеты,"C7,SO58:ALU58,SM60:SM109,SO113:ALU113,SM115:SM164",2026-09-16,source-labelled,AHT58,null,null,n
1.0.0,"Таблица по подбору сечений теплых ангаров пролетами 9м, 12м, 15м, 18м, 21м, 24м версия 1,5.xlsx",0271b96c6fe725d3e50ad7891401958322a5ae97866bb0bf8cb190bc4bbeff3f,Расчеты,"C7,SO58:ALU58,SM60:SM109,SO113:ALU113,SM115:SM164",2026-09-16,source-labelled,AHU58,null,null,n
1.0.0,"Таблица по подбору сечений теплых ангаров пролетами 9м, 12м, 15м, 18м, 21м, 24м версия 1,5.xlsx",0271b96c6fe725d3e50ad7891401958322a5ae97866bb0bf8cb190bc4bbeff3f,Расчеты,"C7,SO58:ALU58,SM60:SM109,SO113:ALU113,SM115:SM164",2026-09-16,source-labelled,AHV58,null,null,n
1.0.0,"Таблица по подбору сечений теплых ангаров пролетами 9м, 12м, 15м, 18м, 21м, 24м версия 1,5.xlsx",0271b96c6fe725d3e50ad7891401958322a5ae97866bb0bf8cb190bc4bbeff3f,Расчеты,"C7,SO58:ALU58,SM60:SM109,SO113:ALU113,SM115:SM164",2026-09-16,source-labelled,AHW58,null,null,n
1.0.0,"Таблица по подбору сечений теплых ангаров пролетами 9м, 12м, 15м, 18м, 21м, 24м версия 1,5.xlsx",0271b96c6fe725d3e50ad7891401958322a5ae97866bb0bf8cb190bc4bbeff3f,Расчеты,"C7,SO58:ALU58,SM60:SM109,SO113:ALU113,SM115:SM164",2026-09-16,source-labelled,AHX58,null,null,n
1.0.0,"Таблица по подбору сечений теплых ангаров пролетами 9м, 12м, 15м, 18м, 21м, 24м версия 1,5.xlsx",0271b96c6fe725d3e50ad7891401958322a5ae97866bb0bf8cb190bc4bbeff3f,Расчеты,"C7,SO58:ALU58,SM60:SM109,SO113:ALU113,SM115:SM164",2026-09-16,source-labelled,AHY58,null,2500,n
1.0.0,"Таблица по подбору сечений теплых ангаров пролетами 9м, 12м, 15м, 18м, 21м, 24м версия 1,5.xlsx",0271b96c6fe725d3e50ad7891401958322a5ae97866bb0bf8cb190bc4bbeff3f,Расчеты,"C7,SO58:ALU58,SM60:SM109,SO113:ALU113,SM115:SM164",2026-09-16,source-labelled,AHZ58,null,null,n
1.0.0,"Таблица по подбору сечений теплых ангаров пролетами 9м, 12м, 15м, 18м, 21м, 24м версия 1,5.xlsx",0271b96c6fe725d3e50ad7891401958322a5ae97866bb0bf8cb190bc4bbeff3f,Расчеты,"C7,SO58:ALU58,SM60:SM109,SO113:ALU113,SM115:SM164",2026-09-16,source-labelled,AIA58,null,null,n
1.0.0,"Таблица по подбору сечений теплых ангаров пролетами 9м, 12м, 15м, 18м, 21м, 24м версия 1,5.xlsx",0271b96c6fe725d3e50ad7891401958322a5ae97866bb0bf8cb190bc4bbeff3f,Расчеты,"C7,SO58:ALU58,SM60:SM109,SO113:ALU113,SM115:SM164",2026-09-16,source-labelled,AIB58,null,null,n
1.0.0,"Таблица по подбору сечений теплых ангаров пролетами 9м, 12м, 15м, 18м, 21м, 24м версия 1,5.xlsx",0271b96c6fe725d3e50ad7891401958322a5ae97866bb0bf8cb190bc4bbeff3f,Расчеты,"C7,SO58:ALU58,SM60:SM109,SO113:ALU113,SM115:SM164",2026-09-16,source-labelled,AIC58,null,null,n
1.0.0,"Таблица по подбору сечений теплых ангаров пролетами 9м, 12м, 15м, 18м, 21м, 24м версия 1,5.xlsx",0271b96c6fe725d3e50ad7891401958322a5ae97866bb0bf8cb190bc4bbeff3f,Расчеты,"C7,SO58:ALU58,SM60:SM109,SO113:ALU113,SM115:SM164",2026-09-16,source-labelled,AID58,null,null,n
1.0.0,"Таблица по подбору сечений теплых ангаров пролетами 9м, 12м, 15м, 18м, 21м, 24м версия 1,5.xlsx",0271b96c6fe725d3e50ad7891401958322a5ae97866bb0bf8cb190bc4bbeff3f,Расчеты,"C7,SO58:ALU58,SM60:SM109,SO113:ALU113,SM115:SM164",2026-09-16,source-labelled,AIE58,null,null,n
1.0.0,"Таблица по подбору сечений теплых ангаров пролетами 9м, 12м, 15м, 18м, 21м, 24м версия 1,5.xlsx",0271b96c6fe725d3e50ad7891401958322a5ae97866bb0bf8cb190bc4bbeff3f,Расчеты,"C7,SO58:ALU58,SM60:SM109,SO113:ALU113,SM115:SM164",2026-09-16,source-labelled,AIF58,null,null,n
1.0.0,"Таблица по подбору сечений теплых ангаров пролетами 9м, 12м, 15м, 18м, 21м, 24м версия 1,5.xlsx",0271b96c6fe725d3e50ad7891401958322a5ae97866bb0bf8cb190bc4bbeff3f,Расчеты,"C7,SO58:ALU58,SM60:SM109,SO113:ALU113,SM115:SM164",2026-09-16,source-labelled,AIG58,null,null,n
1.0.0,"Таблица по подбору сечений теплых ангаров пролетами 9м, 12м, 15м, 18м, 21м, 24м версия 1,5.xlsx",0271b96c6fe725d3e50ad7891401958322a5ae97866bb0bf8cb190bc4bbeff3f,Расчеты,"C7,SO58:ALU58,SM60:SM109,SO113:ALU113,SM115:SM164",2026-09-16,source-labelled,AIH58,null,null,n
1.0.0,"Таблица по подбору сечений теплых ангаров пролетами 9м, 12м, 15м, 18м, 21м, 24м версия 1,5.xlsx",0271b96c6fe725d3e50ad7891401958322a5ae97866bb0bf8cb190bc4bbeff3f,Расчеты,"C7,SO58:ALU58,SM60:SM109,SO113:ALU113,SM115:SM164",2026-09-16,source-labelled,AII58,null,null,n
1.0.0,"Таблица по подбору сечений теплых ангаров пролетами 9м, 12м, 15м, 18м, 21м, 24м версия 1,5.xlsx",0271b96c6fe725d3e50ad7891401958322a5ae97866bb0bf8cb190bc4bbeff3f,Расчеты,"C7,SO58:ALU58,SM60:SM109,SO113:ALU113,SM115:SM164",2026-09-16,source-labelled,AIJ58,null,null,n
1.0.0,"Таблица по подбору сечений теплых ангаров пролетами 9м, 12м, 15м, 18м, 21м, 24м версия 1,5.xlsx",0271b96c6fe725d3e50ad7891401958322a5ae97866bb0bf8cb190bc4bbeff3f,Расчеты,"C7,SO58:ALU58,SM60:SM109,SO113:ALU113,SM115:SM164",2026-09-16,source-labelled,AIK58,null,null,n
1.0.0,"Таблица по подбору сечений теплых ангаров пролетами 9м, 12м, 15м, 18м, 21м, 24м версия 1,5.xlsx",0271b96c6fe725d3e50ad7891401958322a5ae97866bb0bf8cb190bc4bbeff3f,Расчеты,"C7,SO58:ALU58,SM60:SM109,SO113:ALU113,SM115:SM164",2026-09-16,source-labelled,AIL58,null,null,n
1.0.0,"Таблица по подбору сечений теплых ангаров пролетами 9м, 12м, 15м, 18м, 21м, 24м версия 1,5.xlsx",0271b96c6fe725d3e50ad7891401958322a5ae97866bb0bf8cb190bc4bbeff3f,Расчеты,"C7,SO58:ALU58,SM60:SM109,SO113:ALU113,SM115:SM164",2026-09-16,source-labelled,AIM58,null,null,n
1.0.0,"Таблица по подбору сечений теплых ангаров пролетами 9м, 12м, 15м, 18м, 21м, 24м версия 1,5.xlsx",0271b96c6fe725d3e50ad7891401958322a5ae97866bb0bf8cb190bc4bbeff3f,Расчеты,"C7,SO58:ALU58,SM60:SM109,SO113:ALU113,SM115:SM164",2026-09-16,source-labelled,AIN58,null,null,n
1.0.0,"Таблица по подбору сечений теплых ангаров пролетами 9м, 12м, 15м, 18м, 21м, 24м версия 1,5.xlsx",0271b96c6fe725d3e50ad7891401958322a5ae97866bb0bf8cb190bc4bbeff3f,Расчеты,"C7,SO58:ALU58,SM60:SM109,SO113:ALU113,SM115:SM164",2026-09-16,source-labelled,AIO58,null,null,n
1.0.0,"Таблица по подбору сечений теплых ангаров пролетами 9м, 12м, 15м, 18м, 21м, 24м версия 1,5.xlsx",0271b96c6fe725d3e50ad7891401958322a5ae97866bb0bf8cb190bc4bbeff3f,Расчеты,"C7,SO58:ALU58,SM60:SM109,SO113:ALU113,SM115:SM164",2026-09-16,source-labelled,AIP58,null,null,n
1.0.0,"Таблица по подбору сечений теплых ангаров пролетами 9м, 12м, 15м, 18м, 21м, 24м версия 1,5.xlsx",0271b96c6fe725d3e50ad7891401958322a5ae97866bb0bf8cb190bc4bbeff3f,Расчеты,"C7,SO58:ALU58,SM60:SM109,SO113:ALU113,SM115:SM164",2026-09-16,source-labelled,AIQ58,null,null,n
1.0.0,"Таблица по подбору сечений теплых ангаров пролетами 9м, 12м, 15м, 18м, 21м, 24м версия 1,5.xlsx",0271b96c6fe725d3e50ad7891401958322a5ae97866bb0bf8cb190bc4bbeff3f,Расчеты,"C7,SO58:ALU58,SM60:SM109,SO113:ALU113,SM115:SM164",2026-09-16,source-labelled,AIR58,null,null,n
1.0.0,"Таблица по подбору сечений теплых ангаров пролетами 9м, 12м, 15м, 18м, 21м, 24м версия 1,5.xlsx",0271b96c6fe725d3e50ad7891401958322a5ae97866bb0bf8cb190bc4bbeff3f,Расчеты,"C7,SO58:ALU58,SM60:SM109,SO113:ALU113,SM115:SM164",2026-09-16,source-labelled,AIS58,null,2600,n
1.0.0,"Таблица по подбору сечений теплых ангаров пролетами 9м, 12м, 15м, 18м, 21м, 24м версия 1,5.xlsx",0271b96c6fe725d3e50ad7891401958322a5ae97866bb0bf8cb190bc4bbeff3f,Расчеты,"C7,SO58:ALU58,SM60:SM109,SO113:ALU113,SM115:SM164",2026-09-16,source-labelled,AIT58,null,null,n
1.0.0,"Таблица по подбору сечений теплых ангаров пролетами 9м, 12м, 15м, 18м, 21м, 24м версия 1,5.xlsx",0271b96c6fe725d3e50ad7891401958322a5ae97866bb0bf8cb190bc4bbeff3f,Расчеты,"C7,SO58:ALU58,SM60:SM109,SO113:ALU113,SM115:SM164",2026-09-16,source-labelled,AIU58,null,null,n
1.0.0,"Таблица по подбору сечений теплых ангаров пролетами 9м, 12м, 15м, 18м, 21м, 24м версия 1,5.xlsx",0271b96c6fe725d3e50ad7891401958322a5ae97866bb0bf8cb190bc4bbeff3f,Расчеты,"C7,SO58:ALU58,SM60:SM109,SO113:ALU113,SM115:SM164",2026-09-16,source-labelled,AIV58,null,null,n
1.0.0,"Таблица по подбору сечений теплых ангаров пролетами 9м, 12м, 15м, 18м, 21м, 24м версия 1,5.xlsx",0271b96c6fe725d3e50ad7891401958322a5ae97866bb0bf8cb190bc4bbeff3f,Расчеты,"C7,SO58:ALU58,SM60:SM109,SO113:ALU113,SM115:SM164",2026-09-16,source-labelled,AIW58,null,null,n
1.0.0,"Таблица по подбору сечений теплых ангаров пролетами 9м, 12м, 15м, 18м, 21м, 24м версия 1,5.xlsx",0271b96c6fe725d3e50ad7891401958322a5ae97866bb0bf8cb190bc4bbeff3f,Расчеты,"C7,SO58:ALU58,SM60:SM109,SO113:ALU113,SM115:SM164",2026-09-16,source-labelled,AIX58,null,null,n
1.0.0,"Таблица по подбору сечений теплых ангаров пролетами 9м, 12м, 15м, 18м, 21м, 24м версия 1,5.xlsx",0271b96c6fe725d3e50ad7891401958322a5ae97866bb0bf8cb190bc4bbeff3f,Расчеты,"C7,SO58:ALU58,SM60:SM109,SO113:ALU113,SM115:SM164",2026-09-16,source-labelled,AIY58,null,null,n
1.0.0,"Таблица по подбору сечений теплых ангаров пролетами 9м, 12м, 15м, 18м, 21м, 24м версия 1,5.xlsx",0271b96c6fe725d3e50ad7891401958322a5ae97866bb0bf8cb190bc4bbeff3f,Расчеты,"C7,SO58:ALU58,SM60:SM109,SO113:ALU113,SM115:SM164",2026-09-16,source-labelled,AIZ58,null,null,n
1.0.0,"Таблица по подбору сечений теплых ангаров пролетами 9м, 12м, 15м, 18м, 21м, 24м версия 1,5.xlsx",0271b96c6fe725d3e50ad7891401958322a5ae97866bb0bf8cb190bc4bbeff3f,Расчеты,"C7,SO58:ALU58,SM60:SM109,SO113:ALU113,SM115:SM164",2026-09-16,source-labelled,AJA58,null,null,n
1.0.0,"Таблица по подбору сечений теплых ангаров пролетами 9м, 12м, 15м, 18м, 21м, 24м версия 1,5.xlsx",0271b96c6fe725d3e50ad7891401958322a5ae97866bb0bf8cb190bc4bbeff3f,Расчеты,"C7,SO58:ALU58,SM60:SM109,SO113:ALU113,SM115:SM164",2026-09-16,source-labelled,AJB58,null,null,n
1.0.0,"Таблица по подбору сечений теплых ангаров пролетами 9м, 12м, 15м, 18м, 21м, 24м версия 1,5.xlsx",0271b96c6fe725d3e50ad7891401958322a5ae97866bb0bf8cb190bc4bbeff3f,Расчеты,"C7,SO58:ALU58,SM60:SM109,SO113:ALU113,SM115:SM164",2026-09-16,source-labelled,AJC58,null,null,n
1.0.0,"Таблица по подбору сечений теплых ангаров пролетами 9м, 12м, 15м, 18м, 21м, 24м версия 1,5.xlsx",0271b96c6fe725d3e50ad7891401958322a5ae97866bb0bf8cb190bc4bbeff3f,Расчеты,"C7,SO58:ALU58,SM60:SM109,SO113:ALU113,SM115:SM164",2026-09-16,source-labelled,AJD58,null,null,n
1.0.0,"Таблица по подбору сечений теплых ангаров пролетами 9м, 12м, 15м, 18м, 21м, 24м версия 1,5.xlsx",0271b96c6fe725d3e50ad7891401958322a5ae97866bb0bf8cb190bc4bbeff3f,Расчеты,"C7,SO58:ALU58,SM60:SM109,SO113:ALU113,SM115:SM164",2026-09-16,source-labelled,AJE58,null,null,n
1.0.0,"Таблица по подбору сечений теплых ангаров пролетами 9м, 12м, 15м, 18м, 21м, 24м версия 1,5.xlsx",0271b96c6fe725d3e50ad7891401958322a5ae97866bb0bf8cb190bc4bbeff3f,Расчеты,"C7,SO58:ALU58,SM60:SM109,SO113:ALU113,SM115:SM164",2026-09-16,source-labelled,AJF58,null,null,n
1.0.0,"Таблица по подбору сечений теплых ангаров пролетами 9м, 12м, 15м, 18м, 21м, 24м версия 1,5.xlsx",0271b96c6fe725d3e50ad7891401958322a5ae97866bb0bf8cb190bc4bbeff3f,Расчеты,"C7,SO58:ALU58,SM60:SM109,SO113:ALU113,SM115:SM164",2026-09-16,source-labelled,AJG58,null,null,n
1.0.0,"Таблица по подбору сечений теплых ангаров пролетами 9м, 12м, 15м, 18м, 21м, 24м версия 1,5.xlsx",0271b96c6fe725d3e50ad7891401958322a5ae97866bb0bf8cb190bc4bbeff3f,Расчеты,"C7,SO58:ALU58,SM60:SM109,SO113:ALU113,SM115:SM164",2026-09-16,source-labelled,AJH58,null,null,n
1.0.0,"Таблица по подбору сечений теплых ангаров пролетами 9м, 12м, 15м, 18м, 21м, 24м версия 1,5.xlsx",0271b96c6fe725d3e50ad7891401958322a5ae97866bb0bf8cb190bc4bbeff3f,Расчеты,"C7,SO58:ALU58,SM60:SM109,SO113:ALU113,SM115:SM164",2026-09-16,source-labelled,AJI58,null,null,n
1.0.0,"Таблица по подбору сечений теплых ангаров пролетами 9м, 12м, 15м, 18м, 21м, 24м версия 1,5.xlsx",0271b96c6fe725d3e50ad7891401958322a5ae97866bb0bf8cb190bc4bbeff3f,Расчеты,"C7,SO58:ALU58,SM60:SM109,SO113:ALU113,SM115:SM164",2026-09-16,source-labelled,AJJ58,null,null,n
1.0.0,"Таблица по подбору сечений теплых ангаров пролетами 9м, 12м, 15м, 18м, 21м, 24м версия 1,5.xlsx",0271b96c6fe725d3e50ad7891401958322a5ae97866bb0bf8cb190bc4bbeff3f,Расчеты,"C7,SO58:ALU58,SM60:SM109,SO113:ALU113,SM115:SM164",2026-09-16,source-labelled,AJK58,null,null,n
1.0.0,"Таблица по подбору сечений теплых ангаров пролетами 9м, 12м, 15м, 18м, 21м, 24м версия 1,5.xlsx",0271b96c6fe725d3e50ad7891401958322a5ae97866bb0bf8cb190bc4bbeff3f,Расчеты,"C7,SO58:ALU58,SM60:SM109,SO113:ALU113,SM115:SM164",2026-09-16,source-labelled,AJL58,null,null,n
1.0.0,"Таблица по подбору сечений теплых ангаров пролетами 9м, 12м, 15м, 18м, 21м, 24м версия 1,5.xlsx",0271b96c6fe725d3e50ad7891401958322a5ae97866bb0bf8cb190bc4bbeff3f,Расчеты,"C7,SO58:ALU58,SM60:SM109,SO113:ALU113,SM115:SM164",2026-09-16,source-labelled,AJM58,null,2700,n
1.0.0,"Таблица по подбору сечений теплых ангаров пролетами 9м, 12м, 15м, 18м, 21м, 24м версия 1,5.xlsx",0271b96c6fe725d3e50ad7891401958322a5ae97866bb0bf8cb190bc4bbeff3f,Расчеты,"C7,SO58:ALU58,SM60:SM109,SO113:ALU113,SM115:SM164",2026-09-16,source-labelled,AJN58,null,null,n
1.0.0,"Таблица по подбору сечений теплых ангаров пролетами 9м, 12м, 15м, 18м, 21м, 24м версия 1,5.xlsx",0271b96c6fe725d3e50ad7891401958322a5ae97866bb0bf8cb190bc4bbeff3f,Расчеты,"C7,SO58:ALU58,SM60:SM109,SO113:ALU113,SM115:SM164",2026-09-16,source-labelled,AJO58,null,null,n
1.0.0,"Таблица по подбору сечений теплых ангаров пролетами 9м, 12м, 15м, 18м, 21м, 24м версия 1,5.xlsx",0271b96c6fe725d3e50ad7891401958322a5ae97866bb0bf8cb190bc4bbeff3f,Расчеты,"C7,SO58:ALU58,SM60:SM109,SO113:ALU113,SM115:SM164",2026-09-16,source-labelled,AJP58,null,null,n
1.0.0,"Таблица по подбору сечений теплых ангаров пролетами 9м, 12м, 15м, 18м, 21м, 24м версия 1,5.xlsx",0271b96c6fe725d3e50ad7891401958322a5ae97866bb0bf8cb190bc4bbeff3f,Расчеты,"C7,SO58:ALU58,SM60:SM109,SO113:ALU113,SM115:SM164",2026-09-16,source-labelled,AJQ58,null,null,n
1.0.0,"Таблица по подбору сечений теплых ангаров пролетами 9м, 12м, 15м, 18м, 21м, 24м версия 1,5.xlsx",0271b96c6fe725d3e50ad7891401958322a5ae97866bb0bf8cb190bc4bbeff3f,Расчеты,"C7,SO58:ALU58,SM60:SM109,SO113:ALU113,SM115:SM164",2026-09-16,source-labelled,AJR58,null,null,n
1.0.0,"Таблица по подбору сечений теплых ангаров пролетами 9м, 12м, 15м, 18м, 21м, 24м версия 1,5.xlsx",0271b96c6fe725d3e50ad7891401958322a5ae97866bb0bf8cb190bc4bbeff3f,Расчеты,"C7,SO58:ALU58,SM60:SM109,SO113:ALU113,SM115:SM164",2026-09-16,source-labelled,AJS58,null,null,n
1.0.0,"Таблица по подбору сечений теплых ангаров пролетами 9м, 12м, 15м, 18м, 21м, 24м версия 1,5.xlsx",0271b96c6fe725d3e50ad7891401958322a5ae97866bb0bf8cb190bc4bbeff3f,Расчеты,"C7,SO58:ALU58,SM60:SM109,SO113:ALU113,SM115:SM164",2026-09-16,source-labelled,AJT58,null,null,n
1.0.0,"Таблица по подбору сечений теплых ангаров пролетами 9м, 12м, 15м, 18м, 21м, 24м версия 1,5.xlsx",0271b96c6fe725d3e50ad7891401958322a5ae97866bb0bf8cb190bc4bbeff3f,Расчеты,"C7,SO58:ALU58,SM60:SM109,SO113:ALU113,SM115:SM164",2026-09-16,source-labelled,AJU58,null,null,n
1.0.0,"Таблица по подбору сечений теплых ангаров пролетами 9м, 12м, 15м, 18м, 21м, 24м версия 1,5.xlsx",0271b96c6fe725d3e50ad7891401958322a5ae97866bb0bf8cb190bc4bbeff3f,Расчеты,"C7,SO58:ALU58,SM60:SM109,SO113:ALU113,SM115:SM164",2026-09-16,source-labelled,AJV58,null,null,n
1.0.0,"Таблица по подбору сечений теплых ангаров пролетами 9м, 12м, 15м, 18м, 21м, 24м версия 1,5.xlsx",0271b96c6fe725d3e50ad7891401958322a5ae97866bb0bf8cb190bc4bbeff3f,Расчеты,"C7,SO58:ALU58,SM60:SM109,SO113:ALU113,SM115:SM164",2026-09-16,source-labelled,AJW58,null,null,n
1.0.0,"Таблица по подбору сечений теплых ангаров пролетами 9м, 12м, 15м, 18м, 21м, 24м версия 1,5.xlsx",0271b96c6fe725d3e50ad7891401958322a5ae97866bb0bf8cb190bc4bbeff3f,Расчеты,"C7,SO58:ALU58,SM60:SM109,SO113:ALU113,SM115:SM164",2026-09-16,source-labelled,AJX58,null,null,n
1.0.0,"Таблица по подбору сечений теплых ангаров пролетами 9м, 12м, 15м, 18м, 21м, 24м версия 1,5.xlsx",0271b96c6fe725d3e50ad7891401958322a5ae97866bb0bf8cb190bc4bbeff3f,Расчеты,"C7,SO58:ALU58,SM60:SM109,SO113:ALU113,SM115:SM164",2026-09-16,source-labelled,AJY58,null,null,n
1.0.0,"Таблица по подбору сечений теплых ангаров пролетами 9м, 12м, 15м, 18м, 21м, 24м версия 1,5.xlsx",0271b96c6fe725d3e50ad7891401958322a5ae97866bb0bf8cb190bc4bbeff3f,Расчеты,"C7,SO58:ALU58,SM60:SM109,SO113:ALU113,SM115:SM164",2026-09-16,source-labelled,AJZ58,null,null,n
1.0.0,"Таблица по подбору сечений теплых ангаров пролетами 9м, 12м, 15м, 18м, 21м, 24м версия 1,5.xlsx",0271b96c6fe725d3e50ad7891401958322a5ae97866bb0bf8cb190bc4bbeff3f,Расчеты,"C7,SO58:ALU58,SM60:SM109,SO113:ALU113,SM115:SM164",2026-09-16,source-labelled,AKA58,null,null,n
1.0.0,"Таблица по подбору сечений теплых ангаров пролетами 9м, 12м, 15м, 18м, 21м, 24м версия 1,5.xlsx",0271b96c6fe725d3e50ad7891401958322a5ae97866bb0bf8cb190bc4bbeff3f,Расчеты,"C7,SO58:ALU58,SM60:SM109,SO113:ALU113,SM115:SM164",2026-09-16,source-labelled,AKB58,null,null,n
1.0.0,"Таблица по подбору сечений теплых ангаров пролетами 9м, 12м, 15м, 18м, 21м, 24м версия 1,5.xlsx",0271b96c6fe725d3e50ad7891401958322a5ae97866bb0bf8cb190bc4bbeff3f,Расчеты,"C7,SO58:ALU58,SM60:SM109,SO113:ALU113,SM115:SM164",2026-09-16,source-labelled,AKC58,null,null,n
1.0.0,"Таблица по подбору сечений теплых ангаров пролетами 9м, 12м, 15м, 18м, 21м, 24м версия 1,5.xlsx",0271b96c6fe725d3e50ad7891401958322a5ae97866bb0bf8cb190bc4bbeff3f,Расчеты,"C7,SO58:ALU58,SM60:SM109,SO113:ALU113,SM115:SM164",2026-09-16,source-labelled,AKD58,null,null,n
1.0.0,"Таблица по подбору сечений теплых ангаров пролетами 9м, 12м, 15м, 18м, 21м, 24м версия 1,5.xlsx",0271b96c6fe725d3e50ad7891401958322a5ae97866bb0bf8cb190bc4bbeff3f,Расчеты,"C7,SO58:ALU58,SM60:SM109,SO113:ALU113,SM115:SM164",2026-09-16,source-labelled,AKE58,null,null,n
1.0.0,"Таблица по подбору сечений теплых ангаров пролетами 9м, 12м, 15м, 18м, 21м, 24м версия 1,5.xlsx",0271b96c6fe725d3e50ad7891401958322a5ae97866bb0bf8cb190bc4bbeff3f,Расчеты,"C7,SO58:ALU58,SM60:SM109,SO113:ALU113,SM115:SM164",2026-09-16,source-labelled,AKF58,null,null,n
1.0.0,"Таблица по подбору сечений теплых ангаров пролетами 9м, 12м, 15м, 18м, 21м, 24м версия 1,5.xlsx",0271b96c6fe725d3e50ad7891401958322a5ae97866bb0bf8cb190bc4bbeff3f,Расчеты,"C7,SO58:ALU58,SM60:SM109,SO113:ALU113,SM115:SM164",2026-09-16,source-labelled,AKG58,null,2800,n
1.0.0,"Таблица по подбору сечений теплых ангаров пролетами 9м, 12м, 15м, 18м, 21м, 24м версия 1,5.xlsx",0271b96c6fe725d3e50ad7891401958322a5ae97866bb0bf8cb190bc4bbeff3f,Расчеты,"C7,SO58:ALU58,SM60:SM109,SO113:ALU113,SM115:SM164",2026-09-16,source-labelled,AKH58,null,null,n
1.0.0,"Таблица по подбору сечений теплых ангаров пролетами 9м, 12м, 15м, 18м, 21м, 24м версия 1,5.xlsx",0271b96c6fe725d3e50ad7891401958322a5ae97866bb0bf8cb190bc4bbeff3f,Расчеты,"C7,SO58:ALU58,SM60:SM109,SO113:ALU113,SM115:SM164",2026-09-16,source-labelled,AKI58,null,null,n
1.0.0,"Таблица по подбору сечений теплых ангаров пролетами 9м, 12м, 15м, 18м, 21м, 24м версия 1,5.xlsx",0271b96c6fe725d3e50ad7891401958322a5ae97866bb0bf8cb190bc4bbeff3f,Расчеты,"C7,SO58:ALU58,SM60:SM109,SO113:ALU113,SM115:SM164",2026-09-16,source-labelled,AKJ58,null,null,n
1.0.0,"Таблица по подбору сечений теплых ангаров пролетами 9м, 12м, 15м, 18м, 21м, 24м версия 1,5.xlsx",0271b96c6fe725d3e50ad7891401958322a5ae97866bb0bf8cb190bc4bbeff3f,Расчеты,"C7,SO58:ALU58,SM60:SM109,SO113:ALU113,SM115:SM164",2026-09-16,source-labelled,AKK58,null,null,n
1.0.0,"Таблица по подбору сечений теплых ангаров пролетами 9м, 12м, 15м, 18м, 21м, 24м версия 1,5.xlsx",0271b96c6fe725d3e50ad7891401958322a5ae97866bb0bf8cb190bc4bbeff3f,Расчеты,"C7,SO58:ALU58,SM60:SM109,SO113:ALU113,SM115:SM164",2026-09-16,source-labelled,AKL58,null,null,n
1.0.0,"Таблица по подбору сечений теплых ангаров пролетами 9м, 12м, 15м, 18м, 21м, 24м версия 1,5.xlsx",0271b96c6fe725d3e50ad7891401958322a5ae97866bb0bf8cb190bc4bbeff3f,Расчеты,"C7,SO58:ALU58,SM60:SM109,SO113:ALU113,SM115:SM164",2026-09-16,source-labelled,AKM58,null,null,n
1.0.0,"Таблица по подбору сечений теплых ангаров пролетами 9м, 12м, 15м, 18м, 21м, 24м версия 1,5.xlsx",0271b96c6fe725d3e50ad7891401958322a5ae97866bb0bf8cb190bc4bbeff3f,Расчеты,"C7,SO58:ALU58,SM60:SM109,SO113:ALU113,SM115:SM164",2026-09-16,source-labelled,AKN58,null,null,n
1.0.0,"Таблица по подбору сечений теплых ангаров пролетами 9м, 12м, 15м, 18м, 21м, 24м версия 1,5.xlsx",0271b96c6fe725d3e50ad7891401958322a5ae97866bb0bf8cb190bc4bbeff3f,Расчеты,"C7,SO58:ALU58,SM60:SM109,SO113:ALU113,SM115:SM164",2026-09-16,source-labelled,AKO58,null,null,n
1.0.0,"Таблица по подбору сечений теплых ангаров пролетами 9м, 12м, 15м, 18м, 21м, 24м версия 1,5.xlsx",0271b96c6fe725d3e50ad7891401958322a5ae97866bb0bf8cb190bc4bbeff3f,Расчеты,"C7,SO58:ALU58,SM60:SM109,SO113:ALU113,SM115:SM164",2026-09-16,source-labelled,AKP58,null,null,n
1.0.0,"Таблица по подбору сечений теплых ангаров пролетами 9м, 12м, 15м, 18м, 21м, 24м версия 1,5.xlsx",0271b96c6fe725d3e50ad7891401958322a5ae97866bb0bf8cb190bc4bbeff3f,Расчеты,"C7,SO58:ALU58,SM60:SM109,SO113:ALU113,SM115:SM164",2026-09-16,source-labelled,AKQ58,null,null,n
1.0.0,"Таблица по подбору сечений теплых ангаров пролетами 9м, 12м, 15м, 18м, 21м, 24м версия 1,5.xlsx",0271b96c6fe725d3e50ad7891401958322a5ae97866bb0bf8cb190bc4bbeff3f,Расчеты,"C7,SO58:ALU58,SM60:SM109,SO113:ALU113,SM115:SM164",2026-09-16,source-labelled,AKR58,null,null,n
1.0.0,"Таблица по подбору сечений теплых ангаров пролетами 9м, 12м, 15м, 18м, 21м, 24м версия 1,5.xlsx",0271b96c6fe725d3e50ad7891401958322a5ae97866bb0bf8cb190bc4bbeff3f,Расчеты,"C7,SO58:ALU58,SM60:SM109,SO113:ALU113,SM115:SM164",2026-09-16,source-labelled,AKS58,null,null,n
1.0.0,"Таблица по подбору сечений теплых ангаров пролетами 9м, 12м, 15м, 18м, 21м, 24м версия 1,5.xlsx",0271b96c6fe725d3e50ad7891401958322a5ae97866bb0bf8cb190bc4bbeff3f,Расчеты,"C7,SO58:ALU58,SM60:SM109,SO113:ALU113,SM115:SM164",2026-09-16,source-labelled,AKT58,null,null,n
1.0.0,"Таблица по подбору сечений теплых ангаров пролетами 9м, 12м, 15м, 18м, 21м, 24м версия 1,5.xlsx",0271b96c6fe725d3e50ad7891401958322a5ae97866bb0bf8cb190bc4bbeff3f,Расчеты,"C7,SO58:ALU58,SM60:SM109,SO113:ALU113,SM115:SM164",2026-09-16,source-labelled,AKU58,null,null,n
1.0.0,"Таблица по подбору сечений теплых ангаров пролетами 9м, 12м, 15м, 18м, 21м, 24м версия 1,5.xlsx",0271b96c6fe725d3e50ad7891401958322a5ae97866bb0bf8cb190bc4bbeff3f,Расчеты,"C7,SO58:ALU58,SM60:SM109,SO113:ALU113,SM115:SM164",2026-09-16,source-labelled,AKV58,null,null,n
1.0.0,"Таблица по подбору сечений теплых ангаров пролетами 9м, 12м, 15м, 18м, 21м, 24м версия 1,5.xlsx",0271b96c6fe725d3e50ad7891401958322a5ae97866bb0bf8cb190bc4bbeff3f,Расчеты,"C7,SO58:ALU58,SM60:SM109,SO113:ALU113,SM115:SM164",2026-09-16,source-labelled,AKW58,null,null,n
1.0.0,"Таблица по подбору сечений теплых ангаров пролетами 9м, 12м, 15м, 18м, 21м, 24м версия 1,5.xlsx",0271b96c6fe725d3e50ad7891401958322a5ae97866bb0bf8cb190bc4bbeff3f,Расчеты,"C7,SO58:ALU58,SM60:SM109,SO113:ALU113,SM115:SM164",2026-09-16,source-labelled,AKX58,null,null,n
1.0.0,"Таблица по подбору сечений теплых ангаров пролетами 9м, 12м, 15м, 18м, 21м, 24м версия 1,5.xlsx",0271b96c6fe725d3e50ad7891401958322a5ae97866bb0bf8cb190bc4bbeff3f,Расчеты,"C7,SO58:ALU58,SM60:SM109,SO113:ALU113,SM115:SM164",2026-09-16,source-labelled,AKY58,null,null,n
1.0.0,"Таблица по подбору сечений теплых ангаров пролетами 9м, 12м, 15м, 18м, 21м, 24м версия 1,5.xlsx",0271b96c6fe725d3e50ad7891401958322a5ae97866bb0bf8cb190bc4bbeff3f,Расчеты,"C7,SO58:ALU58,SM60:SM109,SO113:ALU113,SM115:SM164",2026-09-16,source-labelled,AKZ58,null,null,n
1.0.0,"Таблица по подбору сечений теплых ангаров пролетами 9м, 12м, 15м, 18м, 21м, 24м версия 1,5.xlsx",0271b96c6fe725d3e50ad7891401958322a5ae97866bb0bf8cb190bc4bbeff3f,Расчеты,"C7,SO58:ALU58,SM60:SM109,SO113:ALU113,SM115:SM164",2026-09-16,source-labelled,ALA58,null,2900,n
1.0.0,"Таблица по подбору сечений теплых ангаров пролетами 9м, 12м, 15м, 18м, 21м, 24м версия 1,5.xlsx",0271b96c6fe725d3e50ad7891401958322a5ae97866bb0bf8cb190bc4bbeff3f,Расчеты,"C7,SO58:ALU58,SM60:SM109,SO113:ALU113,SM115:SM164",2026-09-16,source-labelled,ALB58,null,null,n
1.0.0,"Таблица по подбору сечений теплых ангаров пролетами 9м, 12м, 15м, 18м, 21м, 24м версия 1,5.xlsx",0271b96c6fe725d3e50ad7891401958322a5ae97866bb0bf8cb190bc4bbeff3f,Расчеты,"C7,SO58:ALU58,SM60:SM109,SO113:ALU113,SM115:SM164",2026-09-16,source-labelled,ALC58,null,null,n
1.0.0,"Таблица по подбору сечений теплых ангаров пролетами 9м, 12м, 15м, 18м, 21м, 24м версия 1,5.xlsx",0271b96c6fe725d3e50ad7891401958322a5ae97866bb0bf8cb190bc4bbeff3f,Расчеты,"C7,SO58:ALU58,SM60:SM109,SO113:ALU113,SM115:SM164",2026-09-16,source-labelled,ALD58,null,null,n
1.0.0,"Таблица по подбору сечений теплых ангаров пролетами 9м, 12м, 15м, 18м, 21м, 24м версия 1,5.xlsx",0271b96c6fe725d3e50ad7891401958322a5ae97866bb0bf8cb190bc4bbeff3f,Расчеты,"C7,SO58:ALU58,SM60:SM109,SO113:ALU113,SM115:SM164",2026-09-16,source-labelled,ALE58,null,null,n
1.0.0,"Таблица по подбору сечений теплых ангаров пролетами 9м, 12м, 15м, 18м, 21м, 24м версия 1,5.xlsx",0271b96c6fe725d3e50ad7891401958322a5ae97866bb0bf8cb190bc4bbeff3f,Расчеты,"C7,SO58:ALU58,SM60:SM109,SO113:ALU113,SM115:SM164",2026-09-16,source-labelled,ALF58,null,null,n
1.0.0,"Таблица по подбору сечений теплых ангаров пролетами 9м, 12м, 15м, 18м, 21м, 24м версия 1,5.xlsx",0271b96c6fe725d3e50ad7891401958322a5ae97866bb0bf8cb190bc4bbeff3f,Расчеты,"C7,SO58:ALU58,SM60:SM109,SO113:ALU113,SM115:SM164",2026-09-16,source-labelled,ALG58,null,null,n
1.0.0,"Таблица по подбору сечений теплых ангаров пролетами 9м, 12м, 15м, 18м, 21м, 24м версия 1,5.xlsx",0271b96c6fe725d3e50ad7891401958322a5ae97866bb0bf8cb190bc4bbeff3f,Расчеты,"C7,SO58:ALU58,SM60:SM109,SO113:ALU113,SM115:SM164",2026-09-16,source-labelled,ALH58,null,null,n
1.0.0,"Таблица по подбору сечений теплых ангаров пролетами 9м, 12м, 15м, 18м, 21м, 24м версия 1,5.xlsx",0271b96c6fe725d3e50ad7891401958322a5ae97866bb0bf8cb190bc4bbeff3f,Расчеты,"C7,SO58:ALU58,SM60:SM109,SO113:ALU113,SM115:SM164",2026-09-16,source-labelled,ALI58,null,null,n
1.0.0,"Таблица по подбору сечений теплых ангаров пролетами 9м, 12м, 15м, 18м, 21м, 24м версия 1,5.xlsx",0271b96c6fe725d3e50ad7891401958322a5ae97866bb0bf8cb190bc4bbeff3f,Расчеты,"C7,SO58:ALU58,SM60:SM109,SO113:ALU113,SM115:SM164",2026-09-16,source-labelled,ALJ58,null,null,n
1.0.0,"Таблица по подбору сечений теплых ангаров пролетами 9м, 12м, 15м, 18м, 21м, 24м версия 1,5.xlsx",0271b96c6fe725d3e50ad7891401958322a5ae97866bb0bf8cb190bc4bbeff3f,Расчеты,"C7,SO58:ALU58,SM60:SM109,SO113:ALU113,SM115:SM164",2026-09-16,source-labelled,ALK58,null,null,n
1.0.0,"Таблица по подбору сечений теплых ангаров пролетами 9м, 12м, 15м, 18м, 21м, 24м версия 1,5.xlsx",0271b96c6fe725d3e50ad7891401958322a5ae97866bb0bf8cb190bc4bbeff3f,Расчеты,"C7,SO58:ALU58,SM60:SM109,SO113:ALU113,SM115:SM164",2026-09-16,source-labelled,ALL58,null,null,n
1.0.0,"Таблица по подбору сечений теплых ангаров пролетами 9м, 12м, 15м, 18м, 21м, 24м версия 1,5.xlsx",0271b96c6fe725d3e50ad7891401958322a5ae97866bb0bf8cb190bc4bbeff3f,Расчеты,"C7,SO58:ALU58,SM60:SM109,SO113:ALU113,SM115:SM164",2026-09-16,source-labelled,ALM58,null,null,n
1.0.0,"Таблица по подбору сечений теплых ангаров пролетами 9м, 12м, 15м, 18м, 21м, 24м версия 1,5.xlsx",0271b96c6fe725d3e50ad7891401958322a5ae97866bb0bf8cb190bc4bbeff3f,Расчеты,"C7,SO58:ALU58,SM60:SM109,SO113:ALU113,SM115:SM164",2026-09-16,source-labelled,ALN58,null,null,n
1.0.0,"Таблица по подбору сечений теплых ангаров пролетами 9м, 12м, 15м, 18м, 21м, 24м версия 1,5.xlsx",0271b96c6fe725d3e50ad7891401958322a5ae97866bb0bf8cb190bc4bbeff3f,Расчеты,"C7,SO58:ALU58,SM60:SM109,SO113:ALU113,SM115:SM164",2026-09-16,source-labelled,ALO58,null,null,n
1.0.0,"Таблица по подбору сечений теплых ангаров пролетами 9м, 12м, 15м, 18м, 21м, 24м версия 1,5.xlsx",0271b96c6fe725d3e50ad7891401958322a5ae97866bb0bf8cb190bc4bbeff3f,Расчеты,"C7,SO58:ALU58,SM60:SM109,SO113:ALU113,SM115:SM164",2026-09-16,source-labelled,ALP58,null,null,n
1.0.0,"Таблица по подбору сечений теплых ангаров пролетами 9м, 12м, 15м, 18м, 21м, 24м версия 1,5.xlsx",0271b96c6fe725d3e50ad7891401958322a5ae97866bb0bf8cb190bc4bbeff3f,Расчеты,"C7,SO58:ALU58,SM60:SM109,SO113:ALU113,SM115:SM164",2026-09-16,source-labelled,ALQ58,null,null,n
1.0.0,"Таблица по подбору сечений теплых ангаров пролетами 9м, 12м, 15м, 18м, 21м, 24м версия 1,5.xlsx",0271b96c6fe725d3e50ad7891401958322a5ae97866bb0bf8cb190bc4bbeff3f,Расчеты,"C7,SO58:ALU58,SM60:SM109,SO113:ALU113,SM115:SM164",2026-09-16,source-labelled,ALR58,null,null,n
1.0.0,"Таблица по подбору сечений теплых ангаров пролетами 9м, 12м, 15м, 18м, 21м, 24м версия 1,5.xlsx",0271b96c6fe725d3e50ad7891401958322a5ae97866bb0bf8cb190bc4bbeff3f,Расчеты,"C7,SO58:ALU58,SM60:SM109,SO113:ALU113,SM115:SM164",2026-09-16,source-labelled,ALS58,null,null,n
1.0.0,"Таблица по подбору сечений теплых ангаров пролетами 9м, 12м, 15м, 18м, 21м, 24м версия 1,5.xlsx",0271b96c6fe725d3e50ad7891401958322a5ae97866bb0bf8cb190bc4bbeff3f,Расчеты,"C7,SO58:ALU58,SM60:SM109,SO113:ALU113,SM115:SM164",2026-09-16,source-labelled,ALT58,null,null,n
1.0.0,"Таблица по подбору сечений теплых ангаров пролетами 9м, 12м, 15м, 18м, 21м, 24м версия 1,5.xlsx",0271b96c6fe725d3e50ad7891401958322a5ae97866bb0bf8cb190bc4bbeff3f,Расчеты,"C7,SO58:ALU58,SM60:SM109,SO113:ALU113,SM115:SM164",2026-09-16,source-labelled,ALU58,null,3000,n
1.0.0,"Таблица по подбору сечений теплых ангаров пролетами 9м, 12м, 15м, 18м, 21м, 24м версия 1,5.xlsx",0271b96c6fe725d3e50ad7891401958322a5ae97866bb0bf8cb190bc4bbeff3f,Расчеты,"C7,SO58:ALU58,SM60:SM109,SO113:ALU113,SM115:SM164",2026-09-16,source-labelled,SM60,null,5.6,n
1.0.0,"Таблица по подбору сечений теплых ангаров пролетами 9м, 12м, 15м, 18м, 21м, 24м версия 1,5.xlsx",0271b96c6fe725d3e50ad7891401958322a5ae97866bb0bf8cb190bc4bbeff3f,Расчеты,"C7,SO58:ALU58,SM60:SM109,SO113:ALU113,SM115:SM164",2026-09-16,source-labelled,SM61,null,5.72,n
1.0.0,"Таблица по подбору сечений теплых ангаров пролетами 9м, 12м, 15м, 18м, 21м, 24м версия 1,5.xlsx",0271b96c6fe725d3e50ad7891401958322a5ae97866bb0bf8cb190bc4bbeff3f,Расчеты,"C7,SO58:ALU58,SM60:SM109,SO113:ALU113,SM115:SM164",2026-09-16,source-labelled,SM62,null,7.3,n
1.0.0,"Таблица по подбору сечений теплых ангаров пролетами 9м, 12м, 15м, 18м, 21м, 24м версия 1,5.xlsx",0271b96c6fe725d3e50ad7891401958322a5ae97866bb0bf8cb190bc4bbeff3f,Расчеты,"C7,SO58:ALU58,SM60:SM109,SO113:ALU113,SM115:SM164",2026-09-16,source-labelled,SM63,null,8.72,n
1.0.0,"Таблица по подбору сечений теплых ангаров пролетами 9м, 12м, 15м, 18м, 21м, 24м версия 1,5.xlsx",0271b96c6fe725d3e50ad7891401958322a5ae97866bb0bf8cb190bc4bbeff3f,Расчеты,"C7,SO58:ALU58,SM60:SM109,SO113:ALU113,SM115:SM164",2026-09-16,source-labelled,SM64,null,6.8,n
1.0.0,"Таблица по подбору сечений теплых ангаров пролетами 9м, 12м, 15м, 18м, 21м, 24м версия 1,5.xlsx",0271b96c6fe725d3e50ad7891401958322a5ae97866bb0bf8cb190bc4bbeff3f,Расчеты,"C7,SO58:ALU58,SM60:SM109,SO113:ALU113,SM115:SM164",2026-09-16,source-labelled,SM65,null,6.91,n
1.0.0,"Таблица по подбору сечений теплых ангаров пролетами 9м, 12м, 15м, 18м, 21м, 24м версия 1,5.xlsx",0271b96c6fe725d3e50ad7891401958322a5ae97866bb0bf8cb190bc4bbeff3f,Расчеты,"C7,SO58:ALU58,SM60:SM109,SO113:ALU113,SM115:SM164",2026-09-16,source-labelled,SM66,null,9.06,n
1.0.0,"Таблица по подбору сечений теплых ангаров пролетами 9м, 12м, 15м, 18м, 21м, 24м версия 1,5.xlsx",0271b96c6fe725d3e50ad7891401958322a5ae97866bb0bf8cb190bc4bbeff3f,Расчеты,"C7,SO58:ALU58,SM60:SM109,SO113:ALU113,SM115:SM164",2026-09-16,source-labelled,SM67,null,7.87,n
1.0.0,"Таблица по подбору сечений теплых ангаров пролетами 9м, 12м, 15м, 18м, 21м, 24м версия 1,5.xlsx",0271b96c6fe725d3e50ad7891401958322a5ae97866bb0bf8cb190bc4bbeff3f,Расчеты,"C7,SO58:ALU58,SM60:SM109,SO113:ALU113,SM115:SM164",2026-09-16,source-labelled,SM68,null,10.33,n
1.0.0,"Таблица по подбору сечений теплых ангаров пролетами 9м, 12м, 15м, 18м, 21м, 24м версия 1,5.xlsx",0271b96c6fe725d3e50ad7891401958322a5ae97866bb0bf8cb190bc4bbeff3f,Расчеты,"C7,SO58:ALU58,SM60:SM109,SO113:ALU113,SM115:SM164",2026-09-16,source-labelled,SM69,null,8.95,n
1.0.0,"Таблица по подбору сечений теплых ангаров пролетами 9м, 12м, 15м, 18м, 21м, 24м версия 1,5.xlsx",0271b96c6fe725d3e50ad7891401958322a5ae97866bb0bf8cb190bc4bbeff3f,Расчеты,"C7,SO58:ALU58,SM60:SM109,SO113:ALU113,SM115:SM164",2026-09-16,source-labelled,SM70,null,11.6,n
1.0.0,"Таблица по подбору сечений теплых ангаров пролетами 9м, 12м, 15м, 18м, 21м, 24м версия 1,5.xlsx",0271b96c6fe725d3e50ad7891401958322a5ae97866bb0bf8cb190bc4bbeff3f,Расчеты,"C7,SO58:ALU58,SM60:SM109,SO113:ALU113,SM115:SM164",2026-09-16,source-labelled,SM71,null,5.9,n
1.0.0,"Таблица по подбору сечений теплых ангаров пролетами 9м, 12м, 15м, 18м, 21м, 24м версия 1,5.xlsx",0271b96c6fe725d3e50ad7891401958322a5ae97866bb0bf8cb190bc4bbeff3f,Расчеты,"C7,SO58:ALU58,SM60:SM109,SO113:ALU113,SM115:SM164",2026-09-16,source-labelled,SM72,null,7.79,n
1.0.0,"Таблица по подбору сечений теплых ангаров пролетами 9м, 12м, 15м, 18м, 21м, 24м версия 1,5.xlsx",0271b96c6fe725d3e50ad7891401958322a5ae97866bb0bf8cb190bc4bbeff3f,Расчеты,"C7,SO58:ALU58,SM60:SM109,SO113:ALU113,SM115:SM164",2026-09-16,source-labelled,SM73,null,6.03,n
1.0.0,"Таблица по подбору сечений теплых ангаров пролетами 9м, 12м, 15м, 18м, 21м, 24м версия 1,5.xlsx",0271b96c6fe725d3e50ad7891401958322a5ae97866bb0bf8cb190bc4bbeff3f,Расчеты,"C7,SO58:ALU58,SM60:SM109,SO113:ALU113,SM115:SM164",2026-09-16,source-labelled,SM74,null,7.95,n
1.0.0,"Таблица по подбору сечений теплых ангаров пролетами 9м, 12м, 15м, 18м, 21м, 24м версия 1,5.xlsx",0271b96c6fe725d3e50ad7891401958322a5ae97866bb0bf8cb190bc4bbeff3f,Расчеты,"C7,SO58:ALU58,SM60:SM109,SO113:ALU113,SM115:SM164",2026-09-16,source-labelled,SM75,null,6.97,n
1.0.0,"Таблица по подбору сечений теплых ангаров пролетами 9м, 12м, 15м, 18м, 21м, 24м версия 1,5.xlsx",0271b96c6fe725d3e50ad7891401958322a5ae97866bb0bf8cb190bc4bbeff3f,Расчеты,"C7,SO58:ALU58,SM60:SM109,SO113:ALU113,SM115:SM164",2026-09-16,source-labelled,SM76,null,9.2,n
1.0.0,"Таблица по подбору сечений теплых ангаров пролетами 9м, 12м, 15м, 18м, 21м, 24м версия 1,5.xlsx",0271b96c6fe725d3e50ad7891401958322a5ae97866bb0bf8cb190bc4bbeff3f,Расчеты,"C7,SO58:ALU58,SM60:SM109,SO113:ALU113,SM115:SM164",2026-09-16,source-labelled,SM77,null,7.08,n
1.0.0,"Таблица по подбору сечений теплых ангаров пролетами 9м, 12м, 15м, 18м, 21м, 24м версия 1,5.xlsx",0271b96c6fe725d3e50ad7891401958322a5ae97866bb0bf8cb190bc4bbeff3f,Расчеты,"C7,SO58:ALU58,SM60:SM109,SO113:ALU113,SM115:SM164",2026-09-16,source-labelled,SM78,null,9.36,n
1.0.0,"Таблица по подбору сечений теплых ангаров пролетами 9м, 12м, 15м, 18м, 21м, 24м версия 1,5.xlsx",0271b96c6fe725d3e50ad7891401958322a5ae97866bb0bf8cb190bc4bbeff3f,Расчеты,"C7,SO58:ALU58,SM60:SM109,SO113:ALU113,SM115:SM164",2026-09-16,source-labelled,SM79,null,7.2,n
1.0.0,"Таблица по подбору сечений теплых ангаров пролетами 9м, 12м, 15м, 18м, 21м, 24м версия 1,5.xlsx",0271b96c6fe725d3e50ad7891401958322a5ae97866bb0bf8cb190bc4bbeff3f,Расчеты,"C7,SO58:ALU58,SM60:SM109,SO113:ALU113,SM115:SM164",2026-09-16,source-labelled,SM80,null,9.51,n
1.0.0,"Таблица по подбору сечений теплых ангаров пролетами 9м, 12м, 15м, 18м, 21м, 24м версия 1,5.xlsx",0271b96c6fe725d3e50ad7891401958322a5ae97866bb0bf8cb190bc4bbeff3f,Расчеты,"C7,SO58:ALU58,SM60:SM109,SO113:ALU113,SM115:SM164",2026-09-16,source-labelled,SM81,null,8.14,n
1.0.0,"Таблица по подбору сечений теплых ангаров пролетами 9м, 12м, 15м, 18м, 21м, 24м версия 1,5.xlsx",0271b96c6fe725d3e50ad7891401958322a5ae97866bb0bf8cb190bc4bbeff3f,Расчеты,"C7,SO58:ALU58,SM60:SM109,SO113:ALU113,SM115:SM164",2026-09-16,source-labelled,SM82,null,10.77,n
1.0.0,"Таблица по подбору сечений теплых ангаров пролетами 9м, 12м, 15м, 18м, 21м, 24м версия 1,5.xlsx",0271b96c6fe725d3e50ad7891401958322a5ae97866bb0bf8cb190bc4bbeff3f,Расчеты,"C7,SO58:ALU58,SM60:SM109,SO113:ALU113,SM115:SM164",2026-09-16,source-labelled,SM83,null,9.19,n
1.0.0,"Таблица по подбору сечений теплых ангаров пролетами 9м, 12м, 15м, 18м, 21м, 24м версия 1,5.xlsx",0271b96c6fe725d3e50ad7891401958322a5ae97866bb0bf8cb190bc4bbeff3f,Расчеты,"C7,SO58:ALU58,SM60:SM109,SO113:ALU113,SM115:SM164",2026-09-16,source-labelled,SM84,null,12.18,n
1.0.0,"Таблица по подбору сечений теплых ангаров пролетами 9м, 12м, 15м, 18м, 21м, 24м версия 1,5.xlsx",0271b96c6fe725d3e50ad7891401958322a5ae97866bb0bf8cb190bc4bbeff3f,Расчеты,"C7,SO58:ALU58,SM60:SM109,SO113:ALU113,SM115:SM164",2026-09-16,source-labelled,SM85,null,3.44,n
1.0.0,"Таблица по подбору сечений теплых ангаров пролетами 9м, 12м, 15м, 18м, 21м, 24м версия 1,5.xlsx",0271b96c6fe725d3e50ad7891401958322a5ae97866bb0bf8cb190bc4bbeff3f,Расчеты,"C7,SO58:ALU58,SM60:SM109,SO113:ALU113,SM115:SM164",2026-09-16,source-labelled,SM86,null,4.56,n
1.0.0,"Таблица по подбору сечений теплых ангаров пролетами 9м, 12м, 15м, 18м, 21м, 24м версия 1,5.xlsx",0271b96c6fe725d3e50ad7891401958322a5ae97866bb0bf8cb190bc4bbeff3f,Расчеты,"C7,SO58:ALU58,SM60:SM109,SO113:ALU113,SM115:SM164",2026-09-16,source-labelled,SM87,null,5.66,n
1.0.0,"Таблица по подбору сечений теплых ангаров пролетами 9м, 12м, 15м, 18м, 21м, 24м версия 1,5.xlsx",0271b96c6fe725d3e50ad7891401958322a5ae97866bb0bf8cb190bc4bbeff3f,Расчеты,"C7,SO58:ALU58,SM60:SM109,SO113:ALU113,SM115:SM164",2026-09-16,source-labelled,SM88,null,3.67,n
1.0.0,"Таблица по подбору сечений теплых ангаров пролетами 9м, 12м, 15м, 18м, 21м, 24м версия 1,5.xlsx",0271b96c6fe725d3e50ad7891401958322a5ae97866bb0bf8cb190bc4bbeff3f,Расчеты,"C7,SO58:ALU58,SM60:SM109,SO113:ALU113,SM115:SM164",2026-09-16,source-labelled,SM89,null,4.87,n
1.0.0,"Таблица по подбору сечений теплых ангаров пролетами 9м, 12м, 15м, 18м, 21м, 24м версия 1,5.xlsx",0271b96c6fe725d3e50ad7891401958322a5ae97866bb0bf8cb190bc4bbeff3f,Расчеты,"C7,SO58:ALU58,SM60:SM109,SO113:ALU113,SM115:SM164",2026-09-16,source-labelled,SM90,null,6.05,n
1.0.0,"Таблица по подбору сечений теплых ангаров пролетами 9м, 12м, 15м, 18м, 21м, 24м версия 1,5.xlsx",0271b96c6fe725d3e50ad7891401958322a5ae97866bb0bf8cb190bc4bbeff3f,Расчеты,"C7,SO58:ALU58,SM60:SM109,SO113:ALU113,SM115:SM164",2026-09-16,source-labelled,SM91,null,3.91,n
1.0.0,"Таблица по подбору сечений теплых ангаров пролетами 9м, 12м, 15м, 18м, 21м, 24м версия 1,5.xlsx",0271b96c6fe725d3e50ad7891401958322a5ae97866bb0bf8cb190bc4bbeff3f,Расчеты,"C7,SO58:ALU58,SM60:SM109,SO113:ALU113,SM115:SM164",2026-09-16,source-labelled,SM92,null,5.19,n
1.0.0,"Таблица по подбору сечений теплых ангаров пролетами 9м, 12м, 15м, 18м, 21м, 24м версия 1,5.xlsx",0271b96c6fe725d3e50ad7891401958322a5ae97866bb0bf8cb190bc4bbeff3f,Расчеты,"C7,SO58:ALU58,SM60:SM109,SO113:ALU113,SM115:SM164",2026-09-16,source-labelled,SM93,null,6.5,n
1.0.0,"Таблица по подбору сечений теплых ангаров пролетами 9м, 12м, 15м, 18м, 21м, 24м версия 1,5.xlsx",0271b96c6fe725d3e50ad7891401958322a5ae97866bb0bf8cb190bc4bbeff3f,Расчеты,"C7,SO58:ALU58,SM60:SM109,SO113:ALU113,SM115:SM164",2026-09-16,source-labelled,SM94,null,4.15,n
1.0.0,"Таблица по подбору сечений теплых ангаров пролетами 9м, 12м, 15м, 18м, 21м, 24м версия 1,5.xlsx",0271b96c6fe725d3e50ad7891401958322a5ae97866bb0bf8cb190bc4bbeff3f,Расчеты,"C7,SO58:ALU58,SM60:SM109,SO113:ALU113,SM115:SM164",2026-09-16,source-labelled,SM95,null,5.5,n
1.0.0,"Таблица по подбору сечений теплых ангаров пролетами 9м, 12м, 15м, 18м, 21м, 24м версия 1,5.xlsx",0271b96c6fe725d3e50ad7891401958322a5ae97866bb0bf8cb190bc4bbeff3f,Расчеты,"C7,SO58:ALU58,SM60:SM109,SO113:ALU113,SM115:SM164",2026-09-16,source-labelled,SM96,null,6.84,n
1.0.0,"Таблица по подбору сечений теплых ангаров пролетами 9м, 12м, 15м, 18м, 21м, 24м версия 1,5.xlsx",0271b96c6fe725d3e50ad7891401958322a5ae97866bb0bf8cb190bc4bbeff3f,Расчеты,"C7,SO58:ALU58,SM60:SM109,SO113:ALU113,SM115:SM164",2026-09-16,source-labelled,SM97,null,4.38,n
1.0.0,"Таблица по подбору сечений теплых ангаров пролетами 9м, 12м, 15м, 18м, 21м, 24м версия 1,5.xlsx",0271b96c6fe725d3e50ad7891401958322a5ae97866bb0bf8cb190bc4bbeff3f,Расчеты,"C7,SO58:ALU58,SM60:SM109,SO113:ALU113,SM115:SM164",2026-09-16,source-labelled,SM98,null,5.81,n
1.0.0,"Таблица по подбору сечений теплых ангаров пролетами 9м, 12м, 15м, 18м, 21м, 24м версия 1,5.xlsx",0271b96c6fe725d3e50ad7891401958322a5ae97866bb0bf8cb190bc4bbeff3f,Расчеты,"C7,SO58:ALU58,SM60:SM109,SO113:ALU113,SM115:SM164",2026-09-16,source-labelled,SM99,null,7.23,n
1.0.0,"Таблица по подбору сечений теплых ангаров пролетами 9м, 12м, 15м, 18м, 21м, 24м версия 1,5.xlsx",0271b96c6fe725d3e50ad7891401958322a5ae97866bb0bf8cb190bc4bbeff3f,Расчеты,"C7,SO58:ALU58,SM60:SM109,SO113:ALU113,SM115:SM164",2026-09-16,source-labelled,SM100,null,4.94,n
1.0.0,"Таблица по подбору сечений теплых ангаров пролетами 9м, 12м, 15м, 18м, 21м, 24м версия 1,5.xlsx",0271b96c6fe725d3e50ad7891401958322a5ae97866bb0bf8cb190bc4bbeff3f,Расчеты,"C7,SO58:ALU58,SM60:SM109,SO113:ALU113,SM115:SM164",2026-09-16,source-labelled,SM101,null,6.57,n
1.0.0,"Таблица по подбору сечений теплых ангаров пролетами 9м, 12м, 15м, 18м, 21м, 24м версия 1,5.xlsx",0271b96c6fe725d3e50ad7891401958322a5ae97866bb0bf8cb190bc4bbeff3f,Расчеты,"C7,SO58:ALU58,SM60:SM109,SO113:ALU113,SM115:SM164",2026-09-16,source-labelled,SM102,null,8.23,n
1.0.0,"Таблица по подбору сечений теплых ангаров пролетами 9м, 12м, 15м, 18м, 21м, 24м версия 1,5.xlsx",0271b96c6fe725d3e50ad7891401958322a5ae97866bb0bf8cb190bc4bbeff3f,Расчеты,"C7,SO58:ALU58,SM60:SM109,SO113:ALU113,SM115:SM164",2026-09-16,source-labelled,SM103,null,9.9,n
1.0.0,"Таблица по подбору сечений теплых ангаров пролетами 9м, 12м, 15м, 18м, 21м, 24м версия 1,5.xlsx",0271b96c6fe725d3e50ad7891401958322a5ae97866bb0bf8cb190bc4bbeff3f,Расчеты,"C7,SO58:ALU58,SM60:SM109,SO113:ALU113,SM115:SM164",2026-09-16,source-labelled,SM104,null,8.12,n
1.0.0,"Таблица по подбору сечений теплых ангаров пролетами 9м, 12м, 15м, 18м, 21м, 24м версия 1,5.xlsx",0271b96c6fe725d3e50ad7891401958322a5ae97866bb0bf8cb190bc4bbeff3f,Расчеты,"C7,SO58:ALU58,SM60:SM109,SO113:ALU113,SM115:SM164",2026-09-16,source-labelled,SM105,null,10.17,n
1.0.0,"Таблица по подбору сечений теплых ангаров пролетами 9м, 12м, 15м, 18м, 21м, 24м версия 1,5.xlsx",0271b96c6fe725d3e50ad7891401958322a5ae97866bb0bf8cb190bc4bbeff3f,Расчеты,"C7,SO58:ALU58,SM60:SM109,SO113:ALU113,SM115:SM164",2026-09-16,source-labelled,SM106,null,12.23,n
1.0.0,"Таблица по подбору сечений теплых ангаров пролетами 9м, 12м, 15м, 18м, 21м, 24м версия 1,5.xlsx",0271b96c6fe725d3e50ad7891401958322a5ae97866bb0bf8cb190bc4bbeff3f,Расчеты,"C7,SO58:ALU58,SM60:SM109,SO113:ALU113,SM115:SM164",2026-09-16,source-labelled,SM107,null,8.9,n
1.0.0,"Таблица по подбору сечений теплых ангаров пролетами 9м, 12м, 15м, 18м, 21м, 24м версия 1,5.xlsx",0271b96c6fe725d3e50ad7891401958322a5ae97866bb0bf8cb190bc4bbeff3f,Расчеты,"C7,SO58:ALU58,SM60:SM109,SO113:ALU113,SM115:SM164",2026-09-16,source-labelled,SM108,null,11.15,n
1.0.0,"Таблица по подбору сечений теплых ангаров пролетами 9м, 12м, 15м, 18м, 21м, 24м версия 1,5.xlsx",0271b96c6fe725d3e50ad7891401958322a5ae97866bb0bf8cb190bc4bbeff3f,Расчеты,"C7,SO58:ALU58,SM60:SM109,SO113:ALU113,SM115:SM164",2026-09-16,source-labelled,SM109,null,13.41,n
1.0.0,"Таблица по подбору сечений теплых ангаров пролетами 9м, 12м, 15м, 18м, 21м, 24м версия 1,5.xlsx",0271b96c6fe725d3e50ad7891401958322a5ae97866bb0bf8cb190bc4bbeff3f,Расчеты,"C7,SO58:ALU58,SM60:SM109,SO113:ALU113,SM115:SM164",2026-09-16,source-labelled,SO113,null,500,n
1.0.0,"Таблица по подбору сечений теплых ангаров пролетами 9м, 12м, 15м, 18м, 21м, 24м версия 1,5.xlsx",0271b96c6fe725d3e50ad7891401958322a5ae97866bb0bf8cb190bc4bbeff3f,Расчеты,"C7,SO58:ALU58,SM60:SM109,SO113:ALU113,SM115:SM164",2026-09-16,source-labelled,SP113,null,null,n
1.0.0,"Таблица по подбору сечений теплых ангаров пролетами 9м, 12м, 15м, 18м, 21м, 24м версия 1,5.xlsx",0271b96c6fe725d3e50ad7891401958322a5ae97866bb0bf8cb190bc4bbeff3f,Расчеты,"C7,SO58:ALU58,SM60:SM109,SO113:ALU113,SM115:SM164",2026-09-16,source-labelled,SQ113,null,null,n
1.0.0,"Таблица по подбору сечений теплых ангаров пролетами 9м, 12м, 15м, 18м, 21м, 24м версия 1,5.xlsx",0271b96c6fe725d3e50ad7891401958322a5ae97866bb0bf8cb190bc4bbeff3f,Расчеты,"C7,SO58:ALU58,SM60:SM109,SO113:ALU113,SM115:SM164",2026-09-16,source-labelled,SR113,null,null,n
1.0.0,"Таблица по подбору сечений теплых ангаров пролетами 9м, 12м, 15м, 18м, 21м, 24м версия 1,5.xlsx",0271b96c6fe725d3e50ad7891401958322a5ae97866bb0bf8cb190bc4bbeff3f,Расчеты,"C7,SO58:ALU58,SM60:SM109,SO113:ALU113,SM115:SM164",2026-09-16,source-labelled,SS113,null,null,n
1.0.0,"Таблица по подбору сечений теплых ангаров пролетами 9м, 12м, 15м, 18м, 21м, 24м версия 1,5.xlsx",0271b96c6fe725d3e50ad7891401958322a5ae97866bb0bf8cb190bc4bbeff3f,Расчеты,"C7,SO58:ALU58,SM60:SM109,SO113:ALU113,SM115:SM164",2026-09-16,source-labelled,ST113,null,null,n
1.0.0,"Таблица по подбору сечений теплых ангаров пролетами 9м, 12м, 15м, 18м, 21м, 24м версия 1,5.xlsx",0271b96c6fe725d3e50ad7891401958322a5ae97866bb0bf8cb190bc4bbeff3f,Расчеты,"C7,SO58:ALU58,SM60:SM109,SO113:ALU113,SM115:SM164",2026-09-16,source-labelled,SU113,null,null,n
1.0.0,"Таблица по подбору сечений теплых ангаров пролетами 9м, 12м, 15м, 18м, 21м, 24м версия 1,5.xlsx",0271b96c6fe725d3e50ad7891401958322a5ae97866bb0bf8cb190bc4bbeff3f,Расчеты,"C7,SO58:ALU58,SM60:SM109,SO113:ALU113,SM115:SM164",2026-09-16,source-labelled,SV113,null,null,n
1.0.0,"Таблица по подбору сечений теплых ангаров пролетами 9м, 12м, 15м, 18м, 21м, 24м версия 1,5.xlsx",0271b96c6fe725d3e50ad7891401958322a5ae97866bb0bf8cb190bc4bbeff3f,Расчеты,"C7,SO58:ALU58,SM60:SM109,SO113:ALU113,SM115:SM164",2026-09-16,source-labelled,SW113,null,null,n
1.0.0,"Таблица по подбору сечений теплых ангаров пролетами 9м, 12м, 15м, 18м, 21м, 24м версия 1,5.xlsx",0271b96c6fe725d3e50ad7891401958322a5ae97866bb0bf8cb190bc4bbeff3f,Расчеты,"C7,SO58:ALU58,SM60:SM109,SO113:ALU113,SM115:SM164",2026-09-16,source-labelled,SX113,null,null,n
1.0.0,"Таблица по подбору сечений теплых ангаров пролетами 9м, 12м, 15м, 18м, 21м, 24м версия 1,5.xlsx",0271b96c6fe725d3e50ad7891401958322a5ae97866bb0bf8cb190bc4bbeff3f,Расчеты,"C7,SO58:ALU58,SM60:SM109,SO113:ALU113,SM115:SM164",2026-09-16,source-labelled,SY113,null,null,n
1.0.0,"Таблица по подбору сечений теплых ангаров пролетами 9м, 12м, 15м, 18м, 21м, 24м версия 1,5.xlsx",0271b96c6fe725d3e50ad7891401958322a5ae97866bb0bf8cb190bc4bbeff3f,Расчеты,"C7,SO58:ALU58,SM60:SM109,SO113:ALU113,SM115:SM164",2026-09-16,source-labelled,SZ113,null,null,n
1.0.0,"Таблица по подбору сечений теплых ангаров пролетами 9м, 12м, 15м, 18м, 21м, 24м версия 1,5.xlsx",0271b96c6fe725d3e50ad7891401958322a5ae97866bb0bf8cb190bc4bbeff3f,Расчеты,"C7,SO58:ALU58,SM60:SM109,SO113:ALU113,SM115:SM164",2026-09-16,source-labelled,TA113,null,null,n
1.0.0,"Таблица по подбору сечений теплых ангаров пролетами 9м, 12м, 15м, 18м, 21м, 24м версия 1,5.xlsx",0271b96c6fe725d3e50ad7891401958322a5ae97866bb0bf8cb190bc4bbeff3f,Расчеты,"C7,SO58:ALU58,SM60:SM109,SO113:ALU113,SM115:SM164",2026-09-16,source-labelled,TB113,null,null,n
1.0.0,"Таблица по подбору сечений теплых ангаров пролетами 9м, 12м, 15м, 18м, 21м, 24м версия 1,5.xlsx",0271b96c6fe725d3e50ad7891401958322a5ae97866bb0bf8cb190bc4bbeff3f,Расчеты,"C7,SO58:ALU58,SM60:SM109,SO113:ALU113,SM115:SM164",2026-09-16,source-labelled,TC113,null,null,n
1.0.0,"Таблица по подбору сечений теплых ангаров пролетами 9м, 12м, 15м, 18м, 21м, 24м версия 1,5.xlsx",0271b96c6fe725d3e50ad7891401958322a5ae97866bb0bf8cb190bc4bbeff3f,Расчеты,"C7,SO58:ALU58,SM60:SM109,SO113:ALU113,SM115:SM164",2026-09-16,source-labelled,TD113,null,null,n
1.0.0,"Таблица по подбору сечений теплых ангаров пролетами 9м, 12м, 15м, 18м, 21м, 24м версия 1,5.xlsx",0271b96c6fe725d3e50ad7891401958322a5ae97866bb0bf8cb190bc4bbeff3f,Расчеты,"C7,SO58:ALU58,SM60:SM109,SO113:ALU113,SM115:SM164",2026-09-16,source-labelled,TE113,null,null,n
1.0.0,"Таблица по подбору сечений теплых ангаров пролетами 9м, 12м, 15м, 18м, 21м, 24м версия 1,5.xlsx",0271b96c6fe725d3e50ad7891401958322a5ae97866bb0bf8cb190bc4bbeff3f,Расчеты,"C7,SO58:ALU58,SM60:SM109,SO113:ALU113,SM115:SM164",2026-09-16,source-labelled,TF113,null,null,n
1.0.0,"Таблица по подбору сечений теплых ангаров пролетами 9м, 12м, 15м, 18м, 21м, 24м версия 1,5.xlsx",0271b96c6fe725d3e50ad7891401958322a5ae97866bb0bf8cb190bc4bbeff3f,Расчеты,"C7,SO58:ALU58,SM60:SM109,SO113:ALU113,SM115:SM164",2026-09-16,source-labelled,TG113,null,null,n
1.0.0,"Таблица по подбору сечений теплых ангаров пролетами 9м, 12м, 15м, 18м, 21м, 24м версия 1,5.xlsx",0271b96c6fe725d3e50ad7891401958322a5ae97866bb0bf8cb190bc4bbeff3f,Расчеты,"C7,SO58:ALU58,SM60:SM109,SO113:ALU113,SM115:SM164",2026-09-16,source-labelled,TH113,null,null,n
1.0.0,"Таблица по подбору сечений теплых ангаров пролетами 9м, 12м, 15м, 18м, 21м, 24м версия 1,5.xlsx",0271b96c6fe725d3e50ad7891401958322a5ae97866bb0bf8cb190bc4bbeff3f,Расчеты,"C7,SO58:ALU58,SM60:SM109,SO113:ALU113,SM115:SM164",2026-09-16,source-labelled,TI113,null,600,n
1.0.0,"Таблица по подбору сечений теплых ангаров пролетами 9м, 12м, 15м, 18м, 21м, 24м версия 1,5.xlsx",0271b96c6fe725d3e50ad7891401958322a5ae97866bb0bf8cb190bc4bbeff3f,Расчеты,"C7,SO58:ALU58,SM60:SM109,SO113:ALU113,SM115:SM164",2026-09-16,source-labelled,TJ113,null,null,n
1.0.0,"Таблица по подбору сечений теплых ангаров пролетами 9м, 12м, 15м, 18м, 21м, 24м версия 1,5.xlsx",0271b96c6fe725d3e50ad7891401958322a5ae97866bb0bf8cb190bc4bbeff3f,Расчеты,"C7,SO58:ALU58,SM60:SM109,SO113:ALU113,SM115:SM164",2026-09-16,source-labelled,TK113,null,null,n
1.0.0,"Таблица по подбору сечений теплых ангаров пролетами 9м, 12м, 15м, 18м, 21м, 24м версия 1,5.xlsx",0271b96c6fe725d3e50ad7891401958322a5ae97866bb0bf8cb190bc4bbeff3f,Расчеты,"C7,SO58:ALU58,SM60:SM109,SO113:ALU113,SM115:SM164",2026-09-16,source-labelled,TL113,null,null,n
1.0.0,"Таблица по подбору сечений теплых ангаров пролетами 9м, 12м, 15м, 18м, 21м, 24м версия 1,5.xlsx",0271b96c6fe725d3e50ad7891401958322a5ae97866bb0bf8cb190bc4bbeff3f,Расчеты,"C7,SO58:ALU58,SM60:SM109,SO113:ALU113,SM115:SM164",2026-09-16,source-labelled,TM113,null,null,n
1.0.0,"Таблица по подбору сечений теплых ангаров пролетами 9м, 12м, 15м, 18м, 21м, 24м версия 1,5.xlsx",0271b96c6fe725d3e50ad7891401958322a5ae97866bb0bf8cb190bc4bbeff3f,Расчеты,"C7,SO58:ALU58,SM60:SM109,SO113:ALU113,SM115:SM164",2026-09-16,source-labelled,TN113,null,null,n
1.0.0,"Таблица по подбору сечений теплых ангаров пролетами 9м, 12м, 15м, 18м, 21м, 24м версия 1,5.xlsx",0271b96c6fe725d3e50ad7891401958322a5ae97866bb0bf8cb190bc4bbeff3f,Расчеты,"C7,SO58:ALU58,SM60:SM109,SO113:ALU113,SM115:SM164",2026-09-16,source-labelled,TO113,null,null,n
1.0.0,"Таблица по подбору сечений теплых ангаров пролетами 9м, 12м, 15м, 18м, 21м, 24м версия 1,5.xlsx",0271b96c6fe725d3e50ad7891401958322a5ae97866bb0bf8cb190bc4bbeff3f,Расчеты,"C7,SO58:ALU58,SM60:SM109,SO113:ALU113,SM115:SM164",2026-09-16,source-labelled,TP113,null,null,n
1.0.0,"Таблица по подбору сечений теплых ангаров пролетами 9м, 12м, 15м, 18м, 21м, 24м версия 1,5.xlsx",0271b96c6fe725d3e50ad7891401958322a5ae97866bb0bf8cb190bc4bbeff3f,Расчеты,"C7,SO58:ALU58,SM60:SM109,SO113:ALU113,SM115:SM164",2026-09-16,source-labelled,TQ113,null,null,n
1.0.0,"Таблица по подбору сечений теплых ангаров пролетами 9м, 12м, 15м, 18м, 21м, 24м версия 1,5.xlsx",0271b96c6fe725d3e50ad7891401958322a5ae97866bb0bf8cb190bc4bbeff3f,Расчеты,"C7,SO58:ALU58,SM60:SM109,SO113:ALU113,SM115:SM164",2026-09-16,source-labelled,TR113,null,null,n
1.0.0,"Таблица по подбору сечений теплых ангаров пролетами 9м, 12м, 15м, 18м, 21м, 24м версия 1,5.xlsx",0271b96c6fe725d3e50ad7891401958322a5ae97866bb0bf8cb190bc4bbeff3f,Расчеты,"C7,SO58:ALU58,SM60:SM109,SO113:ALU113,SM115:SM164",2026-09-16,source-labelled,TS113,null,null,n
1.0.0,"Таблица по подбору сечений теплых ангаров пролетами 9м, 12м, 15м, 18м, 21м, 24м версия 1,5.xlsx",0271b96c6fe725d3e50ad7891401958322a5ae97866bb0bf8cb190bc4bbeff3f,Расчеты,"C7,SO58:ALU58,SM60:SM109,SO113:ALU113,SM115:SM164",2026-09-16,source-labelled,TT113,null,null,n
1.0.0,"Таблица по подбору сечений теплых ангаров пролетами 9м, 12м, 15м, 18м, 21м, 24м версия 1,5.xlsx",0271b96c6fe725d3e50ad7891401958322a5ae97866bb0bf8cb190bc4bbeff3f,Расчеты,"C7,SO58:ALU58,SM60:SM109,SO113:ALU113,SM115:SM164",2026-09-16,source-labelled,TU113,null,null,n
1.0.0,"Таблица по подбору сечений теплых ангаров пролетами 9м, 12м, 15м, 18м, 21м, 24м версия 1,5.xlsx",0271b96c6fe725d3e50ad7891401958322a5ae97866bb0bf8cb190bc4bbeff3f,Расчеты,"C7,SO58:ALU58,SM60:SM109,SO113:ALU113,SM115:SM164",2026-09-16,source-labelled,TV113,null,null,n
1.0.0,"Таблица по подбору сечений теплых ангаров пролетами 9м, 12м, 15м, 18м, 21м, 24м версия 1,5.xlsx",0271b96c6fe725d3e50ad7891401958322a5ae97866bb0bf8cb190bc4bbeff3f,Расчеты,"C7,SO58:ALU58,SM60:SM109,SO113:ALU113,SM115:SM164",2026-09-16,source-labelled,TW113,null,null,n
1.0.0,"Таблица по подбору сечений теплых ангаров пролетами 9м, 12м, 15м, 18м, 21м, 24м версия 1,5.xlsx",0271b96c6fe725d3e50ad7891401958322a5ae97866bb0bf8cb190bc4bbeff3f,Расчеты,"C7,SO58:ALU58,SM60:SM109,SO113:ALU113,SM115:SM164",2026-09-16,source-labelled,TX113,null,null,n
1.0.0,"Таблица по подбору сечений теплых ангаров пролетами 9м, 12м, 15м, 18м, 21м, 24м версия 1,5.xlsx",0271b96c6fe725d3e50ad7891401958322a5ae97866bb0bf8cb190bc4bbeff3f,Расчеты,"C7,SO58:ALU58,SM60:SM109,SO113:ALU113,SM115:SM164",2026-09-16,source-labelled,TY113,null,null,n
1.0.0,"Таблица по подбору сечений теплых ангаров пролетами 9м, 12м, 15м, 18м, 21м, 24м версия 1,5.xlsx",0271b96c6fe725d3e50ad7891401958322a5ae97866bb0bf8cb190bc4bbeff3f,Расчеты,"C7,SO58:ALU58,SM60:SM109,SO113:ALU113,SM115:SM164",2026-09-16,source-labelled,TZ113,null,null,n
1.0.0,"Таблица по подбору сечений теплых ангаров пролетами 9м, 12м, 15м, 18м, 21м, 24м версия 1,5.xlsx",0271b96c6fe725d3e50ad7891401958322a5ae97866bb0bf8cb190bc4bbeff3f,Расчеты,"C7,SO58:ALU58,SM60:SM109,SO113:ALU113,SM115:SM164",2026-09-16,source-labelled,UA113,null,null,n
1.0.0,"Таблица по подбору сечений теплых ангаров пролетами 9м, 12м, 15м, 18м, 21м, 24м версия 1,5.xlsx",0271b96c6fe725d3e50ad7891401958322a5ae97866bb0bf8cb190bc4bbeff3f,Расчеты,"C7,SO58:ALU58,SM60:SM109,SO113:ALU113,SM115:SM164",2026-09-16,source-labelled,UB113,null,null,n
1.0.0,"Таблица по подбору сечений теплых ангаров пролетами 9м, 12м, 15м, 18м, 21м, 24м версия 1,5.xlsx",0271b96c6fe725d3e50ad7891401958322a5ae97866bb0bf8cb190bc4bbeff3f,Расчеты,"C7,SO58:ALU58,SM60:SM109,SO113:ALU113,SM115:SM164",2026-09-16,source-labelled,UC113,null,700,n
1.0.0,"Таблица по подбору сечений теплых ангаров пролетами 9м, 12м, 15м, 18м, 21м, 24м версия 1,5.xlsx",0271b96c6fe725d3e50ad7891401958322a5ae97866bb0bf8cb190bc4bbeff3f,Расчеты,"C7,SO58:ALU58,SM60:SM109,SO113:ALU113,SM115:SM164",2026-09-16,source-labelled,UD113,null,null,n
1.0.0,"Таблица по подбору сечений теплых ангаров пролетами 9м, 12м, 15м, 18м, 21м, 24м версия 1,5.xlsx",0271b96c6fe725d3e50ad7891401958322a5ae97866bb0bf8cb190bc4bbeff3f,Расчеты,"C7,SO58:ALU58,SM60:SM109,SO113:ALU113,SM115:SM164",2026-09-16,source-labelled,UE113,null,null,n
1.0.0,"Таблица по подбору сечений теплых ангаров пролетами 9м, 12м, 15м, 18м, 21м, 24м версия 1,5.xlsx",0271b96c6fe725d3e50ad7891401958322a5ae97866bb0bf8cb190bc4bbeff3f,Расчеты,"C7,SO58:ALU58,SM60:SM109,SO113:ALU113,SM115:SM164",2026-09-16,source-labelled,UF113,null,null,n
1.0.0,"Таблица по подбору сечений теплых ангаров пролетами 9м, 12м, 15м, 18м, 21м, 24м версия 1,5.xlsx",0271b96c6fe725d3e50ad7891401958322a5ae97866bb0bf8cb190bc4bbeff3f,Расчеты,"C7,SO58:ALU58,SM60:SM109,SO113:ALU113,SM115:SM164",2026-09-16,source-labelled,UG113,null,null,n
1.0.0,"Таблица по подбору сечений теплых ангаров пролетами 9м, 12м, 15м, 18м, 21м, 24м версия 1,5.xlsx",0271b96c6fe725d3e50ad7891401958322a5ae97866bb0bf8cb190bc4bbeff3f,Расчеты,"C7,SO58:ALU58,SM60:SM109,SO113:ALU113,SM115:SM164",2026-09-16,source-labelled,UH113,null,null,n
1.0.0,"Таблица по подбору сечений теплых ангаров пролетами 9м, 12м, 15м, 18м, 21м, 24м версия 1,5.xlsx",0271b96c6fe725d3e50ad7891401958322a5ae97866bb0bf8cb190bc4bbeff3f,Расчеты,"C7,SO58:ALU58,SM60:SM109,SO113:ALU113,SM115:SM164",2026-09-16,source-labelled,UI113,null,null,n
1.0.0,"Таблица по подбору сечений теплых ангаров пролетами 9м, 12м, 15м, 18м, 21м, 24м версия 1,5.xlsx",0271b96c6fe725d3e50ad7891401958322a5ae97866bb0bf8cb190bc4bbeff3f,Расчеты,"C7,SO58:ALU58,SM60:SM109,SO113:ALU113,SM115:SM164",2026-09-16,source-labelled,UJ113,null,null,n
1.0.0,"Таблица по подбору сечений теплых ангаров пролетами 9м, 12м, 15м, 18м, 21м, 24м версия 1,5.xlsx",0271b96c6fe725d3e50ad7891401958322a5ae97866bb0bf8cb190bc4bbeff3f,Расчеты,"C7,SO58:ALU58,SM60:SM109,SO113:ALU113,SM115:SM164",2026-09-16,source-labelled,UK113,null,null,n
1.0.0,"Таблица по подбору сечений теплых ангаров пролетами 9м, 12м, 15м, 18м, 21м, 24м версия 1,5.xlsx",0271b96c6fe725d3e50ad7891401958322a5ae97866bb0bf8cb190bc4bbeff3f,Расчеты,"C7,SO58:ALU58,SM60:SM109,SO113:ALU113,SM115:SM164",2026-09-16,source-labelled,UL113,null,null,n
1.0.0,"Таблица по подбору сечений теплых ангаров пролетами 9м, 12м, 15м, 18м, 21м, 24м версия 1,5.xlsx",0271b96c6fe725d3e50ad7891401958322a5ae97866bb0bf8cb190bc4bbeff3f,Расчеты,"C7,SO58:ALU58,SM60:SM109,SO113:ALU113,SM115:SM164",2026-09-16,source-labelled,UM113,null,null,n
1.0.0,"Таблица по подбору сечений теплых ангаров пролетами 9м, 12м, 15м, 18м, 21м, 24м версия 1,5.xlsx",0271b96c6fe725d3e50ad7891401958322a5ae97866bb0bf8cb190bc4bbeff3f,Расчеты,"C7,SO58:ALU58,SM60:SM109,SO113:ALU113,SM115:SM164",2026-09-16,source-labelled,UN113,null,null,n
1.0.0,"Таблица по подбору сечений теплых ангаров пролетами 9м, 12м, 15м, 18м, 21м, 24м версия 1,5.xlsx",0271b96c6fe725d3e50ad7891401958322a5ae97866bb0bf8cb190bc4bbeff3f,Расчеты,"C7,SO58:ALU58,SM60:SM109,SO113:ALU113,SM115:SM164",2026-09-16,source-labelled,UO113,null,null,n
1.0.0,"Таблица по подбору сечений теплых ангаров пролетами 9м, 12м, 15м, 18м, 21м, 24м версия 1,5.xlsx",0271b96c6fe725d3e50ad7891401958322a5ae97866bb0bf8cb190bc4bbeff3f,Расчеты,"C7,SO58:ALU58,SM60:SM109,SO113:ALU113,SM115:SM164",2026-09-16,source-labelled,UP113,null,null,n
1.0.0,"Таблица по подбору сечений теплых ангаров пролетами 9м, 12м, 15м, 18м, 21м, 24м версия 1,5.xlsx",0271b96c6fe725d3e50ad7891401958322a5ae97866bb0bf8cb190bc4bbeff3f,Расчеты,"C7,SO58:ALU58,SM60:SM109,SO113:ALU113,SM115:SM164",2026-09-16,source-labelled,UQ113,null,null,n
1.0.0,"Таблица по подбору сечений теплых ангаров пролетами 9м, 12м, 15м, 18м, 21м, 24м версия 1,5.xlsx",0271b96c6fe725d3e50ad7891401958322a5ae97866bb0bf8cb190bc4bbeff3f,Расчеты,"C7,SO58:ALU58,SM60:SM109,SO113:ALU113,SM115:SM164",2026-09-16,source-labelled,UR113,null,null,n
1.0.0,"Таблица по подбору сечений теплых ангаров пролетами 9м, 12м, 15м, 18м, 21м, 24м версия 1,5.xlsx",0271b96c6fe725d3e50ad7891401958322a5ae97866bb0bf8cb190bc4bbeff3f,Расчеты,"C7,SO58:ALU58,SM60:SM109,SO113:ALU113,SM115:SM164",2026-09-16,source-labelled,US113,null,null,n
1.0.0,"Таблица по подбору сечений теплых ангаров пролетами 9м, 12м, 15м, 18м, 21м, 24м версия 1,5.xlsx",0271b96c6fe725d3e50ad7891401958322a5ae97866bb0bf8cb190bc4bbeff3f,Расчеты,"C7,SO58:ALU58,SM60:SM109,SO113:ALU113,SM115:SM164",2026-09-16,source-labelled,UT113,null,null,n
1.0.0,"Таблица по подбору сечений теплых ангаров пролетами 9м, 12м, 15м, 18м, 21м, 24м версия 1,5.xlsx",0271b96c6fe725d3e50ad7891401958322a5ae97866bb0bf8cb190bc4bbeff3f,Расчеты,"C7,SO58:ALU58,SM60:SM109,SO113:ALU113,SM115:SM164",2026-09-16,source-labelled,UU113,null,null,n
1.0.0,"Таблица по подбору сечений теплых ангаров пролетами 9м, 12м, 15м, 18м, 21м, 24м версия 1,5.xlsx",0271b96c6fe725d3e50ad7891401958322a5ae97866bb0bf8cb190bc4bbeff3f,Расчеты,"C7,SO58:ALU58,SM60:SM109,SO113:ALU113,SM115:SM164",2026-09-16,source-labelled,UV113,null,null,n
1.0.0,"Таблица по подбору сечений теплых ангаров пролетами 9м, 12м, 15м, 18м, 21м, 24м версия 1,5.xlsx",0271b96c6fe725d3e50ad7891401958322a5ae97866bb0bf8cb190bc4bbeff3f,Расчеты,"C7,SO58:ALU58,SM60:SM109,SO113:ALU113,SM115:SM164",2026-09-16,source-labelled,UW113,null,800,n
1.0.0,"Таблица по подбору сечений теплых ангаров пролетами 9м, 12м, 15м, 18м, 21м, 24м версия 1,5.xlsx",0271b96c6fe725d3e50ad7891401958322a5ae97866bb0bf8cb190bc4bbeff3f,Расчеты,"C7,SO58:ALU58,SM60:SM109,SO113:ALU113,SM115:SM164",2026-09-16,source-labelled,UX113,null,null,n
1.0.0,"Таблица по подбору сечений теплых ангаров пролетами 9м, 12м, 15м, 18м, 21м, 24м версия 1,5.xlsx",0271b96c6fe725d3e50ad7891401958322a5ae97866bb0bf8cb190bc4bbeff3f,Расчеты,"C7,SO58:ALU58,SM60:SM109,SO113:ALU113,SM115:SM164",2026-09-16,source-labelled,UY113,null,null,n
1.0.0,"Таблица по подбору сечений теплых ангаров пролетами 9м, 12м, 15м, 18м, 21м, 24м версия 1,5.xlsx",0271b96c6fe725d3e50ad7891401958322a5ae97866bb0bf8cb190bc4bbeff3f,Расчеты,"C7,SO58:ALU58,SM60:SM109,SO113:ALU113,SM115:SM164",2026-09-16,source-labelled,UZ113,null,null,n
1.0.0,"Таблица по подбору сечений теплых ангаров пролетами 9м, 12м, 15м, 18м, 21м, 24м версия 1,5.xlsx",0271b96c6fe725d3e50ad7891401958322a5ae97866bb0bf8cb190bc4bbeff3f,Расчеты,"C7,SO58:ALU58,SM60:SM109,SO113:ALU113,SM115:SM164",2026-09-16,source-labelled,VA113,null,null,n
1.0.0,"Таблица по подбору сечений теплых ангаров пролетами 9м, 12м, 15м, 18м, 21м, 24м версия 1,5.xlsx",0271b96c6fe725d3e50ad7891401958322a5ae97866bb0bf8cb190bc4bbeff3f,Расчеты,"C7,SO58:ALU58,SM60:SM109,SO113:ALU113,SM115:SM164",2026-09-16,source-labelled,VB113,null,null,n
1.0.0,"Таблица по подбору сечений теплых ангаров пролетами 9м, 12м, 15м, 18м, 21м, 24м версия 1,5.xlsx",0271b96c6fe725d3e50ad7891401958322a5ae97866bb0bf8cb190bc4bbeff3f,Расчеты,"C7,SO58:ALU58,SM60:SM109,SO113:ALU113,SM115:SM164",2026-09-16,source-labelled,VC113,null,null,n
1.0.0,"Таблица по подбору сечений теплых ангаров пролетами 9м, 12м, 15м, 18м, 21м, 24м версия 1,5.xlsx",0271b96c6fe725d3e50ad7891401958322a5ae97866bb0bf8cb190bc4bbeff3f,Расчеты,"C7,SO58:ALU58,SM60:SM109,SO113:ALU113,SM115:SM164",2026-09-16,source-labelled,VD113,null,null,n
1.0.0,"Таблица по подбору сечений теплых ангаров пролетами 9м, 12м, 15м, 18м, 21м, 24м версия 1,5.xlsx",0271b96c6fe725d3e50ad7891401958322a5ae97866bb0bf8cb190bc4bbeff3f,Расчеты,"C7,SO58:ALU58,SM60:SM109,SO113:ALU113,SM115:SM164",2026-09-16,source-labelled,VE113,null,null,n
1.0.0,"Таблица по подбору сечений теплых ангаров пролетами 9м, 12м, 15м, 18м, 21м, 24м версия 1,5.xlsx",0271b96c6fe725d3e50ad7891401958322a5ae97866bb0bf8cb190bc4bbeff3f,Расчеты,"C7,SO58:ALU58,SM60:SM109,SO113:ALU113,SM115:SM164",2026-09-16,source-labelled,VF113,null,null,n
1.0.0,"Таблица по подбору сечений теплых ангаров пролетами 9м, 12м, 15м, 18м, 21м, 24м версия 1,5.xlsx",0271b96c6fe725d3e50ad7891401958322a5ae97866bb0bf8cb190bc4bbeff3f,Расчеты,"C7,SO58:ALU58,SM60:SM109,SO113:ALU113,SM115:SM164",2026-09-16,source-labelled,VG113,null,null,n
1.0.0,"Таблица по подбору сечений теплых ангаров пролетами 9м, 12м, 15м, 18м, 21м, 24м версия 1,5.xlsx",0271b96c6fe725d3e50ad7891401958322a5ae97866bb0bf8cb190bc4bbeff3f,Расчеты,"C7,SO58:ALU58,SM60:SM109,SO113:ALU113,SM115:SM164",2026-09-16,source-labelled,VH113,null,null,n
1.0.0,"Таблица по подбору сечений теплых ангаров пролетами 9м, 12м, 15м, 18м, 21м, 24м версия 1,5.xlsx",0271b96c6fe725d3e50ad7891401958322a5ae97866bb0bf8cb190bc4bbeff3f,Расчеты,"C7,SO58:ALU58,SM60:SM109,SO113:ALU113,SM115:SM164",2026-09-16,source-labelled,VI113,null,null,n
1.0.0,"Таблица по подбору сечений теплых ангаров пролетами 9м, 12м, 15м, 18м, 21м, 24м версия 1,5.xlsx",0271b96c6fe725d3e50ad7891401958322a5ae97866bb0bf8cb190bc4bbeff3f,Расчеты,"C7,SO58:ALU58,SM60:SM109,SO113:ALU113,SM115:SM164",2026-09-16,source-labelled,VJ113,null,null,n
1.0.0,"Таблица по подбору сечений теплых ангаров пролетами 9м, 12м, 15м, 18м, 21м, 24м версия 1,5.xlsx",0271b96c6fe725d3e50ad7891401958322a5ae97866bb0bf8cb190bc4bbeff3f,Расчеты,"C7,SO58:ALU58,SM60:SM109,SO113:ALU113,SM115:SM164",2026-09-16,source-labelled,VK113,null,null,n
1.0.0,"Таблица по подбору сечений теплых ангаров пролетами 9м, 12м, 15м, 18м, 21м, 24м версия 1,5.xlsx",0271b96c6fe725d3e50ad7891401958322a5ae97866bb0bf8cb190bc4bbeff3f,Расчеты,"C7,SO58:ALU58,SM60:SM109,SO113:ALU113,SM115:SM164",2026-09-16,source-labelled,VL113,null,null,n
1.0.0,"Таблица по подбору сечений теплых ангаров пролетами 9м, 12м, 15м, 18м, 21м, 24м версия 1,5.xlsx",0271b96c6fe725d3e50ad7891401958322a5ae97866bb0bf8cb190bc4bbeff3f,Расчеты,"C7,SO58:ALU58,SM60:SM109,SO113:ALU113,SM115:SM164",2026-09-16,source-labelled,VM113,null,null,n
1.0.0,"Таблица по подбору сечений теплых ангаров пролетами 9м, 12м, 15м, 18м, 21м, 24м версия 1,5.xlsx",0271b96c6fe725d3e50ad7891401958322a5ae97866bb0bf8cb190bc4bbeff3f,Расчеты,"C7,SO58:ALU58,SM60:SM109,SO113:ALU113,SM115:SM164",2026-09-16,source-labelled,VN113,null,null,n
1.0.0,"Таблица по подбору сечений теплых ангаров пролетами 9м, 12м, 15м, 18м, 21м, 24м версия 1,5.xlsx",0271b96c6fe725d3e50ad7891401958322a5ae97866bb0bf8cb190bc4bbeff3f,Расчеты,"C7,SO58:ALU58,SM60:SM109,SO113:ALU113,SM115:SM164",2026-09-16,source-labelled,VO113,null,null,n
1.0.0,"Таблица по подбору сечений теплых ангаров пролетами 9м, 12м, 15м, 18м, 21м, 24м версия 1,5.xlsx",0271b96c6fe725d3e50ad7891401958322a5ae97866bb0bf8cb190bc4bbeff3f,Расчеты,"C7,SO58:ALU58,SM60:SM109,SO113:ALU113,SM115:SM164",2026-09-16,source-labelled,VP113,null,null,n
1.0.0,"Таблица по подбору сечений теплых ангаров пролетами 9м, 12м, 15м, 18м, 21м, 24м версия 1,5.xlsx",0271b96c6fe725d3e50ad7891401958322a5ae97866bb0bf8cb190bc4bbeff3f,Расчеты,"C7,SO58:ALU58,SM60:SM109,SO113:ALU113,SM115:SM164",2026-09-16,source-labelled,VQ113,null,900,n
1.0.0,"Таблица по подбору сечений теплых ангаров пролетами 9м, 12м, 15м, 18м, 21м, 24м версия 1,5.xlsx",0271b96c6fe725d3e50ad7891401958322a5ae97866bb0bf8cb190bc4bbeff3f,Расчеты,"C7,SO58:ALU58,SM60:SM109,SO113:ALU113,SM115:SM164",2026-09-16,source-labelled,VR113,null,null,n
1.0.0,"Таблица по подбору сечений теплых ангаров пролетами 9м, 12м, 15м, 18м, 21м, 24м версия 1,5.xlsx",0271b96c6fe725d3e50ad7891401958322a5ae97866bb0bf8cb190bc4bbeff3f,Расчеты,"C7,SO58:ALU58,SM60:SM109,SO113:ALU113,SM115:SM164",2026-09-16,source-labelled,VS113,null,null,n
1.0.0,"Таблица по подбору сечений теплых ангаров пролетами 9м, 12м, 15м, 18м, 21м, 24м версия 1,5.xlsx",0271b96c6fe725d3e50ad7891401958322a5ae97866bb0bf8cb190bc4bbeff3f,Расчеты,"C7,SO58:ALU58,SM60:SM109,SO113:ALU113,SM115:SM164",2026-09-16,source-labelled,VT113,null,null,n
1.0.0,"Таблица по подбору сечений теплых ангаров пролетами 9м, 12м, 15м, 18м, 21м, 24м версия 1,5.xlsx",0271b96c6fe725d3e50ad7891401958322a5ae97866bb0bf8cb190bc4bbeff3f,Расчеты,"C7,SO58:ALU58,SM60:SM109,SO113:ALU113,SM115:SM164",2026-09-16,source-labelled,VU113,null,null,n
1.0.0,"Таблица по подбору сечений теплых ангаров пролетами 9м, 12м, 15м, 18м, 21м, 24м версия 1,5.xlsx",0271b96c6fe725d3e50ad7891401958322a5ae97866bb0bf8cb190bc4bbeff3f,Расчеты,"C7,SO58:ALU58,SM60:SM109,SO113:ALU113,SM115:SM164",2026-09-16,source-labelled,VV113,null,null,n
1.0.0,"Таблица по подбору сечений теплых ангаров пролетами 9м, 12м, 15м, 18м, 21м, 24м версия 1,5.xlsx",0271b96c6fe725d3e50ad7891401958322a5ae97866bb0bf8cb190bc4bbeff3f,Расчеты,"C7,SO58:ALU58,SM60:SM109,SO113:ALU113,SM115:SM164",2026-09-16,source-labelled,VW113,null,null,n
1.0.0,"Таблица по подбору сечений теплых ангаров пролетами 9м, 12м, 15м, 18м, 21м, 24м версия 1,5.xlsx",0271b96c6fe725d3e50ad7891401958322a5ae97866bb0bf8cb190bc4bbeff3f,Расчеты,"C7,SO58:ALU58,SM60:SM109,SO113:ALU113,SM115:SM164",2026-09-16,source-labelled,VX113,null,null,n
1.0.0,"Таблица по подбору сечений теплых ангаров пролетами 9м, 12м, 15м, 18м, 21м, 24м версия 1,5.xlsx",0271b96c6fe725d3e50ad7891401958322a5ae97866bb0bf8cb190bc4bbeff3f,Расчеты,"C7,SO58:ALU58,SM60:SM109,SO113:ALU113,SM115:SM164",2026-09-16,source-labelled,VY113,null,null,n
1.0.0,"Таблица по подбору сечений теплых ангаров пролетами 9м, 12м, 15м, 18м, 21м, 24м версия 1,5.xlsx",0271b96c6fe725d3e50ad7891401958322a5ae97866bb0bf8cb190bc4bbeff3f,Расчеты,"C7,SO58:ALU58,SM60:SM109,SO113:ALU113,SM115:SM164",2026-09-16,source-labelled,VZ113,null,null,n
1.0.0,"Таблица по подбору сечений теплых ангаров пролетами 9м, 12м, 15м, 18м, 21м, 24м версия 1,5.xlsx",0271b96c6fe725d3e50ad7891401958322a5ae97866bb0bf8cb190bc4bbeff3f,Расчеты,"C7,SO58:ALU58,SM60:SM109,SO113:ALU113,SM115:SM164",2026-09-16,source-labelled,WA113,null,null,n
1.0.0,"Таблица по подбору сечений теплых ангаров пролетами 9м, 12м, 15м, 18м, 21м, 24м версия 1,5.xlsx",0271b96c6fe725d3e50ad7891401958322a5ae97866bb0bf8cb190bc4bbeff3f,Расчеты,"C7,SO58:ALU58,SM60:SM109,SO113:ALU113,SM115:SM164",2026-09-16,source-labelled,WB113,null,null,n
1.0.0,"Таблица по подбору сечений теплых ангаров пролетами 9м, 12м, 15м, 18м, 21м, 24м версия 1,5.xlsx",0271b96c6fe725d3e50ad7891401958322a5ae97866bb0bf8cb190bc4bbeff3f,Расчеты,"C7,SO58:ALU58,SM60:SM109,SO113:ALU113,SM115:SM164",2026-09-16,source-labelled,WC113,null,null,n
1.0.0,"Таблица по подбору сечений теплых ангаров пролетами 9м, 12м, 15м, 18м, 21м, 24м версия 1,5.xlsx",0271b96c6fe725d3e50ad7891401958322a5ae97866bb0bf8cb190bc4bbeff3f,Расчеты,"C7,SO58:ALU58,SM60:SM109,SO113:ALU113,SM115:SM164",2026-09-16,source-labelled,WD113,null,null,n
1.0.0,"Таблица по подбору сечений теплых ангаров пролетами 9м, 12м, 15м, 18м, 21м, 24м версия 1,5.xlsx",0271b96c6fe725d3e50ad7891401958322a5ae97866bb0bf8cb190bc4bbeff3f,Расчеты,"C7,SO58:ALU58,SM60:SM109,SO113:ALU113,SM115:SM164",2026-09-16,source-labelled,WE113,null,null,n
1.0.0,"Таблица по подбору сечений теплых ангаров пролетами 9м, 12м, 15м, 18м, 21м, 24м версия 1,5.xlsx",0271b96c6fe725d3e50ad7891401958322a5ae97866bb0bf8cb190bc4bbeff3f,Расчеты,"C7,SO58:ALU58,SM60:SM109,SO113:ALU113,SM115:SM164",2026-09-16,source-labelled,WF113,null,null,n
1.0.0,"Таблица по подбору сечений теплых ангаров пролетами 9м, 12м, 15м, 18м, 21м, 24м версия 1,5.xlsx",0271b96c6fe725d3e50ad7891401958322a5ae97866bb0bf8cb190bc4bbeff3f,Расчеты,"C7,SO58:ALU58,SM60:SM109,SO113:ALU113,SM115:SM164",2026-09-16,source-labelled,WG113,null,null,n
1.0.0,"Таблица по подбору сечений теплых ангаров пролетами 9м, 12м, 15м, 18м, 21м, 24м версия 1,5.xlsx",0271b96c6fe725d3e50ad7891401958322a5ae97866bb0bf8cb190bc4bbeff3f,Расчеты,"C7,SO58:ALU58,SM60:SM109,SO113:ALU113,SM115:SM164",2026-09-16,source-labelled,WH113,null,null,n
1.0.0,"Таблица по подбору сечений теплых ангаров пролетами 9м, 12м, 15м, 18м, 21м, 24м версия 1,5.xlsx",0271b96c6fe725d3e50ad7891401958322a5ae97866bb0bf8cb190bc4bbeff3f,Расчеты,"C7,SO58:ALU58,SM60:SM109,SO113:ALU113,SM115:SM164",2026-09-16,source-labelled,WI113,null,null,n
1.0.0,"Таблица по подбору сечений теплых ангаров пролетами 9м, 12м, 15м, 18м, 21м, 24м версия 1,5.xlsx",0271b96c6fe725d3e50ad7891401958322a5ae97866bb0bf8cb190bc4bbeff3f,Расчеты,"C7,SO58:ALU58,SM60:SM109,SO113:ALU113,SM115:SM164",2026-09-16,source-labelled,WJ113,null,null,n
1.0.0,"Таблица по подбору сечений теплых ангаров пролетами 9м, 12м, 15м, 18м, 21м, 24м версия 1,5.xlsx",0271b96c6fe725d3e50ad7891401958322a5ae97866bb0bf8cb190bc4bbeff3f,Расчеты,"C7,SO58:ALU58,SM60:SM109,SO113:ALU113,SM115:SM164",2026-09-16,source-labelled,WK113,null,1000,n
1.0.0,"Таблица по подбору сечений теплых ангаров пролетами 9м, 12м, 15м, 18м, 21м, 24м версия 1,5.xlsx",0271b96c6fe725d3e50ad7891401958322a5ae97866bb0bf8cb190bc4bbeff3f,Расчеты,"C7,SO58:ALU58,SM60:SM109,SO113:ALU113,SM115:SM164",2026-09-16,source-labelled,WL113,null,null,n
1.0.0,"Таблица по подбору сечений теплых ангаров пролетами 9м, 12м, 15м, 18м, 21м, 24м версия 1,5.xlsx",0271b96c6fe725d3e50ad7891401958322a5ae97866bb0bf8cb190bc4bbeff3f,Расчеты,"C7,SO58:ALU58,SM60:SM109,SO113:ALU113,SM115:SM164",2026-09-16,source-labelled,WM113,null,null,n
1.0.0,"Таблица по подбору сечений теплых ангаров пролетами 9м, 12м, 15м, 18м, 21м, 24м версия 1,5.xlsx",0271b96c6fe725d3e50ad7891401958322a5ae97866bb0bf8cb190bc4bbeff3f,Расчеты,"C7,SO58:ALU58,SM60:SM109,SO113:ALU113,SM115:SM164",2026-09-16,source-labelled,WN113,null,null,n
1.0.0,"Таблица по подбору сечений теплых ангаров пролетами 9м, 12м, 15м, 18м, 21м, 24м версия 1,5.xlsx",0271b96c6fe725d3e50ad7891401958322a5ae97866bb0bf8cb190bc4bbeff3f,Расчеты,"C7,SO58:ALU58,SM60:SM109,SO113:ALU113,SM115:SM164",2026-09-16,source-labelled,WO113,null,null,n
1.0.0,"Таблица по подбору сечений теплых ангаров пролетами 9м, 12м, 15м, 18м, 21м, 24м версия 1,5.xlsx",0271b96c6fe725d3e50ad7891401958322a5ae97866bb0bf8cb190bc4bbeff3f,Расчеты,"C7,SO58:ALU58,SM60:SM109,SO113:ALU113,SM115:SM164",2026-09-16,source-labelled,WP113,null,null,n
1.0.0,"Таблица по подбору сечений теплых ангаров пролетами 9м, 12м, 15м, 18м, 21м, 24м версия 1,5.xlsx",0271b96c6fe725d3e50ad7891401958322a5ae97866bb0bf8cb190bc4bbeff3f,Расчеты,"C7,SO58:ALU58,SM60:SM109,SO113:ALU113,SM115:SM164",2026-09-16,source-labelled,WQ113,null,null,n
1.0.0,"Таблица по подбору сечений теплых ангаров пролетами 9м, 12м, 15м, 18м, 21м, 24м версия 1,5.xlsx",0271b96c6fe725d3e50ad7891401958322a5ae97866bb0bf8cb190bc4bbeff3f,Расчеты,"C7,SO58:ALU58,SM60:SM109,SO113:ALU113,SM115:SM164",2026-09-16,source-labelled,WR113,null,null,n
1.0.0,"Таблица по подбору сечений теплых ангаров пролетами 9м, 12м, 15м, 18м, 21м, 24м версия 1,5.xlsx",0271b96c6fe725d3e50ad7891401958322a5ae97866bb0bf8cb190bc4bbeff3f,Расчеты,"C7,SO58:ALU58,SM60:SM109,SO113:ALU113,SM115:SM164",2026-09-16,source-labelled,WS113,null,null,n
1.0.0,"Таблица по подбору сечений теплых ангаров пролетами 9м, 12м, 15м, 18м, 21м, 24м версия 1,5.xlsx",0271b96c6fe725d3e50ad7891401958322a5ae97866bb0bf8cb190bc4bbeff3f,Расчеты,"C7,SO58:ALU58,SM60:SM109,SO113:ALU113,SM115:SM164",2026-09-16,source-labelled,WT113,null,null,n
1.0.0,"Таблица по подбору сечений теплых ангаров пролетами 9м, 12м, 15м, 18м, 21м, 24м версия 1,5.xlsx",0271b96c6fe725d3e50ad7891401958322a5ae97866bb0bf8cb190bc4bbeff3f,Расчеты,"C7,SO58:ALU58,SM60:SM109,SO113:ALU113,SM115:SM164",2026-09-16,source-labelled,WU113,null,null,n
1.0.0,"Таблица по подбору сечений теплых ангаров пролетами 9м, 12м, 15м, 18м, 21м, 24м версия 1,5.xlsx",0271b96c6fe725d3e50ad7891401958322a5ae97866bb0bf8cb190bc4bbeff3f,Расчеты,"C7,SO58:ALU58,SM60:SM109,SO113:ALU113,SM115:SM164",2026-09-16,source-labelled,WV113,null,null,n
1.0.0,"Таблица по подбору сечений теплых ангаров пролетами 9м, 12м, 15м, 18м, 21м, 24м версия 1,5.xlsx",0271b96c6fe725d3e50ad7891401958322a5ae97866bb0bf8cb190bc4bbeff3f,Расчеты,"C7,SO58:ALU58,SM60:SM109,SO113:ALU113,SM115:SM164",2026-09-16,source-labelled,WW113,null,null,n
1.0.0,"Таблица по подбору сечений теплых ангаров пролетами 9м, 12м, 15м, 18м, 21м, 24м версия 1,5.xlsx",0271b96c6fe725d3e50ad7891401958322a5ae97866bb0bf8cb190bc4bbeff3f,Расчеты,"C7,SO58:ALU58,SM60:SM109,SO113:ALU113,SM115:SM164",2026-09-16,source-labelled,WX113,null,null,n
1.0.0,"Таблица по подбору сечений теплых ангаров пролетами 9м, 12м, 15м, 18м, 21м, 24м версия 1,5.xlsx",0271b96c6fe725d3e50ad7891401958322a5ae97866bb0bf8cb190bc4bbeff3f,Расчеты,"C7,SO58:ALU58,SM60:SM109,SO113:ALU113,SM115:SM164",2026-09-16,source-labelled,WY113,null,null,n
1.0.0,"Таблица по подбору сечений теплых ангаров пролетами 9м, 12м, 15м, 18м, 21м, 24м версия 1,5.xlsx",0271b96c6fe725d3e50ad7891401958322a5ae97866bb0bf8cb190bc4bbeff3f,Расчеты,"C7,SO58:ALU58,SM60:SM109,SO113:ALU113,SM115:SM164",2026-09-16,source-labelled,WZ113,null,null,n
1.0.0,"Таблица по подбору сечений теплых ангаров пролетами 9м, 12м, 15м, 18м, 21м, 24м версия 1,5.xlsx",0271b96c6fe725d3e50ad7891401958322a5ae97866bb0bf8cb190bc4bbeff3f,Расчеты,"C7,SO58:ALU58,SM60:SM109,SO113:ALU113,SM115:SM164",2026-09-16,source-labelled,XA113,null,null,n
1.0.0,"Таблица по подбору сечений теплых ангаров пролетами 9м, 12м, 15м, 18м, 21м, 24м версия 1,5.xlsx",0271b96c6fe725d3e50ad7891401958322a5ae97866bb0bf8cb190bc4bbeff3f,Расчеты,"C7,SO58:ALU58,SM60:SM109,SO113:ALU113,SM115:SM164",2026-09-16,source-labelled,XB113,null,null,n
1.0.0,"Таблица по подбору сечений теплых ангаров пролетами 9м, 12м, 15м, 18м, 21м, 24м версия 1,5.xlsx",0271b96c6fe725d3e50ad7891401958322a5ae97866bb0bf8cb190bc4bbeff3f,Расчеты,"C7,SO58:ALU58,SM60:SM109,SO113:ALU113,SM115:SM164",2026-09-16,source-labelled,XC113,null,null,n
1.0.0,"Таблица по подбору сечений теплых ангаров пролетами 9м, 12м, 15м, 18м, 21м, 24м версия 1,5.xlsx",0271b96c6fe725d3e50ad7891401958322a5ae97866bb0bf8cb190bc4bbeff3f,Расчеты,"C7,SO58:ALU58,SM60:SM109,SO113:ALU113,SM115:SM164",2026-09-16,source-labelled,XD113,null,null,n
1.0.0,"Таблица по подбору сечений теплых ангаров пролетами 9м, 12м, 15м, 18м, 21м, 24м версия 1,5.xlsx",0271b96c6fe725d3e50ad7891401958322a5ae97866bb0bf8cb190bc4bbeff3f,Расчеты,"C7,SO58:ALU58,SM60:SM109,SO113:ALU113,SM115:SM164",2026-09-16,source-labelled,XE113,null,1100,n
1.0.0,"Таблица по подбору сечений теплых ангаров пролетами 9м, 12м, 15м, 18м, 21м, 24м версия 1,5.xlsx",0271b96c6fe725d3e50ad7891401958322a5ae97866bb0bf8cb190bc4bbeff3f,Расчеты,"C7,SO58:ALU58,SM60:SM109,SO113:ALU113,SM115:SM164",2026-09-16,source-labelled,XF113,null,null,n
1.0.0,"Таблица по подбору сечений теплых ангаров пролетами 9м, 12м, 15м, 18м, 21м, 24м версия 1,5.xlsx",0271b96c6fe725d3e50ad7891401958322a5ae97866bb0bf8cb190bc4bbeff3f,Расчеты,"C7,SO58:ALU58,SM60:SM109,SO113:ALU113,SM115:SM164",2026-09-16,source-labelled,XG113,null,null,n
1.0.0,"Таблица по подбору сечений теплых ангаров пролетами 9м, 12м, 15м, 18м, 21м, 24м версия 1,5.xlsx",0271b96c6fe725d3e50ad7891401958322a5ae97866bb0bf8cb190bc4bbeff3f,Расчеты,"C7,SO58:ALU58,SM60:SM109,SO113:ALU113,SM115:SM164",2026-09-16,source-labelled,XH113,null,null,n
1.0.0,"Таблица по подбору сечений теплых ангаров пролетами 9м, 12м, 15м, 18м, 21м, 24м версия 1,5.xlsx",0271b96c6fe725d3e50ad7891401958322a5ae97866bb0bf8cb190bc4bbeff3f,Расчеты,"C7,SO58:ALU58,SM60:SM109,SO113:ALU113,SM115:SM164",2026-09-16,source-labelled,XI113,null,null,n
1.0.0,"Таблица по подбору сечений теплых ангаров пролетами 9м, 12м, 15м, 18м, 21м, 24м версия 1,5.xlsx",0271b96c6fe725d3e50ad7891401958322a5ae97866bb0bf8cb190bc4bbeff3f,Расчеты,"C7,SO58:ALU58,SM60:SM109,SO113:ALU113,SM115:SM164",2026-09-16,source-labelled,XJ113,null,null,n
1.0.0,"Таблица по подбору сечений теплых ангаров пролетами 9м, 12м, 15м, 18м, 21м, 24м версия 1,5.xlsx",0271b96c6fe725d3e50ad7891401958322a5ae97866bb0bf8cb190bc4bbeff3f,Расчеты,"C7,SO58:ALU58,SM60:SM109,SO113:ALU113,SM115:SM164",2026-09-16,source-labelled,XK113,null,null,n
1.0.0,"Таблица по подбору сечений теплых ангаров пролетами 9м, 12м, 15м, 18м, 21м, 24м версия 1,5.xlsx",0271b96c6fe725d3e50ad7891401958322a5ae97866bb0bf8cb190bc4bbeff3f,Расчеты,"C7,SO58:ALU58,SM60:SM109,SO113:ALU113,SM115:SM164",2026-09-16,source-labelled,XL113,null,null,n
1.0.0,"Таблица по подбору сечений теплых ангаров пролетами 9м, 12м, 15м, 18м, 21м, 24м версия 1,5.xlsx",0271b96c6fe725d3e50ad7891401958322a5ae97866bb0bf8cb190bc4bbeff3f,Расчеты,"C7,SO58:ALU58,SM60:SM109,SO113:ALU113,SM115:SM164",2026-09-16,source-labelled,XM113,null,null,n
1.0.0,"Таблица по подбору сечений теплых ангаров пролетами 9м, 12м, 15м, 18м, 21м, 24м версия 1,5.xlsx",0271b96c6fe725d3e50ad7891401958322a5ae97866bb0bf8cb190bc4bbeff3f,Расчеты,"C7,SO58:ALU58,SM60:SM109,SO113:ALU113,SM115:SM164",2026-09-16,source-labelled,XN113,null,null,n
1.0.0,"Таблица по подбору сечений теплых ангаров пролетами 9м, 12м, 15м, 18м, 21м, 24м версия 1,5.xlsx",0271b96c6fe725d3e50ad7891401958322a5ae97866bb0bf8cb190bc4bbeff3f,Расчеты,"C7,SO58:ALU58,SM60:SM109,SO113:ALU113,SM115:SM164",2026-09-16,source-labelled,XO113,null,null,n
1.0.0,"Таблица по подбору сечений теплых ангаров пролетами 9м, 12м, 15м, 18м, 21м, 24м версия 1,5.xlsx",0271b96c6fe725d3e50ad7891401958322a5ae97866bb0bf8cb190bc4bbeff3f,Расчеты,"C7,SO58:ALU58,SM60:SM109,SO113:ALU113,SM115:SM164",2026-09-16,source-labelled,XP113,null,null,n
1.0.0,"Таблица по подбору сечений теплых ангаров пролетами 9м, 12м, 15м, 18м, 21м, 24м версия 1,5.xlsx",0271b96c6fe725d3e50ad7891401958322a5ae97866bb0bf8cb190bc4bbeff3f,Расчеты,"C7,SO58:ALU58,SM60:SM109,SO113:ALU113,SM115:SM164",2026-09-16,source-labelled,XQ113,null,null,n
1.0.0,"Таблица по подбору сечений теплых ангаров пролетами 9м, 12м, 15м, 18м, 21м, 24м версия 1,5.xlsx",0271b96c6fe725d3e50ad7891401958322a5ae97866bb0bf8cb190bc4bbeff3f,Расчеты,"C7,SO58:ALU58,SM60:SM109,SO113:ALU113,SM115:SM164",2026-09-16,source-labelled,XR113,null,null,n
1.0.0,"Таблица по подбору сечений теплых ангаров пролетами 9м, 12м, 15м, 18м, 21м, 24м версия 1,5.xlsx",0271b96c6fe725d3e50ad7891401958322a5ae97866bb0bf8cb190bc4bbeff3f,Расчеты,"C7,SO58:ALU58,SM60:SM109,SO113:ALU113,SM115:SM164",2026-09-16,source-labelled,XS113,null,null,n
1.0.0,"Таблица по подбору сечений теплых ангаров пролетами 9м, 12м, 15м, 18м, 21м, 24м версия 1,5.xlsx",0271b96c6fe725d3e50ad7891401958322a5ae97866bb0bf8cb190bc4bbeff3f,Расчеты,"C7,SO58:ALU58,SM60:SM109,SO113:ALU113,SM115:SM164",2026-09-16,source-labelled,XT113,null,null,n
1.0.0,"Таблица по подбору сечений теплых ангаров пролетами 9м, 12м, 15м, 18м, 21м, 24м версия 1,5.xlsx",0271b96c6fe725d3e50ad7891401958322a5ae97866bb0bf8cb190bc4bbeff3f,Расчеты,"C7,SO58:ALU58,SM60:SM109,SO113:ALU113,SM115:SM164",2026-09-16,source-labelled,XU113,null,null,n
1.0.0,"Таблица по подбору сечений теплых ангаров пролетами 9м, 12м, 15м, 18м, 21м, 24м версия 1,5.xlsx",0271b96c6fe725d3e50ad7891401958322a5ae97866bb0bf8cb190bc4bbeff3f,Расчеты,"C7,SO58:ALU58,SM60:SM109,SO113:ALU113,SM115:SM164",2026-09-16,source-labelled,XV113,null,null,n
1.0.0,"Таблица по подбору сечений теплых ангаров пролетами 9м, 12м, 15м, 18м, 21м, 24м версия 1,5.xlsx",0271b96c6fe725d3e50ad7891401958322a5ae97866bb0bf8cb190bc4bbeff3f,Расчеты,"C7,SO58:ALU58,SM60:SM109,SO113:ALU113,SM115:SM164",2026-09-16,source-labelled,XW113,null,null,n
1.0.0,"Таблица по подбору сечений теплых ангаров пролетами 9м, 12м, 15м, 18м, 21м, 24м версия 1,5.xlsx",0271b96c6fe725d3e50ad7891401958322a5ae97866bb0bf8cb190bc4bbeff3f,Расчеты,"C7,SO58:ALU58,SM60:SM109,SO113:ALU113,SM115:SM164",2026-09-16,source-labelled,XX113,null,null,n
1.0.0,"Таблица по подбору сечений теплых ангаров пролетами 9м, 12м, 15м, 18м, 21м, 24м версия 1,5.xlsx",0271b96c6fe725d3e50ad7891401958322a5ae97866bb0bf8cb190bc4bbeff3f,Расчеты,"C7,SO58:ALU58,SM60:SM109,SO113:ALU113,SM115:SM164",2026-09-16,source-labelled,XY113,null,1200,n
1.0.0,"Таблица по подбору сечений теплых ангаров пролетами 9м, 12м, 15м, 18м, 21м, 24м версия 1,5.xlsx",0271b96c6fe725d3e50ad7891401958322a5ae97866bb0bf8cb190bc4bbeff3f,Расчеты,"C7,SO58:ALU58,SM60:SM109,SO113:ALU113,SM115:SM164",2026-09-16,source-labelled,XZ113,null,null,n
1.0.0,"Таблица по подбору сечений теплых ангаров пролетами 9м, 12м, 15м, 18м, 21м, 24м версия 1,5.xlsx",0271b96c6fe725d3e50ad7891401958322a5ae97866bb0bf8cb190bc4bbeff3f,Расчеты,"C7,SO58:ALU58,SM60:SM109,SO113:ALU113,SM115:SM164",2026-09-16,source-labelled,YA113,null,null,n
1.0.0,"Таблица по подбору сечений теплых ангаров пролетами 9м, 12м, 15м, 18м, 21м, 24м версия 1,5.xlsx",0271b96c6fe725d3e50ad7891401958322a5ae97866bb0bf8cb190bc4bbeff3f,Расчеты,"C7,SO58:ALU58,SM60:SM109,SO113:ALU113,SM115:SM164",2026-09-16,source-labelled,YB113,null,null,n
1.0.0,"Таблица по подбору сечений теплых ангаров пролетами 9м, 12м, 15м, 18м, 21м, 24м версия 1,5.xlsx",0271b96c6fe725d3e50ad7891401958322a5ae97866bb0bf8cb190bc4bbeff3f,Расчеты,"C7,SO58:ALU58,SM60:SM109,SO113:ALU113,SM115:SM164",2026-09-16,source-labelled,YC113,null,null,n
1.0.0,"Таблица по подбору сечений теплых ангаров пролетами 9м, 12м, 15м, 18м, 21м, 24м версия 1,5.xlsx",0271b96c6fe725d3e50ad7891401958322a5ae97866bb0bf8cb190bc4bbeff3f,Расчеты,"C7,SO58:ALU58,SM60:SM109,SO113:ALU113,SM115:SM164",2026-09-16,source-labelled,YD113,null,null,n
1.0.0,"Таблица по подбору сечений теплых ангаров пролетами 9м, 12м, 15м, 18м, 21м, 24м версия 1,5.xlsx",0271b96c6fe725d3e50ad7891401958322a5ae97866bb0bf8cb190bc4bbeff3f,Расчеты,"C7,SO58:ALU58,SM60:SM109,SO113:ALU113,SM115:SM164",2026-09-16,source-labelled,YE113,null,null,n
1.0.0,"Таблица по подбору сечений теплых ангаров пролетами 9м, 12м, 15м, 18м, 21м, 24м версия 1,5.xlsx",0271b96c6fe725d3e50ad7891401958322a5ae97866bb0bf8cb190bc4bbeff3f,Расчеты,"C7,SO58:ALU58,SM60:SM109,SO113:ALU113,SM115:SM164",2026-09-16,source-labelled,YF113,null,null,n
1.0.0,"Таблица по подбору сечений теплых ангаров пролетами 9м, 12м, 15м, 18м, 21м, 24м версия 1,5.xlsx",0271b96c6fe725d3e50ad7891401958322a5ae97866bb0bf8cb190bc4bbeff3f,Расчеты,"C7,SO58:ALU58,SM60:SM109,SO113:ALU113,SM115:SM164",2026-09-16,source-labelled,YG113,null,null,n
1.0.0,"Таблица по подбору сечений теплых ангаров пролетами 9м, 12м, 15м, 18м, 21м, 24м версия 1,5.xlsx",0271b96c6fe725d3e50ad7891401958322a5ae97866bb0bf8cb190bc4bbeff3f,Расчеты,"C7,SO58:ALU58,SM60:SM109,SO113:ALU113,SM115:SM164",2026-09-16,source-labelled,YH113,null,null,n
1.0.0,"Таблица по подбору сечений теплых ангаров пролетами 9м, 12м, 15м, 18м, 21м, 24м версия 1,5.xlsx",0271b96c6fe725d3e50ad7891401958322a5ae97866bb0bf8cb190bc4bbeff3f,Расчеты,"C7,SO58:ALU58,SM60:SM109,SO113:ALU113,SM115:SM164",2026-09-16,source-labelled,YI113,null,null,n
1.0.0,"Таблица по подбору сечений теплых ангаров пролетами 9м, 12м, 15м, 18м, 21м, 24м версия 1,5.xlsx",0271b96c6fe725d3e50ad7891401958322a5ae97866bb0bf8cb190bc4bbeff3f,Расчеты,"C7,SO58:ALU58,SM60:SM109,SO113:ALU113,SM115:SM164",2026-09-16,source-labelled,YJ113,null,null,n
1.0.0,"Таблица по подбору сечений теплых ангаров пролетами 9м, 12м, 15м, 18м, 21м, 24м версия 1,5.xlsx",0271b96c6fe725d3e50ad7891401958322a5ae97866bb0bf8cb190bc4bbeff3f,Расчеты,"C7,SO58:ALU58,SM60:SM109,SO113:ALU113,SM115:SM164",2026-09-16,source-labelled,YK113,null,null,n
1.0.0,"Таблица по подбору сечений теплых ангаров пролетами 9м, 12м, 15м, 18м, 21м, 24м версия 1,5.xlsx",0271b96c6fe725d3e50ad7891401958322a5ae97866bb0bf8cb190bc4bbeff3f,Расчеты,"C7,SO58:ALU58,SM60:SM109,SO113:ALU113,SM115:SM164",2026-09-16,source-labelled,YL113,null,null,n
1.0.0,"Таблица по подбору сечений теплых ангаров пролетами 9м, 12м, 15м, 18м, 21м, 24м версия 1,5.xlsx",0271b96c6fe725d3e50ad7891401958322a5ae97866bb0bf8cb190bc4bbeff3f,Расчеты,"C7,SO58:ALU58,SM60:SM109,SO113:ALU113,SM115:SM164",2026-09-16,source-labelled,YM113,null,null,n
1.0.0,"Таблица по подбору сечений теплых ангаров пролетами 9м, 12м, 15м, 18м, 21м, 24м версия 1,5.xlsx",0271b96c6fe725d3e50ad7891401958322a5ae97866bb0bf8cb190bc4bbeff3f,Расчеты,"C7,SO58:ALU58,SM60:SM109,SO113:ALU113,SM115:SM164",2026-09-16,source-labelled,YN113,null,null,n
1.0.0,"Таблица по подбору сечений теплых ангаров пролетами 9м, 12м, 15м, 18м, 21м, 24м версия 1,5.xlsx",0271b96c6fe725d3e50ad7891401958322a5ae97866bb0bf8cb190bc4bbeff3f,Расчеты,"C7,SO58:ALU58,SM60:SM109,SO113:ALU113,SM115:SM164",2026-09-16,source-labelled,YO113,null,null,n
1.0.0,"Таблица по подбору сечений теплых ангаров пролетами 9м, 12м, 15м, 18м, 21м, 24м версия 1,5.xlsx",0271b96c6fe725d3e50ad7891401958322a5ae97866bb0bf8cb190bc4bbeff3f,Расчеты,"C7,SO58:ALU58,SM60:SM109,SO113:ALU113,SM115:SM164",2026-09-16,source-labelled,YP113,null,null,n
1.0.0,"Таблица по подбору сечений теплых ангаров пролетами 9м, 12м, 15м, 18м, 21м, 24м версия 1,5.xlsx",0271b96c6fe725d3e50ad7891401958322a5ae97866bb0bf8cb190bc4bbeff3f,Расчеты,"C7,SO58:ALU58,SM60:SM109,SO113:ALU113,SM115:SM164",2026-09-16,source-labelled,YQ113,null,null,n
1.0.0,"Таблица по подбору сечений теплых ангаров пролетами 9м, 12м, 15м, 18м, 21м, 24м версия 1,5.xlsx",0271b96c6fe725d3e50ad7891401958322a5ae97866bb0bf8cb190bc4bbeff3f,Расчеты,"C7,SO58:ALU58,SM60:SM109,SO113:ALU113,SM115:SM164",2026-09-16,source-labelled,YR113,null,null,n
1.0.0,"Таблица по подбору сечений теплых ангаров пролетами 9м, 12м, 15м, 18м, 21м, 24м версия 1,5.xlsx",0271b96c6fe725d3e50ad7891401958322a5ae97866bb0bf8cb190bc4bbeff3f,Расчеты,"C7,SO58:ALU58,SM60:SM109,SO113:ALU113,SM115:SM164",2026-09-16,source-labelled,YS113,null,1300,n
1.0.0,"Таблица по подбору сечений теплых ангаров пролетами 9м, 12м, 15м, 18м, 21м, 24м версия 1,5.xlsx",0271b96c6fe725d3e50ad7891401958322a5ae97866bb0bf8cb190bc4bbeff3f,Расчеты,"C7,SO58:ALU58,SM60:SM109,SO113:ALU113,SM115:SM164",2026-09-16,source-labelled,YT113,null,null,n
1.0.0,"Таблица по подбору сечений теплых ангаров пролетами 9м, 12м, 15м, 18м, 21м, 24м версия 1,5.xlsx",0271b96c6fe725d3e50ad7891401958322a5ae97866bb0bf8cb190bc4bbeff3f,Расчеты,"C7,SO58:ALU58,SM60:SM109,SO113:ALU113,SM115:SM164",2026-09-16,source-labelled,YU113,null,null,n
1.0.0,"Таблица по подбору сечений теплых ангаров пролетами 9м, 12м, 15м, 18м, 21м, 24м версия 1,5.xlsx",0271b96c6fe725d3e50ad7891401958322a5ae97866bb0bf8cb190bc4bbeff3f,Расчеты,"C7,SO58:ALU58,SM60:SM109,SO113:ALU113,SM115:SM164",2026-09-16,source-labelled,YV113,null,null,n
1.0.0,"Таблица по подбору сечений теплых ангаров пролетами 9м, 12м, 15м, 18м, 21м, 24м версия 1,5.xlsx",0271b96c6fe725d3e50ad7891401958322a5ae97866bb0bf8cb190bc4bbeff3f,Расчеты,"C7,SO58:ALU58,SM60:SM109,SO113:ALU113,SM115:SM164",2026-09-16,source-labelled,YW113,null,null,n
1.0.0,"Таблица по подбору сечений теплых ангаров пролетами 9м, 12м, 15м, 18м, 21м, 24м версия 1,5.xlsx",0271b96c6fe725d3e50ad7891401958322a5ae97866bb0bf8cb190bc4bbeff3f,Расчеты,"C7,SO58:ALU58,SM60:SM109,SO113:ALU113,SM115:SM164",2026-09-16,source-labelled,YX113,null,null,n
1.0.0,"Таблица по подбору сечений теплых ангаров пролетами 9м, 12м, 15м, 18м, 21м, 24м версия 1,5.xlsx",0271b96c6fe725d3e50ad7891401958322a5ae97866bb0bf8cb190bc4bbeff3f,Расчеты,"C7,SO58:ALU58,SM60:SM109,SO113:ALU113,SM115:SM164",2026-09-16,source-labelled,YY113,null,null,n
1.0.0,"Таблица по подбору сечений теплых ангаров пролетами 9м, 12м, 15м, 18м, 21м, 24м версия 1,5.xlsx",0271b96c6fe725d3e50ad7891401958322a5ae97866bb0bf8cb190bc4bbeff3f,Расчеты,"C7,SO58:ALU58,SM60:SM109,SO113:ALU113,SM115:SM164",2026-09-16,source-labelled,YZ113,null,null,n
1.0.0,"Таблица по подбору сечений теплых ангаров пролетами 9м, 12м, 15м, 18м, 21м, 24м версия 1,5.xlsx",0271b96c6fe725d3e50ad7891401958322a5ae97866bb0bf8cb190bc4bbeff3f,Расчеты,"C7,SO58:ALU58,SM60:SM109,SO113:ALU113,SM115:SM164",2026-09-16,source-labelled,ZA113,null,null,n
1.0.0,"Таблица по подбору сечений теплых ангаров пролетами 9м, 12м, 15м, 18м, 21м, 24м версия 1,5.xlsx",0271b96c6fe725d3e50ad7891401958322a5ae97866bb0bf8cb190bc4bbeff3f,Расчеты,"C7,SO58:ALU58,SM60:SM109,SO113:ALU113,SM115:SM164",2026-09-16,source-labelled,ZB113,null,null,n
1.0.0,"Таблица по подбору сечений теплых ангаров пролетами 9м, 12м, 15м, 18м, 21м, 24м версия 1,5.xlsx",0271b96c6fe725d3e50ad7891401958322a5ae97866bb0bf8cb190bc4bbeff3f,Расчеты,"C7,SO58:ALU58,SM60:SM109,SO113:ALU113,SM115:SM164",2026-09-16,source-labelled,ZC113,null,null,n
1.0.0,"Таблица по подбору сечений теплых ангаров пролетами 9м, 12м, 15м, 18м, 21м, 24м версия 1,5.xlsx",0271b96c6fe725d3e50ad7891401958322a5ae97866bb0bf8cb190bc4bbeff3f,Расчеты,"C7,SO58:ALU58,SM60:SM109,SO113:ALU113,SM115:SM164",2026-09-16,source-labelled,ZD113,null,null,n
1.0.0,"Таблица по подбору сечений теплых ангаров пролетами 9м, 12м, 15м, 18м, 21м, 24м версия 1,5.xlsx",0271b96c6fe725d3e50ad7891401958322a5ae97866bb0bf8cb190bc4bbeff3f,Расчеты,"C7,SO58:ALU58,SM60:SM109,SO113:ALU113,SM115:SM164",2026-09-16,source-labelled,ZE113,null,null,n
1.0.0,"Таблица по подбору сечений теплых ангаров пролетами 9м, 12м, 15м, 18м, 21м, 24м версия 1,5.xlsx",0271b96c6fe725d3e50ad7891401958322a5ae97866bb0bf8cb190bc4bbeff3f,Расчеты,"C7,SO58:ALU58,SM60:SM109,SO113:ALU113,SM115:SM164",2026-09-16,source-labelled,ZF113,null,null,n
1.0.0,"Таблица по подбору сечений теплых ангаров пролетами 9м, 12м, 15м, 18м, 21м, 24м версия 1,5.xlsx",0271b96c6fe725d3e50ad7891401958322a5ae97866bb0bf8cb190bc4bbeff3f,Расчеты,"C7,SO58:ALU58,SM60:SM109,SO113:ALU113,SM115:SM164",2026-09-16,source-labelled,ZG113,null,null,n
1.0.0,"Таблица по подбору сечений теплых ангаров пролетами 9м, 12м, 15м, 18м, 21м, 24м версия 1,5.xlsx",0271b96c6fe725d3e50ad7891401958322a5ae97866bb0bf8cb190bc4bbeff3f,Расчеты,"C7,SO58:ALU58,SM60:SM109,SO113:ALU113,SM115:SM164",2026-09-16,source-labelled,ZH113,null,null,n
1.0.0,"Таблица по подбору сечений теплых ангаров пролетами 9м, 12м, 15м, 18м, 21м, 24м версия 1,5.xlsx",0271b96c6fe725d3e50ad7891401958322a5ae97866bb0bf8cb190bc4bbeff3f,Расчеты,"C7,SO58:ALU58,SM60:SM109,SO113:ALU113,SM115:SM164",2026-09-16,source-labelled,ZI113,null,null,n
1.0.0,"Таблица по подбору сечений теплых ангаров пролетами 9м, 12м, 15м, 18м, 21м, 24м версия 1,5.xlsx",0271b96c6fe725d3e50ad7891401958322a5ae97866bb0bf8cb190bc4bbeff3f,Расчеты,"C7,SO58:ALU58,SM60:SM109,SO113:ALU113,SM115:SM164",2026-09-16,source-labelled,ZJ113,null,null,n
1.0.0,"Таблица по подбору сечений теплых ангаров пролетами 9м, 12м, 15м, 18м, 21м, 24м версия 1,5.xlsx",0271b96c6fe725d3e50ad7891401958322a5ae97866bb0bf8cb190bc4bbeff3f,Расчеты,"C7,SO58:ALU58,SM60:SM109,SO113:ALU113,SM115:SM164",2026-09-16,source-labelled,ZK113,null,null,n
1.0.0,"Таблица по подбору сечений теплых ангаров пролетами 9м, 12м, 15м, 18м, 21м, 24м версия 1,5.xlsx",0271b96c6fe725d3e50ad7891401958322a5ae97866bb0bf8cb190bc4bbeff3f,Расчеты,"C7,SO58:ALU58,SM60:SM109,SO113:ALU113,SM115:SM164",2026-09-16,source-labelled,ZL113,null,null,n
1.0.0,"Таблица по подбору сечений теплых ангаров пролетами 9м, 12м, 15м, 18м, 21м, 24м версия 1,5.xlsx",0271b96c6fe725d3e50ad7891401958322a5ae97866bb0bf8cb190bc4bbeff3f,Расчеты,"C7,SO58:ALU58,SM60:SM109,SO113:ALU113,SM115:SM164",2026-09-16,source-labelled,ZM113,null,1400,n
1.0.0,"Таблица по подбору сечений теплых ангаров пролетами 9м, 12м, 15м, 18м, 21м, 24м версия 1,5.xlsx",0271b96c6fe725d3e50ad7891401958322a5ae97866bb0bf8cb190bc4bbeff3f,Расчеты,"C7,SO58:ALU58,SM60:SM109,SO113:ALU113,SM115:SM164",2026-09-16,source-labelled,ZN113,null,null,n
1.0.0,"Таблица по подбору сечений теплых ангаров пролетами 9м, 12м, 15м, 18м, 21м, 24м версия 1,5.xlsx",0271b96c6fe725d3e50ad7891401958322a5ae97866bb0bf8cb190bc4bbeff3f,Расчеты,"C7,SO58:ALU58,SM60:SM109,SO113:ALU113,SM115:SM164",2026-09-16,source-labelled,ZO113,null,null,n
1.0.0,"Таблица по подбору сечений теплых ангаров пролетами 9м, 12м, 15м, 18м, 21м, 24м версия 1,5.xlsx",0271b96c6fe725d3e50ad7891401958322a5ae97866bb0bf8cb190bc4bbeff3f,Расчеты,"C7,SO58:ALU58,SM60:SM109,SO113:ALU113,SM115:SM164",2026-09-16,source-labelled,ZP113,null,null,n
1.0.0,"Таблица по подбору сечений теплых ангаров пролетами 9м, 12м, 15м, 18м, 21м, 24м версия 1,5.xlsx",0271b96c6fe725d3e50ad7891401958322a5ae97866bb0bf8cb190bc4bbeff3f,Расчеты,"C7,SO58:ALU58,SM60:SM109,SO113:ALU113,SM115:SM164",2026-09-16,source-labelled,ZQ113,null,null,n
1.0.0,"Таблица по подбору сечений теплых ангаров пролетами 9м, 12м, 15м, 18м, 21м, 24м версия 1,5.xlsx",0271b96c6fe725d3e50ad7891401958322a5ae97866bb0bf8cb190bc4bbeff3f,Расчеты,"C7,SO58:ALU58,SM60:SM109,SO113:ALU113,SM115:SM164",2026-09-16,source-labelled,ZR113,null,null,n
1.0.0,"Таблица по подбору сечений теплых ангаров пролетами 9м, 12м, 15м, 18м, 21м, 24м версия 1,5.xlsx",0271b96c6fe725d3e50ad7891401958322a5ae97866bb0bf8cb190bc4bbeff3f,Расчеты,"C7,SO58:ALU58,SM60:SM109,SO113:ALU113,SM115:SM164",2026-09-16,source-labelled,ZS113,null,null,n
1.0.0,"Таблица по подбору сечений теплых ангаров пролетами 9м, 12м, 15м, 18м, 21м, 24м версия 1,5.xlsx",0271b96c6fe725d3e50ad7891401958322a5ae97866bb0bf8cb190bc4bbeff3f,Расчеты,"C7,SO58:ALU58,SM60:SM109,SO113:ALU113,SM115:SM164",2026-09-16,source-labelled,ZT113,null,null,n
1.0.0,"Таблица по подбору сечений теплых ангаров пролетами 9м, 12м, 15м, 18м, 21м, 24м версия 1,5.xlsx",0271b96c6fe725d3e50ad7891401958322a5ae97866bb0bf8cb190bc4bbeff3f,Расчеты,"C7,SO58:ALU58,SM60:SM109,SO113:ALU113,SM115:SM164",2026-09-16,source-labelled,ZU113,null,null,n
1.0.0,"Таблица по подбору сечений теплых ангаров пролетами 9м, 12м, 15м, 18м, 21м, 24м версия 1,5.xlsx",0271b96c6fe725d3e50ad7891401958322a5ae97866bb0bf8cb190bc4bbeff3f,Расчеты,"C7,SO58:ALU58,SM60:SM109,SO113:ALU113,SM115:SM164",2026-09-16,source-labelled,ZV113,null,null,n
1.0.0,"Таблица по подбору сечений теплых ангаров пролетами 9м, 12м, 15м, 18м, 21м, 24м версия 1,5.xlsx",0271b96c6fe725d3e50ad7891401958322a5ae97866bb0bf8cb190bc4bbeff3f,Расчеты,"C7,SO58:ALU58,SM60:SM109,SO113:ALU113,SM115:SM164",2026-09-16,source-labelled,ZW113,null,null,n
1.0.0,"Таблица по подбору сечений теплых ангаров пролетами 9м, 12м, 15м, 18м, 21м, 24м версия 1,5.xlsx",0271b96c6fe725d3e50ad7891401958322a5ae97866bb0bf8cb190bc4bbeff3f,Расчеты,"C7,SO58:ALU58,SM60:SM109,SO113:ALU113,SM115:SM164",2026-09-16,source-labelled,ZX113,null,null,n
1.0.0,"Таблица по подбору сечений теплых ангаров пролетами 9м, 12м, 15м, 18м, 21м, 24м версия 1,5.xlsx",0271b96c6fe725d3e50ad7891401958322a5ae97866bb0bf8cb190bc4bbeff3f,Расчеты,"C7,SO58:ALU58,SM60:SM109,SO113:ALU113,SM115:SM164",2026-09-16,source-labelled,ZY113,null,null,n
1.0.0,"Таблица по подбору сечений теплых ангаров пролетами 9м, 12м, 15м, 18м, 21м, 24м версия 1,5.xlsx",0271b96c6fe725d3e50ad7891401958322a5ae97866bb0bf8cb190bc4bbeff3f,Расчеты,"C7,SO58:ALU58,SM60:SM109,SO113:ALU113,SM115:SM164",2026-09-16,source-labelled,ZZ113,null,null,n
1.0.0,"Таблица по подбору сечений теплых ангаров пролетами 9м, 12м, 15м, 18м, 21м, 24м версия 1,5.xlsx",0271b96c6fe725d3e50ad7891401958322a5ae97866bb0bf8cb190bc4bbeff3f,Расчеты,"C7,SO58:ALU58,SM60:SM109,SO113:ALU113,SM115:SM164",2026-09-16,source-labelled,AAA113,null,null,n
1.0.0,"Таблица по подбору сечений теплых ангаров пролетами 9м, 12м, 15м, 18м, 21м, 24м версия 1,5.xlsx",0271b96c6fe725d3e50ad7891401958322a5ae97866bb0bf8cb190bc4bbeff3f,Расчеты,"C7,SO58:ALU58,SM60:SM109,SO113:ALU113,SM115:SM164",2026-09-16,source-labelled,AAB113,null,null,n
1.0.0,"Таблица по подбору сечений теплых ангаров пролетами 9м, 12м, 15м, 18м, 21м, 24м версия 1,5.xlsx",0271b96c6fe725d3e50ad7891401958322a5ae97866bb0bf8cb190bc4bbeff3f,Расчеты,"C7,SO58:ALU58,SM60:SM109,SO113:ALU113,SM115:SM164",2026-09-16,source-labelled,AAC113,null,null,n
1.0.0,"Таблица по подбору сечений теплых ангаров пролетами 9м, 12м, 15м, 18м, 21м, 24м версия 1,5.xlsx",0271b96c6fe725d3e50ad7891401958322a5ae97866bb0bf8cb190bc4bbeff3f,Расчеты,"C7,SO58:ALU58,SM60:SM109,SO113:ALU113,SM115:SM164",2026-09-16,source-labelled,AAD113,null,null,n
1.0.0,"Таблица по подбору сечений теплых ангаров пролетами 9м, 12м, 15м, 18м, 21м, 24м версия 1,5.xlsx",0271b96c6fe725d3e50ad7891401958322a5ae97866bb0bf8cb190bc4bbeff3f,Расчеты,"C7,SO58:ALU58,SM60:SM109,SO113:ALU113,SM115:SM164",2026-09-16,source-labelled,AAE113,null,null,n
1.0.0,"Таблица по подбору сечений теплых ангаров пролетами 9м, 12м, 15м, 18м, 21м, 24м версия 1,5.xlsx",0271b96c6fe725d3e50ad7891401958322a5ae97866bb0bf8cb190bc4bbeff3f,Расчеты,"C7,SO58:ALU58,SM60:SM109,SO113:ALU113,SM115:SM164",2026-09-16,source-labelled,AAF113,null,null,n
1.0.0,"Таблица по подбору сечений теплых ангаров пролетами 9м, 12м, 15м, 18м, 21м, 24м версия 1,5.xlsx",0271b96c6fe725d3e50ad7891401958322a5ae97866bb0bf8cb190bc4bbeff3f,Расчеты,"C7,SO58:ALU58,SM60:SM109,SO113:ALU113,SM115:SM164",2026-09-16,source-labelled,AAG113,null,1500,n
1.0.0,"Таблица по подбору сечений теплых ангаров пролетами 9м, 12м, 15м, 18м, 21м, 24м версия 1,5.xlsx",0271b96c6fe725d3e50ad7891401958322a5ae97866bb0bf8cb190bc4bbeff3f,Расчеты,"C7,SO58:ALU58,SM60:SM109,SO113:ALU113,SM115:SM164",2026-09-16,source-labelled,AAH113,null,null,n
1.0.0,"Таблица по подбору сечений теплых ангаров пролетами 9м, 12м, 15м, 18м, 21м, 24м версия 1,5.xlsx",0271b96c6fe725d3e50ad7891401958322a5ae97866bb0bf8cb190bc4bbeff3f,Расчеты,"C7,SO58:ALU58,SM60:SM109,SO113:ALU113,SM115:SM164",2026-09-16,source-labelled,AAI113,null,null,n
1.0.0,"Таблица по подбору сечений теплых ангаров пролетами 9м, 12м, 15м, 18м, 21м, 24м версия 1,5.xlsx",0271b96c6fe725d3e50ad7891401958322a5ae97866bb0bf8cb190bc4bbeff3f,Расчеты,"C7,SO58:ALU58,SM60:SM109,SO113:ALU113,SM115:SM164",2026-09-16,source-labelled,AAJ113,null,null,n
1.0.0,"Таблица по подбору сечений теплых ангаров пролетами 9м, 12м, 15м, 18м, 21м, 24м версия 1,5.xlsx",0271b96c6fe725d3e50ad7891401958322a5ae97866bb0bf8cb190bc4bbeff3f,Расчеты,"C7,SO58:ALU58,SM60:SM109,SO113:ALU113,SM115:SM164",2026-09-16,source-labelled,AAK113,null,null,n
1.0.0,"Таблица по подбору сечений теплых ангаров пролетами 9м, 12м, 15м, 18м, 21м, 24м версия 1,5.xlsx",0271b96c6fe725d3e50ad7891401958322a5ae97866bb0bf8cb190bc4bbeff3f,Расчеты,"C7,SO58:ALU58,SM60:SM109,SO113:ALU113,SM115:SM164",2026-09-16,source-labelled,AAL113,null,null,n
1.0.0,"Таблица по подбору сечений теплых ангаров пролетами 9м, 12м, 15м, 18м, 21м, 24м версия 1,5.xlsx",0271b96c6fe725d3e50ad7891401958322a5ae97866bb0bf8cb190bc4bbeff3f,Расчеты,"C7,SO58:ALU58,SM60:SM109,SO113:ALU113,SM115:SM164",2026-09-16,source-labelled,AAM113,null,null,n
1.0.0,"Таблица по подбору сечений теплых ангаров пролетами 9м, 12м, 15м, 18м, 21м, 24м версия 1,5.xlsx",0271b96c6fe725d3e50ad7891401958322a5ae97866bb0bf8cb190bc4bbeff3f,Расчеты,"C7,SO58:ALU58,SM60:SM109,SO113:ALU113,SM115:SM164",2026-09-16,source-labelled,AAN113,null,null,n
1.0.0,"Таблица по подбору сечений теплых ангаров пролетами 9м, 12м, 15м, 18м, 21м, 24м версия 1,5.xlsx",0271b96c6fe725d3e50ad7891401958322a5ae97866bb0bf8cb190bc4bbeff3f,Расчеты,"C7,SO58:ALU58,SM60:SM109,SO113:ALU113,SM115:SM164",2026-09-16,source-labelled,AAO113,null,null,n
1.0.0,"Таблица по подбору сечений теплых ангаров пролетами 9м, 12м, 15м, 18м, 21м, 24м версия 1,5.xlsx",0271b96c6fe725d3e50ad7891401958322a5ae97866bb0bf8cb190bc4bbeff3f,Расчеты,"C7,SO58:ALU58,SM60:SM109,SO113:ALU113,SM115:SM164",2026-09-16,source-labelled,AAP113,null,null,n
1.0.0,"Таблица по подбору сечений теплых ангаров пролетами 9м, 12м, 15м, 18м, 21м, 24м версия 1,5.xlsx",0271b96c6fe725d3e50ad7891401958322a5ae97866bb0bf8cb190bc4bbeff3f,Расчеты,"C7,SO58:ALU58,SM60:SM109,SO113:ALU113,SM115:SM164",2026-09-16,source-labelled,AAQ113,null,null,n
1.0.0,"Таблица по подбору сечений теплых ангаров пролетами 9м, 12м, 15м, 18м, 21м, 24м версия 1,5.xlsx",0271b96c6fe725d3e50ad7891401958322a5ae97866bb0bf8cb190bc4bbeff3f,Расчеты,"C7,SO58:ALU58,SM60:SM109,SO113:ALU113,SM115:SM164",2026-09-16,source-labelled,AAR113,null,null,n
1.0.0,"Таблица по подбору сечений теплых ангаров пролетами 9м, 12м, 15м, 18м, 21м, 24м версия 1,5.xlsx",0271b96c6fe725d3e50ad7891401958322a5ae97866bb0bf8cb190bc4bbeff3f,Расчеты,"C7,SO58:ALU58,SM60:SM109,SO113:ALU113,SM115:SM164",2026-09-16,source-labelled,AAS113,null,null,n
1.0.0,"Таблица по подбору сечений теплых ангаров пролетами 9м, 12м, 15м, 18м, 21м, 24м версия 1,5.xlsx",0271b96c6fe725d3e50ad7891401958322a5ae97866bb0bf8cb190bc4bbeff3f,Расчеты,"C7,SO58:ALU58,SM60:SM109,SO113:ALU113,SM115:SM164",2026-09-16,source-labelled,AAT113,null,null,n
1.0.0,"Таблица по подбору сечений теплых ангаров пролетами 9м, 12м, 15м, 18м, 21м, 24м версия 1,5.xlsx",0271b96c6fe725d3e50ad7891401958322a5ae97866bb0bf8cb190bc4bbeff3f,Расчеты,"C7,SO58:ALU58,SM60:SM109,SO113:ALU113,SM115:SM164",2026-09-16,source-labelled,AAU113,null,null,n
1.0.0,"Таблица по подбору сечений теплых ангаров пролетами 9м, 12м, 15м, 18м, 21м, 24м версия 1,5.xlsx",0271b96c6fe725d3e50ad7891401958322a5ae97866bb0bf8cb190bc4bbeff3f,Расчеты,"C7,SO58:ALU58,SM60:SM109,SO113:ALU113,SM115:SM164",2026-09-16,source-labelled,AAV113,null,null,n
1.0.0,"Таблица по подбору сечений теплых ангаров пролетами 9м, 12м, 15м, 18м, 21м, 24м версия 1,5.xlsx",0271b96c6fe725d3e50ad7891401958322a5ae97866bb0bf8cb190bc4bbeff3f,Расчеты,"C7,SO58:ALU58,SM60:SM109,SO113:ALU113,SM115:SM164",2026-09-16,source-labelled,AAW113,null,null,n
1.0.0,"Таблица по подбору сечений теплых ангаров пролетами 9м, 12м, 15м, 18м, 21м, 24м версия 1,5.xlsx",0271b96c6fe725d3e50ad7891401958322a5ae97866bb0bf8cb190bc4bbeff3f,Расчеты,"C7,SO58:ALU58,SM60:SM109,SO113:ALU113,SM115:SM164",2026-09-16,source-labelled,AAX113,null,null,n
1.0.0,"Таблица по подбору сечений теплых ангаров пролетами 9м, 12м, 15м, 18м, 21м, 24м версия 1,5.xlsx",0271b96c6fe725d3e50ad7891401958322a5ae97866bb0bf8cb190bc4bbeff3f,Расчеты,"C7,SO58:ALU58,SM60:SM109,SO113:ALU113,SM115:SM164",2026-09-16,source-labelled,AAY113,null,null,n
1.0.0,"Таблица по подбору сечений теплых ангаров пролетами 9м, 12м, 15м, 18м, 21м, 24м версия 1,5.xlsx",0271b96c6fe725d3e50ad7891401958322a5ae97866bb0bf8cb190bc4bbeff3f,Расчеты,"C7,SO58:ALU58,SM60:SM109,SO113:ALU113,SM115:SM164",2026-09-16,source-labelled,AAZ113,null,null,n
1.0.0,"Таблица по подбору сечений теплых ангаров пролетами 9м, 12м, 15м, 18м, 21м, 24м версия 1,5.xlsx",0271b96c6fe725d3e50ad7891401958322a5ae97866bb0bf8cb190bc4bbeff3f,Расчеты,"C7,SO58:ALU58,SM60:SM109,SO113:ALU113,SM115:SM164",2026-09-16,source-labelled,ABA113,null,1600,n
1.0.0,"Таблица по подбору сечений теплых ангаров пролетами 9м, 12м, 15м, 18м, 21м, 24м версия 1,5.xlsx",0271b96c6fe725d3e50ad7891401958322a5ae97866bb0bf8cb190bc4bbeff3f,Расчеты,"C7,SO58:ALU58,SM60:SM109,SO113:ALU113,SM115:SM164",2026-09-16,source-labelled,ABB113,null,null,n
1.0.0,"Таблица по подбору сечений теплых ангаров пролетами 9м, 12м, 15м, 18м, 21м, 24м версия 1,5.xlsx",0271b96c6fe725d3e50ad7891401958322a5ae97866bb0bf8cb190bc4bbeff3f,Расчеты,"C7,SO58:ALU58,SM60:SM109,SO113:ALU113,SM115:SM164",2026-09-16,source-labelled,ABC113,null,null,n
1.0.0,"Таблица по подбору сечений теплых ангаров пролетами 9м, 12м, 15м, 18м, 21м, 24м версия 1,5.xlsx",0271b96c6fe725d3e50ad7891401958322a5ae97866bb0bf8cb190bc4bbeff3f,Расчеты,"C7,SO58:ALU58,SM60:SM109,SO113:ALU113,SM115:SM164",2026-09-16,source-labelled,ABD113,null,null,n
1.0.0,"Таблица по подбору сечений теплых ангаров пролетами 9м, 12м, 15м, 18м, 21м, 24м версия 1,5.xlsx",0271b96c6fe725d3e50ad7891401958322a5ae97866bb0bf8cb190bc4bbeff3f,Расчеты,"C7,SO58:ALU58,SM60:SM109,SO113:ALU113,SM115:SM164",2026-09-16,source-labelled,ABE113,null,null,n
1.0.0,"Таблица по подбору сечений теплых ангаров пролетами 9м, 12м, 15м, 18м, 21м, 24м версия 1,5.xlsx",0271b96c6fe725d3e50ad7891401958322a5ae97866bb0bf8cb190bc4bbeff3f,Расчеты,"C7,SO58:ALU58,SM60:SM109,SO113:ALU113,SM115:SM164",2026-09-16,source-labelled,ABF113,null,null,n
1.0.0,"Таблица по подбору сечений теплых ангаров пролетами 9м, 12м, 15м, 18м, 21м, 24м версия 1,5.xlsx",0271b96c6fe725d3e50ad7891401958322a5ae97866bb0bf8cb190bc4bbeff3f,Расчеты,"C7,SO58:ALU58,SM60:SM109,SO113:ALU113,SM115:SM164",2026-09-16,source-labelled,ABG113,null,null,n
1.0.0,"Таблица по подбору сечений теплых ангаров пролетами 9м, 12м, 15м, 18м, 21м, 24м версия 1,5.xlsx",0271b96c6fe725d3e50ad7891401958322a5ae97866bb0bf8cb190bc4bbeff3f,Расчеты,"C7,SO58:ALU58,SM60:SM109,SO113:ALU113,SM115:SM164",2026-09-16,source-labelled,ABH113,null,null,n
1.0.0,"Таблица по подбору сечений теплых ангаров пролетами 9м, 12м, 15м, 18м, 21м, 24м версия 1,5.xlsx",0271b96c6fe725d3e50ad7891401958322a5ae97866bb0bf8cb190bc4bbeff3f,Расчеты,"C7,SO58:ALU58,SM60:SM109,SO113:ALU113,SM115:SM164",2026-09-16,source-labelled,ABI113,null,null,n
1.0.0,"Таблица по подбору сечений теплых ангаров пролетами 9м, 12м, 15м, 18м, 21м, 24м версия 1,5.xlsx",0271b96c6fe725d3e50ad7891401958322a5ae97866bb0bf8cb190bc4bbeff3f,Расчеты,"C7,SO58:ALU58,SM60:SM109,SO113:ALU113,SM115:SM164",2026-09-16,source-labelled,ABJ113,null,null,n
1.0.0,"Таблица по подбору сечений теплых ангаров пролетами 9м, 12м, 15м, 18м, 21м, 24м версия 1,5.xlsx",0271b96c6fe725d3e50ad7891401958322a5ae97866bb0bf8cb190bc4bbeff3f,Расчеты,"C7,SO58:ALU58,SM60:SM109,SO113:ALU113,SM115:SM164",2026-09-16,source-labelled,ABK113,null,null,n
1.0.0,"Таблица по подбору сечений теплых ангаров пролетами 9м, 12м, 15м, 18м, 21м, 24м версия 1,5.xlsx",0271b96c6fe725d3e50ad7891401958322a5ae97866bb0bf8cb190bc4bbeff3f,Расчеты,"C7,SO58:ALU58,SM60:SM109,SO113:ALU113,SM115:SM164",2026-09-16,source-labelled,ABL113,null,null,n
1.0.0,"Таблица по подбору сечений теплых ангаров пролетами 9м, 12м, 15м, 18м, 21м, 24м версия 1,5.xlsx",0271b96c6fe725d3e50ad7891401958322a5ae97866bb0bf8cb190bc4bbeff3f,Расчеты,"C7,SO58:ALU58,SM60:SM109,SO113:ALU113,SM115:SM164",2026-09-16,source-labelled,ABM113,null,null,n
1.0.0,"Таблица по подбору сечений теплых ангаров пролетами 9м, 12м, 15м, 18м, 21м, 24м версия 1,5.xlsx",0271b96c6fe725d3e50ad7891401958322a5ae97866bb0bf8cb190bc4bbeff3f,Расчеты,"C7,SO58:ALU58,SM60:SM109,SO113:ALU113,SM115:SM164",2026-09-16,source-labelled,ABN113,null,null,n
1.0.0,"Таблица по подбору сечений теплых ангаров пролетами 9м, 12м, 15м, 18м, 21м, 24м версия 1,5.xlsx",0271b96c6fe725d3e50ad7891401958322a5ae97866bb0bf8cb190bc4bbeff3f,Расчеты,"C7,SO58:ALU58,SM60:SM109,SO113:ALU113,SM115:SM164",2026-09-16,source-labelled,ABO113,null,null,n
1.0.0,"Таблица по подбору сечений теплых ангаров пролетами 9м, 12м, 15м, 18м, 21м, 24м версия 1,5.xlsx",0271b96c6fe725d3e50ad7891401958322a5ae97866bb0bf8cb190bc4bbeff3f,Расчеты,"C7,SO58:ALU58,SM60:SM109,SO113:ALU113,SM115:SM164",2026-09-16,source-labelled,ABP113,null,null,n
1.0.0,"Таблица по подбору сечений теплых ангаров пролетами 9м, 12м, 15м, 18м, 21м, 24м версия 1,5.xlsx",0271b96c6fe725d3e50ad7891401958322a5ae97866bb0bf8cb190bc4bbeff3f,Расчеты,"C7,SO58:ALU58,SM60:SM109,SO113:ALU113,SM115:SM164",2026-09-16,source-labelled,ABQ113,null,null,n
1.0.0,"Таблица по подбору сечений теплых ангаров пролетами 9м, 12м, 15м, 18м, 21м, 24м версия 1,5.xlsx",0271b96c6fe725d3e50ad7891401958322a5ae97866bb0bf8cb190bc4bbeff3f,Расчеты,"C7,SO58:ALU58,SM60:SM109,SO113:ALU113,SM115:SM164",2026-09-16,source-labelled,ABR113,null,null,n
1.0.0,"Таблица по подбору сечений теплых ангаров пролетами 9м, 12м, 15м, 18м, 21м, 24м версия 1,5.xlsx",0271b96c6fe725d3e50ad7891401958322a5ae97866bb0bf8cb190bc4bbeff3f,Расчеты,"C7,SO58:ALU58,SM60:SM109,SO113:ALU113,SM115:SM164",2026-09-16,source-labelled,ABS113,null,null,n
1.0.0,"Таблица по подбору сечений теплых ангаров пролетами 9м, 12м, 15м, 18м, 21м, 24м версия 1,5.xlsx",0271b96c6fe725d3e50ad7891401958322a5ae97866bb0bf8cb190bc4bbeff3f,Расчеты,"C7,SO58:ALU58,SM60:SM109,SO113:ALU113,SM115:SM164",2026-09-16,source-labelled,ABT113,null,null,n
1.0.0,"Таблица по подбору сечений теплых ангаров пролетами 9м, 12м, 15м, 18м, 21м, 24м версия 1,5.xlsx",0271b96c6fe725d3e50ad7891401958322a5ae97866bb0bf8cb190bc4bbeff3f,Расчеты,"C7,SO58:ALU58,SM60:SM109,SO113:ALU113,SM115:SM164",2026-09-16,source-labelled,ABU113,null,1700,n
1.0.0,"Таблица по подбору сечений теплых ангаров пролетами 9м, 12м, 15м, 18м, 21м, 24м версия 1,5.xlsx",0271b96c6fe725d3e50ad7891401958322a5ae97866bb0bf8cb190bc4bbeff3f,Расчеты,"C7,SO58:ALU58,SM60:SM109,SO113:ALU113,SM115:SM164",2026-09-16,source-labelled,ABV113,null,null,n
1.0.0,"Таблица по подбору сечений теплых ангаров пролетами 9м, 12м, 15м, 18м, 21м, 24м версия 1,5.xlsx",0271b96c6fe725d3e50ad7891401958322a5ae97866bb0bf8cb190bc4bbeff3f,Расчеты,"C7,SO58:ALU58,SM60:SM109,SO113:ALU113,SM115:SM164",2026-09-16,source-labelled,ABW113,null,null,n
1.0.0,"Таблица по подбору сечений теплых ангаров пролетами 9м, 12м, 15м, 18м, 21м, 24м версия 1,5.xlsx",0271b96c6fe725d3e50ad7891401958322a5ae97866bb0bf8cb190bc4bbeff3f,Расчеты,"C7,SO58:ALU58,SM60:SM109,SO113:ALU113,SM115:SM164",2026-09-16,source-labelled,ABX113,null,null,n
1.0.0,"Таблица по подбору сечений теплых ангаров пролетами 9м, 12м, 15м, 18м, 21м, 24м версия 1,5.xlsx",0271b96c6fe725d3e50ad7891401958322a5ae97866bb0bf8cb190bc4bbeff3f,Расчеты,"C7,SO58:ALU58,SM60:SM109,SO113:ALU113,SM115:SM164",2026-09-16,source-labelled,ABY113,null,null,n
1.0.0,"Таблица по подбору сечений теплых ангаров пролетами 9м, 12м, 15м, 18м, 21м, 24м версия 1,5.xlsx",0271b96c6fe725d3e50ad7891401958322a5ae97866bb0bf8cb190bc4bbeff3f,Расчеты,"C7,SO58:ALU58,SM60:SM109,SO113:ALU113,SM115:SM164",2026-09-16,source-labelled,ABZ113,null,null,n
1.0.0,"Таблица по подбору сечений теплых ангаров пролетами 9м, 12м, 15м, 18м, 21м, 24м версия 1,5.xlsx",0271b96c6fe725d3e50ad7891401958322a5ae97866bb0bf8cb190bc4bbeff3f,Расчеты,"C7,SO58:ALU58,SM60:SM109,SO113:ALU113,SM115:SM164",2026-09-16,source-labelled,ACA113,null,null,n
1.0.0,"Таблица по подбору сечений теплых ангаров пролетами 9м, 12м, 15м, 18м, 21м, 24м версия 1,5.xlsx",0271b96c6fe725d3e50ad7891401958322a5ae97866bb0bf8cb190bc4bbeff3f,Расчеты,"C7,SO58:ALU58,SM60:SM109,SO113:ALU113,SM115:SM164",2026-09-16,source-labelled,ACB113,null,null,n
1.0.0,"Таблица по подбору сечений теплых ангаров пролетами 9м, 12м, 15м, 18м, 21м, 24м версия 1,5.xlsx",0271b96c6fe725d3e50ad7891401958322a5ae97866bb0bf8cb190bc4bbeff3f,Расчеты,"C7,SO58:ALU58,SM60:SM109,SO113:ALU113,SM115:SM164",2026-09-16,source-labelled,ACC113,null,null,n
1.0.0,"Таблица по подбору сечений теплых ангаров пролетами 9м, 12м, 15м, 18м, 21м, 24м версия 1,5.xlsx",0271b96c6fe725d3e50ad7891401958322a5ae97866bb0bf8cb190bc4bbeff3f,Расчеты,"C7,SO58:ALU58,SM60:SM109,SO113:ALU113,SM115:SM164",2026-09-16,source-labelled,ACD113,null,null,n
1.0.0,"Таблица по подбору сечений теплых ангаров пролетами 9м, 12м, 15м, 18м, 21м, 24м версия 1,5.xlsx",0271b96c6fe725d3e50ad7891401958322a5ae97866bb0bf8cb190bc4bbeff3f,Расчеты,"C7,SO58:ALU58,SM60:SM109,SO113:ALU113,SM115:SM164",2026-09-16,source-labelled,ACE113,null,null,n
1.0.0,"Таблица по подбору сечений теплых ангаров пролетами 9м, 12м, 15м, 18м, 21м, 24м версия 1,5.xlsx",0271b96c6fe725d3e50ad7891401958322a5ae97866bb0bf8cb190bc4bbeff3f,Расчеты,"C7,SO58:ALU58,SM60:SM109,SO113:ALU113,SM115:SM164",2026-09-16,source-labelled,ACF113,null,null,n
1.0.0,"Таблица по подбору сечений теплых ангаров пролетами 9м, 12м, 15м, 18м, 21м, 24м версия 1,5.xlsx",0271b96c6fe725d3e50ad7891401958322a5ae97866bb0bf8cb190bc4bbeff3f,Расчеты,"C7,SO58:ALU58,SM60:SM109,SO113:ALU113,SM115:SM164",2026-09-16,source-labelled,ACG113,null,null,n
1.0.0,"Таблица по подбору сечений теплых ангаров пролетами 9м, 12м, 15м, 18м, 21м, 24м версия 1,5.xlsx",0271b96c6fe725d3e50ad7891401958322a5ae97866bb0bf8cb190bc4bbeff3f,Расчеты,"C7,SO58:ALU58,SM60:SM109,SO113:ALU113,SM115:SM164",2026-09-16,source-labelled,ACH113,null,null,n
1.0.0,"Таблица по подбору сечений теплых ангаров пролетами 9м, 12м, 15м, 18м, 21м, 24м версия 1,5.xlsx",0271b96c6fe725d3e50ad7891401958322a5ae97866bb0bf8cb190bc4bbeff3f,Расчеты,"C7,SO58:ALU58,SM60:SM109,SO113:ALU113,SM115:SM164",2026-09-16,source-labelled,ACI113,null,null,n
1.0.0,"Таблица по подбору сечений теплых ангаров пролетами 9м, 12м, 15м, 18м, 21м, 24м версия 1,5.xlsx",0271b96c6fe725d3e50ad7891401958322a5ae97866bb0bf8cb190bc4bbeff3f,Расчеты,"C7,SO58:ALU58,SM60:SM109,SO113:ALU113,SM115:SM164",2026-09-16,source-labelled,ACJ113,null,null,n
1.0.0,"Таблица по подбору сечений теплых ангаров пролетами 9м, 12м, 15м, 18м, 21м, 24м версия 1,5.xlsx",0271b96c6fe725d3e50ad7891401958322a5ae97866bb0bf8cb190bc4bbeff3f,Расчеты,"C7,SO58:ALU58,SM60:SM109,SO113:ALU113,SM115:SM164",2026-09-16,source-labelled,ACK113,null,null,n
1.0.0,"Таблица по подбору сечений теплых ангаров пролетами 9м, 12м, 15м, 18м, 21м, 24м версия 1,5.xlsx",0271b96c6fe725d3e50ad7891401958322a5ae97866bb0bf8cb190bc4bbeff3f,Расчеты,"C7,SO58:ALU58,SM60:SM109,SO113:ALU113,SM115:SM164",2026-09-16,source-labelled,ACL113,null,null,n
1.0.0,"Таблица по подбору сечений теплых ангаров пролетами 9м, 12м, 15м, 18м, 21м, 24м версия 1,5.xlsx",0271b96c6fe725d3e50ad7891401958322a5ae97866bb0bf8cb190bc4bbeff3f,Расчеты,"C7,SO58:ALU58,SM60:SM109,SO113:ALU113,SM115:SM164",2026-09-16,source-labelled,ACM113,null,null,n
1.0.0,"Таблица по подбору сечений теплых ангаров пролетами 9м, 12м, 15м, 18м, 21м, 24м версия 1,5.xlsx",0271b96c6fe725d3e50ad7891401958322a5ae97866bb0bf8cb190bc4bbeff3f,Расчеты,"C7,SO58:ALU58,SM60:SM109,SO113:ALU113,SM115:SM164",2026-09-16,source-labelled,ACN113,null,null,n
1.0.0,"Таблица по подбору сечений теплых ангаров пролетами 9м, 12м, 15м, 18м, 21м, 24м версия 1,5.xlsx",0271b96c6fe725d3e50ad7891401958322a5ae97866bb0bf8cb190bc4bbeff3f,Расчеты,"C7,SO58:ALU58,SM60:SM109,SO113:ALU113,SM115:SM164",2026-09-16,source-labelled,ACO113,null,1800,n
1.0.0,"Таблица по подбору сечений теплых ангаров пролетами 9м, 12м, 15м, 18м, 21м, 24м версия 1,5.xlsx",0271b96c6fe725d3e50ad7891401958322a5ae97866bb0bf8cb190bc4bbeff3f,Расчеты,"C7,SO58:ALU58,SM60:SM109,SO113:ALU113,SM115:SM164",2026-09-16,source-labelled,ACP113,null,null,n
1.0.0,"Таблица по подбору сечений теплых ангаров пролетами 9м, 12м, 15м, 18м, 21м, 24м версия 1,5.xlsx",0271b96c6fe725d3e50ad7891401958322a5ae97866bb0bf8cb190bc4bbeff3f,Расчеты,"C7,SO58:ALU58,SM60:SM109,SO113:ALU113,SM115:SM164",2026-09-16,source-labelled,ACQ113,null,null,n
1.0.0,"Таблица по подбору сечений теплых ангаров пролетами 9м, 12м, 15м, 18м, 21м, 24м версия 1,5.xlsx",0271b96c6fe725d3e50ad7891401958322a5ae97866bb0bf8cb190bc4bbeff3f,Расчеты,"C7,SO58:ALU58,SM60:SM109,SO113:ALU113,SM115:SM164",2026-09-16,source-labelled,ACR113,null,null,n
1.0.0,"Таблица по подбору сечений теплых ангаров пролетами 9м, 12м, 15м, 18м, 21м, 24м версия 1,5.xlsx",0271b96c6fe725d3e50ad7891401958322a5ae97866bb0bf8cb190bc4bbeff3f,Расчеты,"C7,SO58:ALU58,SM60:SM109,SO113:ALU113,SM115:SM164",2026-09-16,source-labelled,ACS113,null,null,n
1.0.0,"Таблица по подбору сечений теплых ангаров пролетами 9м, 12м, 15м, 18м, 21м, 24м версия 1,5.xlsx",0271b96c6fe725d3e50ad7891401958322a5ae97866bb0bf8cb190bc4bbeff3f,Расчеты,"C7,SO58:ALU58,SM60:SM109,SO113:ALU113,SM115:SM164",2026-09-16,source-labelled,ACT113,null,null,n
1.0.0,"Таблица по подбору сечений теплых ангаров пролетами 9м, 12м, 15м, 18м, 21м, 24м версия 1,5.xlsx",0271b96c6fe725d3e50ad7891401958322a5ae97866bb0bf8cb190bc4bbeff3f,Расчеты,"C7,SO58:ALU58,SM60:SM109,SO113:ALU113,SM115:SM164",2026-09-16,source-labelled,ACU113,null,null,n
1.0.0,"Таблица по подбору сечений теплых ангаров пролетами 9м, 12м, 15м, 18м, 21м, 24м версия 1,5.xlsx",0271b96c6fe725d3e50ad7891401958322a5ae97866bb0bf8cb190bc4bbeff3f,Расчеты,"C7,SO58:ALU58,SM60:SM109,SO113:ALU113,SM115:SM164",2026-09-16,source-labelled,ACV113,null,null,n
1.0.0,"Таблица по подбору сечений теплых ангаров пролетами 9м, 12м, 15м, 18м, 21м, 24м версия 1,5.xlsx",0271b96c6fe725d3e50ad7891401958322a5ae97866bb0bf8cb190bc4bbeff3f,Расчеты,"C7,SO58:ALU58,SM60:SM109,SO113:ALU113,SM115:SM164",2026-09-16,source-labelled,ACW113,null,null,n
1.0.0,"Таблица по подбору сечений теплых ангаров пролетами 9м, 12м, 15м, 18м, 21м, 24м версия 1,5.xlsx",0271b96c6fe725d3e50ad7891401958322a5ae97866bb0bf8cb190bc4bbeff3f,Расчеты,"C7,SO58:ALU58,SM60:SM109,SO113:ALU113,SM115:SM164",2026-09-16,source-labelled,ACX113,null,null,n
1.0.0,"Таблица по подбору сечений теплых ангаров пролетами 9м, 12м, 15м, 18м, 21м, 24м версия 1,5.xlsx",0271b96c6fe725d3e50ad7891401958322a5ae97866bb0bf8cb190bc4bbeff3f,Расчеты,"C7,SO58:ALU58,SM60:SM109,SO113:ALU113,SM115:SM164",2026-09-16,source-labelled,ACY113,null,null,n
1.0.0,"Таблица по подбору сечений теплых ангаров пролетами 9м, 12м, 15м, 18м, 21м, 24м версия 1,5.xlsx",0271b96c6fe725d3e50ad7891401958322a5ae97866bb0bf8cb190bc4bbeff3f,Расчеты,"C7,SO58:ALU58,SM60:SM109,SO113:ALU113,SM115:SM164",2026-09-16,source-labelled,ACZ113,null,null,n
1.0.0,"Таблица по подбору сечений теплых ангаров пролетами 9м, 12м, 15м, 18м, 21м, 24м версия 1,5.xlsx",0271b96c6fe725d3e50ad7891401958322a5ae97866bb0bf8cb190bc4bbeff3f,Расчеты,"C7,SO58:ALU58,SM60:SM109,SO113:ALU113,SM115:SM164",2026-09-16,source-labelled,ADA113,null,null,n
1.0.0,"Таблица по подбору сечений теплых ангаров пролетами 9м, 12м, 15м, 18м, 21м, 24м версия 1,5.xlsx",0271b96c6fe725d3e50ad7891401958322a5ae97866bb0bf8cb190bc4bbeff3f,Расчеты,"C7,SO58:ALU58,SM60:SM109,SO113:ALU113,SM115:SM164",2026-09-16,source-labelled,ADB113,null,null,n
1.0.0,"Таблица по подбору сечений теплых ангаров пролетами 9м, 12м, 15м, 18м, 21м, 24м версия 1,5.xlsx",0271b96c6fe725d3e50ad7891401958322a5ae97866bb0bf8cb190bc4bbeff3f,Расчеты,"C7,SO58:ALU58,SM60:SM109,SO113:ALU113,SM115:SM164",2026-09-16,source-labelled,ADC113,null,null,n
1.0.0,"Таблица по подбору сечений теплых ангаров пролетами 9м, 12м, 15м, 18м, 21м, 24м версия 1,5.xlsx",0271b96c6fe725d3e50ad7891401958322a5ae97866bb0bf8cb190bc4bbeff3f,Расчеты,"C7,SO58:ALU58,SM60:SM109,SO113:ALU113,SM115:SM164",2026-09-16,source-labelled,ADD113,null,null,n
1.0.0,"Таблица по подбору сечений теплых ангаров пролетами 9м, 12м, 15м, 18м, 21м, 24м версия 1,5.xlsx",0271b96c6fe725d3e50ad7891401958322a5ae97866bb0bf8cb190bc4bbeff3f,Расчеты,"C7,SO58:ALU58,SM60:SM109,SO113:ALU113,SM115:SM164",2026-09-16,source-labelled,ADE113,null,null,n
1.0.0,"Таблица по подбору сечений теплых ангаров пролетами 9м, 12м, 15м, 18м, 21м, 24м версия 1,5.xlsx",0271b96c6fe725d3e50ad7891401958322a5ae97866bb0bf8cb190bc4bbeff3f,Расчеты,"C7,SO58:ALU58,SM60:SM109,SO113:ALU113,SM115:SM164",2026-09-16,source-labelled,ADF113,null,null,n
1.0.0,"Таблица по подбору сечений теплых ангаров пролетами 9м, 12м, 15м, 18м, 21м, 24м версия 1,5.xlsx",0271b96c6fe725d3e50ad7891401958322a5ae97866bb0bf8cb190bc4bbeff3f,Расчеты,"C7,SO58:ALU58,SM60:SM109,SO113:ALU113,SM115:SM164",2026-09-16,source-labelled,ADG113,null,null,n
1.0.0,"Таблица по подбору сечений теплых ангаров пролетами 9м, 12м, 15м, 18м, 21м, 24м версия 1,5.xlsx",0271b96c6fe725d3e50ad7891401958322a5ae97866bb0bf8cb190bc4bbeff3f,Расчеты,"C7,SO58:ALU58,SM60:SM109,SO113:ALU113,SM115:SM164",2026-09-16,source-labelled,ADH113,null,null,n
1.0.0,"Таблица по подбору сечений теплых ангаров пролетами 9м, 12м, 15м, 18м, 21м, 24м версия 1,5.xlsx",0271b96c6fe725d3e50ad7891401958322a5ae97866bb0bf8cb190bc4bbeff3f,Расчеты,"C7,SO58:ALU58,SM60:SM109,SO113:ALU113,SM115:SM164",2026-09-16,source-labelled,ADI113,null,1900,n
1.0.0,"Таблица по подбору сечений теплых ангаров пролетами 9м, 12м, 15м, 18м, 21м, 24м версия 1,5.xlsx",0271b96c6fe725d3e50ad7891401958322a5ae97866bb0bf8cb190bc4bbeff3f,Расчеты,"C7,SO58:ALU58,SM60:SM109,SO113:ALU113,SM115:SM164",2026-09-16,source-labelled,ADJ113,null,null,n
1.0.0,"Таблица по подбору сечений теплых ангаров пролетами 9м, 12м, 15м, 18м, 21м, 24м версия 1,5.xlsx",0271b96c6fe725d3e50ad7891401958322a5ae97866bb0bf8cb190bc4bbeff3f,Расчеты,"C7,SO58:ALU58,SM60:SM109,SO113:ALU113,SM115:SM164",2026-09-16,source-labelled,ADK113,null,null,n
1.0.0,"Таблица по подбору сечений теплых ангаров пролетами 9м, 12м, 15м, 18м, 21м, 24м версия 1,5.xlsx",0271b96c6fe725d3e50ad7891401958322a5ae97866bb0bf8cb190bc4bbeff3f,Расчеты,"C7,SO58:ALU58,SM60:SM109,SO113:ALU113,SM115:SM164",2026-09-16,source-labelled,ADL113,null,null,n
1.0.0,"Таблица по подбору сечений теплых ангаров пролетами 9м, 12м, 15м, 18м, 21м, 24м версия 1,5.xlsx",0271b96c6fe725d3e50ad7891401958322a5ae97866bb0bf8cb190bc4bbeff3f,Расчеты,"C7,SO58:ALU58,SM60:SM109,SO113:ALU113,SM115:SM164",2026-09-16,source-labelled,ADM113,null,null,n
1.0.0,"Таблица по подбору сечений теплых ангаров пролетами 9м, 12м, 15м, 18м, 21м, 24м версия 1,5.xlsx",0271b96c6fe725d3e50ad7891401958322a5ae97866bb0bf8cb190bc4bbeff3f,Расчеты,"C7,SO58:ALU58,SM60:SM109,SO113:ALU113,SM115:SM164",2026-09-16,source-labelled,ADN113,null,null,n
1.0.0,"Таблица по подбору сечений теплых ангаров пролетами 9м, 12м, 15м, 18м, 21м, 24м версия 1,5.xlsx",0271b96c6fe725d3e50ad7891401958322a5ae97866bb0bf8cb190bc4bbeff3f,Расчеты,"C7,SO58:ALU58,SM60:SM109,SO113:ALU113,SM115:SM164",2026-09-16,source-labelled,ADO113,null,null,n
1.0.0,"Таблица по подбору сечений теплых ангаров пролетами 9м, 12м, 15м, 18м, 21м, 24м версия 1,5.xlsx",0271b96c6fe725d3e50ad7891401958322a5ae97866bb0bf8cb190bc4bbeff3f,Расчеты,"C7,SO58:ALU58,SM60:SM109,SO113:ALU113,SM115:SM164",2026-09-16,source-labelled,ADP113,null,null,n
1.0.0,"Таблица по подбору сечений теплых ангаров пролетами 9м, 12м, 15м, 18м, 21м, 24м версия 1,5.xlsx",0271b96c6fe725d3e50ad7891401958322a5ae97866bb0bf8cb190bc4bbeff3f,Расчеты,"C7,SO58:ALU58,SM60:SM109,SO113:ALU113,SM115:SM164",2026-09-16,source-labelled,ADQ113,null,null,n
1.0.0,"Таблица по подбору сечений теплых ангаров пролетами 9м, 12м, 15м, 18м, 21м, 24м версия 1,5.xlsx",0271b96c6fe725d3e50ad7891401958322a5ae97866bb0bf8cb190bc4bbeff3f,Расчеты,"C7,SO58:ALU58,SM60:SM109,SO113:ALU113,SM115:SM164",2026-09-16,source-labelled,ADR113,null,null,n
1.0.0,"Таблица по подбору сечений теплых ангаров пролетами 9м, 12м, 15м, 18м, 21м, 24м версия 1,5.xlsx",0271b96c6fe725d3e50ad7891401958322a5ae97866bb0bf8cb190bc4bbeff3f,Расчеты,"C7,SO58:ALU58,SM60:SM109,SO113:ALU113,SM115:SM164",2026-09-16,source-labelled,ADS113,null,null,n
1.0.0,"Таблица по подбору сечений теплых ангаров пролетами 9м, 12м, 15м, 18м, 21м, 24м версия 1,5.xlsx",0271b96c6fe725d3e50ad7891401958322a5ae97866bb0bf8cb190bc4bbeff3f,Расчеты,"C7,SO58:ALU58,SM60:SM109,SO113:ALU113,SM115:SM164",2026-09-16,source-labelled,ADT113,null,null,n
1.0.0,"Таблица по подбору сечений теплых ангаров пролетами 9м, 12м, 15м, 18м, 21м, 24м версия 1,5.xlsx",0271b96c6fe725d3e50ad7891401958322a5ae97866bb0bf8cb190bc4bbeff3f,Расчеты,"C7,SO58:ALU58,SM60:SM109,SO113:ALU113,SM115:SM164",2026-09-16,source-labelled,ADU113,null,null,n
1.0.0,"Таблица по подбору сечений теплых ангаров пролетами 9м, 12м, 15м, 18м, 21м, 24м версия 1,5.xlsx",0271b96c6fe725d3e50ad7891401958322a5ae97866bb0bf8cb190bc4bbeff3f,Расчеты,"C7,SO58:ALU58,SM60:SM109,SO113:ALU113,SM115:SM164",2026-09-16,source-labelled,ADV113,null,null,n
1.0.0,"Таблица по подбору сечений теплых ангаров пролетами 9м, 12м, 15м, 18м, 21м, 24м версия 1,5.xlsx",0271b96c6fe725d3e50ad7891401958322a5ae97866bb0bf8cb190bc4bbeff3f,Расчеты,"C7,SO58:ALU58,SM60:SM109,SO113:ALU113,SM115:SM164",2026-09-16,source-labelled,ADW113,null,null,n
1.0.0,"Таблица по подбору сечений теплых ангаров пролетами 9м, 12м, 15м, 18м, 21м, 24м версия 1,5.xlsx",0271b96c6fe725d3e50ad7891401958322a5ae97866bb0bf8cb190bc4bbeff3f,Расчеты,"C7,SO58:ALU58,SM60:SM109,SO113:ALU113,SM115:SM164",2026-09-16,source-labelled,ADX113,null,null,n
1.0.0,"Таблица по подбору сечений теплых ангаров пролетами 9м, 12м, 15м, 18м, 21м, 24м версия 1,5.xlsx",0271b96c6fe725d3e50ad7891401958322a5ae97866bb0bf8cb190bc4bbeff3f,Расчеты,"C7,SO58:ALU58,SM60:SM109,SO113:ALU113,SM115:SM164",2026-09-16,source-labelled,ADY113,null,null,n
1.0.0,"Таблица по подбору сечений теплых ангаров пролетами 9м, 12м, 15м, 18м, 21м, 24м версия 1,5.xlsx",0271b96c6fe725d3e50ad7891401958322a5ae97866bb0bf8cb190bc4bbeff3f,Расчеты,"C7,SO58:ALU58,SM60:SM109,SO113:ALU113,SM115:SM164",2026-09-16,source-labelled,ADZ113,null,null,n
1.0.0,"Таблица по подбору сечений теплых ангаров пролетами 9м, 12м, 15м, 18м, 21м, 24м версия 1,5.xlsx",0271b96c6fe725d3e50ad7891401958322a5ae97866bb0bf8cb190bc4bbeff3f,Расчеты,"C7,SO58:ALU58,SM60:SM109,SO113:ALU113,SM115:SM164",2026-09-16,source-labelled,AEA113,null,null,n
1.0.0,"Таблица по подбору сечений теплых ангаров пролетами 9м, 12м, 15м, 18м, 21м, 24м версия 1,5.xlsx",0271b96c6fe725d3e50ad7891401958322a5ae97866bb0bf8cb190bc4bbeff3f,Расчеты,"C7,SO58:ALU58,SM60:SM109,SO113:ALU113,SM115:SM164",2026-09-16,source-labelled,AEB113,null,null,n
1.0.0,"Таблица по подбору сечений теплых ангаров пролетами 9м, 12м, 15м, 18м, 21м, 24м версия 1,5.xlsx",0271b96c6fe725d3e50ad7891401958322a5ae97866bb0bf8cb190bc4bbeff3f,Расчеты,"C7,SO58:ALU58,SM60:SM109,SO113:ALU113,SM115:SM164",2026-09-16,source-labelled,AEC113,null,2000,n
1.0.0,"Таблица по подбору сечений теплых ангаров пролетами 9м, 12м, 15м, 18м, 21м, 24м версия 1,5.xlsx",0271b96c6fe725d3e50ad7891401958322a5ae97866bb0bf8cb190bc4bbeff3f,Расчеты,"C7,SO58:ALU58,SM60:SM109,SO113:ALU113,SM115:SM164",2026-09-16,source-labelled,AED113,null,null,n
1.0.0,"Таблица по подбору сечений теплых ангаров пролетами 9м, 12м, 15м, 18м, 21м, 24м версия 1,5.xlsx",0271b96c6fe725d3e50ad7891401958322a5ae97866bb0bf8cb190bc4bbeff3f,Расчеты,"C7,SO58:ALU58,SM60:SM109,SO113:ALU113,SM115:SM164",2026-09-16,source-labelled,AEE113,null,null,n
1.0.0,"Таблица по подбору сечений теплых ангаров пролетами 9м, 12м, 15м, 18м, 21м, 24м версия 1,5.xlsx",0271b96c6fe725d3e50ad7891401958322a5ae97866bb0bf8cb190bc4bbeff3f,Расчеты,"C7,SO58:ALU58,SM60:SM109,SO113:ALU113,SM115:SM164",2026-09-16,source-labelled,AEF113,null,null,n
1.0.0,"Таблица по подбору сечений теплых ангаров пролетами 9м, 12м, 15м, 18м, 21м, 24м версия 1,5.xlsx",0271b96c6fe725d3e50ad7891401958322a5ae97866bb0bf8cb190bc4bbeff3f,Расчеты,"C7,SO58:ALU58,SM60:SM109,SO113:ALU113,SM115:SM164",2026-09-16,source-labelled,AEG113,null,null,n
1.0.0,"Таблица по подбору сечений теплых ангаров пролетами 9м, 12м, 15м, 18м, 21м, 24м версия 1,5.xlsx",0271b96c6fe725d3e50ad7891401958322a5ae97866bb0bf8cb190bc4bbeff3f,Расчеты,"C7,SO58:ALU58,SM60:SM109,SO113:ALU113,SM115:SM164",2026-09-16,source-labelled,AEH113,null,null,n
1.0.0,"Таблица по подбору сечений теплых ангаров пролетами 9м, 12м, 15м, 18м, 21м, 24м версия 1,5.xlsx",0271b96c6fe725d3e50ad7891401958322a5ae97866bb0bf8cb190bc4bbeff3f,Расчеты,"C7,SO58:ALU58,SM60:SM109,SO113:ALU113,SM115:SM164",2026-09-16,source-labelled,AEI113,null,null,n
1.0.0,"Таблица по подбору сечений теплых ангаров пролетами 9м, 12м, 15м, 18м, 21м, 24м версия 1,5.xlsx",0271b96c6fe725d3e50ad7891401958322a5ae97866bb0bf8cb190bc4bbeff3f,Расчеты,"C7,SO58:ALU58,SM60:SM109,SO113:ALU113,SM115:SM164",2026-09-16,source-labelled,AEJ113,null,null,n
1.0.0,"Таблица по подбору сечений теплых ангаров пролетами 9м, 12м, 15м, 18м, 21м, 24м версия 1,5.xlsx",0271b96c6fe725d3e50ad7891401958322a5ae97866bb0bf8cb190bc4bbeff3f,Расчеты,"C7,SO58:ALU58,SM60:SM109,SO113:ALU113,SM115:SM164",2026-09-16,source-labelled,AEK113,null,null,n
1.0.0,"Таблица по подбору сечений теплых ангаров пролетами 9м, 12м, 15м, 18м, 21м, 24м версия 1,5.xlsx",0271b96c6fe725d3e50ad7891401958322a5ae97866bb0bf8cb190bc4bbeff3f,Расчеты,"C7,SO58:ALU58,SM60:SM109,SO113:ALU113,SM115:SM164",2026-09-16,source-labelled,AEL113,null,null,n
1.0.0,"Таблица по подбору сечений теплых ангаров пролетами 9м, 12м, 15м, 18м, 21м, 24м версия 1,5.xlsx",0271b96c6fe725d3e50ad7891401958322a5ae97866bb0bf8cb190bc4bbeff3f,Расчеты,"C7,SO58:ALU58,SM60:SM109,SO113:ALU113,SM115:SM164",2026-09-16,source-labelled,AEM113,null,null,n
1.0.0,"Таблица по подбору сечений теплых ангаров пролетами 9м, 12м, 15м, 18м, 21м, 24м версия 1,5.xlsx",0271b96c6fe725d3e50ad7891401958322a5ae97866bb0bf8cb190bc4bbeff3f,Расчеты,"C7,SO58:ALU58,SM60:SM109,SO113:ALU113,SM115:SM164",2026-09-16,source-labelled,AEN113,null,null,n
1.0.0,"Таблица по подбору сечений теплых ангаров пролетами 9м, 12м, 15м, 18м, 21м, 24м версия 1,5.xlsx",0271b96c6fe725d3e50ad7891401958322a5ae97866bb0bf8cb190bc4bbeff3f,Расчеты,"C7,SO58:ALU58,SM60:SM109,SO113:ALU113,SM115:SM164",2026-09-16,source-labelled,AEO113,null,null,n
1.0.0,"Таблица по подбору сечений теплых ангаров пролетами 9м, 12м, 15м, 18м, 21м, 24м версия 1,5.xlsx",0271b96c6fe725d3e50ad7891401958322a5ae97866bb0bf8cb190bc4bbeff3f,Расчеты,"C7,SO58:ALU58,SM60:SM109,SO113:ALU113,SM115:SM164",2026-09-16,source-labelled,AEP113,null,null,n
1.0.0,"Таблица по подбору сечений теплых ангаров пролетами 9м, 12м, 15м, 18м, 21м, 24м версия 1,5.xlsx",0271b96c6fe725d3e50ad7891401958322a5ae97866bb0bf8cb190bc4bbeff3f,Расчеты,"C7,SO58:ALU58,SM60:SM109,SO113:ALU113,SM115:SM164",2026-09-16,source-labelled,AEQ113,null,null,n
1.0.0,"Таблица по подбору сечений теплых ангаров пролетами 9м, 12м, 15м, 18м, 21м, 24м версия 1,5.xlsx",0271b96c6fe725d3e50ad7891401958322a5ae97866bb0bf8cb190bc4bbeff3f,Расчеты,"C7,SO58:ALU58,SM60:SM109,SO113:ALU113,SM115:SM164",2026-09-16,source-labelled,AER113,null,null,n
1.0.0,"Таблица по подбору сечений теплых ангаров пролетами 9м, 12м, 15м, 18м, 21м, 24м версия 1,5.xlsx",0271b96c6fe725d3e50ad7891401958322a5ae97866bb0bf8cb190bc4bbeff3f,Расчеты,"C7,SO58:ALU58,SM60:SM109,SO113:ALU113,SM115:SM164",2026-09-16,source-labelled,AES113,null,null,n
1.0.0,"Таблица по подбору сечений теплых ангаров пролетами 9м, 12м, 15м, 18м, 21м, 24м версия 1,5.xlsx",0271b96c6fe725d3e50ad7891401958322a5ae97866bb0bf8cb190bc4bbeff3f,Расчеты,"C7,SO58:ALU58,SM60:SM109,SO113:ALU113,SM115:SM164",2026-09-16,source-labelled,AET113,null,null,n
1.0.0,"Таблица по подбору сечений теплых ангаров пролетами 9м, 12м, 15м, 18м, 21м, 24м версия 1,5.xlsx",0271b96c6fe725d3e50ad7891401958322a5ae97866bb0bf8cb190bc4bbeff3f,Расчеты,"C7,SO58:ALU58,SM60:SM109,SO113:ALU113,SM115:SM164",2026-09-16,source-labelled,AEU113,null,null,n
1.0.0,"Таблица по подбору сечений теплых ангаров пролетами 9м, 12м, 15м, 18м, 21м, 24м версия 1,5.xlsx",0271b96c6fe725d3e50ad7891401958322a5ae97866bb0bf8cb190bc4bbeff3f,Расчеты,"C7,SO58:ALU58,SM60:SM109,SO113:ALU113,SM115:SM164",2026-09-16,source-labelled,AEV113,null,null,n
1.0.0,"Таблица по подбору сечений теплых ангаров пролетами 9м, 12м, 15м, 18м, 21м, 24м версия 1,5.xlsx",0271b96c6fe725d3e50ad7891401958322a5ae97866bb0bf8cb190bc4bbeff3f,Расчеты,"C7,SO58:ALU58,SM60:SM109,SO113:ALU113,SM115:SM164",2026-09-16,source-labelled,AEW113,null,2100,n
1.0.0,"Таблица по подбору сечений теплых ангаров пролетами 9м, 12м, 15м, 18м, 21м, 24м версия 1,5.xlsx",0271b96c6fe725d3e50ad7891401958322a5ae97866bb0bf8cb190bc4bbeff3f,Расчеты,"C7,SO58:ALU58,SM60:SM109,SO113:ALU113,SM115:SM164",2026-09-16,source-labelled,AEX113,null,null,n
1.0.0,"Таблица по подбору сечений теплых ангаров пролетами 9м, 12м, 15м, 18м, 21м, 24м версия 1,5.xlsx",0271b96c6fe725d3e50ad7891401958322a5ae97866bb0bf8cb190bc4bbeff3f,Расчеты,"C7,SO58:ALU58,SM60:SM109,SO113:ALU113,SM115:SM164",2026-09-16,source-labelled,AEY113,null,null,n
1.0.0,"Таблица по подбору сечений теплых ангаров пролетами 9м, 12м, 15м, 18м, 21м, 24м версия 1,5.xlsx",0271b96c6fe725d3e50ad7891401958322a5ae97866bb0bf8cb190bc4bbeff3f,Расчеты,"C7,SO58:ALU58,SM60:SM109,SO113:ALU113,SM115:SM164",2026-09-16,source-labelled,AEZ113,null,null,n
1.0.0,"Таблица по подбору сечений теплых ангаров пролетами 9м, 12м, 15м, 18м, 21м, 24м версия 1,5.xlsx",0271b96c6fe725d3e50ad7891401958322a5ae97866bb0bf8cb190bc4bbeff3f,Расчеты,"C7,SO58:ALU58,SM60:SM109,SO113:ALU113,SM115:SM164",2026-09-16,source-labelled,AFA113,null,null,n
1.0.0,"Таблица по подбору сечений теплых ангаров пролетами 9м, 12м, 15м, 18м, 21м, 24м версия 1,5.xlsx",0271b96c6fe725d3e50ad7891401958322a5ae97866bb0bf8cb190bc4bbeff3f,Расчеты,"C7,SO58:ALU58,SM60:SM109,SO113:ALU113,SM115:SM164",2026-09-16,source-labelled,AFB113,null,null,n
1.0.0,"Таблица по подбору сечений теплых ангаров пролетами 9м, 12м, 15м, 18м, 21м, 24м версия 1,5.xlsx",0271b96c6fe725d3e50ad7891401958322a5ae97866bb0bf8cb190bc4bbeff3f,Расчеты,"C7,SO58:ALU58,SM60:SM109,SO113:ALU113,SM115:SM164",2026-09-16,source-labelled,AFC113,null,null,n
1.0.0,"Таблица по подбору сечений теплых ангаров пролетами 9м, 12м, 15м, 18м, 21м, 24м версия 1,5.xlsx",0271b96c6fe725d3e50ad7891401958322a5ae97866bb0bf8cb190bc4bbeff3f,Расчеты,"C7,SO58:ALU58,SM60:SM109,SO113:ALU113,SM115:SM164",2026-09-16,source-labelled,AFD113,null,null,n
1.0.0,"Таблица по подбору сечений теплых ангаров пролетами 9м, 12м, 15м, 18м, 21м, 24м версия 1,5.xlsx",0271b96c6fe725d3e50ad7891401958322a5ae97866bb0bf8cb190bc4bbeff3f,Расчеты,"C7,SO58:ALU58,SM60:SM109,SO113:ALU113,SM115:SM164",2026-09-16,source-labelled,AFE113,null,null,n
1.0.0,"Таблица по подбору сечений теплых ангаров пролетами 9м, 12м, 15м, 18м, 21м, 24м версия 1,5.xlsx",0271b96c6fe725d3e50ad7891401958322a5ae97866bb0bf8cb190bc4bbeff3f,Расчеты,"C7,SO58:ALU58,SM60:SM109,SO113:ALU113,SM115:SM164",2026-09-16,source-labelled,AFF113,null,null,n
1.0.0,"Таблица по подбору сечений теплых ангаров пролетами 9м, 12м, 15м, 18м, 21м, 24м версия 1,5.xlsx",0271b96c6fe725d3e50ad7891401958322a5ae97866bb0bf8cb190bc4bbeff3f,Расчеты,"C7,SO58:ALU58,SM60:SM109,SO113:ALU113,SM115:SM164",2026-09-16,source-labelled,AFG113,null,null,n
1.0.0,"Таблица по подбору сечений теплых ангаров пролетами 9м, 12м, 15м, 18м, 21м, 24м версия 1,5.xlsx",0271b96c6fe725d3e50ad7891401958322a5ae97866bb0bf8cb190bc4bbeff3f,Расчеты,"C7,SO58:ALU58,SM60:SM109,SO113:ALU113,SM115:SM164",2026-09-16,source-labelled,AFH113,null,null,n
1.0.0,"Таблица по подбору сечений теплых ангаров пролетами 9м, 12м, 15м, 18м, 21м, 24м версия 1,5.xlsx",0271b96c6fe725d3e50ad7891401958322a5ae97866bb0bf8cb190bc4bbeff3f,Расчеты,"C7,SO58:ALU58,SM60:SM109,SO113:ALU113,SM115:SM164",2026-09-16,source-labelled,AFI113,null,null,n
1.0.0,"Таблица по подбору сечений теплых ангаров пролетами 9м, 12м, 15м, 18м, 21м, 24м версия 1,5.xlsx",0271b96c6fe725d3e50ad7891401958322a5ae97866bb0bf8cb190bc4bbeff3f,Расчеты,"C7,SO58:ALU58,SM60:SM109,SO113:ALU113,SM115:SM164",2026-09-16,source-labelled,AFJ113,null,null,n
1.0.0,"Таблица по подбору сечений теплых ангаров пролетами 9м, 12м, 15м, 18м, 21м, 24м версия 1,5.xlsx",0271b96c6fe725d3e50ad7891401958322a5ae97866bb0bf8cb190bc4bbeff3f,Расчеты,"C7,SO58:ALU58,SM60:SM109,SO113:ALU113,SM115:SM164",2026-09-16,source-labelled,AFK113,null,null,n
1.0.0,"Таблица по подбору сечений теплых ангаров пролетами 9м, 12м, 15м, 18м, 21м, 24м версия 1,5.xlsx",0271b96c6fe725d3e50ad7891401958322a5ae97866bb0bf8cb190bc4bbeff3f,Расчеты,"C7,SO58:ALU58,SM60:SM109,SO113:ALU113,SM115:SM164",2026-09-16,source-labelled,AFL113,null,null,n
1.0.0,"Таблица по подбору сечений теплых ангаров пролетами 9м, 12м, 15м, 18м, 21м, 24м версия 1,5.xlsx",0271b96c6fe725d3e50ad7891401958322a5ae97866bb0bf8cb190bc4bbeff3f,Расчеты,"C7,SO58:ALU58,SM60:SM109,SO113:ALU113,SM115:SM164",2026-09-16,source-labelled,AFM113,null,null,n
1.0.0,"Таблица по подбору сечений теплых ангаров пролетами 9м, 12м, 15м, 18м, 21м, 24м версия 1,5.xlsx",0271b96c6fe725d3e50ad7891401958322a5ae97866bb0bf8cb190bc4bbeff3f,Расчеты,"C7,SO58:ALU58,SM60:SM109,SO113:ALU113,SM115:SM164",2026-09-16,source-labelled,AFN113,null,null,n
1.0.0,"Таблица по подбору сечений теплых ангаров пролетами 9м, 12м, 15м, 18м, 21м, 24м версия 1,5.xlsx",0271b96c6fe725d3e50ad7891401958322a5ae97866bb0bf8cb190bc4bbeff3f,Расчеты,"C7,SO58:ALU58,SM60:SM109,SO113:ALU113,SM115:SM164",2026-09-16,source-labelled,AFO113,null,null,n
1.0.0,"Таблица по подбору сечений теплых ангаров пролетами 9м, 12м, 15м, 18м, 21м, 24м версия 1,5.xlsx",0271b96c6fe725d3e50ad7891401958322a5ae97866bb0bf8cb190bc4bbeff3f,Расчеты,"C7,SO58:ALU58,SM60:SM109,SO113:ALU113,SM115:SM164",2026-09-16,source-labelled,AFP113,null,null,n
1.0.0,"Таблица по подбору сечений теплых ангаров пролетами 9м, 12м, 15м, 18м, 21м, 24м версия 1,5.xlsx",0271b96c6fe725d3e50ad7891401958322a5ae97866bb0bf8cb190bc4bbeff3f,Расчеты,"C7,SO58:ALU58,SM60:SM109,SO113:ALU113,SM115:SM164",2026-09-16,source-labelled,AFQ113,null,2200,n
1.0.0,"Таблица по подбору сечений теплых ангаров пролетами 9м, 12м, 15м, 18м, 21м, 24м версия 1,5.xlsx",0271b96c6fe725d3e50ad7891401958322a5ae97866bb0bf8cb190bc4bbeff3f,Расчеты,"C7,SO58:ALU58,SM60:SM109,SO113:ALU113,SM115:SM164",2026-09-16,source-labelled,AFR113,null,null,n
1.0.0,"Таблица по подбору сечений теплых ангаров пролетами 9м, 12м, 15м, 18м, 21м, 24м версия 1,5.xlsx",0271b96c6fe725d3e50ad7891401958322a5ae97866bb0bf8cb190bc4bbeff3f,Расчеты,"C7,SO58:ALU58,SM60:SM109,SO113:ALU113,SM115:SM164",2026-09-16,source-labelled,AFS113,null,null,n
1.0.0,"Таблица по подбору сечений теплых ангаров пролетами 9м, 12м, 15м, 18м, 21м, 24м версия 1,5.xlsx",0271b96c6fe725d3e50ad7891401958322a5ae97866bb0bf8cb190bc4bbeff3f,Расчеты,"C7,SO58:ALU58,SM60:SM109,SO113:ALU113,SM115:SM164",2026-09-16,source-labelled,AFT113,null,null,n
1.0.0,"Таблица по подбору сечений теплых ангаров пролетами 9м, 12м, 15м, 18м, 21м, 24м версия 1,5.xlsx",0271b96c6fe725d3e50ad7891401958322a5ae97866bb0bf8cb190bc4bbeff3f,Расчеты,"C7,SO58:ALU58,SM60:SM109,SO113:ALU113,SM115:SM164",2026-09-16,source-labelled,AFU113,null,null,n
1.0.0,"Таблица по подбору сечений теплых ангаров пролетами 9м, 12м, 15м, 18м, 21м, 24м версия 1,5.xlsx",0271b96c6fe725d3e50ad7891401958322a5ae97866bb0bf8cb190bc4bbeff3f,Расчеты,"C7,SO58:ALU58,SM60:SM109,SO113:ALU113,SM115:SM164",2026-09-16,source-labelled,AFV113,null,null,n
1.0.0,"Таблица по подбору сечений теплых ангаров пролетами 9м, 12м, 15м, 18м, 21м, 24м версия 1,5.xlsx",0271b96c6fe725d3e50ad7891401958322a5ae97866bb0bf8cb190bc4bbeff3f,Расчеты,"C7,SO58:ALU58,SM60:SM109,SO113:ALU113,SM115:SM164",2026-09-16,source-labelled,AFW113,null,null,n
1.0.0,"Таблица по подбору сечений теплых ангаров пролетами 9м, 12м, 15м, 18м, 21м, 24м версия 1,5.xlsx",0271b96c6fe725d3e50ad7891401958322a5ae97866bb0bf8cb190bc4bbeff3f,Расчеты,"C7,SO58:ALU58,SM60:SM109,SO113:ALU113,SM115:SM164",2026-09-16,source-labelled,AFX113,null,null,n
1.0.0,"Таблица по подбору сечений теплых ангаров пролетами 9м, 12м, 15м, 18м, 21м, 24м версия 1,5.xlsx",0271b96c6fe725d3e50ad7891401958322a5ae97866bb0bf8cb190bc4bbeff3f,Расчеты,"C7,SO58:ALU58,SM60:SM109,SO113:ALU113,SM115:SM164",2026-09-16,source-labelled,AFY113,null,null,n
1.0.0,"Таблица по подбору сечений теплых ангаров пролетами 9м, 12м, 15м, 18м, 21м, 24м версия 1,5.xlsx",0271b96c6fe725d3e50ad7891401958322a5ae97866bb0bf8cb190bc4bbeff3f,Расчеты,"C7,SO58:ALU58,SM60:SM109,SO113:ALU113,SM115:SM164",2026-09-16,source-labelled,AFZ113,null,null,n
1.0.0,"Таблица по подбору сечений теплых ангаров пролетами 9м, 12м, 15м, 18м, 21м, 24м версия 1,5.xlsx",0271b96c6fe725d3e50ad7891401958322a5ae97866bb0bf8cb190bc4bbeff3f,Расчеты,"C7,SO58:ALU58,SM60:SM109,SO113:ALU113,SM115:SM164",2026-09-16,source-labelled,AGA113,null,null,n
1.0.0,"Таблица по подбору сечений теплых ангаров пролетами 9м, 12м, 15м, 18м, 21м, 24м версия 1,5.xlsx",0271b96c6fe725d3e50ad7891401958322a5ae97866bb0bf8cb190bc4bbeff3f,Расчеты,"C7,SO58:ALU58,SM60:SM109,SO113:ALU113,SM115:SM164",2026-09-16,source-labelled,AGB113,null,null,n
1.0.0,"Таблица по подбору сечений теплых ангаров пролетами 9м, 12м, 15м, 18м, 21м, 24м версия 1,5.xlsx",0271b96c6fe725d3e50ad7891401958322a5ae97866bb0bf8cb190bc4bbeff3f,Расчеты,"C7,SO58:ALU58,SM60:SM109,SO113:ALU113,SM115:SM164",2026-09-16,source-labelled,AGC113,null,null,n
1.0.0,"Таблица по подбору сечений теплых ангаров пролетами 9м, 12м, 15м, 18м, 21м, 24м версия 1,5.xlsx",0271b96c6fe725d3e50ad7891401958322a5ae97866bb0bf8cb190bc4bbeff3f,Расчеты,"C7,SO58:ALU58,SM60:SM109,SO113:ALU113,SM115:SM164",2026-09-16,source-labelled,AGD113,null,null,n
1.0.0,"Таблица по подбору сечений теплых ангаров пролетами 9м, 12м, 15м, 18м, 21м, 24м версия 1,5.xlsx",0271b96c6fe725d3e50ad7891401958322a5ae97866bb0bf8cb190bc4bbeff3f,Расчеты,"C7,SO58:ALU58,SM60:SM109,SO113:ALU113,SM115:SM164",2026-09-16,source-labelled,AGE113,null,null,n
1.0.0,"Таблица по подбору сечений теплых ангаров пролетами 9м, 12м, 15м, 18м, 21м, 24м версия 1,5.xlsx",0271b96c6fe725d3e50ad7891401958322a5ae97866bb0bf8cb190bc4bbeff3f,Расчеты,"C7,SO58:ALU58,SM60:SM109,SO113:ALU113,SM115:SM164",2026-09-16,source-labelled,AGF113,null,null,n
1.0.0,"Таблица по подбору сечений теплых ангаров пролетами 9м, 12м, 15м, 18м, 21м, 24м версия 1,5.xlsx",0271b96c6fe725d3e50ad7891401958322a5ae97866bb0bf8cb190bc4bbeff3f,Расчеты,"C7,SO58:ALU58,SM60:SM109,SO113:ALU113,SM115:SM164",2026-09-16,source-labelled,AGG113,null,null,n
1.0.0,"Таблица по подбору сечений теплых ангаров пролетами 9м, 12м, 15м, 18м, 21м, 24м версия 1,5.xlsx",0271b96c6fe725d3e50ad7891401958322a5ae97866bb0bf8cb190bc4bbeff3f,Расчеты,"C7,SO58:ALU58,SM60:SM109,SO113:ALU113,SM115:SM164",2026-09-16,source-labelled,AGH113,null,null,n
1.0.0,"Таблица по подбору сечений теплых ангаров пролетами 9м, 12м, 15м, 18м, 21м, 24м версия 1,5.xlsx",0271b96c6fe725d3e50ad7891401958322a5ae97866bb0bf8cb190bc4bbeff3f,Расчеты,"C7,SO58:ALU58,SM60:SM109,SO113:ALU113,SM115:SM164",2026-09-16,source-labelled,AGI113,null,null,n
1.0.0,"Таблица по подбору сечений теплых ангаров пролетами 9м, 12м, 15м, 18м, 21м, 24м версия 1,5.xlsx",0271b96c6fe725d3e50ad7891401958322a5ae97866bb0bf8cb190bc4bbeff3f,Расчеты,"C7,SO58:ALU58,SM60:SM109,SO113:ALU113,SM115:SM164",2026-09-16,source-labelled,AGJ113,null,null,n
1.0.0,"Таблица по подбору сечений теплых ангаров пролетами 9м, 12м, 15м, 18м, 21м, 24м версия 1,5.xlsx",0271b96c6fe725d3e50ad7891401958322a5ae97866bb0bf8cb190bc4bbeff3f,Расчеты,"C7,SO58:ALU58,SM60:SM109,SO113:ALU113,SM115:SM164",2026-09-16,source-labelled,AGK113,null,2300,n
1.0.0,"Таблица по подбору сечений теплых ангаров пролетами 9м, 12м, 15м, 18м, 21м, 24м версия 1,5.xlsx",0271b96c6fe725d3e50ad7891401958322a5ae97866bb0bf8cb190bc4bbeff3f,Расчеты,"C7,SO58:ALU58,SM60:SM109,SO113:ALU113,SM115:SM164",2026-09-16,source-labelled,AGL113,null,null,n
1.0.0,"Таблица по подбору сечений теплых ангаров пролетами 9м, 12м, 15м, 18м, 21м, 24м версия 1,5.xlsx",0271b96c6fe725d3e50ad7891401958322a5ae97866bb0bf8cb190bc4bbeff3f,Расчеты,"C7,SO58:ALU58,SM60:SM109,SO113:ALU113,SM115:SM164",2026-09-16,source-labelled,AGM113,null,null,n
1.0.0,"Таблица по подбору сечений теплых ангаров пролетами 9м, 12м, 15м, 18м, 21м, 24м версия 1,5.xlsx",0271b96c6fe725d3e50ad7891401958322a5ae97866bb0bf8cb190bc4bbeff3f,Расчеты,"C7,SO58:ALU58,SM60:SM109,SO113:ALU113,SM115:SM164",2026-09-16,source-labelled,AGN113,null,null,n
1.0.0,"Таблица по подбору сечений теплых ангаров пролетами 9м, 12м, 15м, 18м, 21м, 24м версия 1,5.xlsx",0271b96c6fe725d3e50ad7891401958322a5ae97866bb0bf8cb190bc4bbeff3f,Расчеты,"C7,SO58:ALU58,SM60:SM109,SO113:ALU113,SM115:SM164",2026-09-16,source-labelled,AGO113,null,null,n
1.0.0,"Таблица по подбору сечений теплых ангаров пролетами 9м, 12м, 15м, 18м, 21м, 24м версия 1,5.xlsx",0271b96c6fe725d3e50ad7891401958322a5ae97866bb0bf8cb190bc4bbeff3f,Расчеты,"C7,SO58:ALU58,SM60:SM109,SO113:ALU113,SM115:SM164",2026-09-16,source-labelled,AGP113,null,null,n
1.0.0,"Таблица по подбору сечений теплых ангаров пролетами 9м, 12м, 15м, 18м, 21м, 24м версия 1,5.xlsx",0271b96c6fe725d3e50ad7891401958322a5ae97866bb0bf8cb190bc4bbeff3f,Расчеты,"C7,SO58:ALU58,SM60:SM109,SO113:ALU113,SM115:SM164",2026-09-16,source-labelled,AGQ113,null,null,n
1.0.0,"Таблица по подбору сечений теплых ангаров пролетами 9м, 12м, 15м, 18м, 21м, 24м версия 1,5.xlsx",0271b96c6fe725d3e50ad7891401958322a5ae97866bb0bf8cb190bc4bbeff3f,Расчеты,"C7,SO58:ALU58,SM60:SM109,SO113:ALU113,SM115:SM164",2026-09-16,source-labelled,AGR113,null,null,n
1.0.0,"Таблица по подбору сечений теплых ангаров пролетами 9м, 12м, 15м, 18м, 21м, 24м версия 1,5.xlsx",0271b96c6fe725d3e50ad7891401958322a5ae97866bb0bf8cb190bc4bbeff3f,Расчеты,"C7,SO58:ALU58,SM60:SM109,SO113:ALU113,SM115:SM164",2026-09-16,source-labelled,AGS113,null,null,n
1.0.0,"Таблица по подбору сечений теплых ангаров пролетами 9м, 12м, 15м, 18м, 21м, 24м версия 1,5.xlsx",0271b96c6fe725d3e50ad7891401958322a5ae97866bb0bf8cb190bc4bbeff3f,Расчеты,"C7,SO58:ALU58,SM60:SM109,SO113:ALU113,SM115:SM164",2026-09-16,source-labelled,AGT113,null,null,n
1.0.0,"Таблица по подбору сечений теплых ангаров пролетами 9м, 12м, 15м, 18м, 21м, 24м версия 1,5.xlsx",0271b96c6fe725d3e50ad7891401958322a5ae97866bb0bf8cb190bc4bbeff3f,Расчеты,"C7,SO58:ALU58,SM60:SM109,SO113:ALU113,SM115:SM164",2026-09-16,source-labelled,AGU113,null,null,n
1.0.0,"Таблица по подбору сечений теплых ангаров пролетами 9м, 12м, 15м, 18м, 21м, 24м версия 1,5.xlsx",0271b96c6fe725d3e50ad7891401958322a5ae97866bb0bf8cb190bc4bbeff3f,Расчеты,"C7,SO58:ALU58,SM60:SM109,SO113:ALU113,SM115:SM164",2026-09-16,source-labelled,AGV113,null,null,n
1.0.0,"Таблица по подбору сечений теплых ангаров пролетами 9м, 12м, 15м, 18м, 21м, 24м версия 1,5.xlsx",0271b96c6fe725d3e50ad7891401958322a5ae97866bb0bf8cb190bc4bbeff3f,Расчеты,"C7,SO58:ALU58,SM60:SM109,SO113:ALU113,SM115:SM164",2026-09-16,source-labelled,AGW113,null,null,n
1.0.0,"Таблица по подбору сечений теплых ангаров пролетами 9м, 12м, 15м, 18м, 21м, 24м версия 1,5.xlsx",0271b96c6fe725d3e50ad7891401958322a5ae97866bb0bf8cb190bc4bbeff3f,Расчеты,"C7,SO58:ALU58,SM60:SM109,SO113:ALU113,SM115:SM164",2026-09-16,source-labelled,AGX113,null,null,n
1.0.0,"Таблица по подбору сечений теплых ангаров пролетами 9м, 12м, 15м, 18м, 21м, 24м версия 1,5.xlsx",0271b96c6fe725d3e50ad7891401958322a5ae97866bb0bf8cb190bc4bbeff3f,Расчеты,"C7,SO58:ALU58,SM60:SM109,SO113:ALU113,SM115:SM164",2026-09-16,source-labelled,AGY113,null,null,n
1.0.0,"Таблица по подбору сечений теплых ангаров пролетами 9м, 12м, 15м, 18м, 21м, 24м версия 1,5.xlsx",0271b96c6fe725d3e50ad7891401958322a5ae97866bb0bf8cb190bc4bbeff3f,Расчеты,"C7,SO58:ALU58,SM60:SM109,SO113:ALU113,SM115:SM164",2026-09-16,source-labelled,AGZ113,null,null,n
1.0.0,"Таблица по подбору сечений теплых ангаров пролетами 9м, 12м, 15м, 18м, 21м, 24м версия 1,5.xlsx",0271b96c6fe725d3e50ad7891401958322a5ae97866bb0bf8cb190bc4bbeff3f,Расчеты,"C7,SO58:ALU58,SM60:SM109,SO113:ALU113,SM115:SM164",2026-09-16,source-labelled,AHA113,null,null,n
1.0.0,"Таблица по подбору сечений теплых ангаров пролетами 9м, 12м, 15м, 18м, 21м, 24м версия 1,5.xlsx",0271b96c6fe725d3e50ad7891401958322a5ae97866bb0bf8cb190bc4bbeff3f,Расчеты,"C7,SO58:ALU58,SM60:SM109,SO113:ALU113,SM115:SM164",2026-09-16,source-labelled,AHB113,null,null,n
1.0.0,"Таблица по подбору сечений теплых ангаров пролетами 9м, 12м, 15м, 18м, 21м, 24м версия 1,5.xlsx",0271b96c6fe725d3e50ad7891401958322a5ae97866bb0bf8cb190bc4bbeff3f,Расчеты,"C7,SO58:ALU58,SM60:SM109,SO113:ALU113,SM115:SM164",2026-09-16,source-labelled,AHC113,null,null,n
1.0.0,"Таблица по подбору сечений теплых ангаров пролетами 9м, 12м, 15м, 18м, 21м, 24м версия 1,5.xlsx",0271b96c6fe725d3e50ad7891401958322a5ae97866bb0bf8cb190bc4bbeff3f,Расчеты,"C7,SO58:ALU58,SM60:SM109,SO113:ALU113,SM115:SM164",2026-09-16,source-labelled,AHD113,null,null,n
1.0.0,"Таблица по подбору сечений теплых ангаров пролетами 9м, 12м, 15м, 18м, 21м, 24м версия 1,5.xlsx",0271b96c6fe725d3e50ad7891401958322a5ae97866bb0bf8cb190bc4bbeff3f,Расчеты,"C7,SO58:ALU58,SM60:SM109,SO113:ALU113,SM115:SM164",2026-09-16,source-labelled,AHE113,null,2400,n
1.0.0,"Таблица по подбору сечений теплых ангаров пролетами 9м, 12м, 15м, 18м, 21м, 24м версия 1,5.xlsx",0271b96c6fe725d3e50ad7891401958322a5ae97866bb0bf8cb190bc4bbeff3f,Расчеты,"C7,SO58:ALU58,SM60:SM109,SO113:ALU113,SM115:SM164",2026-09-16,source-labelled,AHF113,null,null,n
1.0.0,"Таблица по подбору сечений теплых ангаров пролетами 9м, 12м, 15м, 18м, 21м, 24м версия 1,5.xlsx",0271b96c6fe725d3e50ad7891401958322a5ae97866bb0bf8cb190bc4bbeff3f,Расчеты,"C7,SO58:ALU58,SM60:SM109,SO113:ALU113,SM115:SM164",2026-09-16,source-labelled,AHG113,null,null,n
1.0.0,"Таблица по подбору сечений теплых ангаров пролетами 9м, 12м, 15м, 18м, 21м, 24м версия 1,5.xlsx",0271b96c6fe725d3e50ad7891401958322a5ae97866bb0bf8cb190bc4bbeff3f,Расчеты,"C7,SO58:ALU58,SM60:SM109,SO113:ALU113,SM115:SM164",2026-09-16,source-labelled,AHH113,null,null,n
1.0.0,"Таблица по подбору сечений теплых ангаров пролетами 9м, 12м, 15м, 18м, 21м, 24м версия 1,5.xlsx",0271b96c6fe725d3e50ad7891401958322a5ae97866bb0bf8cb190bc4bbeff3f,Расчеты,"C7,SO58:ALU58,SM60:SM109,SO113:ALU113,SM115:SM164",2026-09-16,source-labelled,AHI113,null,null,n
1.0.0,"Таблица по подбору сечений теплых ангаров пролетами 9м, 12м, 15м, 18м, 21м, 24м версия 1,5.xlsx",0271b96c6fe725d3e50ad7891401958322a5ae97866bb0bf8cb190bc4bbeff3f,Расчеты,"C7,SO58:ALU58,SM60:SM109,SO113:ALU113,SM115:SM164",2026-09-16,source-labelled,AHJ113,null,null,n
1.0.0,"Таблица по подбору сечений теплых ангаров пролетами 9м, 12м, 15м, 18м, 21м, 24м версия 1,5.xlsx",0271b96c6fe725d3e50ad7891401958322a5ae97866bb0bf8cb190bc4bbeff3f,Расчеты,"C7,SO58:ALU58,SM60:SM109,SO113:ALU113,SM115:SM164",2026-09-16,source-labelled,AHK113,null,null,n
1.0.0,"Таблица по подбору сечений теплых ангаров пролетами 9м, 12м, 15м, 18м, 21м, 24м версия 1,5.xlsx",0271b96c6fe725d3e50ad7891401958322a5ae97866bb0bf8cb190bc4bbeff3f,Расчеты,"C7,SO58:ALU58,SM60:SM109,SO113:ALU113,SM115:SM164",2026-09-16,source-labelled,AHL113,null,null,n
1.0.0,"Таблица по подбору сечений теплых ангаров пролетами 9м, 12м, 15м, 18м, 21м, 24м версия 1,5.xlsx",0271b96c6fe725d3e50ad7891401958322a5ae97866bb0bf8cb190bc4bbeff3f,Расчеты,"C7,SO58:ALU58,SM60:SM109,SO113:ALU113,SM115:SM164",2026-09-16,source-labelled,AHM113,null,null,n
1.0.0,"Таблица по подбору сечений теплых ангаров пролетами 9м, 12м, 15м, 18м, 21м, 24м версия 1,5.xlsx",0271b96c6fe725d3e50ad7891401958322a5ae97866bb0bf8cb190bc4bbeff3f,Расчеты,"C7,SO58:ALU58,SM60:SM109,SO113:ALU113,SM115:SM164",2026-09-16,source-labelled,AHN113,null,null,n
1.0.0,"Таблица по подбору сечений теплых ангаров пролетами 9м, 12м, 15м, 18м, 21м, 24м версия 1,5.xlsx",0271b96c6fe725d3e50ad7891401958322a5ae97866bb0bf8cb190bc4bbeff3f,Расчеты,"C7,SO58:ALU58,SM60:SM109,SO113:ALU113,SM115:SM164",2026-09-16,source-labelled,AHO113,null,null,n
1.0.0,"Таблица по подбору сечений теплых ангаров пролетами 9м, 12м, 15м, 18м, 21м, 24м версия 1,5.xlsx",0271b96c6fe725d3e50ad7891401958322a5ae97866bb0bf8cb190bc4bbeff3f,Расчеты,"C7,SO58:ALU58,SM60:SM109,SO113:ALU113,SM115:SM164",2026-09-16,source-labelled,AHP113,null,null,n
1.0.0,"Таблица по подбору сечений теплых ангаров пролетами 9м, 12м, 15м, 18м, 21м, 24м версия 1,5.xlsx",0271b96c6fe725d3e50ad7891401958322a5ae97866bb0bf8cb190bc4bbeff3f,Расчеты,"C7,SO58:ALU58,SM60:SM109,SO113:ALU113,SM115:SM164",2026-09-16,source-labelled,AHQ113,null,null,n
1.0.0,"Таблица по подбору сечений теплых ангаров пролетами 9м, 12м, 15м, 18м, 21м, 24м версия 1,5.xlsx",0271b96c6fe725d3e50ad7891401958322a5ae97866bb0bf8cb190bc4bbeff3f,Расчеты,"C7,SO58:ALU58,SM60:SM109,SO113:ALU113,SM115:SM164",2026-09-16,source-labelled,AHR113,null,null,n
1.0.0,"Таблица по подбору сечений теплых ангаров пролетами 9м, 12м, 15м, 18м, 21м, 24м версия 1,5.xlsx",0271b96c6fe725d3e50ad7891401958322a5ae97866bb0bf8cb190bc4bbeff3f,Расчеты,"C7,SO58:ALU58,SM60:SM109,SO113:ALU113,SM115:SM164",2026-09-16,source-labelled,AHS113,null,null,n
1.0.0,"Таблица по подбору сечений теплых ангаров пролетами 9м, 12м, 15м, 18м, 21м, 24м версия 1,5.xlsx",0271b96c6fe725d3e50ad7891401958322a5ae97866bb0bf8cb190bc4bbeff3f,Расчеты,"C7,SO58:ALU58,SM60:SM109,SO113:ALU113,SM115:SM164",2026-09-16,source-labelled,AHT113,null,null,n
1.0.0,"Таблица по подбору сечений теплых ангаров пролетами 9м, 12м, 15м, 18м, 21м, 24м версия 1,5.xlsx",0271b96c6fe725d3e50ad7891401958322a5ae97866bb0bf8cb190bc4bbeff3f,Расчеты,"C7,SO58:ALU58,SM60:SM109,SO113:ALU113,SM115:SM164",2026-09-16,source-labelled,AHU113,null,null,n
1.0.0,"Таблица по подбору сечений теплых ангаров пролетами 9м, 12м, 15м, 18м, 21м, 24м версия 1,5.xlsx",0271b96c6fe725d3e50ad7891401958322a5ae97866bb0bf8cb190bc4bbeff3f,Расчеты,"C7,SO58:ALU58,SM60:SM109,SO113:ALU113,SM115:SM164",2026-09-16,source-labelled,AHV113,null,null,n
1.0.0,"Таблица по подбору сечений теплых ангаров пролетами 9м, 12м, 15м, 18м, 21м, 24м версия 1,5.xlsx",0271b96c6fe725d3e50ad7891401958322a5ae97866bb0bf8cb190bc4bbeff3f,Расчеты,"C7,SO58:ALU58,SM60:SM109,SO113:ALU113,SM115:SM164",2026-09-16,source-labelled,AHW113,null,null,n
1.0.0,"Таблица по подбору сечений теплых ангаров пролетами 9м, 12м, 15м, 18м, 21м, 24м версия 1,5.xlsx",0271b96c6fe725d3e50ad7891401958322a5ae97866bb0bf8cb190bc4bbeff3f,Расчеты,"C7,SO58:ALU58,SM60:SM109,SO113:ALU113,SM115:SM164",2026-09-16,source-labelled,AHX113,null,null,n
1.0.0,"Таблица по подбору сечений теплых ангаров пролетами 9м, 12м, 15м, 18м, 21м, 24м версия 1,5.xlsx",0271b96c6fe725d3e50ad7891401958322a5ae97866bb0bf8cb190bc4bbeff3f,Расчеты,"C7,SO58:ALU58,SM60:SM109,SO113:ALU113,SM115:SM164",2026-09-16,source-labelled,AHY113,null,2500,n
1.0.0,"Таблица по подбору сечений теплых ангаров пролетами 9м, 12м, 15м, 18м, 21м, 24м версия 1,5.xlsx",0271b96c6fe725d3e50ad7891401958322a5ae97866bb0bf8cb190bc4bbeff3f,Расчеты,"C7,SO58:ALU58,SM60:SM109,SO113:ALU113,SM115:SM164",2026-09-16,source-labelled,AHZ113,null,null,n
1.0.0,"Таблица по подбору сечений теплых ангаров пролетами 9м, 12м, 15м, 18м, 21м, 24м версия 1,5.xlsx",0271b96c6fe725d3e50ad7891401958322a5ae97866bb0bf8cb190bc4bbeff3f,Расчеты,"C7,SO58:ALU58,SM60:SM109,SO113:ALU113,SM115:SM164",2026-09-16,source-labelled,AIA113,null,null,n
1.0.0,"Таблица по подбору сечений теплых ангаров пролетами 9м, 12м, 15м, 18м, 21м, 24м версия 1,5.xlsx",0271b96c6fe725d3e50ad7891401958322a5ae97866bb0bf8cb190bc4bbeff3f,Расчеты,"C7,SO58:ALU58,SM60:SM109,SO113:ALU113,SM115:SM164",2026-09-16,source-labelled,AIB113,null,null,n
1.0.0,"Таблица по подбору сечений теплых ангаров пролетами 9м, 12м, 15м, 18м, 21м, 24м версия 1,5.xlsx",0271b96c6fe725d3e50ad7891401958322a5ae97866bb0bf8cb190bc4bbeff3f,Расчеты,"C7,SO58:ALU58,SM60:SM109,SO113:ALU113,SM115:SM164",2026-09-16,source-labelled,AIC113,null,null,n
1.0.0,"Таблица по подбору сечений теплых ангаров пролетами 9м, 12м, 15м, 18м, 21м, 24м версия 1,5.xlsx",0271b96c6fe725d3e50ad7891401958322a5ae97866bb0bf8cb190bc4bbeff3f,Расчеты,"C7,SO58:ALU58,SM60:SM109,SO113:ALU113,SM115:SM164",2026-09-16,source-labelled,AID113,null,null,n
1.0.0,"Таблица по подбору сечений теплых ангаров пролетами 9м, 12м, 15м, 18м, 21м, 24м версия 1,5.xlsx",0271b96c6fe725d3e50ad7891401958322a5ae97866bb0bf8cb190bc4bbeff3f,Расчеты,"C7,SO58:ALU58,SM60:SM109,SO113:ALU113,SM115:SM164",2026-09-16,source-labelled,AIE113,null,null,n
1.0.0,"Таблица по подбору сечений теплых ангаров пролетами 9м, 12м, 15м, 18м, 21м, 24м версия 1,5.xlsx",0271b96c6fe725d3e50ad7891401958322a5ae97866bb0bf8cb190bc4bbeff3f,Расчеты,"C7,SO58:ALU58,SM60:SM109,SO113:ALU113,SM115:SM164",2026-09-16,source-labelled,AIF113,null,null,n
1.0.0,"Таблица по подбору сечений теплых ангаров пролетами 9м, 12м, 15м, 18м, 21м, 24м версия 1,5.xlsx",0271b96c6fe725d3e50ad7891401958322a5ae97866bb0bf8cb190bc4bbeff3f,Расчеты,"C7,SO58:ALU58,SM60:SM109,SO113:ALU113,SM115:SM164",2026-09-16,source-labelled,AIG113,null,null,n
1.0.0,"Таблица по подбору сечений теплых ангаров пролетами 9м, 12м, 15м, 18м, 21м, 24м версия 1,5.xlsx",0271b96c6fe725d3e50ad7891401958322a5ae97866bb0bf8cb190bc4bbeff3f,Расчеты,"C7,SO58:ALU58,SM60:SM109,SO113:ALU113,SM115:SM164",2026-09-16,source-labelled,AIH113,null,null,n
1.0.0,"Таблица по подбору сечений теплых ангаров пролетами 9м, 12м, 15м, 18м, 21м, 24м версия 1,5.xlsx",0271b96c6fe725d3e50ad7891401958322a5ae97866bb0bf8cb190bc4bbeff3f,Расчеты,"C7,SO58:ALU58,SM60:SM109,SO113:ALU113,SM115:SM164",2026-09-16,source-labelled,AII113,null,null,n
1.0.0,"Таблица по подбору сечений теплых ангаров пролетами 9м, 12м, 15м, 18м, 21м, 24м версия 1,5.xlsx",0271b96c6fe725d3e50ad7891401958322a5ae97866bb0bf8cb190bc4bbeff3f,Расчеты,"C7,SO58:ALU58,SM60:SM109,SO113:ALU113,SM115:SM164",2026-09-16,source-labelled,AIJ113,null,null,n
1.0.0,"Таблица по подбору сечений теплых ангаров пролетами 9м, 12м, 15м, 18м, 21м, 24м версия 1,5.xlsx",0271b96c6fe725d3e50ad7891401958322a5ae97866bb0bf8cb190bc4bbeff3f,Расчеты,"C7,SO58:ALU58,SM60:SM109,SO113:ALU113,SM115:SM164",2026-09-16,source-labelled,AIK113,null,null,n
1.0.0,"Таблица по подбору сечений теплых ангаров пролетами 9м, 12м, 15м, 18м, 21м, 24м версия 1,5.xlsx",0271b96c6fe725d3e50ad7891401958322a5ae97866bb0bf8cb190bc4bbeff3f,Расчеты,"C7,SO58:ALU58,SM60:SM109,SO113:ALU113,SM115:SM164",2026-09-16,source-labelled,AIL113,null,null,n
1.0.0,"Таблица по подбору сечений теплых ангаров пролетами 9м, 12м, 15м, 18м, 21м, 24м версия 1,5.xlsx",0271b96c6fe725d3e50ad7891401958322a5ae97866bb0bf8cb190bc4bbeff3f,Расчеты,"C7,SO58:ALU58,SM60:SM109,SO113:ALU113,SM115:SM164",2026-09-16,source-labelled,AIM113,null,null,n
1.0.0,"Таблица по подбору сечений теплых ангаров пролетами 9м, 12м, 15м, 18м, 21м, 24м версия 1,5.xlsx",0271b96c6fe725d3e50ad7891401958322a5ae97866bb0bf8cb190bc4bbeff3f,Расчеты,"C7,SO58:ALU58,SM60:SM109,SO113:ALU113,SM115:SM164",2026-09-16,source-labelled,AIN113,null,null,n
1.0.0,"Таблица по подбору сечений теплых ангаров пролетами 9м, 12м, 15м, 18м, 21м, 24м версия 1,5.xlsx",0271b96c6fe725d3e50ad7891401958322a5ae97866bb0bf8cb190bc4bbeff3f,Расчеты,"C7,SO58:ALU58,SM60:SM109,SO113:ALU113,SM115:SM164",2026-09-16,source-labelled,AIO113,null,null,n
1.0.0,"Таблица по подбору сечений теплых ангаров пролетами 9м, 12м, 15м, 18м, 21м, 24м версия 1,5.xlsx",0271b96c6fe725d3e50ad7891401958322a5ae97866bb0bf8cb190bc4bbeff3f,Расчеты,"C7,SO58:ALU58,SM60:SM109,SO113:ALU113,SM115:SM164",2026-09-16,source-labelled,AIP113,null,null,n
1.0.0,"Таблица по подбору сечений теплых ангаров пролетами 9м, 12м, 15м, 18м, 21м, 24м версия 1,5.xlsx",0271b96c6fe725d3e50ad7891401958322a5ae97866bb0bf8cb190bc4bbeff3f,Расчеты,"C7,SO58:ALU58,SM60:SM109,SO113:ALU113,SM115:SM164",2026-09-16,source-labelled,AIQ113,null,null,n
1.0.0,"Таблица по подбору сечений теплых ангаров пролетами 9м, 12м, 15м, 18м, 21м, 24м версия 1,5.xlsx",0271b96c6fe725d3e50ad7891401958322a5ae97866bb0bf8cb190bc4bbeff3f,Расчеты,"C7,SO58:ALU58,SM60:SM109,SO113:ALU113,SM115:SM164",2026-09-16,source-labelled,AIR113,null,null,n
1.0.0,"Таблица по подбору сечений теплых ангаров пролетами 9м, 12м, 15м, 18м, 21м, 24м версия 1,5.xlsx",0271b96c6fe725d3e50ad7891401958322a5ae97866bb0bf8cb190bc4bbeff3f,Расчеты,"C7,SO58:ALU58,SM60:SM109,SO113:ALU113,SM115:SM164",2026-09-16,source-labelled,AIS113,null,2600,n
1.0.0,"Таблица по подбору сечений теплых ангаров пролетами 9м, 12м, 15м, 18м, 21м, 24м версия 1,5.xlsx",0271b96c6fe725d3e50ad7891401958322a5ae97866bb0bf8cb190bc4bbeff3f,Расчеты,"C7,SO58:ALU58,SM60:SM109,SO113:ALU113,SM115:SM164",2026-09-16,source-labelled,AIT113,null,null,n
1.0.0,"Таблица по подбору сечений теплых ангаров пролетами 9м, 12м, 15м, 18м, 21м, 24м версия 1,5.xlsx",0271b96c6fe725d3e50ad7891401958322a5ae97866bb0bf8cb190bc4bbeff3f,Расчеты,"C7,SO58:ALU58,SM60:SM109,SO113:ALU113,SM115:SM164",2026-09-16,source-labelled,AIU113,null,null,n
1.0.0,"Таблица по подбору сечений теплых ангаров пролетами 9м, 12м, 15м, 18м, 21м, 24м версия 1,5.xlsx",0271b96c6fe725d3e50ad7891401958322a5ae97866bb0bf8cb190bc4bbeff3f,Расчеты,"C7,SO58:ALU58,SM60:SM109,SO113:ALU113,SM115:SM164",2026-09-16,source-labelled,AIV113,null,null,n
1.0.0,"Таблица по подбору сечений теплых ангаров пролетами 9м, 12м, 15м, 18м, 21м, 24м версия 1,5.xlsx",0271b96c6fe725d3e50ad7891401958322a5ae97866bb0bf8cb190bc4bbeff3f,Расчеты,"C7,SO58:ALU58,SM60:SM109,SO113:ALU113,SM115:SM164",2026-09-16,source-labelled,AIW113,null,null,n
1.0.0,"Таблица по подбору сечений теплых ангаров пролетами 9м, 12м, 15м, 18м, 21м, 24м версия 1,5.xlsx",0271b96c6fe725d3e50ad7891401958322a5ae97866bb0bf8cb190bc4bbeff3f,Расчеты,"C7,SO58:ALU58,SM60:SM109,SO113:ALU113,SM115:SM164",2026-09-16,source-labelled,AIX113,null,null,n
1.0.0,"Таблица по подбору сечений теплых ангаров пролетами 9м, 12м, 15м, 18м, 21м, 24м версия 1,5.xlsx",0271b96c6fe725d3e50ad7891401958322a5ae97866bb0bf8cb190bc4bbeff3f,Расчеты,"C7,SO58:ALU58,SM60:SM109,SO113:ALU113,SM115:SM164",2026-09-16,source-labelled,AIY113,null,null,n
1.0.0,"Таблица по подбору сечений теплых ангаров пролетами 9м, 12м, 15м, 18м, 21м, 24м версия 1,5.xlsx",0271b96c6fe725d3e50ad7891401958322a5ae97866bb0bf8cb190bc4bbeff3f,Расчеты,"C7,SO58:ALU58,SM60:SM109,SO113:ALU113,SM115:SM164",2026-09-16,source-labelled,AIZ113,null,null,n
1.0.0,"Таблица по подбору сечений теплых ангаров пролетами 9м, 12м, 15м, 18м, 21м, 24м версия 1,5.xlsx",0271b96c6fe725d3e50ad7891401958322a5ae97866bb0bf8cb190bc4bbeff3f,Расчеты,"C7,SO58:ALU58,SM60:SM109,SO113:ALU113,SM115:SM164",2026-09-16,source-labelled,AJA113,null,null,n
1.0.0,"Таблица по подбору сечений теплых ангаров пролетами 9м, 12м, 15м, 18м, 21м, 24м версия 1,5.xlsx",0271b96c6fe725d3e50ad7891401958322a5ae97866bb0bf8cb190bc4bbeff3f,Расчеты,"C7,SO58:ALU58,SM60:SM109,SO113:ALU113,SM115:SM164",2026-09-16,source-labelled,AJB113,null,null,n
1.0.0,"Таблица по подбору сечений теплых ангаров пролетами 9м, 12м, 15м, 18м, 21м, 24м версия 1,5.xlsx",0271b96c6fe725d3e50ad7891401958322a5ae97866bb0bf8cb190bc4bbeff3f,Расчеты,"C7,SO58:ALU58,SM60:SM109,SO113:ALU113,SM115:SM164",2026-09-16,source-labelled,AJC113,null,null,n
1.0.0,"Таблица по подбору сечений теплых ангаров пролетами 9м, 12м, 15м, 18м, 21м, 24м версия 1,5.xlsx",0271b96c6fe725d3e50ad7891401958322a5ae97866bb0bf8cb190bc4bbeff3f,Расчеты,"C7,SO58:ALU58,SM60:SM109,SO113:ALU113,SM115:SM164",2026-09-16,source-labelled,AJD113,null,null,n
1.0.0,"Таблица по подбору сечений теплых ангаров пролетами 9м, 12м, 15м, 18м, 21м, 24м версия 1,5.xlsx",0271b96c6fe725d3e50ad7891401958322a5ae97866bb0bf8cb190bc4bbeff3f,Расчеты,"C7,SO58:ALU58,SM60:SM109,SO113:ALU113,SM115:SM164",2026-09-16,source-labelled,AJE113,null,null,n
1.0.0,"Таблица по подбору сечений теплых ангаров пролетами 9м, 12м, 15м, 18м, 21м, 24м версия 1,5.xlsx",0271b96c6fe725d3e50ad7891401958322a5ae97866bb0bf8cb190bc4bbeff3f,Расчеты,"C7,SO58:ALU58,SM60:SM109,SO113:ALU113,SM115:SM164",2026-09-16,source-labelled,AJF113,null,null,n
1.0.0,"Таблица по подбору сечений теплых ангаров пролетами 9м, 12м, 15м, 18м, 21м, 24м версия 1,5.xlsx",0271b96c6fe725d3e50ad7891401958322a5ae97866bb0bf8cb190bc4bbeff3f,Расчеты,"C7,SO58:ALU58,SM60:SM109,SO113:ALU113,SM115:SM164",2026-09-16,source-labelled,AJG113,null,null,n
1.0.0,"Таблица по подбору сечений теплых ангаров пролетами 9м, 12м, 15м, 18м, 21м, 24м версия 1,5.xlsx",0271b96c6fe725d3e50ad7891401958322a5ae97866bb0bf8cb190bc4bbeff3f,Расчеты,"C7,SO58:ALU58,SM60:SM109,SO113:ALU113,SM115:SM164",2026-09-16,source-labelled,AJH113,null,null,n
1.0.0,"Таблица по подбору сечений теплых ангаров пролетами 9м, 12м, 15м, 18м, 21м, 24м версия 1,5.xlsx",0271b96c6fe725d3e50ad7891401958322a5ae97866bb0bf8cb190bc4bbeff3f,Расчеты,"C7,SO58:ALU58,SM60:SM109,SO113:ALU113,SM115:SM164",2026-09-16,source-labelled,AJI113,null,null,n
1.0.0,"Таблица по подбору сечений теплых ангаров пролетами 9м, 12м, 15м, 18м, 21м, 24м версия 1,5.xlsx",0271b96c6fe725d3e50ad7891401958322a5ae97866bb0bf8cb190bc4bbeff3f,Расчеты,"C7,SO58:ALU58,SM60:SM109,SO113:ALU113,SM115:SM164",2026-09-16,source-labelled,AJJ113,null,null,n
1.0.0,"Таблица по подбору сечений теплых ангаров пролетами 9м, 12м, 15м, 18м, 21м, 24м версия 1,5.xlsx",0271b96c6fe725d3e50ad7891401958322a5ae97866bb0bf8cb190bc4bbeff3f,Расчеты,"C7,SO58:ALU58,SM60:SM109,SO113:ALU113,SM115:SM164",2026-09-16,source-labelled,AJK113,null,null,n
1.0.0,"Таблица по подбору сечений теплых ангаров пролетами 9м, 12м, 15м, 18м, 21м, 24м версия 1,5.xlsx",0271b96c6fe725d3e50ad7891401958322a5ae97866bb0bf8cb190bc4bbeff3f,Расчеты,"C7,SO58:ALU58,SM60:SM109,SO113:ALU113,SM115:SM164",2026-09-16,source-labelled,AJL113,null,null,n
1.0.0,"Таблица по подбору сечений теплых ангаров пролетами 9м, 12м, 15м, 18м, 21м, 24м версия 1,5.xlsx",0271b96c6fe725d3e50ad7891401958322a5ae97866bb0bf8cb190bc4bbeff3f,Расчеты,"C7,SO58:ALU58,SM60:SM109,SO113:ALU113,SM115:SM164",2026-09-16,source-labelled,AJM113,null,2700,n
1.0.0,"Таблица по подбору сечений теплых ангаров пролетами 9м, 12м, 15м, 18м, 21м, 24м версия 1,5.xlsx",0271b96c6fe725d3e50ad7891401958322a5ae97866bb0bf8cb190bc4bbeff3f,Расчеты,"C7,SO58:ALU58,SM60:SM109,SO113:ALU113,SM115:SM164",2026-09-16,source-labelled,AJN113,null,null,n
1.0.0,"Таблица по подбору сечений теплых ангаров пролетами 9м, 12м, 15м, 18м, 21м, 24м версия 1,5.xlsx",0271b96c6fe725d3e50ad7891401958322a5ae97866bb0bf8cb190bc4bbeff3f,Расчеты,"C7,SO58:ALU58,SM60:SM109,SO113:ALU113,SM115:SM164",2026-09-16,source-labelled,AJO113,null,null,n
1.0.0,"Таблица по подбору сечений теплых ангаров пролетами 9м, 12м, 15м, 18м, 21м, 24м версия 1,5.xlsx",0271b96c6fe725d3e50ad7891401958322a5ae97866bb0bf8cb190bc4bbeff3f,Расчеты,"C7,SO58:ALU58,SM60:SM109,SO113:ALU113,SM115:SM164",2026-09-16,source-labelled,AJP113,null,null,n
1.0.0,"Таблица по подбору сечений теплых ангаров пролетами 9м, 12м, 15м, 18м, 21м, 24м версия 1,5.xlsx",0271b96c6fe725d3e50ad7891401958322a5ae97866bb0bf8cb190bc4bbeff3f,Расчеты,"C7,SO58:ALU58,SM60:SM109,SO113:ALU113,SM115:SM164",2026-09-16,source-labelled,AJQ113,null,null,n
1.0.0,"Таблица по подбору сечений теплых ангаров пролетами 9м, 12м, 15м, 18м, 21м, 24м версия 1,5.xlsx",0271b96c6fe725d3e50ad7891401958322a5ae97866bb0bf8cb190bc4bbeff3f,Расчеты,"C7,SO58:ALU58,SM60:SM109,SO113:ALU113,SM115:SM164",2026-09-16,source-labelled,AJR113,null,null,n
1.0.0,"Таблица по подбору сечений теплых ангаров пролетами 9м, 12м, 15м, 18м, 21м, 24м версия 1,5.xlsx",0271b96c6fe725d3e50ad7891401958322a5ae97866bb0bf8cb190bc4bbeff3f,Расчеты,"C7,SO58:ALU58,SM60:SM109,SO113:ALU113,SM115:SM164",2026-09-16,source-labelled,AJS113,null,null,n
1.0.0,"Таблица по подбору сечений теплых ангаров пролетами 9м, 12м, 15м, 18м, 21м, 24м версия 1,5.xlsx",0271b96c6fe725d3e50ad7891401958322a5ae97866bb0bf8cb190bc4bbeff3f,Расчеты,"C7,SO58:ALU58,SM60:SM109,SO113:ALU113,SM115:SM164",2026-09-16,source-labelled,AJT113,null,null,n
1.0.0,"Таблица по подбору сечений теплых ангаров пролетами 9м, 12м, 15м, 18м, 21м, 24м версия 1,5.xlsx",0271b96c6fe725d3e50ad7891401958322a5ae97866bb0bf8cb190bc4bbeff3f,Расчеты,"C7,SO58:ALU58,SM60:SM109,SO113:ALU113,SM115:SM164",2026-09-16,source-labelled,AJU113,null,null,n
1.0.0,"Таблица по подбору сечений теплых ангаров пролетами 9м, 12м, 15м, 18м, 21м, 24м версия 1,5.xlsx",0271b96c6fe725d3e50ad7891401958322a5ae97866bb0bf8cb190bc4bbeff3f,Расчеты,"C7,SO58:ALU58,SM60:SM109,SO113:ALU113,SM115:SM164",2026-09-16,source-labelled,AJV113,null,null,n
1.0.0,"Таблица по подбору сечений теплых ангаров пролетами 9м, 12м, 15м, 18м, 21м, 24м версия 1,5.xlsx",0271b96c6fe725d3e50ad7891401958322a5ae97866bb0bf8cb190bc4bbeff3f,Расчеты,"C7,SO58:ALU58,SM60:SM109,SO113:ALU113,SM115:SM164",2026-09-16,source-labelled,AJW113,null,null,n
1.0.0,"Таблица по подбору сечений теплых ангаров пролетами 9м, 12м, 15м, 18м, 21м, 24м версия 1,5.xlsx",0271b96c6fe725d3e50ad7891401958322a5ae97866bb0bf8cb190bc4bbeff3f,Расчеты,"C7,SO58:ALU58,SM60:SM109,SO113:ALU113,SM115:SM164",2026-09-16,source-labelled,AJX113,null,null,n
1.0.0,"Таблица по подбору сечений теплых ангаров пролетами 9м, 12м, 15м, 18м, 21м, 24м версия 1,5.xlsx",0271b96c6fe725d3e50ad7891401958322a5ae97866bb0bf8cb190bc4bbeff3f,Расчеты,"C7,SO58:ALU58,SM60:SM109,SO113:ALU113,SM115:SM164",2026-09-16,source-labelled,AJY113,null,null,n
1.0.0,"Таблица по подбору сечений теплых ангаров пролетами 9м, 12м, 15м, 18м, 21м, 24м версия 1,5.xlsx",0271b96c6fe725d3e50ad7891401958322a5ae97866bb0bf8cb190bc4bbeff3f,Расчеты,"C7,SO58:ALU58,SM60:SM109,SO113:ALU113,SM115:SM164",2026-09-16,source-labelled,AJZ113,null,null,n
1.0.0,"Таблица по подбору сечений теплых ангаров пролетами 9м, 12м, 15м, 18м, 21м, 24м версия 1,5.xlsx",0271b96c6fe725d3e50ad7891401958322a5ae97866bb0bf8cb190bc4bbeff3f,Расчеты,"C7,SO58:ALU58,SM60:SM109,SO113:ALU113,SM115:SM164",2026-09-16,source-labelled,AKA113,null,null,n
1.0.0,"Таблица по подбору сечений теплых ангаров пролетами 9м, 12м, 15м, 18м, 21м, 24м версия 1,5.xlsx",0271b96c6fe725d3e50ad7891401958322a5ae97866bb0bf8cb190bc4bbeff3f,Расчеты,"C7,SO58:ALU58,SM60:SM109,SO113:ALU113,SM115:SM164",2026-09-16,source-labelled,AKB113,null,null,n
1.0.0,"Таблица по подбору сечений теплых ангаров пролетами 9м, 12м, 15м, 18м, 21м, 24м версия 1,5.xlsx",0271b96c6fe725d3e50ad7891401958322a5ae97866bb0bf8cb190bc4bbeff3f,Расчеты,"C7,SO58:ALU58,SM60:SM109,SO113:ALU113,SM115:SM164",2026-09-16,source-labelled,AKC113,null,null,n
1.0.0,"Таблица по подбору сечений теплых ангаров пролетами 9м, 12м, 15м, 18м, 21м, 24м версия 1,5.xlsx",0271b96c6fe725d3e50ad7891401958322a5ae97866bb0bf8cb190bc4bbeff3f,Расчеты,"C7,SO58:ALU58,SM60:SM109,SO113:ALU113,SM115:SM164",2026-09-16,source-labelled,AKD113,null,null,n
1.0.0,"Таблица по подбору сечений теплых ангаров пролетами 9м, 12м, 15м, 18м, 21м, 24м версия 1,5.xlsx",0271b96c6fe725d3e50ad7891401958322a5ae97866bb0bf8cb190bc4bbeff3f,Расчеты,"C7,SO58:ALU58,SM60:SM109,SO113:ALU113,SM115:SM164",2026-09-16,source-labelled,AKE113,null,null,n
1.0.0,"Таблица по подбору сечений теплых ангаров пролетами 9м, 12м, 15м, 18м, 21м, 24м версия 1,5.xlsx",0271b96c6fe725d3e50ad7891401958322a5ae97866bb0bf8cb190bc4bbeff3f,Расчеты,"C7,SO58:ALU58,SM60:SM109,SO113:ALU113,SM115:SM164",2026-09-16,source-labelled,AKF113,null,null,n
1.0.0,"Таблица по подбору сечений теплых ангаров пролетами 9м, 12м, 15м, 18м, 21м, 24м версия 1,5.xlsx",0271b96c6fe725d3e50ad7891401958322a5ae97866bb0bf8cb190bc4bbeff3f,Расчеты,"C7,SO58:ALU58,SM60:SM109,SO113:ALU113,SM115:SM164",2026-09-16,source-labelled,AKG113,null,2800,n
1.0.0,"Таблица по подбору сечений теплых ангаров пролетами 9м, 12м, 15м, 18м, 21м, 24м версия 1,5.xlsx",0271b96c6fe725d3e50ad7891401958322a5ae97866bb0bf8cb190bc4bbeff3f,Расчеты,"C7,SO58:ALU58,SM60:SM109,SO113:ALU113,SM115:SM164",2026-09-16,source-labelled,AKH113,null,null,n
1.0.0,"Таблица по подбору сечений теплых ангаров пролетами 9м, 12м, 15м, 18м, 21м, 24м версия 1,5.xlsx",0271b96c6fe725d3e50ad7891401958322a5ae97866bb0bf8cb190bc4bbeff3f,Расчеты,"C7,SO58:ALU58,SM60:SM109,SO113:ALU113,SM115:SM164",2026-09-16,source-labelled,AKI113,null,null,n
1.0.0,"Таблица по подбору сечений теплых ангаров пролетами 9м, 12м, 15м, 18м, 21м, 24м версия 1,5.xlsx",0271b96c6fe725d3e50ad7891401958322a5ae97866bb0bf8cb190bc4bbeff3f,Расчеты,"C7,SO58:ALU58,SM60:SM109,SO113:ALU113,SM115:SM164",2026-09-16,source-labelled,AKJ113,null,null,n
1.0.0,"Таблица по подбору сечений теплых ангаров пролетами 9м, 12м, 15м, 18м, 21м, 24м версия 1,5.xlsx",0271b96c6fe725d3e50ad7891401958322a5ae97866bb0bf8cb190bc4bbeff3f,Расчеты,"C7,SO58:ALU58,SM60:SM109,SO113:ALU113,SM115:SM164",2026-09-16,source-labelled,AKK113,null,null,n
1.0.0,"Таблица по подбору сечений теплых ангаров пролетами 9м, 12м, 15м, 18м, 21м, 24м версия 1,5.xlsx",0271b96c6fe725d3e50ad7891401958322a5ae97866bb0bf8cb190bc4bbeff3f,Расчеты,"C7,SO58:ALU58,SM60:SM109,SO113:ALU113,SM115:SM164",2026-09-16,source-labelled,AKL113,null,null,n
1.0.0,"Таблица по подбору сечений теплых ангаров пролетами 9м, 12м, 15м, 18м, 21м, 24м версия 1,5.xlsx",0271b96c6fe725d3e50ad7891401958322a5ae97866bb0bf8cb190bc4bbeff3f,Расчеты,"C7,SO58:ALU58,SM60:SM109,SO113:ALU113,SM115:SM164",2026-09-16,source-labelled,AKM113,null,null,n
1.0.0,"Таблица по подбору сечений теплых ангаров пролетами 9м, 12м, 15м, 18м, 21м, 24м версия 1,5.xlsx",0271b96c6fe725d3e50ad7891401958322a5ae97866bb0bf8cb190bc4bbeff3f,Расчеты,"C7,SO58:ALU58,SM60:SM109,SO113:ALU113,SM115:SM164",2026-09-16,source-labelled,AKN113,null,null,n
1.0.0,"Таблица по подбору сечений теплых ангаров пролетами 9м, 12м, 15м, 18м, 21м, 24м версия 1,5.xlsx",0271b96c6fe725d3e50ad7891401958322a5ae97866bb0bf8cb190bc4bbeff3f,Расчеты,"C7,SO58:ALU58,SM60:SM109,SO113:ALU113,SM115:SM164",2026-09-16,source-labelled,AKO113,null,null,n
1.0.0,"Таблица по подбору сечений теплых ангаров пролетами 9м, 12м, 15м, 18м, 21м, 24м версия 1,5.xlsx",0271b96c6fe725d3e50ad7891401958322a5ae97866bb0bf8cb190bc4bbeff3f,Расчеты,"C7,SO58:ALU58,SM60:SM109,SO113:ALU113,SM115:SM164",2026-09-16,source-labelled,AKP113,null,null,n
1.0.0,"Таблица по подбору сечений теплых ангаров пролетами 9м, 12м, 15м, 18м, 21м, 24м версия 1,5.xlsx",0271b96c6fe725d3e50ad7891401958322a5ae97866bb0bf8cb190bc4bbeff3f,Расчеты,"C7,SO58:ALU58,SM60:SM109,SO113:ALU113,SM115:SM164",2026-09-16,source-labelled,AKQ113,null,null,n
1.0.0,"Таблица по подбору сечений теплых ангаров пролетами 9м, 12м, 15м, 18м, 21м, 24м версия 1,5.xlsx",0271b96c6fe725d3e50ad7891401958322a5ae97866bb0bf8cb190bc4bbeff3f,Расчеты,"C7,SO58:ALU58,SM60:SM109,SO113:ALU113,SM115:SM164",2026-09-16,source-labelled,AKR113,null,null,n
1.0.0,"Таблица по подбору сечений теплых ангаров пролетами 9м, 12м, 15м, 18м, 21м, 24м версия 1,5.xlsx",0271b96c6fe725d3e50ad7891401958322a5ae97866bb0bf8cb190bc4bbeff3f,Расчеты,"C7,SO58:ALU58,SM60:SM109,SO113:ALU113,SM115:SM164",2026-09-16,source-labelled,AKS113,null,null,n
1.0.0,"Таблица по подбору сечений теплых ангаров пролетами 9м, 12м, 15м, 18м, 21м, 24м версия 1,5.xlsx",0271b96c6fe725d3e50ad7891401958322a5ae97866bb0bf8cb190bc4bbeff3f,Расчеты,"C7,SO58:ALU58,SM60:SM109,SO113:ALU113,SM115:SM164",2026-09-16,source-labelled,AKT113,null,null,n
1.0.0,"Таблица по подбору сечений теплых ангаров пролетами 9м, 12м, 15м, 18м, 21м, 24м версия 1,5.xlsx",0271b96c6fe725d3e50ad7891401958322a5ae97866bb0bf8cb190bc4bbeff3f,Расчеты,"C7,SO58:ALU58,SM60:SM109,SO113:ALU113,SM115:SM164",2026-09-16,source-labelled,AKU113,null,null,n
1.0.0,"Таблица по подбору сечений теплых ангаров пролетами 9м, 12м, 15м, 18м, 21м, 24м версия 1,5.xlsx",0271b96c6fe725d3e50ad7891401958322a5ae97866bb0bf8cb190bc4bbeff3f,Расчеты,"C7,SO58:ALU58,SM60:SM109,SO113:ALU113,SM115:SM164",2026-09-16,source-labelled,AKV113,null,null,n
1.0.0,"Таблица по подбору сечений теплых ангаров пролетами 9м, 12м, 15м, 18м, 21м, 24м версия 1,5.xlsx",0271b96c6fe725d3e50ad7891401958322a5ae97866bb0bf8cb190bc4bbeff3f,Расчеты,"C7,SO58:ALU58,SM60:SM109,SO113:ALU113,SM115:SM164",2026-09-16,source-labelled,AKW113,null,null,n
1.0.0,"Таблица по подбору сечений теплых ангаров пролетами 9м, 12м, 15м, 18м, 21м, 24м версия 1,5.xlsx",0271b96c6fe725d3e50ad7891401958322a5ae97866bb0bf8cb190bc4bbeff3f,Расчеты,"C7,SO58:ALU58,SM60:SM109,SO113:ALU113,SM115:SM164",2026-09-16,source-labelled,AKX113,null,null,n
1.0.0,"Таблица по подбору сечений теплых ангаров пролетами 9м, 12м, 15м, 18м, 21м, 24м версия 1,5.xlsx",0271b96c6fe725d3e50ad7891401958322a5ae97866bb0bf8cb190bc4bbeff3f,Расчеты,"C7,SO58:ALU58,SM60:SM109,SO113:ALU113,SM115:SM164",2026-09-16,source-labelled,AKY113,null,null,n
1.0.0,"Таблица по подбору сечений теплых ангаров пролетами 9м, 12м, 15м, 18м, 21м, 24м версия 1,5.xlsx",0271b96c6fe725d3e50ad7891401958322a5ae97866bb0bf8cb190bc4bbeff3f,Расчеты,"C7,SO58:ALU58,SM60:SM109,SO113:ALU113,SM115:SM164",2026-09-16,source-labelled,AKZ113,null,null,n
1.0.0,"Таблица по подбору сечений теплых ангаров пролетами 9м, 12м, 15м, 18м, 21м, 24м версия 1,5.xlsx",0271b96c6fe725d3e50ad7891401958322a5ae97866bb0bf8cb190bc4bbeff3f,Расчеты,"C7,SO58:ALU58,SM60:SM109,SO113:ALU113,SM115:SM164",2026-09-16,source-labelled,ALA113,null,2900,n
1.0.0,"Таблица по подбору сечений теплых ангаров пролетами 9м, 12м, 15м, 18м, 21м, 24м версия 1,5.xlsx",0271b96c6fe725d3e50ad7891401958322a5ae97866bb0bf8cb190bc4bbeff3f,Расчеты,"C7,SO58:ALU58,SM60:SM109,SO113:ALU113,SM115:SM164",2026-09-16,source-labelled,ALB113,null,null,n
1.0.0,"Таблица по подбору сечений теплых ангаров пролетами 9м, 12м, 15м, 18м, 21м, 24м версия 1,5.xlsx",0271b96c6fe725d3e50ad7891401958322a5ae97866bb0bf8cb190bc4bbeff3f,Расчеты,"C7,SO58:ALU58,SM60:SM109,SO113:ALU113,SM115:SM164",2026-09-16,source-labelled,ALC113,null,null,n
1.0.0,"Таблица по подбору сечений теплых ангаров пролетами 9м, 12м, 15м, 18м, 21м, 24м версия 1,5.xlsx",0271b96c6fe725d3e50ad7891401958322a5ae97866bb0bf8cb190bc4bbeff3f,Расчеты,"C7,SO58:ALU58,SM60:SM109,SO113:ALU113,SM115:SM164",2026-09-16,source-labelled,ALD113,null,null,n
1.0.0,"Таблица по подбору сечений теплых ангаров пролетами 9м, 12м, 15м, 18м, 21м, 24м версия 1,5.xlsx",0271b96c6fe725d3e50ad7891401958322a5ae97866bb0bf8cb190bc4bbeff3f,Расчеты,"C7,SO58:ALU58,SM60:SM109,SO113:ALU113,SM115:SM164",2026-09-16,source-labelled,ALE113,null,null,n
1.0.0,"Таблица по подбору сечений теплых ангаров пролетами 9м, 12м, 15м, 18м, 21м, 24м версия 1,5.xlsx",0271b96c6fe725d3e50ad7891401958322a5ae97866bb0bf8cb190bc4bbeff3f,Расчеты,"C7,SO58:ALU58,SM60:SM109,SO113:ALU113,SM115:SM164",2026-09-16,source-labelled,ALF113,null,null,n
1.0.0,"Таблица по подбору сечений теплых ангаров пролетами 9м, 12м, 15м, 18м, 21м, 24м версия 1,5.xlsx",0271b96c6fe725d3e50ad7891401958322a5ae97866bb0bf8cb190bc4bbeff3f,Расчеты,"C7,SO58:ALU58,SM60:SM109,SO113:ALU113,SM115:SM164",2026-09-16,source-labelled,ALG113,null,null,n
1.0.0,"Таблица по подбору сечений теплых ангаров пролетами 9м, 12м, 15м, 18м, 21м, 24м версия 1,5.xlsx",0271b96c6fe725d3e50ad7891401958322a5ae97866bb0bf8cb190bc4bbeff3f,Расчеты,"C7,SO58:ALU58,SM60:SM109,SO113:ALU113,SM115:SM164",2026-09-16,source-labelled,ALH113,null,null,n
1.0.0,"Таблица по подбору сечений теплых ангаров пролетами 9м, 12м, 15м, 18м, 21м, 24м версия 1,5.xlsx",0271b96c6fe725d3e50ad7891401958322a5ae97866bb0bf8cb190bc4bbeff3f,Расчеты,"C7,SO58:ALU58,SM60:SM109,SO113:ALU113,SM115:SM164",2026-09-16,source-labelled,ALI113,null,null,n
1.0.0,"Таблица по подбору сечений теплых ангаров пролетами 9м, 12м, 15м, 18м, 21м, 24м версия 1,5.xlsx",0271b96c6fe725d3e50ad7891401958322a5ae97866bb0bf8cb190bc4bbeff3f,Расчеты,"C7,SO58:ALU58,SM60:SM109,SO113:ALU113,SM115:SM164",2026-09-16,source-labelled,ALJ113,null,null,n
1.0.0,"Таблица по подбору сечений теплых ангаров пролетами 9м, 12м, 15м, 18м, 21м, 24м версия 1,5.xlsx",0271b96c6fe725d3e50ad7891401958322a5ae97866bb0bf8cb190bc4bbeff3f,Расчеты,"C7,SO58:ALU58,SM60:SM109,SO113:ALU113,SM115:SM164",2026-09-16,source-labelled,ALK113,null,null,n
1.0.0,"Таблица по подбору сечений теплых ангаров пролетами 9м, 12м, 15м, 18м, 21м, 24м версия 1,5.xlsx",0271b96c6fe725d3e50ad7891401958322a5ae97866bb0bf8cb190bc4bbeff3f,Расчеты,"C7,SO58:ALU58,SM60:SM109,SO113:ALU113,SM115:SM164",2026-09-16,source-labelled,ALL113,null,null,n
1.0.0,"Таблица по подбору сечений теплых ангаров пролетами 9м, 12м, 15м, 18м, 21м, 24м версия 1,5.xlsx",0271b96c6fe725d3e50ad7891401958322a5ae97866bb0bf8cb190bc4bbeff3f,Расчеты,"C7,SO58:ALU58,SM60:SM109,SO113:ALU113,SM115:SM164",2026-09-16,source-labelled,ALM113,null,null,n
1.0.0,"Таблица по подбору сечений теплых ангаров пролетами 9м, 12м, 15м, 18м, 21м, 24м версия 1,5.xlsx",0271b96c6fe725d3e50ad7891401958322a5ae97866bb0bf8cb190bc4bbeff3f,Расчеты,"C7,SO58:ALU58,SM60:SM109,SO113:ALU113,SM115:SM164",2026-09-16,source-labelled,ALN113,null,null,n
1.0.0,"Таблица по подбору сечений теплых ангаров пролетами 9м, 12м, 15м, 18м, 21м, 24м версия 1,5.xlsx",0271b96c6fe725d3e50ad7891401958322a5ae97866bb0bf8cb190bc4bbeff3f,Расчеты,"C7,SO58:ALU58,SM60:SM109,SO113:ALU113,SM115:SM164",2026-09-16,source-labelled,ALO113,null,null,n
1.0.0,"Таблица по подбору сечений теплых ангаров пролетами 9м, 12м, 15м, 18м, 21м, 24м версия 1,5.xlsx",0271b96c6fe725d3e50ad7891401958322a5ae97866bb0bf8cb190bc4bbeff3f,Расчеты,"C7,SO58:ALU58,SM60:SM109,SO113:ALU113,SM115:SM164",2026-09-16,source-labelled,ALP113,null,null,n
1.0.0,"Таблица по подбору сечений теплых ангаров пролетами 9м, 12м, 15м, 18м, 21м, 24м версия 1,5.xlsx",0271b96c6fe725d3e50ad7891401958322a5ae97866bb0bf8cb190bc4bbeff3f,Расчеты,"C7,SO58:ALU58,SM60:SM109,SO113:ALU113,SM115:SM164",2026-09-16,source-labelled,ALQ113,null,null,n
1.0.0,"Таблица по подбору сечений теплых ангаров пролетами 9м, 12м, 15м, 18м, 21м, 24м версия 1,5.xlsx",0271b96c6fe725d3e50ad7891401958322a5ae97866bb0bf8cb190bc4bbeff3f,Расчеты,"C7,SO58:ALU58,SM60:SM109,SO113:ALU113,SM115:SM164",2026-09-16,source-labelled,ALR113,null,null,n
1.0.0,"Таблица по подбору сечений теплых ангаров пролетами 9м, 12м, 15м, 18м, 21м, 24м версия 1,5.xlsx",0271b96c6fe725d3e50ad7891401958322a5ae97866bb0bf8cb190bc4bbeff3f,Расчеты,"C7,SO58:ALU58,SM60:SM109,SO113:ALU113,SM115:SM164",2026-09-16,source-labelled,ALS113,null,null,n
1.0.0,"Таблица по подбору сечений теплых ангаров пролетами 9м, 12м, 15м, 18м, 21м, 24м версия 1,5.xlsx",0271b96c6fe725d3e50ad7891401958322a5ae97866bb0bf8cb190bc4bbeff3f,Расчеты,"C7,SO58:ALU58,SM60:SM109,SO113:ALU113,SM115:SM164",2026-09-16,source-labelled,ALT113,null,null,n
1.0.0,"Таблица по подбору сечений теплых ангаров пролетами 9м, 12м, 15м, 18м, 21м, 24м версия 1,5.xlsx",0271b96c6fe725d3e50ad7891401958322a5ae97866bb0bf8cb190bc4bbeff3f,Расчеты,"C7,SO58:ALU58,SM60:SM109,SO113:ALU113,SM115:SM164",2026-09-16,source-labelled,ALU113,null,3000,n
1.0.0,"Таблица по подбору сечений теплых ангаров пролетами 9м, 12м, 15м, 18м, 21м, 24м версия 1,5.xlsx",0271b96c6fe725d3e50ad7891401958322a5ae97866bb0bf8cb190bc4bbeff3f,Расчеты,"C7,SO58:ALU58,SM60:SM109,SO113:ALU113,SM115:SM164",2026-09-16,source-labelled,SM115,null,5.6,n
1.0.0,"Таблица по подбору сечений теплых ангаров пролетами 9м, 12м, 15м, 18м, 21м, 24м версия 1,5.xlsx",0271b96c6fe725d3e50ad7891401958322a5ae97866bb0bf8cb190bc4bbeff3f,Расчеты,"C7,SO58:ALU58,SM60:SM109,SO113:ALU113,SM115:SM164",2026-09-16,source-labelled,SM116,null,5.72,n
1.0.0,"Таблица по подбору сечений теплых ангаров пролетами 9м, 12м, 15м, 18м, 21м, 24м версия 1,5.xlsx",0271b96c6fe725d3e50ad7891401958322a5ae97866bb0bf8cb190bc4bbeff3f,Расчеты,"C7,SO58:ALU58,SM60:SM109,SO113:ALU113,SM115:SM164",2026-09-16,source-labelled,SM117,null,7.3,n
1.0.0,"Таблица по подбору сечений теплых ангаров пролетами 9м, 12м, 15м, 18м, 21м, 24м версия 1,5.xlsx",0271b96c6fe725d3e50ad7891401958322a5ae97866bb0bf8cb190bc4bbeff3f,Расчеты,"C7,SO58:ALU58,SM60:SM109,SO113:ALU113,SM115:SM164",2026-09-16,source-labelled,SM118,null,8.72,n
1.0.0,"Таблица по подбору сечений теплых ангаров пролетами 9м, 12м, 15м, 18м, 21м, 24м версия 1,5.xlsx",0271b96c6fe725d3e50ad7891401958322a5ae97866bb0bf8cb190bc4bbeff3f,Расчеты,"C7,SO58:ALU58,SM60:SM109,SO113:ALU113,SM115:SM164",2026-09-16,source-labelled,SM119,null,6.8,n
1.0.0,"Таблица по подбору сечений теплых ангаров пролетами 9м, 12м, 15м, 18м, 21м, 24м версия 1,5.xlsx",0271b96c6fe725d3e50ad7891401958322a5ae97866bb0bf8cb190bc4bbeff3f,Расчеты,"C7,SO58:ALU58,SM60:SM109,SO113:ALU113,SM115:SM164",2026-09-16,source-labelled,SM120,null,6.91,n
1.0.0,"Таблица по подбору сечений теплых ангаров пролетами 9м, 12м, 15м, 18м, 21м, 24м версия 1,5.xlsx",0271b96c6fe725d3e50ad7891401958322a5ae97866bb0bf8cb190bc4bbeff3f,Расчеты,"C7,SO58:ALU58,SM60:SM109,SO113:ALU113,SM115:SM164",2026-09-16,source-labelled,SM121,null,9.06,n
1.0.0,"Таблица по подбору сечений теплых ангаров пролетами 9м, 12м, 15м, 18м, 21м, 24м версия 1,5.xlsx",0271b96c6fe725d3e50ad7891401958322a5ae97866bb0bf8cb190bc4bbeff3f,Расчеты,"C7,SO58:ALU58,SM60:SM109,SO113:ALU113,SM115:SM164",2026-09-16,source-labelled,SM122,null,7.87,n
1.0.0,"Таблица по подбору сечений теплых ангаров пролетами 9м, 12м, 15м, 18м, 21м, 24м версия 1,5.xlsx",0271b96c6fe725d3e50ad7891401958322a5ae97866bb0bf8cb190bc4bbeff3f,Расчеты,"C7,SO58:ALU58,SM60:SM109,SO113:ALU113,SM115:SM164",2026-09-16,source-labelled,SM123,null,10.33,n
1.0.0,"Таблица по подбору сечений теплых ангаров пролетами 9м, 12м, 15м, 18м, 21м, 24м версия 1,5.xlsx",0271b96c6fe725d3e50ad7891401958322a5ae97866bb0bf8cb190bc4bbeff3f,Расчеты,"C7,SO58:ALU58,SM60:SM109,SO113:ALU113,SM115:SM164",2026-09-16,source-labelled,SM124,null,8.95,n
1.0.0,"Таблица по подбору сечений теплых ангаров пролетами 9м, 12м, 15м, 18м, 21м, 24м версия 1,5.xlsx",0271b96c6fe725d3e50ad7891401958322a5ae97866bb0bf8cb190bc4bbeff3f,Расчеты,"C7,SO58:ALU58,SM60:SM109,SO113:ALU113,SM115:SM164",2026-09-16,source-labelled,SM125,null,11.6,n
1.0.0,"Таблица по подбору сечений теплых ангаров пролетами 9м, 12м, 15м, 18м, 21м, 24м версия 1,5.xlsx",0271b96c6fe725d3e50ad7891401958322a5ae97866bb0bf8cb190bc4bbeff3f,Расчеты,"C7,SO58:ALU58,SM60:SM109,SO113:ALU113,SM115:SM164",2026-09-16,source-labelled,SM126,null,5.9,n
1.0.0,"Таблица по подбору сечений теплых ангаров пролетами 9м, 12м, 15м, 18м, 21м, 24м версия 1,5.xlsx",0271b96c6fe725d3e50ad7891401958322a5ae97866bb0bf8cb190bc4bbeff3f,Расчеты,"C7,SO58:ALU58,SM60:SM109,SO113:ALU113,SM115:SM164",2026-09-16,source-labelled,SM127,null,7.79,n
1.0.0,"Таблица по подбору сечений теплых ангаров пролетами 9м, 12м, 15м, 18м, 21м, 24м версия 1,5.xlsx",0271b96c6fe725d3e50ad7891401958322a5ae97866bb0bf8cb190bc4bbeff3f,Расчеты,"C7,SO58:ALU58,SM60:SM109,SO113:ALU113,SM115:SM164",2026-09-16,source-labelled,SM128,null,6.03,n
1.0.0,"Таблица по подбору сечений теплых ангаров пролетами 9м, 12м, 15м, 18м, 21м, 24м версия 1,5.xlsx",0271b96c6fe725d3e50ad7891401958322a5ae97866bb0bf8cb190bc4bbeff3f,Расчеты,"C7,SO58:ALU58,SM60:SM109,SO113:ALU113,SM115:SM164",2026-09-16,source-labelled,SM129,null,7.95,n
1.0.0,"Таблица по подбору сечений теплых ангаров пролетами 9м, 12м, 15м, 18м, 21м, 24м версия 1,5.xlsx",0271b96c6fe725d3e50ad7891401958322a5ae97866bb0bf8cb190bc4bbeff3f,Расчеты,"C7,SO58:ALU58,SM60:SM109,SO113:ALU113,SM115:SM164",2026-09-16,source-labelled,SM130,null,6.97,n
1.0.0,"Таблица по подбору сечений теплых ангаров пролетами 9м, 12м, 15м, 18м, 21м, 24м версия 1,5.xlsx",0271b96c6fe725d3e50ad7891401958322a5ae97866bb0bf8cb190bc4bbeff3f,Расчеты,"C7,SO58:ALU58,SM60:SM109,SO113:ALU113,SM115:SM164",2026-09-16,source-labelled,SM131,null,9.2,n
1.0.0,"Таблица по подбору сечений теплых ангаров пролетами 9м, 12м, 15м, 18м, 21м, 24м версия 1,5.xlsx",0271b96c6fe725d3e50ad7891401958322a5ae97866bb0bf8cb190bc4bbeff3f,Расчеты,"C7,SO58:ALU58,SM60:SM109,SO113:ALU113,SM115:SM164",2026-09-16,source-labelled,SM132,null,7.08,n
1.0.0,"Таблица по подбору сечений теплых ангаров пролетами 9м, 12м, 15м, 18м, 21м, 24м версия 1,5.xlsx",0271b96c6fe725d3e50ad7891401958322a5ae97866bb0bf8cb190bc4bbeff3f,Расчеты,"C7,SO58:ALU58,SM60:SM109,SO113:ALU113,SM115:SM164",2026-09-16,source-labelled,SM133,null,9.36,n
1.0.0,"Таблица по подбору сечений теплых ангаров пролетами 9м, 12м, 15м, 18м, 21м, 24м версия 1,5.xlsx",0271b96c6fe725d3e50ad7891401958322a5ae97866bb0bf8cb190bc4bbeff3f,Расчеты,"C7,SO58:ALU58,SM60:SM109,SO113:ALU113,SM115:SM164",2026-09-16,source-labelled,SM134,null,7.2,n
1.0.0,"Таблица по подбору сечений теплых ангаров пролетами 9м, 12м, 15м, 18м, 21м, 24м версия 1,5.xlsx",0271b96c6fe725d3e50ad7891401958322a5ae97866bb0bf8cb190bc4bbeff3f,Расчеты,"C7,SO58:ALU58,SM60:SM109,SO113:ALU113,SM115:SM164",2026-09-16,source-labelled,SM135,null,9.51,n
1.0.0,"Таблица по подбору сечений теплых ангаров пролетами 9м, 12м, 15м, 18м, 21м, 24м версия 1,5.xlsx",0271b96c6fe725d3e50ad7891401958322a5ae97866bb0bf8cb190bc4bbeff3f,Расчеты,"C7,SO58:ALU58,SM60:SM109,SO113:ALU113,SM115:SM164",2026-09-16,source-labelled,SM136,null,8.14,n
1.0.0,"Таблица по подбору сечений теплых ангаров пролетами 9м, 12м, 15м, 18м, 21м, 24м версия 1,5.xlsx",0271b96c6fe725d3e50ad7891401958322a5ae97866bb0bf8cb190bc4bbeff3f,Расчеты,"C7,SO58:ALU58,SM60:SM109,SO113:ALU113,SM115:SM164",2026-09-16,source-labelled,SM137,null,10.77,n
1.0.0,"Таблица по подбору сечений теплых ангаров пролетами 9м, 12м, 15м, 18м, 21м, 24м версия 1,5.xlsx",0271b96c6fe725d3e50ad7891401958322a5ae97866bb0bf8cb190bc4bbeff3f,Расчеты,"C7,SO58:ALU58,SM60:SM109,SO113:ALU113,SM115:SM164",2026-09-16,source-labelled,SM138,null,9.19,n
1.0.0,"Таблица по подбору сечений теплых ангаров пролетами 9м, 12м, 15м, 18м, 21м, 24м версия 1,5.xlsx",0271b96c6fe725d3e50ad7891401958322a5ae97866bb0bf8cb190bc4bbeff3f,Расчеты,"C7,SO58:ALU58,SM60:SM109,SO113:ALU113,SM115:SM164",2026-09-16,source-labelled,SM139,null,12.18,n
1.0.0,"Таблица по подбору сечений теплых ангаров пролетами 9м, 12м, 15м, 18м, 21м, 24м версия 1,5.xlsx",0271b96c6fe725d3e50ad7891401958322a5ae97866bb0bf8cb190bc4bbeff3f,Расчеты,"C7,SO58:ALU58,SM60:SM109,SO113:ALU113,SM115:SM164",2026-09-16,source-labelled,SM140,null,3.44,n
1.0.0,"Таблица по подбору сечений теплых ангаров пролетами 9м, 12м, 15м, 18м, 21м, 24м версия 1,5.xlsx",0271b96c6fe725d3e50ad7891401958322a5ae97866bb0bf8cb190bc4bbeff3f,Расчеты,"C7,SO58:ALU58,SM60:SM109,SO113:ALU113,SM115:SM164",2026-09-16,source-labelled,SM141,null,4.56,n
1.0.0,"Таблица по подбору сечений теплых ангаров пролетами 9м, 12м, 15м, 18м, 21м, 24м версия 1,5.xlsx",0271b96c6fe725d3e50ad7891401958322a5ae97866bb0bf8cb190bc4bbeff3f,Расчеты,"C7,SO58:ALU58,SM60:SM109,SO113:ALU113,SM115:SM164",2026-09-16,source-labelled,SM142,null,5.66,n
1.0.0,"Таблица по подбору сечений теплых ангаров пролетами 9м, 12м, 15м, 18м, 21м, 24м версия 1,5.xlsx",0271b96c6fe725d3e50ad7891401958322a5ae97866bb0bf8cb190bc4bbeff3f,Расчеты,"C7,SO58:ALU58,SM60:SM109,SO113:ALU113,SM115:SM164",2026-09-16,source-labelled,SM143,null,3.67,n
1.0.0,"Таблица по подбору сечений теплых ангаров пролетами 9м, 12м, 15м, 18м, 21м, 24м версия 1,5.xlsx",0271b96c6fe725d3e50ad7891401958322a5ae97866bb0bf8cb190bc4bbeff3f,Расчеты,"C7,SO58:ALU58,SM60:SM109,SO113:ALU113,SM115:SM164",2026-09-16,source-labelled,SM144,null,4.87,n
1.0.0,"Таблица по подбору сечений теплых ангаров пролетами 9м, 12м, 15м, 18м, 21м, 24м версия 1,5.xlsx",0271b96c6fe725d3e50ad7891401958322a5ae97866bb0bf8cb190bc4bbeff3f,Расчеты,"C7,SO58:ALU58,SM60:SM109,SO113:ALU113,SM115:SM164",2026-09-16,source-labelled,SM145,null,6.05,n
1.0.0,"Таблица по подбору сечений теплых ангаров пролетами 9м, 12м, 15м, 18м, 21м, 24м версия 1,5.xlsx",0271b96c6fe725d3e50ad7891401958322a5ae97866bb0bf8cb190bc4bbeff3f,Расчеты,"C7,SO58:ALU58,SM60:SM109,SO113:ALU113,SM115:SM164",2026-09-16,source-labelled,SM146,null,3.91,n
1.0.0,"Таблица по подбору сечений теплых ангаров пролетами 9м, 12м, 15м, 18м, 21м, 24м версия 1,5.xlsx",0271b96c6fe725d3e50ad7891401958322a5ae97866bb0bf8cb190bc4bbeff3f,Расчеты,"C7,SO58:ALU58,SM60:SM109,SO113:ALU113,SM115:SM164",2026-09-16,source-labelled,SM147,null,5.19,n
1.0.0,"Таблица по подбору сечений теплых ангаров пролетами 9м, 12м, 15м, 18м, 21м, 24м версия 1,5.xlsx",0271b96c6fe725d3e50ad7891401958322a5ae97866bb0bf8cb190bc4bbeff3f,Расчеты,"C7,SO58:ALU58,SM60:SM109,SO113:ALU113,SM115:SM164",2026-09-16,source-labelled,SM148,null,6.5,n
1.0.0,"Таблица по подбору сечений теплых ангаров пролетами 9м, 12м, 15м, 18м, 21м, 24м версия 1,5.xlsx",0271b96c6fe725d3e50ad7891401958322a5ae97866bb0bf8cb190bc4bbeff3f,Расчеты,"C7,SO58:ALU58,SM60:SM109,SO113:ALU113,SM115:SM164",2026-09-16,source-labelled,SM149,null,4.15,n
1.0.0,"Таблица по подбору сечений теплых ангаров пролетами 9м, 12м, 15м, 18м, 21м, 24м версия 1,5.xlsx",0271b96c6fe725d3e50ad7891401958322a5ae97866bb0bf8cb190bc4bbeff3f,Расчеты,"C7,SO58:ALU58,SM60:SM109,SO113:ALU113,SM115:SM164",2026-09-16,source-labelled,SM150,null,5.5,n
1.0.0,"Таблица по подбору сечений теплых ангаров пролетами 9м, 12м, 15м, 18м, 21м, 24м версия 1,5.xlsx",0271b96c6fe725d3e50ad7891401958322a5ae97866bb0bf8cb190bc4bbeff3f,Расчеты,"C7,SO58:ALU58,SM60:SM109,SO113:ALU113,SM115:SM164",2026-09-16,source-labelled,SM151,null,6.84,n
1.0.0,"Таблица по подбору сечений теплых ангаров пролетами 9м, 12м, 15м, 18м, 21м, 24м версия 1,5.xlsx",0271b96c6fe725d3e50ad7891401958322a5ae97866bb0bf8cb190bc4bbeff3f,Расчеты,"C7,SO58:ALU58,SM60:SM109,SO113:ALU113,SM115:SM164",2026-09-16,source-labelled,SM152,null,4.38,n
1.0.0,"Таблица по подбору сечений теплых ангаров пролетами 9м, 12м, 15м, 18м, 21м, 24м версия 1,5.xlsx",0271b96c6fe725d3e50ad7891401958322a5ae97866bb0bf8cb190bc4bbeff3f,Расчеты,"C7,SO58:ALU58,SM60:SM109,SO113:ALU113,SM115:SM164",2026-09-16,source-labelled,SM153,null,5.81,n
1.0.0,"Таблица по подбору сечений теплых ангаров пролетами 9м, 12м, 15м, 18м, 21м, 24м версия 1,5.xlsx",0271b96c6fe725d3e50ad7891401958322a5ae97866bb0bf8cb190bc4bbeff3f,Расчеты,"C7,SO58:ALU58,SM60:SM109,SO113:ALU113,SM115:SM164",2026-09-16,source-labelled,SM154,null,7.23,n
1.0.0,"Таблица по подбору сечений теплых ангаров пролетами 9м, 12м, 15м, 18м, 21м, 24м версия 1,5.xlsx",0271b96c6fe725d3e50ad7891401958322a5ae97866bb0bf8cb190bc4bbeff3f,Расчеты,"C7,SO58:ALU58,SM60:SM109,SO113:ALU113,SM115:SM164",2026-09-16,source-labelled,SM155,null,4.94,n
1.0.0,"Таблица по подбору сечений теплых ангаров пролетами 9м, 12м, 15м, 18м, 21м, 24м версия 1,5.xlsx",0271b96c6fe725d3e50ad7891401958322a5ae97866bb0bf8cb190bc4bbeff3f,Расчеты,"C7,SO58:ALU58,SM60:SM109,SO113:ALU113,SM115:SM164",2026-09-16,source-labelled,SM156,null,6.57,n
1.0.0,"Таблица по подбору сечений теплых ангаров пролетами 9м, 12м, 15м, 18м, 21м, 24м версия 1,5.xlsx",0271b96c6fe725d3e50ad7891401958322a5ae97866bb0bf8cb190bc4bbeff3f,Расчеты,"C7,SO58:ALU58,SM60:SM109,SO113:ALU113,SM115:SM164",2026-09-16,source-labelled,SM157,null,8.23,n
1.0.0,"Таблица по подбору сечений теплых ангаров пролетами 9м, 12м, 15м, 18м, 21м, 24м версия 1,5.xlsx",0271b96c6fe725d3e50ad7891401958322a5ae97866bb0bf8cb190bc4bbeff3f,Расчеты,"C7,SO58:ALU58,SM60:SM109,SO113:ALU113,SM115:SM164",2026-09-16,source-labelled,SM158,null,9.9,n
1.0.0,"Таблица по подбору сечений теплых ангаров пролетами 9м, 12м, 15м, 18м, 21м, 24м версия 1,5.xlsx",0271b96c6fe725d3e50ad7891401958322a5ae97866bb0bf8cb190bc4bbeff3f,Расчеты,"C7,SO58:ALU58,SM60:SM109,SO113:ALU113,SM115:SM164",2026-09-16,source-labelled,SM159,null,8.12,n
1.0.0,"Таблица по подбору сечений теплых ангаров пролетами 9м, 12м, 15м, 18м, 21м, 24м версия 1,5.xlsx",0271b96c6fe725d3e50ad7891401958322a5ae97866bb0bf8cb190bc4bbeff3f,Расчеты,"C7,SO58:ALU58,SM60:SM109,SO113:ALU113,SM115:SM164",2026-09-16,source-labelled,SM160,null,10.17,n
1.0.0,"Таблица по подбору сечений теплых ангаров пролетами 9м, 12м, 15м, 18м, 21м, 24м версия 1,5.xlsx",0271b96c6fe725d3e50ad7891401958322a5ae97866bb0bf8cb190bc4bbeff3f,Расчеты,"C7,SO58:ALU58,SM60:SM109,SO113:ALU113,SM115:SM164",2026-09-16,source-labelled,SM161,null,12.23,n
1.0.0,"Таблица по подбору сечений теплых ангаров пролетами 9м, 12м, 15м, 18м, 21м, 24м версия 1,5.xlsx",0271b96c6fe725d3e50ad7891401958322a5ae97866bb0bf8cb190bc4bbeff3f,Расчеты,"C7,SO58:ALU58,SM60:SM109,SO113:ALU113,SM115:SM164",2026-09-16,source-labelled,SM162,null,8.9,n
1.0.0,"Таблица по подбору сечений теплых ангаров пролетами 9м, 12м, 15м, 18м, 21м, 24м версия 1,5.xlsx",0271b96c6fe725d3e50ad7891401958322a5ae97866bb0bf8cb190bc4bbeff3f,Расчеты,"C7,SO58:ALU58,SM60:SM109,SO113:ALU113,SM115:SM164",2026-09-16,source-labelled,SM163,null,11.15,n
1.0.0,"Таблица по подбору сечений теплых ангаров пролетами 9м, 12м, 15м, 18м, 21м, 24м версия 1,5.xlsx",0271b96c6fe725d3e50ad7891401958322a5ae97866bb0bf8cb190bc4bbeff3f,Расчеты,"C7,SO58:ALU58,SM60:SM109,SO113:ALU113,SM115:SM164",2026-09-16,source-labelled,SM164,null,13.41,n
