code;name_old;name_new;row_old;row_new;price_old;price_new;delta;pct;unit_old;unit_new;weight_old;weight_new;price_ton_old;price_ton_new;name_changed;unit_changed;weight_changed
51428;Ограждение кровельное КО 1200х2,2м (КО1200);Ограждение кровельное КО 1200х2,2м (КО1200);745;1632;7092.0;8746.0;1654.0;0.2332205301748449;шт;шт;18.7;18.7;379251.0;467701.0;False;False;False
89367;Вентиляция конька плоского (ВКп);Вентиляция конька плоского (ВКп);55;1349;406.0;487.0;81.0;0.19950738916256158;шт;шт;0.4;0.4;1015000.0;1217500.0;False;False;False
2341;Вентиляция конька (Вк);Вентиляция конька (Вк);53;1347;438.0;523.0;85.0;0.19406392694063926;шт;шт;0.4;0.4;1095000.0;1307500.0;False;False;False
141924;ПZ 270х100x91x30 без перфор. 3,0 П390 (Оцинк.);ПZ 270х100x91x30 без перфор. 3,0 П390 (Оцинк.);845;184;1964.0;1644.0;-320.0;-0.1629327902240326;п.м;п.м;11.6325;11.6325;168837.0;141328.0;False;False;False
2347;Заглушка конька коническая (ЗКк);Заглушка конька коническая (ЗКк);119;1361;346.0;398.0;52.0;0.15028901734104047;шт;шт;0.2;0.2;1730000.0;1990000.0;False;False;False
1219;Кронштейн выравнивающий П-250 (КВП 250) П350 (Оцинк.) Не использовать!;Кронштейн выравнивающий П-250 (КВП 250) П350 (Оцинк.) Не использовать!;361;604;27.0;31.0;4.0;0.14814814814814814;шт;шт;0.223;0.223;121076.0;139013.0;False;False;False
123793;ПZ 300 без перфор. 3,0 П390 (Оцинк.);ПZ 300 без перфор. 3,0 П390 (Оцинк.);855;889;1998.0;1703.0;-295.0;-0.14764764764764765;п.м;п.м;12.2341;12.2341;163314.0;139201.0;False;False;False
125245;ПГС-сигма 300х80x20 без перфор. 3,0 П390 (Оцинк.);ПГС-сигма 300х80x20 без перфор. 3,0 П390 (Оцинк.);1099;919;1956.0;1668.0;-288.0;-0.147239263803681;п.м;п.м;11.7322;11.7322;166721.0;142173.0;False;False;False
109550;Ограждение кровельное 600 усиленное (КОУ600) 2,2м;Ограждение кровельное 600 усиленное (КОУ600) 2,2м;743;1648;4546.0;5128.0;582.0;0.12802463704355477;шт;шт;;;***;***;False;False;False
9390;Угол 114* 100х100 без отбортовок НЩ-1х1,0х3м (Оцинк.);Угол 114* 100х100 без отбортовок НЩ-1х1,0х3м (Оцинк.);1997;1277;859.0;964.0;105.0;0.12223515715948778;шт;шт;4.519;4.519;190086.0;213322.0;False;False;False
1218;Кронштейн выравнивающий П-200 (КВП 200) П350 (Оцинк.) Не использовать!;Кронштейн выравнивающий П-200 (КВП 200) П350 (Оцинк.) Не использовать!;358;603;19.0;21.0;2.0;0.10526315789473684;шт;шт;0.15;0.15;126667.0;140000.0;False;False;False
708;Кронштейн для трубч. снегозадержателя 1 (КрСз/1);Кронштейн для трубч. снегозадержателя 1 (КрСз/1);529;1656;273.0;299.0;26.0;0.09523809523809523;шт;шт;0.29;0.29;941379.0;1031034.0;False;False;False
68977;Кассета фасадная 2 доборная (КФ2) 1,0 (Колор-поток);Кассета фасадная 2 доборная (КФ2) 1,0 (Колор-поток);219;1103;2004.0;2193.0;189.0;0.09431137724550898;м2;м2;9.15;9.15;219016.0;239672.0;False;False;False
69186;Кассета фасадная 1 доборная (КФ1) 1,0 (Колор-поток);Кассета фасадная 1 доборная (КФ1) 1,0 (Колор-поток);204;1077;2004.0;2193.0;189.0;0.09431137724550898;м2;м2;9.13;9.13;219496.0;240197.0;False;False;False
1221;НПП 60х27х0,5 (Оцинк.);НПП 60х27х0,5 (Оцинк.);722;327;64.0;70.0;6.0;0.09375;п.м;п.м;0.488;0.488;131148.0;143443.0;False;False;False
105426;Профиль шляпный 20х80х20 (НПШ 20х80х20) 0,5 (Оцинк.);Профиль шляпный 20х80х20 (НПШ 20х80х20) 0,5 (Оцинк.);1335;483;76.0;83.0;7.0;0.09210526315789473;п.м;п.м;0.5527;0.5527;137507.0;150172.0;False;False;False
13916;Кассета трапеция 2 (ТКФ2) 1,0 (Колор-поток);Кассета трапеция 2 (ТКФ2) 1,0 (Колор-поток);156;1080;2052.0;2241.0;189.0;0.09210526315789473;м2;м2;9.15;9.15;224262.0;244918.0;False;False;False
1474;Кассета угловая 1 (УКФ1) 1,0 (Колор-поток);Кассета угловая 1 (УКФ1) 1,0 (Колор-поток);161;1061;2052.0;2241.0;189.0;0.09210526315789473;м2;м2;9.13;9.13;224754.0;245455.0;False;False;False
1476;Кассета угловая 2 (УКФ2) 1,0 (Колор-поток);Кассета угловая 2 (УКФ2) 1,0 (Колор-поток);167;1085;2052.0;2241.0;189.0;0.09210526315789473;м2;м2;9.15;9.15;224262.0;244918.0;False;False;False
16826;Кассета трапеция 1 (ТКФ1) 1,0 (Колор-поток);Кассета трапеция 1 (ТКФ1) 1,0 (Колор-поток);155;1056;2052.0;2241.0;189.0;0.09210526315789473;м2;м2;9.13;9.13;224754.0;245455.0;False;False;False
83318;Кассета угловая 1 (УКФ1) 1,0 (Колор-поток с двух сторон);Кассета угловая 1 (УКФ1) 1,0 (Колор-поток с двух сторон);160;1060;2254.0;2439.0;185.0;0.08207630878438332;м2;м2;9.13;9.13;246878.0;267141.0;False;False;False
83325;Кассета фасадная 1 доборная (КФ1) 1,0 (Колор-поток с двух сторон);Кассета фасадная 1 доборная (КФ1) 1,0 (Колор-поток с двух сторон);203;1076;2254.0;2439.0;185.0;0.08207630878438332;м2;м2;9.13;9.13;246878.0;267141.0;False;False;False
83328;Кассета угловая 2 (УКФ2) 1,0 (Колор-поток с двух сторон);Кассета угловая 2 (УКФ2) 1,0 (Колор-поток с двух сторон);166;1084;2254.0;2439.0;185.0;0.08207630878438332;м2;м2;9.15;9.15;246339.0;266557.0;False;False;False
83336;Кассета фасадная 2 доборная (КФ2) 1,0 (Колор-поток с двух сторон);Кассета фасадная 2 доборная (КФ2) 1,0 (Колор-поток с двух сторон);218;1102;2254.0;2439.0;185.0;0.08207630878438332;м2;м2;9.15;9.15;246339.0;266557.0;False;False;False
105425;Профиль шляпный 20х50х20 (НПШ 20х50х20) 0,5 (Оцинк.);Профиль шляпный 20х50х20 (НПШ 20х50х20) 0,5 (Оцинк.);1314;481;61.0;66.0;5.0;0.08196721311475409;п.м;п.м;0.4474;0.4474;136343.0;147519.0;False;False;False
69264;"Панель фасадная ""1А"" (ПФ1А) (Колор-поток)";"Панель фасадная ""1А"" (ПФ1А) (Колор-поток)";868;1565;1111.0;1202.0;91.0;0.0819081908190819;м2;м2;4.34;4.34;255991.0;276959.0;False;False;False
69265;"Панель фасадная ""2А"" (ПФ2А) (Колор-поток)";"Панель фасадная ""2А"" (ПФ2А) (Колор-поток)";875;1569;1111.0;1202.0;91.0;0.0819081908190819;м2;м2;4.34;4.34;255991.0;276959.0;False;False;False
69266;"Панель фасадная ""3А"" (ПФ3А) (Колор-поток)";"Панель фасадная ""3А"" (ПФ3А) (Колор-поток)";882;1573;1111.0;1202.0;91.0;0.0819081908190819;м2;м2;4.34;4.34;255991.0;276959.0;False;False;False
83367;"Панель фасадная ""1А"" (ПФ1А) 0,7 (Колор-поток с двух сторон)";"Панель фасадная ""1А"" (ПФ1А) 0,7 (Колор-поток с двух сторон)";870;1566;1556.0;1683.0;127.0;0.08161953727506427;м2;м2;6.275;6.275;247968.0;268207.0;False;False;False
83369;"Панель фасадная ""2А"" (ПФ2А) 0,7 (Колор-поток с двух сторон)";"Панель фасадная ""2А"" (ПФ2А) 0,7 (Колор-поток с двух сторон)";877;1570;1556.0;1683.0;127.0;0.08161953727506427;м2;м2;6.275;6.275;247968.0;268207.0;False;False;False
83371;"Панель фасадная ""3А"" (ПФ3А) 0,7 (Колор-поток с двух сторон)";"Панель фасадная ""3А"" (ПФ3А) 0,7 (Колор-поток с двух сторон)";884;1574;1556.0;1683.0;127.0;0.08161953727506427;м2;м2;6.275;6.275;247968.0;268207.0;False;False;False
83366;"Панель фасадная ""1А"" (ПФ1А) (Колор-поток с двух сторон)";"Панель фасадная ""1А"" (ПФ1А) (Колор-поток с двух сторон)";867;1564;1316.0;1423.0;107.0;0.08130699088145897;м2;м2;4.34;4.34;303226.0;327880.0;False;False;False
83368;"Панель фасадная ""2А"" (ПФ2А) (Колор-поток с двух сторон)";"Панель фасадная ""2А"" (ПФ2А) (Колор-поток с двух сторон)";874;1568;1316.0;1423.0;107.0;0.08130699088145897;м2;м2;4.34;4.34;303226.0;327880.0;False;False;False
83370;"Панель фасадная ""3А"" (ПФ3А) (Колор-поток с двух сторон)";"Панель фасадная ""3А"" (ПФ3А) (Колор-поток с двух сторон)";881;1572;1316.0;1423.0;107.0;0.08130699088145897;м2;м2;4.34;4.34;303226.0;327880.0;False;False;False
69261;"Панель фасадная ""1А"" (ПФ1А) 0,7 (Колор-поток)";"Панель фасадная ""1А"" (ПФ1А) 0,7 (Колор-поток)";871;1567;1368.0;1479.0;111.0;0.08114035087719298;м2;м2;6.275;6.275;218008.0;235697.0;False;False;False
69262;"Панель фасадная ""2А"" (ПФ2А) 0,7 (Колор-поток)";"Панель фасадная ""2А"" (ПФ2А) 0,7 (Колор-поток)";878;1571;1368.0;1479.0;111.0;0.08114035087719298;м2;м2;6.275;6.275;218008.0;235697.0;False;False;False
69263;"Панель фасадная ""3А"" (ПФ3А) 0,7 (Колор-поток)";"Панель фасадная ""3А"" (ПФ3А) 0,7 (Колор-поток)";885;1575;1368.0;1479.0;111.0;0.08114035087719298;м2;м2;6.275;6.275;218008.0;235697.0;False;False;False
18851;Лист плоский нест обрезь (Оцинк.);Лист плоский нест обрезь (Оцинк.);562;1420;426.0;460.0;34.0;0.07981220657276995;м2;м2;3.906;3.906;109063.0;117768.0;False;False;False
63352;Лист плоский (Оцинк.);Лист плоский (Оцинк.);538;1411;426.0;460.0;34.0;0.07981220657276995;м2;м2;3.472;3.472;122696.0;132488.0;False;False;False
70394;Лист плоский-штрипс (Оцинк.);Лист плоский-штрипс (Оцинк.);570;1425;426.0;460.0;34.0;0.07981220657276995;м2;м2;3.472;3.472;122696.0;132488.0;False;False;False
118266;Кронштейн выравнивающий П-125 М (КВП 125М) (Оцинк.);Кронштейн выравнивающий П-125 М (КВП 125М) (Оцинк.);354;278;13.0;14.0;1.0;0.07692307692307693;шт;шт;0.119;0.119;109244.0;117647.0;False;False;False
12001;Кронштейн выравнивающий П-125 М (КВП 125М) П350 (Оцинк.) Не использовать!;Кронштейн выравнивающий П-125 М (КВП 125М) П350 (Оцинк.) Не использовать!;355;602;13.0;14.0;1.0;0.07692307692307693;шт;шт;0.119;0.119;109244.0;117647.0;False;False;False
1665;Фальц Classic (ФК1) (Оцинк.);Фальц Classic (ФК1) (Оцинк.);2102;1725;553.0;594.0;41.0;0.07414104882459313;м2;м2;4.0037;4.0037;138123.0;148363.0;False;False;False
1667;Фальц Elegant (ФК2) (Оцинк.);Фальц Elegant (ФК2) (Оцинк.);2108;1727;553.0;594.0;41.0;0.07414104882459313;м2;м2;4.0037;4.0037;138123.0;148363.0;False;False;False
1669;Фальц Pragmatic (ФК3) (Оцинк.);Фальц Pragmatic (ФК3) (Оцинк.);2114;1729;553.0;594.0;41.0;0.07414104882459313;м2;м2;3.9744;3.9744;139142.0;149458.0;False;False;False
1671;Фальц Standart (ФК4) (Оцинк.);Фальц Standart (ФК4) (Оцинк.);2119;1731;553.0;594.0;41.0;0.07414104882459313;м2;м2;3.8544;3.8544;143474.0;154112.0;False;False;False
1230;НПП 60х17х0,5 (Оцинк.);НПП 60х17х0,5 (Оцинк.);718;325;54.0;58.0;4.0;0.07407407407407407;п.м;п.м;0.3729;0.3729;144811.0;155538.0;False;False;False
106782;Штакетник 20х80х20 (ШТ 20х80х20) 0,5 декор;Штакетник 20х80х20 (ШТ 20х80х20) 0,5 декор;2166;272;124.0;133.0;9.0;0.07258064516129033;п.м;п.м;0.519;0.519;238921.0;256262.0;False;False;False
63463;Лист плоский декор;Лист плоский декор;561;1437;699.0;749.0;50.0;0.0715307582260372;м2;м2;3.56;3.56;196348.0;210393.0;False;False;False
105243;Профиль шляпный 20х50х20 (НПШ 20х50х20) 0,7 (Оцинк.);Профиль шляпный 20х50х20 (НПШ 20х50х20) 0,7 (Оцинк.);1317;482;84.0;90.0;6.0;0.07142857142857142;п.м;п.м;0.6413;0.6413;130984.0;140340.0;False;False;False
1586;Ендова нижняя (ЕН) 2м (Оцинк.);Ендова нижняя (ЕН) 2м (Оцинк.);111;1181;878.0;939.0;61.0;0.06947608200455581;шт;шт;4.34;4.34;202304.0;216359.0;False;False;False
89317;Конек плоский широкий 290 (КП290) 2м (Оцинк.);Конек плоский широкий 290 (КП290) 2м (Оцинк.);345;1185;878.0;939.0;61.0;0.06947608200455581;шт;шт;4.34;4.34;202304.0;216359.0;False;False;False
69224;Планка начальная КФ-2 (ПНКФ2) 1,0х3м (Колор-поток);Планка начальная КФ-2 (ПНКФ2) 1,0х3м (Колор-поток);1114;1226;881.0;942.0;61.0;0.06923950056753689;шт;шт;2.909;2.909;302853.0;323823.0;False;False;False
2263;Фальц Classic (ФК1) 0,7;Фальц Classic (ФК1) 0,7;2103;1735;1144.0;1223.0;79.0;0.06905594405594405;м2;м2;5.6365;5.6365;202962.0;216977.0;False;False;False
2264;Фальц Elegant (ФК2) 0,7;Фальц Elegant (ФК2) 0,7;2109;1737;1144.0;1223.0;79.0;0.06905594405594405;м2;м2;5.6365;5.6365;202962.0;216977.0;False;False;False
2294;Фальц Pragmatic (ФК3) 0,7;Фальц Pragmatic (ФК3) 0,7;2115;1739;1144.0;1223.0;79.0;0.06905594405594405;м2;м2;5.5952;5.5952;204460.0;218579.0;False;False;False
2295;Фальц Standart (ФК4) 0,7;Фальц Standart (ФК4) 0,7;2120;1741;1144.0;1223.0;79.0;0.06905594405594405;м2;м2;5.4263;5.4263;210826.0;225384.0;False;False;False
105436;Профиль шляпный 20х50х20 (НПШ 20х50х20) 0,7;Профиль шляпный 20х50х20 (НПШ 20х50х20) 0,7;1315;264;131.0;140.0;9.0;0.06870229007633588;п.м;п.м;0.611;0.611;214403.0;229133.0;False;False;False
105959;Штакетник 20х50х20 (ШТ 20х50х20) 0,7;Штакетник 20х50х20 (ШТ 20х50х20) 0,7;2160;270;131.0;140.0;9.0;0.06870229007633588;п.м;п.м;0.611;0.611;214403.0;229133.0;False;False;False
2212;"Панель фасадная ""3А"" (ПФ3А) 0,7";"Панель фасадная ""3А"" (ПФ3А) 0,7";883;1584;1240.0;1325.0;85.0;0.06854838709677419;м2;м2;6.11;6.11;202946.0;216858.0;False;False;False
2255;"Панель фасадная ""1А"" (ПФ1А) 0,7";"Панель фасадная ""1А"" (ПФ1А) 0,7";869;1578;1240.0;1325.0;85.0;0.06854838709677419;м2;м2;6.11;6.11;202946.0;216858.0;False;False;False
2257;"Панель фасадная ""2А"" (ПФ2А) 0,7";"Панель фасадная ""2А"" (ПФ2А) 0,7";876;1581;1240.0;1325.0;85.0;0.06854838709677419;м2;м2;6.11;6.11;202946.0;216858.0;False;False;False
1159;ПП 220х45 без перфор. 0,7 (Оцинк.);ПП 220х45 без перфор. 0,7 (Оцинк.);1247;441;207.0;221.0;14.0;0.06763285024154589;п.м;п.м;1.5429;1.5429;134163.0;143237.0;False;False;False
1173;ПС 195х45 без перфор. 0,7 (Оцинк.);ПС 195х45 без перфор. 0,7 (Оцинк.);1576;463;207.0;221.0;14.0;0.06763285024154589;п.м;п.м;1.5556;1.5556;133068.0;142067.0;False;False;False
1231;НПП 60х17х0,7 (Оцинк.);НПП 60х17х0,7 (Оцинк.);720;326;74.0;79.0;5.0;0.06756756756756757;п.м;п.м;0.546;0.546;135531.0;144689.0;False;False;False
1222;НПП 60х27х0,7 (Оцинк.);НПП 60х27х0,7 (Оцинк.);725;328;89.0;95.0;6.0;0.06741573033707865;п.м;п.м;0.6603;0.6603;134787.0;143874.0;False;False;False
1640;Планка откосная 250 (ОПс250) 3м (Оцинк.);Планка откосная 250 (ОПс250) 3м (Оцинк.);1125;1275;801.0;855.0;54.0;0.06741573033707865;шт;шт;3.906;3.906;205069.0;218894.0;False;False;False
120654;"Панель фасадная ""3А"" (ПФ3А) декор";"Панель фасадная ""3А"" (ПФ3А) декор";886;1585;951.0;1015.0;64.0;0.06729758149316509;м2;м2;4.45;4.45;213708.0;228090.0;False;False;False
38432;"Панель фасадная ""1А"" (ПФ1А) декор";"Панель фасадная ""1А"" (ПФ1А) декор";872;1579;951.0;1015.0;64.0;0.06729758149316509;м2;м2;4.45;4.45;213708.0;228090.0;False;False;False
38433;"Панель фасадная ""2А"" (ПФ2А) декор";"Панель фасадная ""2А"" (ПФ2А) декор";879;1582;951.0;1015.0;64.0;0.06729758149316509;м2;м2;4.45;4.45;213708.0;228090.0;False;False;False
105437;Профиль шляпный 20х80х20 (НПШ 20х50х20) 0,7;Профиль шляпный 20х80х20 (НПШ 20х50х20) 0,7;1333;266;164.0;175.0;11.0;0.06707317073170732;п.м;п.м;0.764;0.764;214660.0;229058.0;False;False;False
105961;Штакетник 20х80х20 (ШТ 20х80х20) 0,7;Штакетник 20х80х20 (ШТ 20х80х20) 0,7;2167;273;164.0;175.0;11.0;0.06707317073170732;п.м;п.м;0.764;0.764;214660.0;229058.0;False;False;False
2694;Угол откосный 240х132 (УО240х132) 0,7х3м;Угол откосный 240х132 (УО240х132) 0,7х3м;2016;1330;1594.0;1700.0;106.0;0.06649937264742785;шт;шт;5.499;5.499;289871.0;309147.0;False;False;False
1465;Водоотлив 255 (ВО255) 0,7х3м;Водоотлив 255 (ВО255) 0,7х3м;70;1292;1345.0;1434.0;89.0;0.06617100371747212;шт;шт;4.583;4.583;293476.0;312895.0;False;False;False
2682;Угол откосный 180х132 (УО180х132) 0,7х3м;Угол откосный 180х132 (УО180х132) 0,7х3м;2007;1325;1345.0;1434.0;89.0;0.06617100371747212;шт;шт;4.583;4.583;293476.0;312895.0;False;False;False
2700;Угол откосный 240х70 (УО240х70) 0,7х3м;Угол откосный 240х70 (УО240х70) 0,7х3м;2020;1332;1345.0;1434.0;89.0;0.06617100371747212;шт;шт;4.583;4.583;293476.0;312895.0;False;False;False
105244;Профиль шляпный 20х80х20 (НПШ 20х80х20) 0,7 (Оцинк.);Профиль шляпный 20х80х20 (НПШ 20х80х20) 0,7 (Оцинк.);1337;484;106.0;113.0;7.0;0.0660377358490566;п.м;п.м;0.8064;0.8064;131448.0;140129.0;False;False;False
1585;Водоотлив 250 (Вс250) 3м (Оцинк.);Водоотлив 250 (Вс250) 3м (Оцинк.);68;1268;684.0;729.0;45.0;0.06578947368421052;шт;шт;3.255;3.255;210138.0;223963.0;False;False;False
1638;Планка откосная 180 (ОПс180) 3м (Оцинк.);Планка откосная 180 (ОПс180) 3м (Оцинк.);1121;1274;684.0;729.0;45.0;0.06578947368421052;шт;шт;3.255;3.255;210138.0;223963.0;False;False;False
1656;Угол наружный (УСНс) 3м (Оцинк.);Угол наружный (УСНс) 3м (Оцинк.);2005;1279;684.0;729.0;45.0;0.06578947368421052;шт;шт;3.255;3.255;210138.0;223963.0;False;False;False
1224;ПZ 105 без перфор. 0,7 (Оцинк.);ПZ 105 без перфор. 0,7 (Оцинк.);760;331;137.0;146.0;9.0;0.06569343065693431;п.м;п.м;1.06;1.06;129245.0;137736.0;False;False;False
2232;СпецПрофиль 0,7;СпецПрофиль 0,7;1688;1369;1441.0;1535.0;94.0;0.0652324774462179;м2;м2;4.888;4.888;294804.0;314034.0;False;False;False
1617;Конек плоский (КП) 2м (Оцинк.);Конек плоский (КП) 2м (Оцинк.);339;1183;620.0;660.0;40.0;0.06451612903225806;шт;шт;2.895;2.895;214162.0;227979.0;False;False;False
1641;Профиль пристенный (ПП) 2м (Оцинк.);Профиль пристенный (ПП) 2м (Оцинк.);1306;1186;620.0;660.0;40.0;0.06451612903225806;шт;шт;2.895;2.895;214162.0;227979.0;False;False;False
2621;Фартук нижний (ФН) 2м (Оцинк.);Фартук нижний (ФН) 2м (Оцинк.);2124;1187;620.0;660.0;40.0;0.06451612903225806;шт;шт;2.895;2.895;214162.0;227979.0;False;False;False
11180;Тяга для трубч. снегозадержателя (ТгСз/1);Тяга для трубч. снегозадержателя (ТгСз/1);1992;1660;419.0;446.0;27.0;0.06443914081145585;шт;шт;0.38;0.38;1102632.0;1173684.0;False;False;False
84793;ПГС 105x45 без перфор. 0,7 (Оцинк.);ПГС 105x45 без перфор. 0,7 (Оцинк.);924;377;140.0;149.0;9.0;0.06428571428571428;п.м;п.м;1.0477;1.0477;133626.0;142216.0;False;False;False
1459;Водоотлив 195 (ВО195)х0,7 3м;Водоотлив 195 (ВО195)х0,7 3м;65;1289;1097.0;1167.0;70.0;0.06381039197812215;шт;шт;3.666;3.666;299236.0;318331.0;False;False;False
2688;Угол откосный 180х70 (УО180х70) 0,7х3м;Угол откосный 180х70 (УО180х70) 0,7х3м;2011;1327;1097.0;1167.0;70.0;0.06381039197812215;шт;шт;3.666;3.666;299236.0;318331.0;False;False;False
2716;Уголок внутр. 125 (УВ125) 0,7х3м;Уголок внутр. 125 (УВ125) 0,7х3м;2064;1334;1097.0;1167.0;70.0;0.06381039197812215;шт;шт;3.666;3.666;299236.0;318331.0;False;False;False
2722;Уголок наруж. 125 (УН125) 0,7х3м;Уголок наруж. 125 (УН125) 0,7х3м;2080;1340;1097.0;1167.0;70.0;0.06381039197812215;шт;шт;3.666;3.666;299236.0;318331.0;False;False;False
1144;ПП 145х45 без перфор. 0,7 (Оцинк.);ПП 145х45 без перфор. 0,7 (Оцинк.);1157;419;157.0;167.0;10.0;0.06369426751592357;п.м;п.м;1.1619;1.1619;135124.0;143730.0;False;False;False
1583;Водоотлив 180 (Вс180) 3м (Оцинк.);Водоотлив 180 (Вс180) 3м (Оцинк.);62;1267;568.0;604.0;36.0;0.06338028169014084;шт;шт;2.604;2.604;218126.0;231951.0;False;False;False
1632;Нащельник (Нс) 3м (Оцинк.);Нащельник (Нс) 3м (Оцинк.);657;1270;568.0;604.0;36.0;0.06338028169014084;шт;шт;2.604;2.604;218126.0;231951.0;False;False;False
1655;Угол внутренний (УСВс) 3м (Оцинк.);Угол внутренний (УСВс) 3м (Оцинк.);2000;1278;568.0;604.0;36.0;0.06338028169014084;шт;шт;2.604;2.604;218126.0;231951.0;False;False;False
1150;ПП 170х45 без перфор. 0,7 (Оцинк.);ПП 170х45 без перфор. 0,7 (Оцинк.);1195;429;174.0;185.0;11.0;0.06321839080459771;п.м;п.м;1.289;1.289;134988.0;143522.0;False;False;False
122474;Нащельник (Нс) 3м (Колор-поток с двух сторон);Нащельник (Нс) 3м (Колор-поток с двух сторон);655;1260;1320.0;1403.0;83.0;0.06287878787878788;шт;шт;2.604;2.604;506912.0;538786.0;False;False;False
1165;ПС 145х45 без перфор. 0,7 (Оцинк.);ПС 145х45 без перфор. 0,7 (Оцинк.);1526;451;175.0;186.0;11.0;0.06285714285714286;п.м;п.м;1.3016;1.3016;134450.0;142901.0;False;False;False
1153;ПП 195х45 без перфор. 0,7 (Оцинк.);ПП 195х45 без перфор. 0,7 (Оцинк.);1212;433;191.0;203.0;12.0;0.06282722513089005;п.м;п.м;1.4159;1.4159;134897.0;143372.0;False;False;False
1156;ПП 200х45 без перфор. 0,7 (Оцинк.);ПП 200х45 без перфор. 0,7 (Оцинк.);1229;437;194.0;206.0;12.0;0.061855670103092786;п.м;п.м;1.4413;1.4413;134601.0;142927.0;False;False;False
1168;ПС 150х45 без перфор. 0,7 (Оцинк.);ПС 150х45 без перфор. 0,7 (Оцинк.);1540;455;178.0;189.0;11.0;0.06179775280898876;п.м;п.м;1.327;1.327;134137.0;142427.0;False;False;False
1228;НПГ 45х55х0,7 (Оцинк.);НПГ 45х55х0,7 (Оцинк.);660;578;65.0;69.0;4.0;0.06153846153846154;п.м;п.м;0.5016;0.5016;129585.0;137560.0;False;False;False
1176;ПС 200х45 без перфор. 0,7 (Оцинк.);ПС 200х45 без перфор. 0,7 (Оцинк.);1591;467;212.0;225.0;13.0;0.06132075471698113;п.м;п.м;1.581;1.581;134092.0;142315.0;False;False;False
1142;ПП 110х45 без перфор. 0,7 (Оцинк.);ПП 110х45 без перфор. 0,7 (Оцинк.);1148;416;133.0;141.0;8.0;0.06015037593984962;п.м;п.м;1.0631;1.0631;125106.0;132631.0;False;False;False
106779;Штакетник 20х50х20 (ШТ 20х50х20) 0,5 декор;Штакетник 20х50х20 (ШТ 20х50х20) 0,5 декор;2159;269;100.0;106.0;6.0;0.06;п.м;п.м;0.415;0.415;240964.0;255422.0;False;False;False
18852;Лист плоский нест обрезь 0,7 (Оцинк.);Лист плоский нест обрезь 0,7 (Оцинк.);563;1421;589.0;624.0;35.0;0.059422750424448216;м2;м2;5.018;5.018;117377.0;124352.0;False;False;False
63353;Лист плоский 0,7 (Оцинк.);Лист плоский 0,7 (Оцинк.);543;1412;589.0;624.0;35.0;0.059422750424448216;м2;м2;5.018;5.018;117377.0;124352.0;False;False;False
70395;Лист плоский-штрипс 0,7 (Оцинк.);Лист плоский-штрипс 0,7 (Оцинк.);572;1426;589.0;624.0;35.0;0.059422750424448216;м2;м2;5.018;5.018;117377.0;124352.0;False;False;False
1587;Ендова верхняя (ЕВ) 2м (Оцинк.);Ендова верхняя (ЕВ) 2м (Оцинк.);108;1180;491.0;520.0;29.0;0.059063136456211814;шт;шт;2.17;2.17;226267.0;239631.0;False;False;False
1618;Конек плоский 150 (КП150) 2м (Оцинк.);Конек плоский 150 (КП150) 2м (Оцинк.);342;1184;491.0;520.0;29.0;0.059063136456211814;шт;шт;2.17;2.17;226267.0;239631.0;False;False;False
60143;Профиль шляпный 40 (ПШ 40) 0,7 (Оцинк.);Профиль шляпный 40 (ПШ 40) 0,7 (Оцинк.);1365;497;120.0;127.0;7.0;0.058333333333333334;п.м;п.м;0.884;0.884;135747.0;143665.0;False;False;False
2649;Планка начальная КФ-2 (ПНКФ2) 0,7х3м;Планка начальная КФ-2 (ПНКФ2) 0,7х3м;1112;1309;655.0;693.0;38.0;0.05801526717557252;шт;шт;2.035;2.035;321867.0;340541.0;False;False;False
1661;Уголок внутр. 85 (УВс85) 3м (Оцинк.);Уголок внутр. 85 (УВс85) 3м (Оцинк.);2075;1281;467.0;494.0;27.0;0.057815845824411134;шт;шт;2.031;2.031;229936.0;243230.0;False;False;False
1662;Уголок наруж. 85 (УНс85) 3м (Оцинк.);Уголок наруж. 85 (УНс85) 3м (Оцинк.);2092;1283;467.0;494.0;27.0;0.057815845824411134;шт;шт;2.031;2.031;229936.0;243230.0;False;False;False
58414;ПZ 105 без перфор. 1,2 П350 (Оцинк.);ПZ 105 без перфор. 1,2 П350 (Оцинк.);764;650;262.0;277.0;15.0;0.05725190839694656;п.м;п.м;1.9342;1.9342;135457.0;143212.0;False;False;False
58415;ТПZ 105 с перфор. 1,2 П350 (Оцинк.);ТПZ 105 с перфор. 1,2 П350 (Оцинк.);1723;682;262.0;277.0;15.0;0.05725190839694656;п.м;п.м;1.7698;1.7698;136442.0;144253.0;False;False;False
86019;Направляющий профиль Г-образный 40 (НПГ 40) 0,9 (Оцинк.);Направляющий профиль Г-образный 40 (НПГ 40) 0,9 (Оцинк.);592;558;70.0;74.0;4.0;0.05714285714285714;п.м;п.м;0.5399;0.5399;129654.0;137062.0;False;False;False
60150;Планка начальная КФ-3 (ПНКФ3) 0,7х3м;Планка начальная КФ-3 (ПНКФ3) 0,7х3м;1116;1310;605.0;639.0;34.0;0.05619834710743802;шт;шт;1.833;1.833;330060.0;348609.0;False;False;False
119577;ТПГС 105x45 с перфор. 1,2 П350 (Оцинк.);ТПГС 105x45 с перфор. 1,2 П350 (Оцинк.) по согласованию;1737;734;267.0;282.0;15.0;0.056179775280898875;п.м;п.м;1.7385;1.7385;140900.0;148815.0;True;False;False
58427;Профиль шляпный 61 (ПШ 61) 1,2 П350 (Оцинк.);Профиль шляпный 61 (ПШ 61) 1,2 П350 (Оцинк.);1383;803;267.0;282.0;15.0;0.056179775280898875;п.м;п.м;1.9421;1.9421;137480.0;145204.0;False;False;False
89865;ПГС 100x50 без перфор. 1,2 П350 (Оцинк.);ПГС 100x50 без перфор. 1,2 П350 (Оцинк.);905;690;267.0;282.0;15.0;0.056179775280898875;п.м;п.м;1.989;1.989;134238.0;141780.0;False;False;False
1666;Фальц Classic (ФК1) 0,7 (Оцинк.);Фальц Classic (ФК1) 0,7 (Оцинк.);2105;1726;750.0;792.0;42.0;0.056;м2;м2;5.7878;5.7878;129582.0;136839.0;False;False;False
1668;Фальц Elegant (ФК2) 0,7 (Оцинк.);Фальц Elegant (ФК2) 0,7 (Оцинк.);2111;1728;750.0;792.0;42.0;0.056;м2;м2;5.7878;5.7878;129582.0;136839.0;False;False;False
1670;Фальц Pragmatic (ФК3) 0,7 (Оцинк.);Фальц Pragmatic (ФК3) 0,7 (Оцинк.);2117;1730;750.0;792.0;42.0;0.056;м2;м2;5.7454;5.7454;130539.0;137849.0;False;False;False
1672;Фальц Standart (ФК4) 0,7 (Оцинк.);Фальц Standart (ФК4) 0,7 (Оцинк.);2121;1732;750.0;792.0;42.0;0.056;м2;м2;5.5719;5.5719;134603.0;142141.0;False;False;False
1147;ПП 150х45 без перфор. 0,7 (Оцинк.);ПП 150х45 без перфор. 0,7 (Оцинк.);1175;424;161.0;170.0;9.0;0.055900621118012424;п.м;п.м;1.1873;1.1873;135602.0;143182.0;False;False;False
1581;Аквилон (Акс) 3м (Оцинк.);Аквилон (Акс) 3м (Оцинк.);22;1266;394.0;416.0;22.0;0.05583756345177665;шт;шт;1.628;1.628;242015.0;255528.0;False;False;False
1631;Наличник (НЛс) 3м (Оцинк.);Наличник (НЛс) 3м (Оцинк.);589;1269;394.0;416.0;22.0;0.05583756345177665;шт;шт;1.628;1.628;242015.0;255528.0;False;False;False
1673;Фронтон (Ф) 2м (Оцинк.);Фронтон (Ф) 2м (Оцинк.);2134;1188;414.0;437.0;23.0;0.05555555555555555;шт;шт;1.736;1.736;238479.0;251728.0;False;False;False
58426;Профиль шляпный 28 (ПШ 28) 1,2 П350 (Оцинк.);Профиль шляпный 28 (ПШ 28) 1,2 П350 (Оцинк.);1360;799;180.0;190.0;10.0;0.05555555555555555;п.м;п.м;1.2764;1.2764;141022.0;148856.0;False;False;False
86028;Направляющий профиль Г-образный 60х81 (НПГ 60х81) 1,2 П350 (Оцинк.);Направляющий профиль Г-образный 60х81 (НПГ 60х81) 1,2 П350 (Оцинк.);645;856;180.0;190.0;10.0;0.05555555555555555;п.м;п.м;1.2921;1.2921;139308.0;147047.0;False;False;False
58432;ТПС 200х65 с перфор. 1,2 П350 (Оцинк.);ТПС 200х65 с перфор. 1,2 П350 (Оцинк.);1959;840;439.0;463.0;24.0;0.05466970387243736;п.м;п.м;3.0541;3.0541;134715.0;142080.0;False;False;False
122476;Уголок наруж. 50 (УНс50) 3м (Колор-поток с двух сторон);Уголок наруж. 50 (УНс50) 3м (Колор-поток с двух сторон);2086;1264;732.0;772.0;40.0;0.0546448087431694;шт;шт;1.302;1.302;562212.0;592934.0;False;False;False
2178;Кассета угловая 1 (УКФ1) 0,7;Кассета угловая 1 (УКФ1) 0,7;157;1057;1650.0;1740.0;90.0;0.05454545454545454;м2;м2;6.11;6.11;270049.0;284779.0;False;False;False
2179;Кассета угловая 2 (УКФ2) 0,7;Кассета угловая 2 (УКФ2) 0,7;163;1081;1650.0;1740.0;90.0;0.05454545454545454;м2;м2;6.11;6.11;270049.0;284779.0;False;False;False
2180;Кассета угловая горизонт. 1 (УГКФ1) 0,7;Кассета угловая горизонт. 1 (УГКФ1) 0,7;188;1063;1650.0;1740.0;90.0;0.05454545454545454;м2;м2;6.11;6.11;270049.0;284779.0;False;False;False
2181;Кассета угловая горизонт 2 (УГКФ2) 0,7;Кассета угловая горизонт 2 (УГКФ2) 0,7;185;1088;1650.0;1740.0;90.0;0.05454545454545454;м2;м2;6.11;6.11;270049.0;284779.0;False;False;False
2185;Кассета фасадная 1 доборная (КФ1) 0,7;Кассета фасадная 1 доборная (КФ1) 0,7;200;1073;1650.0;1740.0;90.0;0.05454545454545454;м2;м2;6.11;6.11;270049.0;284779.0;False;False;False
2191;Кассета фасадная 2 доборная (КФ2) 0,7;Кассета фасадная 2 доборная (КФ2) 0,7;215;1099;1650.0;1740.0;90.0;0.05454545454545454;м2;м2;6.11;6.11;270049.0;284779.0;False;False;False
57733;Кассета угловая 3 (УКФ3) 0,7;Кассета угловая 3 (УКФ3) 0,7;170;1107;1650.0;1740.0;90.0;0.05454545454545454;м2;м2;6.11;6.11;270049.0;284779.0;False;False;False
57742;Кассета фасадная 3 доборная (КФ3) 0,7;Кассета фасадная 3 доборная (КФ3) 0,7;233;1123;1650.0;1740.0;90.0;0.05454545454545454;м2;м2;6.11;6.11;270049.0;284779.0;False;False;False
71690;Кассета угловая 4/17 (УКФ4/17) 0,7;Кассета угловая 4/17 (УКФ4/17) 0,7;175;1129;1650.0;1740.0;90.0;0.05454545454545454;м2;м2;6.11;6.11;270049.0;284779.0;False;False;False
71707;Кассета фасадная 4/17 доборная (КФ4/17) 0,7;Кассета фасадная 4/17 доборная (КФ4/17) 0,7;243;1139;1650.0;1740.0;90.0;0.05454545454545454;м2;м2;6.11;6.11;270049.0;284779.0;False;False;False
71717;Кассета угловая 4/30 (УКФ4/30) 0,7;Кассета угловая 4/30 (УКФ4/30) 0,7;180;1145;1650.0;1740.0;90.0;0.05454545454545454;м2;м2;6.11;6.11;270049.0;284779.0;False;False;False
71734;Кассета фасадная 4/30 доборная (КФ4/30) 0,7;Кассета фасадная 4/30 доборная (КФ4/30) 0,7;253;1155;1650.0;1740.0;90.0;0.05454545454545454;м2;м2;6.11;6.11;270049.0;284779.0;False;False;False
104959;Профиль шляпный 20х80х20 (НПШ 20х80х20) 1,2 П350 (Оцинк.);Профиль шляпный 20х80х20 (НПШ 20х80х20) 1,2 П350 (Оцинк.);1345;797;203.0;214.0;11.0;0.054187192118226604;п.м;п.м;1.4487;1.4487;140126.0;147719.0;False;False;False
58397;ТПС 195х45 с перфор. 1,2 П350 (Оцинк.);ТПС 195х45 с перфор. 1,2 П350 (Оцинк.);1931;835;388.0;409.0;21.0;0.05412371134020619;п.м;п.м;2.6312;2.6312;136919.0;144329.0;False;False;False
58413;ТПП 220х45 с перфор. 1,2 П350 (Оцинк.);ТПП 220х45 с перфор. 1,2 П350 (Оцинк.);1855;820;388.0;409.0;21.0;0.05412371134020619;п.м;п.м;2.6234;2.6234;137326.0;144758.0;False;False;False
137919;ТПГС 145x50 с перфор. 1,2 П350 (Оцинк.);ТПГС 145x50 с перфор. 1,2 П350 (Оцинк.);1739;735;334.0;352.0;18.0;0.05389221556886228;п.м;п.м;2.1919;2.1919;139286.0;146793.0;False;False;False
58416;ПГС 145x50 без перфор. 1,2 П350 (Оцинк.);ПГС 145x50 без перфор. 1,2 П350 (Оцинк.);933;696;334.0;352.0;18.0;0.05389221556886228;п.м;п.м;2.4119;2.4119;138480.0;145943.0;False;False;False
58429;ТПС 150х45 с перфор. 1,2 П350 (Оцинк.);ТПС 150х45 с перфор. 1,2 П350 (Оцинк.);1897;829;334.0;352.0;18.0;0.05389221556886228;п.м;п.м;2.2083;2.2083;138759.0;146237.0;False;False;False
58442;ПС 145х45 без перфор. 1,2 П350 (Оцинк.);ПС 145х45 без перфор. 1,2 П350 (Оцинк.);1532;775;334.0;352.0;18.0;0.05389221556886228;п.м;п.м;2.3791;2.3791;140389.0;147955.0;False;False;False
58449;Направляющий профиль Г-образный 50 (НПГ 50) 1,2 П350 (Оцинк.);Направляющий профиль Г-образный 50 (НПГ 50) 1,2 П350 (Оцинк.);613;850;130.0;137.0;7.0;0.05384615384615385;п.м;п.м;0.9084;0.9084;143109.0;150815.0;False;False;False
72509;Уголок 50 (L50) 1,2 П350 (Оцинк.);Уголок 50 (L50) 1,2 П350 (Оцинк.);2055;868;130.0;137.0;7.0;0.05384615384615385;п.м;п.м;0.923;0.923;140845.0;148429.0;False;False;False
86024;Направляющий профиль Г-образный 60х44 (НПГ 60х44) 1,2 П350 (Оцинк.);Направляющий профиль Г-образный 60х44 (НПГ 60х44) 1,2 П350 (Оцинк.);629;853;130.0;137.0;7.0;0.05384615384615385;п.м;п.м;0.9475;0.9475;137203.0;144591.0;False;False;False
89730;ПZ 180 без перфор. 1,2 П350 (Оцинк.);ПZ 180 без перфор. 1,2 П350 (Оцинк.);792;659;430.0;453.0;23.0;0.053488372093023255;п.м;п.м;3.1402;3.1402;136934.0;144258.0;False;False;False
58430;ТПС 150х65 с перфор. 1,2 П350 (Оцинк.);ТПС 150х65 с перфор. 1,2 П350 (Оцинк.);1913;832;374.0;394.0;20.0;0.053475935828877004;п.м;п.м;2.5842;2.5842;134254.0;141433.0;False;False;False
58448;ПС 245х65 без перфор. 1,2 П350 (Оцинк.);ПС 245х65 без перфор. 1,2 П350 (Оцинк.);1631;791;506.0;533.0;27.0;0.0533596837944664;п.м;п.м;3.6939;3.6939;136983.0;144292.0;False;False;False
58411;ТПП 195х45 с перфор. 1,2 П350 (Оцинк.);ТПП 195х45 с перфор. 1,2 П350 (Оцинк.);1825;814;357.0;376.0;19.0;0.05322128851540616;п.м;п.м;2.3884;2.3884;137890.0;145228.0;False;False;False
58450;Угол специальный 90 гр. 1,2 П350 (Оцинк.);Угол специальный 90 гр. 1,2 П350 (Оцинк.);2029;859;1298.0;1367.0;69.0;0.053158705701078585;п.м;п.м;9.23;9.23;140628.0;148104.0;False;False;False
58420;ПГС 245х65 без перфор. 1,2 П350 (Оцинк.);ПГС 245х65 без перфор. 1,2 П350 (Оцинк.);1009;711;511.0;538.0;27.0;0.05283757338551859;п.м;п.м;3.7667;3.7667;135663.0;142831.0;False;False;False
58421;ТПГС 245х65 с перфор. 1,2 П350 (Оцинк.);ТПГС 245х65 с перфор. 1,2 П350 (Оцинк.);1755;739;511.0;538.0;27.0;0.05283757338551859;п.м;п.м;3.5474;3.5474;136152.0;143346.0;False;False;False
2182;Кассета фасадная 1 (КФ1) 0,7;Кассета фасадная 1 (КФ1) 0,7;192;1066;1477.0;1555.0;78.0;0.052809749492213946;м2;м2;6.11;6.11;241735.0;254501.0;False;False;False
2188;Кассета фасадная 2 (КФ2) 0,7;Кассета фасадная 2 (КФ2) 0,7;208;1092;1477.0;1555.0;78.0;0.052809749492213946;м2;м2;6.11;6.11;241735.0;254501.0;False;False;False
57738;Кассета фасадная 3 (КФ3) 0,7;Кассета фасадная 3 (КФ3) 0,7;228;1118;1477.0;1555.0;78.0;0.052809749492213946;м2;м2;6.11;6.11;241735.0;254501.0;False;False;False
71697;Кассета фасадная 4/17 (КФ4/17) 0,7;Кассета фасадная 4/17 (КФ4/17) 0,7;238;1134;1477.0;1555.0;78.0;0.052809749492213946;м2;м2;6.11;6.11;241735.0;254501.0;False;False;False
71724;Кассета фасадная 4/30 (КФ4/30) 0,7;Кассета фасадная 4/30 (КФ4/30) 0,7;248;1150;1477.0;1555.0;78.0;0.052809749492213946;м2;м2;6.11;6.11;241735.0;254501.0;False;False;False
58443;ПС 150х45 без перфор. 1,2 П350 (Оцинк.);ПС 150х45 без перфор. 1,2 П350 (Оцинк.);1546;777;341.0;359.0;18.0;0.05278592375366569;п.м;п.м;2.4261;2.4261;140555.0;147974.0;False;False;False
89722;ПZ 140 без перфор. 1,2 П350 (Оцинк.);ПZ 140 без перфор. 1,2 П350 (Оцинк.);770;651;379.0;399.0;20.0;0.052770448548812667;п.м;п.м;2.7643;2.7643;137105.0;144340.0;False;False;False
89734;ПZ 200 без перфор. 1,2 П350 (Оцинк.);ПZ 200 без перфор. 1,2 П350 (Оцинк.);805;663;455.0;479.0;24.0;0.05274725274725275;п.м;п.м;3.3281;3.3281;136715.0;143926.0;False;False;False
77104;Ограждение кровельное 600 Monterrey (КОр600 Monterrey) 2,2м;Ограждение кровельное 600 Monterrey (КОр600 Monterrey) 2,2м;739;1644;2105.0;2216.0;111.0;0.052731591448931116;шт;шт;7.04;7.04;299006.0;314773.0;False;False;False
102381;ТПП 250х65 с перфор. 1,2 П350 (Оцинк.);ТПП 250х65 с перфор. 1,2 П350 (Оцинк.);1867;823;475.0;500.0;25.0;0.05263157894736842;п.м;п.м;3.2811;3.2811;136189.0;143356.0;False;False;False
118124;Направляющий профиль Г-образный 40 (НПГ 40) 1,0 (Оцинк.);Направляющий профиль Г-образный 40 (НПГ 40) 1,0 (Оцинк.);594;559;76.0;80.0;4.0;0.05263157894736842;п.м;п.м;0.6027;0.6027;126099.0;132736.0;False;False;False
118267;Кронштейн выравнивающий П-200 (КВП 200) (Оцинк.);Кронштейн выравнивающий П-200 (КВП 200) (Оцинк.);357;279;19.0;20.0;1.0;0.05263157894736842;шт;шт;0.15;0.15;126667.0;133333.0;False;False;False
1244;Профиль шляпный 28 (ПШ 28) 0,7 (Оцинк.);Профиль шляпный 28 (ПШ 28) 0,7 (Оцинк.);1353;493;95.0;100.0;5.0;0.05263157894736842;п.м;п.м;0.6984;0.6984;136025.0;143184.0;False;False;False
2348;Замок 100 (З100);Замок 100 (З100);139;1685;57.0;60.0;3.0;0.05263157894736842;шт;шт;0.1;0.1;570000.0;600000.0;False;False;False
58422;ПГС 300х80 без перфор. 1,2 П350 (Оцинк.);ПГС 300х80 без перфор. 1,2 П350 (Оцинк.);1027;715;628.0;661.0;33.0;0.052547770700636945;п.м;п.м;4.5654;4.5654;137556.0;144785.0;False;False;False
58444;ПС 150х65 без перфор. 1,2 П350 (Оцинк.);ПС 150х65 без перфор. 1,2 П350 (Оцинк.);1562;780;381.0;401.0;20.0;0.05249343832020997;п.м;п.м;2.8017;2.8017;135989.0;143127.0;False;False;False
58436;ПП 150х45 без перфор. 1,2 П350 (Оцинк.);ПП 150х45 без перфор. 1,2 П350 (Оцинк.);1181;750;305.0;321.0;16.0;0.05245901639344262;п.м;п.м;2.1848;2.1848;139601.0;146924.0;False;False;False
89870;ПГС 100x60 без перфор. 1,2 П350 (Оцинк.);ПГС 100x60 без перфор. 1,2 П350 (Оцинк.);917;693;305.0;321.0;16.0;0.05245901639344262;п.м;п.м;2.177;2.177;140101.0;147451.0;False;False;False
89880;НПГС 100x60 без перфор. 1,2 П350 (Оцинк.);НПГС 100x60 без перфор. 1,2 П350 (Оцинк.);695;687;305.0;321.0;16.0;0.05245901639344262;п.м;п.м;2.177;2.177;140101.0;147451.0;False;False;False
60144;Профиль шляпный 40 (ПШ 40) 1,2 П350 (Оцинк.);Профиль шляпный 40 (ПШ 40) 1,2 П350 (Оцинк.);1371;801;229.0;241.0;12.0;0.05240174672489083;п.м;п.м;1.668;1.668;137290.0;144484.0;False;False;False
58412;ТПП 200х45 с перфор. 1,2 П350 (Оцинк.);ТПП 200х45 с перфор. 1,2 П350 (Оцинк.);1838;816;363.0;382.0;19.0;0.05234159779614325;п.м;п.м;2.4354;2.4354;137628.0;144832.0;False;False;False
58433;ТПС 245х65 с перфор. 1,2 П350 (Оцинк.);ТПС 245х65 с перфор. 1,2 П350 (Оцинк.);1976;843;497.0;523.0;26.0;0.052313883299798795;п.м;п.м;3.4769;3.4769;134980.0;142041.0;False;False;False
58410;ТПП 170х45 с перфор. 1,2 П350 (Оцинк.);ТПП 170х45 с перфор. 1,2 П350 (Оцинк.);1812;812;325.0;342.0;17.0;0.052307692307692305;п.м;п.м;2.1509;2.1509;137114.0;144286.0;False;False;False
1647;Профиль шляпный 20 (НПШ20) 0,7х3м;Профиль шляпный 20 (НПШ20) 0,7х3м;1308;1320;803.0;845.0;42.0;0.052303860523038606;шт;шт;2.291;2.291;350502.0;368835.0;False;False;False
77100;Ограждение кровельное 600 H-75 (КОр600 Н-75) 2,28м;Ограждение кровельное 600 H-75 (КОр600 Н-75) 2,28м;735;1640;2145.0;2257.0;112.0;0.052214452214452214;шт;шт;8.0;8.0;268125.0;282125.0;False;False;False
58438;ПП 195х45 без перфор. 1,2 П350 (Оцинк.);ПП 195х45 без перфор. 1,2 П350 (Оцинк.);1218;758;364.0;383.0;19.0;0.0521978021978022;п.м;п.м;2.6077;2.6077;139587.0;146873.0;False;False;False
58418;ПГС 195х70 без перфор. 1,2 П350 (Оцинк.);ПГС 195х70 без перфор. 1,2 П350 (Оцинк.);973;704;461.0;485.0;24.0;0.052060737527114966;п.м;п.м;3.3908;3.3908;135956.0;143034.0;False;False;False
58407;ТПП 110х45 с перфор. 1,2 П350 (Оцинк.);ТПП 110х45 с перфор. 1,2 П350 (Оцинк.);1779;807;250.0;263.0;13.0;0.052;п.м;п.м;1.6445;1.6445;139342.0;146588.0;False;False;False
89741;ПZ 220 без перфор. 1,2 П350 (Оцинк.);ПZ 220 без перфор. 1,2 П350 (Оцинк.);822;667;481.0;506.0;25.0;0.05197505197505198;п.м;п.м;3.5161;3.5161;136799.0;143909.0;False;False;False
63356;Лист плоский 1,2 (Оцинк.);Лист плоский 1,2 (Оцинк.);552;1415;1118.0;1176.0;58.0;0.0518783542039356;м2;м2;9.23;9.23;121127.0;127411.0;False;False;False
70397;Лист плоский-штрипс 1,2 (Оцинк.);Лист плоский-штрипс 1,2 (Оцинк.);575;1429;1118.0;1176.0;58.0;0.0518783542039356;м2;м2;9.23;9.23;121127.0;127411.0;False;False;False
58423;ПГС-сигма 200х65x20 без перфор. 1,2 П350 (Оцинк.);ПГС-сигма 200х65x20 без перфор. 1,2 П350 (Оцинк.);1044;719;482.0;507.0;25.0;0.05186721991701245;п.м;п.м;3.5317;3.5317;136478.0;143557.0;False;False;False
89726;ПZ 160 без перфор. 1,2 П350 (Оцинк.);ПZ 160 без перфор. 1,2 П350 (Оцинк.);783;655;405.0;426.0;21.0;0.05185185185185185;п.м;п.м;2.9522;2.9522;137186.0;144299.0;False;False;False
58425;ПГС-сигма 300х80x20 без перфор. 1,2 П350 (Оцинк.);ПГС-сигма 300х80x20 без перфор. 1,2 П350 (Оцинк.);1082;729;656.0;690.0;34.0;0.051829268292682924;п.м;п.м;4.7534;4.7534;138006.0;145159.0;False;False;False
58428;ТПС 145х45 с перфор. 1,2 П350 (Оцинк.);ТПС 145х45 с перфор. 1,2 П350 (Оцинк.);1885;827;328.0;345.0;17.0;0.051829268292682924;п.м;п.м;2.1613;2.1613;138975.0;146178.0;False;False;False
18848;Лист плоский 0,7 нест обрезь;Лист плоский 0,7 нест обрезь;544;1436;965.0;1015.0;50.0;0.05181347150259067;м2;м2;4.888;4.888;197422.0;207651.0;False;False;False
63346;Лист плоский 0,7;Лист плоский 0,7;540;1435;965.0;1015.0;50.0;0.05181347150259067;м2;м2;4.888;4.888;197422.0;207651.0;False;False;False
70382;Лист плоский-штрипс 0,7;Лист плоский-штрипс 0,7;571;1441;965.0;1015.0;50.0;0.05181347150259067;м2;м2;4.888;4.888;197422.0;207651.0;False;False;False
58446;ПС 200х45 без перфор. 1,2 П350 (Оцинк.);ПС 200х45 без перфор. 1,2 П350 (Оцинк.);1597;785;406.0;427.0;21.0;0.05172413793103448;п.м;п.м;2.8957;2.8957;140208.0;147460.0;False;False;False
58441;ПП 250х65 без перфор. 1,2 П350 (Оцинк.);ПП 250х65 без перфор. 1,2 П350 (Оцинк.);1269;770;484.0;509.0;25.0;0.05165289256198347;п.м;п.м;3.5004;3.5004;138270.0;145412.0;False;False;False
1928;Держатель трубы 150 (ДТ150);Держатель трубы 150 (ДТ150);90;1708;253.0;266.0;13.0;0.05138339920948617;шт;шт;0.425;0.425;595294.0;625882.0;False;False;False
46237;Держатель трубы 150 (ДТ150) (Колор-поток);Держатель трубы 150 (ДТ150) (Колор-поток);91;1698;253.0;266.0;13.0;0.05138339920948617;шт;шт;0.425;0.425;595294.0;625882.0;False;False;False
58437;ПП 170х45 без перфор. 1,2 П350 (Оцинк.);ПП 170х45 без перфор. 1,2 П350 (Оцинк.);1201;754;331.0;348.0;17.0;0.0513595166163142;п.м;п.м;2.3728;2.3728;139498.0;146662.0;False;False;False
58439;ПП 200х45 без перфор. 1,2 П350 (Оцинк.);ПП 200х45 без перфор. 1,2 П350 (Оцинк.);1235;762;370.0;389.0;19.0;0.051351351351351354;п.м;п.м;2.6547;2.6547;139375.0;146533.0;False;False;False
58447;ПС 200х65 без перфор. 1,2 П350 (Оцинк.);ПС 200х65 без перфор. 1,2 П350 (Оцинк.);1614;788;448.0;471.0;23.0;0.05133928571428571;п.м;п.м;3.2713;3.2713;136949.0;143979.0;False;False;False
58424;ПГС-сигма 245х80x20 без перфор. 1,2 П350 (Оцинк.);ПГС-сигма 245х80x20 без перфор. 1,2 П350 (Оцинк.);1063;724;585.0;615.0;30.0;0.05128205128205128;п.м;п.м;4.2365;4.2365;138086.0;145167.0;False;False;False
77096;Ограждение кровельное 600 C-44 (КОр600 С-44) 2,4м;Ограждение кровельное 600 C-44 (КОр600 С-44) 2,4м;731;1636;2186.0;2298.0;112.0;0.05123513266239707;шт;шт;7.68;7.68;284635.0;299219.0;False;False;False
58408;ТПП 145х45 с перфор. 1,2 П350 (Оцинк.);ТПП 145х45 с перфор. 1,2 П350 (Оцинк.);1787;808;293.0;308.0;15.0;0.051194539249146756;п.м;п.м;1.9186;1.9186;138455.0;145543.0;False;False;False
1934;Патрубок 150 (П150);Патрубок 150 (П150);896;1713;470.0;494.0;24.0;0.05106382978723404;шт;шт;0.716;0.716;656425.0;689944.0;False;False;False
46239;Патрубок 150 (П150) (Колор-поток);Патрубок 150 (П150) (Колор-поток);897;1702;470.0;494.0;24.0;0.05106382978723404;шт;шт;0.716;0.716;656425.0;689944.0;False;False;False
63361;Лист плоский 1,0 (Колор-поток) не стандарт, не для гибки;Лист плоский 1,0 (Колор-поток) не стандарт, не для гибки;548;1403;1332.0;1400.0;68.0;0.05105105105105105;м2;м2;7.3;7.3;182466.0;191781.0;False;False;False
2343;Воронка 100 (В100);Воронка 100 (В100);75;1679;490.0;515.0;25.0;0.05102040816326531;шт;шт;0.7;0.7;700000.0;735714.0;False;False;False
46222;Воронка 100 (В100) (Колор-поток);Воронка 100 (В100) (Колор-поток);76;1664;490.0;515.0;25.0;0.05102040816326531;шт;шт;0.7;0.7;700000.0;735714.0;False;False;False
58434;ПП 110х45 без перфор. 1,2 П350 (Оцинк.);ПП 110х45 без перфор. 1,2 П350 (Оцинк.);1154;745;255.0;268.0;13.0;0.050980392156862744;п.м;п.м;1.8089;1.8089;140970.0;148156.0;False;False;False
89525;Ограждение кровельное 600 усиленное (КОУ600) 2,2м (Колор-поток);Ограждение кровельное 600 усиленное (КОУ600) 2,2м (Колор-поток);744;1649;6552.0;6886.0;334.0;0.050976800976800976;шт;шт;;;***;***;False;False;False
2353;Элемент желоба соединительный 100 (ЭЖС100);Элемент желоба соединительный 100 (ЭЖС100);2172;1693;334.0;351.0;17.0;0.05089820359281437;шт;шт;0.2;0.2;1670000.0;1755000.0;False;False;False
46244;Элемент желоба соединительный 100 (ЭЖС100) (Колор-поток);Элемент желоба соединительный 100 (ЭЖС100) (Колор-поток);2173;1677;334.0;351.0;17.0;0.05089820359281437;шт;шт;0.2;0.2;1670000.0;1755000.0;False;False;False
89875;НПГС 100x50 без перфор. 1,2 П350 (Оцинк.);НПГС 100x50 без перфор. 1,2 П350 (Оцинк.);672;684;276.0;290.0;14.0;0.050724637681159424;п.м;п.м;1.989;1.989;138763.0;145802.0;False;False;False
2346;Заглушка желоба 100 (ЗЖ100);Заглушка желоба 100 (ЗЖ100);115;1684;158.0;166.0;8.0;0.05063291139240506;шт;шт;0.05;0.05;3160000.0;3320000.0;False;False;False
46229;Заглушка желоба 100 (ЗЖ100) (Колор-поток);Заглушка желоба 100 (ЗЖ100) (Колор-поток);116;1669;158.0;166.0;8.0;0.05063291139240506;шт;шт;0.05;0.05;3160000.0;3320000.0;False;False;False
224;Колено сливное 150 штамп. (КСл150);Колено сливное 150 штамп. (КСл150);272;1711;594.0;624.0;30.0;0.050505050505050504;шт;шт;0.756;0.756;785714.0;825397.0;False;False;False
226;Колено сливное 150 штамп. (КСл150) (Колор-поток);Колено сливное 150 штамп. (КСл150) (Колор-поток);273;1700;594.0;624.0;30.0;0.050505050505050504;шт;шт;0.756;0.756;785714.0;825397.0;False;False;False
1718;Угловой желоб 150 с соединителями (УУЖ150);Угловой желоб 150 с соединителями (УУЖ150);1995;1714;714.0;750.0;36.0;0.05042016806722689;шт;шт;1.347;1.347;530067.0;556793.0;False;False;False
236;Колено угловое 150 штамп. (КУг150);Колено угловое 150 штамп. (КУг150);278;1712;595.0;625.0;30.0;0.05042016806722689;шт;шт;0.756;0.756;787037.0;826720.0;False;False;False
237;Колено угловое 150 штамп. (КУг150) (Колор-поток);Колено угловое 150 штамп. (КУг150) (Колор-поток);279;1701;595.0;625.0;30.0;0.05042016806722689;шт;шт;0.756;0.756;787037.0;826720.0;False;False;False
46240;Угловой желоб 150 с соединителями (УУЖ150) (Колор-поток);Угловой желоб 150 с соединителями (УУЖ150) (Колор-поток);1996;1703;714.0;750.0;36.0;0.05042016806722689;шт;шт;1.347;1.347;530067.0;556793.0;False;False;False
58417;ПГС 145х70 без перфор. 1,2 П350 (Оцинк.);ПГС 145х70 без перфор. 1,2 П350 (Оцинк.);950;700;397.0;417.0;20.0;0.05037783375314862;п.м;п.м;2.8818;2.8818;137761.0;144701.0;False;False;False
58419;ПГС 200х45 без перфор. 1,2 П350 (Оцинк.);ПГС 200х45 без перфор. 1,2 П350 (Оцинк.);993;708;397.0;417.0;20.0;0.05037783375314862;п.м;п.м;2.815;2.815;141030.0;148135.0;False;False;False
58440;ПП 220х45 без перфор. 1,2 П350 (Оцинк.);ПП 220х45 без перфор. 1,2 П350 (Оцинк.);1253;766;397.0;417.0;20.0;0.05037783375314862;п.м;п.м;2.8426;2.8426;139661.0;146697.0;False;False;False
58445;ПС 195х45 без перфор. 1,2 П350 (Оцинк.);ПС 195х45 без перфор. 1,2 П350 (Оцинк.);1582;783;397.0;417.0;20.0;0.05037783375314862;п.м;п.м;2.8487;2.8487;139362.0;146383.0;False;False;False
1962;Колено сливное 100 штамп. (КСл100);Колено сливное 100 штамп. (КСл100);270;1687;378.0;397.0;19.0;0.05026455026455026;шт;шт;0.485;0.485;779381.0;818557.0;False;False;False
2194;Колено сливное 100 гофр. (КСл);Колено сливное 100 гофр. (КСл);268;1686;378.0;397.0;19.0;0.05026455026455026;шт;шт;0.552;0.552;684783.0;719203.0;False;False;False
2195;Колено угловое 100 гофр. (КУг);Колено угловое 100 гофр. (КУг);274;1688;378.0;397.0;19.0;0.05026455026455026;шт;шт;0.552;0.552;684783.0;719203.0;False;False;False
2233;Труба водосточная 100 (ТрВ100);Труба водосточная 100 (ТрВ100);1989;1691;478.0;502.0;24.0;0.0502092050209205;п.м;п.м;1.109;1.109;431019.0;452660.0;False;False;False
121062;Лист плоский 1,2 (Колор-поток с двух сторон) не стандарт, не для гибки;Лист плоский 1,2 (Колор-поток с двух сторон) не стандарт, не для гибки;550;1404;1973.0;2072.0;99.0;0.050177394830207805;м2;м2;9.23;9.23;213759.0;224485.0;False;False;False
58435;ПП 145х45 без перфор. 1,2 П350 (Оцинк.);ПП 145х45 без перфор. 1,2 П350 (Оцинк.);1163;746;299.0;314.0;15.0;0.05016722408026756;п.м;п.м;2.1378;2.1378;139863.0;146880.0;False;False;False
58431;ТПС 200х45 с перфор. 1,2 П350 (Оцинк.);ТПС 200х45 с перфор. 1,2 П350 (Оцинк.);1943;837;399.0;419.0;20.0;0.05012531328320802;п.м;п.м;2.6782;2.6782;138458.0;145398.0;False;False;False
71194;Лист плоский с плёнкой 0,7;Лист плоский с плёнкой 0,7;568;1439;979.0;1028.0;49.0;0.05005107252298264;м2;м2;4.888;4.888;200286.0;210311.0;False;False;False
105199;Кронштейн выравнивающий усиленный Г-50х230 (КВГУ 50х230) 1,2 П350 (Оцинк.);Кронштейн выравнивающий усиленный Г-50х230 (КВГУ 50х230) 1,2 П350 (Оцинк.);413;618;20.0;21.0;1.0;0.05;шт;шт;0.144;0.144;138889.0;145833.0;False;False;False
58409;ТПП 150х45 с перфор. 1,2 П350 (Оцинк.);ТПП 150х45 с перфор. 1,2 П350 (Оцинк.);1799;810;300.0;315.0;15.0;0.05;п.м;п.м;1.9656;1.9656;138750.0;145688.0;False;False;False
69319;Фальц Classic (ФК1) 0,7 (Колор-поток);Фальц Classic (ФК1) 0,7 (Колор-поток);2104;1719;1260.0;1323.0;63.0;0.05;м2;м2;5.7878;5.7878;217698.0;228583.0;False;False;False
69321;Фальц Elegant (ФК2) 0,7 (Колор-поток);Фальц Elegant (ФК2) 0,7 (Колор-поток);2110;1721;1260.0;1323.0;63.0;0.05;м2;м2;5.7878;5.7878;217698.0;228583.0;False;False;False
69323;Фальц Pragmatic (ФК3) 0,7 (Колор-поток);Фальц Pragmatic (ФК3) 0,7 (Колор-поток);2116;1723;1260.0;1323.0;63.0;0.05;м2;м2;5.7454;5.7454;219305.0;230270.0;False;False;False
1471;Желоб 100 (Ж100) (Колор-поток);Желоб 100 (Ж100) (Колор-поток);114;1668;561.0;589.0;28.0;0.049910873440285206;п.м;п.м;0.831;0.831;675090.0;708785.0;False;False;False
2175;Желоб 100 (Ж100);Желоб 100 (Ж100);113;1683;381.0;400.0;19.0;0.049868766404199474;п.м;п.м;0.831;0.831;458484.0;481348.0;False;False;False
1931;Элемент желоба соединительный 150 (ЭЖС150);Элемент желоба соединительный 150 (ЭЖС150);2174;1715;361.0;379.0;18.0;0.04986149584487535;шт;шт;0.36;0.36;1002778.0;1052778.0;False;False;False
46242;Элемент желоба соединительный 150 (ЭЖС150) (Колор-поток);Элемент желоба соединительный 150 (ЭЖС150) (Колор-поток);2175;1704;361.0;379.0;18.0;0.04986149584487535;шт;шт;0.36;0.36;1002778.0;1052778.0;False;False;False
71193;Лист плоский с плёнкой;Лист плоский с плёнкой;567;1438;562.0;590.0;28.0;0.0498220640569395;м2;м2;3.323;3.323;169124.0;177550.0;False;False;False
69318;Фальц Classic (ФК1) (Колор-поток);Фальц Classic (ФК1) (Колор-поток);2101;1718;1024.0;1075.0;51.0;0.0498046875;м2;м2;4.0037;4.0037;255764.0;268502.0;False;False;False
69320;Фальц Elegant (ФК2) (Колор-поток);Фальц Elegant (ФК2) (Колор-поток);2107;1720;1024.0;1075.0;51.0;0.0498046875;м2;м2;4.0037;4.0037;255764.0;268502.0;False;False;False
69322;Фальц Pragmatic (ФК3) (Колор-поток);Фальц Pragmatic (ФК3) (Колор-поток);2113;1722;1024.0;1075.0;51.0;0.0498046875;м2;м2;3.9744;3.9744;257652.0;270484.0;False;False;False
1553;Труба водосточная 100 (ТрВ100) (Колор-поток);Труба водосточная 100 (ТрВ100) (Колор-поток);1990;1675;723.0;759.0;36.0;0.04979253112033195;п.м;п.м;1.109;1.109;651939.0;684400.0;False;False;False
1588;Карниз (К) 2м (Оцинк.);Карниз (К) 2м (Оцинк.);154;1182;362.0;380.0;18.0;0.049723756906077346;шт;шт;1.445;1.445;250519.0;262976.0;False;False;False
2057;Фронтон фальц 45 (Ф45) 2м (Оцинк.);Фронтон фальц 45 (Ф45) 2м (Оцинк.);2138;1189;362.0;380.0;18.0;0.049723756906077346;шт;шт;1.445;1.445;250519.0;262976.0;False;False;False
89574;Лист плоский 1,2 (Колор-поток) не стандарт, не для гибки;Лист плоский 1,2 (Колор-поток) не стандарт, не для гибки;551;1405;1629.0;1710.0;81.0;0.049723756906077346;м2;м2;9.23;9.23;176490.0;185265.0;False;False;False
118058;Профиль шляпный 20х50х20 (НПШ 20х50х20) 1,0 (Оцинк.);Профиль шляпный 20х50х20 (НПШ 20х50х20) 1,0 (Оцинк.);1321;486;121.0;127.0;6.0;0.049586776859504134;п.м;п.м;0.9784;0.9784;123671.0;129804.0;False;False;False
2345;Держатель трубы 100 (ДТ100);Держатель трубы 100 (ДТ100);88;1682;202.0;212.0;10.0;0.04950495049504951;шт;шт;0.1;0.1;2020000.0;2120000.0;False;False;False
46228;Держатель трубы 100 (ДТ100) (Колор-поток);Держатель трубы 100 (ДТ100) (Колор-поток);89;1667;202.0;212.0;10.0;0.04950495049504951;шт;шт;0.1;0.1;2020000.0;2120000.0;False;False;False
285;Воронка 150 (В150);Воронка 150 (В150);77;1706;687.0;721.0;34.0;0.049490538573508006;шт;шт;1.375;1.375;499636.0;524364.0;False;False;False
46225;Воронка 150 (В150) (Колор-поток);Воронка 150 (В150) (Колор-поток);78;1696;687.0;721.0;34.0;0.049490538573508006;шт;шт;1.375;1.375;499636.0;524364.0;False;False;False
46243;Угловой желоб 100 с соединителями (УУЖ100) (Колор-поток);Угловой желоб 100 с соединителями (УУЖ100) (Колор-поток);1994;1676;648.0;680.0;32.0;0.04938271604938271;шт;шт;0.58;0.58;1117241.0;1172414.0;False;False;False
776;Угловой желоб 100 с соединителями (УУЖ100);Угловой желоб 100 с соединителями (УУЖ100);1993;1692;648.0;680.0;32.0;0.04938271604938271;шт;шт;0.58;0.58;1117241.0;1172414.0;False;False;False
18845;Лист плоский нест. обрезь;Лист плоский нест. обрезь;535;1434;549.0;576.0;27.0;0.04918032786885246;м2;м2;3.323;3.323;165212.0;173337.0;False;False;False
1963;Колено угловое 100 штамп. (КУг100);Колено угловое 100 штамп. (КУг100);276;1689;427.0;448.0;21.0;0.04918032786885246;шт;шт;0.485;0.485;880412.0;923711.0;False;False;False
1967;Колено угловое 100 штамп. (КУг100) (Колор-поток);Колено угловое 100 штамп. (КУг100) (Колор-поток);277;1673;427.0;448.0;21.0;0.04918032786885246;шт;шт;0.485;0.485;880412.0;923711.0;False;False;False
63344;Лист плоский;Лист плоский;534;1433;549.0;576.0;27.0;0.04918032786885246;м2;м2;3.323;3.323;165212.0;173337.0;False;False;False
70381;Лист плоский-штрипс;Лист плоский-штрипс;569;1440;549.0;576.0;27.0;0.04918032786885246;м2;м2;3.323;3.323;165212.0;173337.0;False;False;False
2349;Патрубок 100 (П100);Патрубок 100 (П100);894;1690;407.0;427.0;20.0;0.04914004914004914;шт;шт;0.4;0.4;1017500.0;1067500.0;False;False;False
46230;Патрубок 100 (П100) (Колор-поток);Патрубок 100 (П100) (Колор-поток);895;1674;407.0;427.0;20.0;0.04914004914004914;шт;шт;0.4;0.4;1017500.0;1067500.0;False;False;False
105346;Профиль шляпный 20х50х20 (НПШ 20х50х20) 1,2 П350 (Оцинк.);Профиль шляпный 20х50х20 (НПШ 20х50х20) 1,2 П350 (Оцинк.);1325;795;163.0;171.0;8.0;0.049079754601226995;п.м;п.м;1.1668;1.1668;139698.0;146555.0;False;False;False
1505;Колено сливное 100 гофр. (КСл) (Колор-поток);Колено сливное 100 гофр. (КСл) (Колор-поток);269;1670;469.0;492.0;23.0;0.04904051172707889;шт;шт;0.552;0.552;849638.0;891304.0;False;False;False
1506;Колено угловое 100 гофр. (КУг) (Колор-поток);Колено угловое 100 гофр. (КУг) (Колор-поток);275;1672;469.0;492.0;23.0;0.04904051172707889;шт;шт;0.552;0.552;849638.0;891304.0;False;False;False
1966;Колено сливное 100 штамп. (КСл100) (Колор-поток);Колено сливное 100 штамп. (КСл100) (Колор-поток);271;1671;469.0;492.0;23.0;0.04904051172707889;шт;шт;0.485;0.485;967010.0;1014433.0;False;False;False
86020;Направляющий профиль Г-образный 40 (НПГ 40) 1,2 П350 (Оцинк.);Направляющий профиль Г-образный 40 (НПГ 40) 1,2 П350 (Оцинк.);598;847;103.0;108.0;5.0;0.04854368932038835;п.м;п.м;0.7204;0.7204;142976.0;149917.0;False;False;False
86027;Направляющий профиль Г-образный 60х81 (НПГ 60х81) 0,9 (Оцинк.);Направляющий профиль Г-образный 60х81 (НПГ 60х81) 0,9 (Оцинк.);639;573;124.0;130.0;6.0;0.04838709677419355;п.м;п.м;0.9702;0.9702;127809.0;133993.0;False;False;False
77098;Ограждение кровельное 600 H-60 (КОр600 Н-60) 2,56м;Ограждение кровельное 600 H-60 (КОр600 Н-60) 2,56м;733;1638;2311.0;2422.0;111.0;0.048031155344006926;шт;шт;8.19;8.19;282173.0;295726.0;False;False;False
77102;Ограждение кровельное 600 Joker (КОр600 Joker) 2,56м;Ограждение кровельное 600 Joker (КОр600 Joker) 2,56м;737;1642;2321.0;2432.0;111.0;0.04782421370099095;шт;шт;8.19;8.19;283394.0;296947.0;False;False;False
77106;Ограждение кровельное 600 Shake (КОр600 Shake) 2,64м;Ограждение кровельное 600 Shake (КОр600 Shake) 2,64м;741;1646;2321.0;2432.0;111.0;0.04782421370099095;шт;шт;8.45;8.45;274675.0;287811.0;False;False;False
118088;ТПП 200х45 с перфор. 1,0 (Оцинк.);ТПП 200х45 с перфор. 1,0 (Оцинк.);1834;520;272.0;285.0;13.0;0.04779411764705882;п.м;п.м;2.0272;2.0272;123664.0;129574.0;False;False;False
1633;Отлив верхний (Овс) 3м (Оцинк.);Отлив верхний (Овс) 3м (Оцинк.);754;1271;337.0;353.0;16.0;0.04747774480712166;шт;шт;1.302;1.302;258833.0;271121.0;False;False;False
1635;Планка крепежная (КПс) 3м (Оцинк.);Планка крепежная (КПс) 3м (Оцинк.);1106;1272;337.0;353.0;16.0;0.04747774480712166;шт;шт;1.302;1.302;258833.0;271121.0;False;False;False
1659;Уголок внутр. 50 (УВс50) 3м (Оцинк.);Уголок внутр. 50 (УВс50) 3м (Оцинк.);2071;1280;337.0;353.0;16.0;0.04747774480712166;шт;шт;1.302;1.302;258833.0;271121.0;False;False;False
1660;Уголок наруж. 50 (УНс50) 3м (Оцинк.);Уголок наруж. 50 (УНс50) 3м (Оцинк.);2088;1282;337.0;353.0;16.0;0.04747774480712166;шт;шт;1.302;1.302;258833.0;271121.0;False;False;False
89867;ПГС 100x60 без перфор. 0,9 (Оцинк.);ПГС 100x60 без перфор. 0,9 (Оцинк.);914;372;211.0;221.0;10.0;0.04739336492890995;п.м;п.м;1.6431;1.6431;128416.0;134502.0;False;False;False
89878;НПГС 100x60 без перфор. 0,9 (Оцинк.);НПГС 100x60 без перфор. 0,9 (Оцинк.);689;361;211.0;221.0;10.0;0.04739336492890995;п.м;п.м;1.6431;1.6431;128416.0;134502.0;False;False;False
89863;ПГС 100x50 без перфор. 0,9 (Оцинк.);ПГС 100x50 без перфор. 0,9 (Оцинк.);902;367;190.0;199.0;9.0;0.04736842105263158;п.м;п.м;1.5023;1.5023;126473.0;132464.0;False;False;False
89873;НПГС 100x50 без перфор. 0,9 (Оцинк.);НПГС 100x50 без перфор. 0,9 (Оцинк.);666;356;190.0;199.0;9.0;0.04736842105263158;п.м;п.м;1.5023;1.5023;126473.0;132464.0;False;False;False
1929;Заглушка желоба 150 (ЗЖ150);Заглушка желоба 150 (ЗЖ150);117;1709;169.0;177.0;8.0;0.047337278106508875;шт;шт;0.1;0.1;1690000.0;1770000.0;False;False;False
46238;Заглушка желоба 150 (ЗЖ150) (Колор-поток);Заглушка желоба 150 (ЗЖ150) (Колор-поток);118;1699;169.0;177.0;8.0;0.047337278106508875;шт;шт;0.1;0.1;1690000.0;1770000.0;False;False;False
117900;НПП 60х27х1,0 (Оцинк.);НПП 60х27х1,0 (Оцинк.);728;329;128.0;134.0;6.0;0.046875;п.м;п.м;1.0097;1.0097;126770.0;132713.0;False;False;False
72512;Замок 150 (З150);Замок 150 (З150);140;1710;64.0;67.0;3.0;0.046875;шт;шт;0.12;0.12;533333.0;558333.0;False;False;False
118067;Профиль шляпный 40 (ПШ 40) 1,0 (Оцинк.);Профиль шляпный 40 (ПШ 40) 1,0 (Оцинк.);1367;498;171.0;179.0;8.0;0.04678362573099415;п.м;п.м;1.3932;1.3932;122739.0;128481.0;False;False;False
118061;Профиль шляпный 20х80х20 (НПШ 20х80х20) 1,0 (Оцинк.);Профиль шляпный 20х80х20 (НПШ 20х80х20) 1,0 (Оцинк.);1341;490;151.0;158.0;7.0;0.046357615894039736;п.м;п.м;1.2132;1.2132;124464.0;130234.0;False;False;False
117901;ПZ 105 без перфор. 1,0 (Оцинк.);ПZ 105 без перфор. 1,0 (Оцинк.);761;332;196.0;205.0;9.0;0.04591836734693878;п.м;п.м;1.6202;1.6202;120973.0;126528.0;False;False;False
117933;ТПZ 105 с перфор. 1,0 (Оцинк.);ТПZ 105 с перфор. 1,0 (Оцинк.);1720;353;196.0;205.0;9.0;0.04591836734693878;п.м;п.м;1.4793;1.4793;121891.0;127488.0;False;False;False
77088;Ограждение кровельное 600 Banga (КОр600 Banga) 2,88м;Ограждение кровельное 600 Banga (КОр600 Banga) 2,88м;729;1634;2425.0;2536.0;111.0;0.04577319587628866;шт;шт;9.216;9.216;263129.0;275174.0;False;False;False
136900;ПП 100х50 без перфор. 0,7 (Оцинк.);ПП 100х50 без перфор. 0,7 (Оцинк.);1137;213;133.0;139.0;6.0;0.045112781954887216;п.м;п.м;0.984;0.984;135163.0;141260.0;False;False;False
117943;ПГС 100x50 без перфор. 1,0 (Оцинк.);ПГС 100x50 без перфор. 1,0 (Оцинк.);903;368;200.0;209.0;9.0;0.045;п.м;п.м;1.6672;1.6672;119962.0;125360.0;False;False;False
117951;ПГС 105x45 без перфор. 1,0 (Оцинк.);ПГС 105x45 без перфор. 1,0 (Оцинк.);925;378;200.0;209.0;9.0;0.045;п.м;п.м;1.5967;1.5967;125258.0;130895.0;False;False;False
117991;ТПГС 105x45 с перфор. 1,0 (Оцинк.);ТПГС 105x45 с перфор. 1,0 (Оцинк.);1736;407;200.0;209.0;9.0;0.045;п.м;п.м;1.4558;1.4558;126270.0;131952.0;False;False;False
118070;Профиль шляпный 61 (ПШ 61) 1,0 (Оцинк.);Профиль шляпный 61 (ПШ 61) 1,0 (Оцинк.);1379;501;200.0;209.0;9.0;0.045;п.м;п.м;1.628;1.628;122850.0;128378.0;False;False;False
105350;Направляющий профиль Г-образный 50 (НПГ 50) 0,9 (Оцинк.);Направляющий профиль Г-образный 50 (НПГ 50) 0,9 (Оцинк.);608;563;89.0;93.0;4.0;0.0449438202247191;п.м;п.м;0.6807;0.6807;130748.0;136624.0;False;False;False
86023;Направляющий профиль Г-образный 60х44 (НПГ 60х44) 0,9 (Оцинк.);Направляющий профиль Г-образный 60х44 (НПГ 60х44) 0,9 (Оцинк.);623;568;89.0;93.0;4.0;0.0449438202247191;п.м;п.м;0.712;0.712;125000.0;130618.0;False;False;False
118085;ТПП 195х45 с перфор. 1,0 (Оцинк.);ТПП 195х45 с перфор. 1,0 (Оцинк.);1821;517;268.0;280.0;12.0;0.04477611940298507;п.м;п.м;1.9881;1.9881;124127.0;129685.0;False;False;False
104962;Профиль шляпный 20х50х20 (НПШ 20х50х20) 0,9 (Оцинк.);Профиль шляпный 20х50х20 (НПШ 20х50х20) 0,9 (Оцинк.);1319;485;112.0;117.0;5.0;0.044642857142857144;п.м;п.м;0.8842;0.8842;126668.0;132323.0;False;False;False
118064;Профиль шляпный 28 (ПШ 28) 1,0 (Оцинк.);Профиль шляпный 28 (ПШ 28) 1,0 (Оцинк.);1356;494;135.0;141.0;6.0;0.044444444444444446;п.м;п.м;1.0645;1.0645;126820.0;132457.0;False;False;False
118136;Направляющий профиль Г-образный 60х81 (НПГ 60х81) 1,0 (Оцинк.);Направляющий профиль Г-образный 60х81 (НПГ 60х81) 1,0 (Оцинк.);641;574;135.0;141.0;6.0;0.044444444444444446;п.м;п.м;1.0801;1.0801;124988.0;130543.0;False;False;False
118155;Уголок 70 (L70) 1,0 (Оцинк.);Уголок 70 (L70) 1,0 (Оцинк.);2061;591;135.0;141.0;6.0;0.044444444444444446;п.м;п.м;1.0723;1.0723;125898.0;131493.0;False;False;False
118156;Уголок 80х60 (L80х60) 1,0 (Оцинк.);Уголок 80х60 (L80х60) 1,0 (Оцинк.);2063;592;135.0;141.0;6.0;0.044444444444444446;п.м;п.м;1.0723;1.0723;125898.0;131493.0;False;False;False
117952;ПГС 145x50 без перфор. 1,0 (Оцинк.);ПГС 145x50 без перфор. 1,0 (Оцинк.);929;379;250.0;261.0;11.0;0.044;п.м;п.м;2.0194;2.0194;123799.0;129246.0;False;False;False
118012;ПП 170х45 без перфор. 1,0 (Оцинк.);ПП 170х45 без перфор. 1,0 (Оцинк.);1197;430;250.0;261.0;11.0;0.044;п.м;п.м;1.9803;1.9803;126243.0;131798.0;False;False;False
118034;ПС 145х45 без перфор. 1,0 (Оцинк.);ПС 145х45 без перфор. 1,0 (Оцинк.);1528;452;250.0;261.0;11.0;0.044;п.м;п.м;1.9866;1.9866;125843.0;131380.0;False;False;False
118103;ТПС 150х45 с перфор. 1,0 (Оцинк.);ТПС 150х45 с перфор. 1,0 (Оцинк.);1893;536;250.0;261.0;11.0;0.044;п.м;п.м;1.8394;1.8394;124349.0;129821.0;False;False;False
118016;ПП 195х45 без перфор. 1,0 (Оцинк.);ПП 195х45 без перфор. 1,0 (Оцинк.);1214;434;273.0;285.0;12.0;0.04395604395604396;п.м;п.м;2.1759;2.1759;125465.0;130980.0;False;False;False
117935;НПГС 100x50 без перфор. 1,0 (Оцинк.);НПГС 100x50 без перфор. 1,0 (Оцинк.);668;357;206.0;215.0;9.0;0.043689320388349516;п.м;п.м;1.6672;1.6672;123560.0;128959.0;False;False;False
118113;ТПС 200х45 с перфор. 1,0 (Оцинк.);ТПС 200х45 с перфор. 1,0 (Оцинк.);1939;546;298.0;311.0;13.0;0.0436241610738255;п.м;п.м;2.2307;2.2307;123924.0;129330.0;False;False;False
118037;ПС 150х45 без перфор. 1,0 (Оцинк.);ПС 150х45 без перфор. 1,0 (Оцинк.);1542;456;255.0;266.0;11.0;0.043137254901960784;п.м;п.м;2.0257;2.0257;125882.0;131313.0;False;False;False
118120;ТПС 245х65 с перфор. 1,0 (Оцинк.) по согласованию;ТПС 245х65 с перфор. 1,0 (Оцинк.) по согласованию;1972;553;373.0;389.0;16.0;0.04289544235924933;п.м;п.м;2.937;2.937;127000.0;132448.0;False;False;False
18854;Лист плоский нест обрезь 1,0 (Оцинк.);Лист плоский нест обрезь 1,0 (Оцинк.);564;1422;816.0;851.0;35.0;0.0428921568627451;м2;м2;6.926;6.926;117817.0;122870.0;False;False;False
104958;Профиль шляпный 20х80х20 (НПШ 20х80х20) 0,9 (Оцинк.);Профиль шляпный 20х80х20 (НПШ 20х80х20) 0,9 (Оцинк.);1339;489;140.0;146.0;6.0;0.04285714285714286;п.м;п.м;1.0954;1.0954;127807.0;133285.0;False;False;False
136899;ПГС 100x50 без перфор. 0,7 (Оцинк.);ПГС 100x50 без перфор. 0,7 (Оцинк.);901;193;140.0;146.0;6.0;0.04285714285714286;п.м;п.м;1.034;1.034;135397.0;141199.0;False;False;False
89369;Вентиляция конька плоского (ВКп) (Колор-поток);Вентиляция конька плоского (ВКп) (Колор-поток);56;1350;467.0;487.0;20.0;0.042826552462526764;шт;шт;0.4;0.4;1167500.0;1217500.0;False;False;False
63359;Лист плоский (Колор-поток) не стандарт, не для гибки;Лист плоский (Колор-поток) не стандарт, не для гибки;537;1397;794.0;828.0;34.0;0.042821158690176324;м2;м2;3.472;3.472;228687.0;238479.0;False;False;False
118074;ТПП 110х45 с перфор. 1,0 (Оцинк.);ТПП 110х45 с перфор. 1,0 (Оцинк.);1775;506;187.0;195.0;8.0;0.0427807486631016;п.м;п.м;1.3697;1.3697;124910.0;130253.0;False;False;False
118047;ПС 200х45 без перфор. 1,0 (Оцинк.);ПС 200х45 без перфор. 1,0 (Оцинк.);1593;468;304.0;317.0;13.0;0.04276315789473684;п.м;п.м;2.4168;2.4168;125786.0;131165.0;False;False;False
51429;Снегозадержатель трубч. 1,4м;Снегозадержатель трубч. 1,4м;1681;1658;1807.0;1730.0;-77.0;-0.04261206419479801;шт;шт;3.3;3.3;547576.0;524242.0;False;False;False
1211;ТПС 200х45 с перфор. 2,0 П350 (Оцинк.);ТПС 200х45 с перфор. 2,0 П350 (Оцинк.);1953;839;660.0;688.0;28.0;0.04242424242424243;п.м;п.м;4.3817;4.3817;139598.0;145521.0;False;False;False
118096;ТПП 250х65 с перфор. 1,0 (Оцинк.) по согласованию;ТПП 250х65 с перфор. 1,0 (Оцинк.) по согласованию;1865;528;355.0;370.0;15.0;0.04225352112676056;п.м;п.м;2.608;2.608;126977.0;132343.0;False;False;False
118141;Угол специальный 90 гр. 1,0 (Оцинк.);Угол специальный 90 гр. 1,0 (Оцинк.);2025;580;972.0;1013.0;41.0;0.04218106995884774;п.м;п.м;7.506;7.506;129496.0;134959.0;False;False;False
118054;ПС 245х65 без перфор. 1,0 (Оцинк.) по согласованию;ПС 245х65 без перфор. 1,0 (Оцинк.) по согласованию;1627;475;380.0;396.0;16.0;0.042105263157894736;п.м;п.м;2.937;2.937;129384.0;134831.0;False;False;False
105635;Лист плоский-штрипс 0,8 (Оцинк.);Лист плоский-штрипс 0,8 (Оцинк.);573;1427;690.0;719.0;29.0;0.042028985507246375;м2;м2;6.16;6.16;112013.0;116721.0;False;False;False
63354;Лист плоский 0,8 (Оцинк.);Лист плоский 0,8 (Оцинк.);547;1413;690.0;719.0;29.0;0.042028985507246375;м2;м2;6.16;6.16;112013.0;116721.0;False;False;False
118000;ПП 110х45 без перфор. 1,0 (Оцинк.);ПП 110х45 без перфор. 1,0 (Оцинк.);1150;417;191.0;199.0;8.0;0.041884816753926704;п.м;п.м;1.5106;1.5106;126440.0;131736.0;False;False;False
63355;Лист плоский 1,0 (Оцинк.);Лист плоский 1,0 (Оцинк.);549;1414;839.0;874.0;35.0;0.041716328963051254;м2;м2;6.926;6.926;121138.0;126191.0;False;False;False
118128;Направляющий профиль Г-образный 50 (НПГ 50) 1,0 (Оцинк.);Направляющий профиль Г-образный 50 (НПГ 50) 1,0 (Оцинк.);610;564;96.0;100.0;4.0;0.041666666666666664;п.м;п.м;0.7592;0.7592;126449.0;131718.0;False;False;False
118140;НПГ 45х55х1,0 (Оцинк.);НПГ 45х55х1,0 (Оцинк.);662;579;96.0;100.0;4.0;0.041666666666666664;п.м;п.м;0.7671;0.7671;125147.0;130361.0;False;False;False
118151;Уголок 50 (L50) 1,0 (Оцинк.);Уголок 50 (L50) 1,0 (Оцинк.);2053;587;96.0;100.0;4.0;0.041666666666666664;п.м;п.м;0.7592;0.7592;126449.0;131718.0;False;False;False
1636;Планка начальная (НПс) 3м (Оцинк.);Планка начальная (НПс) 3м (Оцинк.);1110;1273;264.0;275.0;11.0;0.041666666666666664;шт;шт;0.868;0.868;304147.0;316820.0;False;False;False
26538;Кронштейн выравнивающий усиленный Г-95х200 (КВГУ 95х200) 1,5 П350 (Оцинк.);Кронштейн выравнивающий усиленный Г-95х200 (КВГУ 95х200) 1,5 П350 (Оцинк.);481;636;48.0;50.0;2.0;0.041666666666666664;шт;шт;0.34;0.34;141176.0;147059.0;False;False;False
1179;ПС 200х45 без перфор. 2,0 П350 (Оцинк.);ПС 200х45 без перфор. 2,0 П350 (Оцинк.);1607;787;673.0;701.0;28.0;0.041604754829123326;п.м;п.м;4.7563;4.7563;141497.0;147383.0;False;False;False
8091;ПГС 200х45 без перфор. 2,0 П350 (Оцинк.);ПГС 200х45 без перфор. 2,0 П350 (Оцинк.);1000;710;673.0;701.0;28.0;0.041604754829123326;п.м;п.м;4.766;4.766;141209.0;147084.0;False;False;False
8849;ПГС 145х70 без перфор. 2,0 П350 (Оцинк.);ПГС 145х70 без перфор. 2,0 П350 (Оцинк.);960;702;673.0;701.0;28.0;0.041604754829123326;п.м;п.м;4.7423;4.7423;141914.0;147819.0;False;False;False
118029;ПП 250х65 без перфор. 1,0 (Оцинк.) по согласованию;ПП 250х65 без перфор. 1,0 (Оцинк.) по согласованию;1265;446;362.0;377.0;15.0;0.04143646408839779;п.м;п.м;2.796;2.796;129471.0;134835.0;False;False;False
70396;Лист плоский-штрипс 1,0 (Оцинк.);Лист плоский-штрипс 1,0 (Оцинк.);574;1428;775.0;807.0;32.0;0.04129032258064516;м2;м2;6.926;6.926;111897.0;116517.0;False;False;False
118092;ТПП 220х45 с перфор. 1,0 (Оцинк.);ТПП 220х45 с перфор. 1,0 (Оцинк.);1851;524;292.0;304.0;12.0;0.0410958904109589;п.м;п.м;2.1838;2.1838;123922.0;129015.0;False;False;False
118110;ТПС 195х45 с перфор. 1,0 (Оцинк.);ТПС 195х45 с перфор. 1,0 (Оцинк.);1927;543;292.0;304.0;12.0;0.0410958904109589;п.м;п.м;2.1916;2.1916;123481.0;128556.0;False;False;False
118149;Уголок 25 (L25) 1,0 (Оцинк.);Уголок 25 (L25) 1,0 (Оцинк.);2048;585;49.0;51.0;2.0;0.04081632653061224;п.м;п.м;0.3679;0.3679;133188.0;138625.0;False;False;False
118076;ТПП 145х45 с перфор. 1,0 (Оцинк.);ТПП 145х45 с перфор. 1,0 (Оцинк.);1783;508;221.0;230.0;9.0;0.04072398190045249;п.м;п.м;1.5967;1.5967;125258.0;130359.0;False;False;False
46255;Лестница 1,8м (Лст1,8) (Колор-поток);Лестница 1,8м (Лст1,8) (Колор-поток);531;1652;2386.0;2483.0;97.0;0.040653813914501256;шт;шт;6.8;6.8;350882.0;365147.0;False;False;False
118082;ТПП 170х45 с перфор. 1,0 (Оцинк.);ТПП 170х45 с перфор. 1,0 (Оцинк.);1808;514;246.0;256.0;10.0;0.04065040650406504;п.м;п.м;1.7924;1.7924;125339.0;130434.0;False;False;False
118100;ТПС 145х45 с перфор. 1,0 (Оцинк.);ТПС 145х45 с перфор. 1,0 (Оцинк.);1881;533;246.0;256.0;10.0;0.04065040650406504;п.м;п.м;1.8002;1.8002;124796.0;129869.0;False;False;False
118024;ПП 220х45 без перфор. 1,0 (Оцинк.);ПП 220х45 без перфор. 1,0 (Оцинк.);1249;442;298.0;310.0;12.0;0.040268456375838924;п.м;п.м;2.3716;2.3716;125654.0;130713.0;False;False;False
118044;ПС 195х45 без перфор. 1,0 (Оцинк.);ПС 195х45 без перфор. 1,0 (Оцинк.);1578;464;298.0;310.0;12.0;0.040268456375838924;п.м;п.м;2.3777;2.3777;125331.0;130378.0;False;False;False
105208;Кронштейн выравнивающий усиленный Г-50х150 (КВГУ 50х150) 2,0 П350 (Оцинк.);Кронштейн выравнивающий усиленный Г-50х150 (КВГУ 50х150) 2,0 П350 (Оцинк.);385;611;25.0;26.0;1.0;0.04;шт;шт;0.17;0.17;147059.0;152941.0;False;False;False
118002;ПП 145х45 без перфор. 1,0 (Оцинк.);ПП 145х45 без перфор. 1,0 (Оцинк.);1159;420;225.0;234.0;9.0;0.04;п.м;п.м;1.7846;1.7846;126079.0;131122.0;False;False;False
26539;Кронштейн выравнивающий усиленный Г-95х220 (КВГУ 95х220) 1,5 П350 (Оцинк.);Кронштейн выравнивающий усиленный Г-95х220 (КВГУ 95х220) 1,5 П350 (Оцинк.);489;638;50.0;52.0;2.0;0.04;шт;шт;0.36;0.36;138889.0;144444.0;False;False;False
118079;ТПП 150х45 с перфор. 1,0 (Оцинк.);ТПП 150х45 с перфор. 1,0 (Оцинк.);1795;511;226.0;235.0;9.0;0.03982300884955752;п.м;п.м;1.6359;1.6359;125250.0;130237.0;False;False;False
118020;ПП 200х45 без перфор. 1,0 (Оцинк.);ПП 200х45 без перфор. 1,0 (Оцинк.);1231;438;279.0;290.0;11.0;0.03942652329749104;п.м;п.м;2.2151;2.2151;125954.0;130920.0;False;False;False
119137;ТПС 245х65 с перфор. 1,5 П390 (Оцинк.);ТПС 245х65 с перфор. 1,5 П390 (Оцинк.);1982;983;638.0;663.0;25.0;0.03918495297805643;п.м;п.м;4.3169;4.3169;139294.0;144753.0;False;False;False
117939;НПГС 100x60 без перфор. 1,0 (Оцинк.);НПГС 100x60 без перфор. 1,0 (Оцинк.);691;362;230.0;239.0;9.0;0.0391304347826087;п.м;п.м;1.8237;1.8237;126117.0;131052.0;False;False;False
117947;ПГС 100x60 без перфор. 1,0 (Оцинк.);ПГС 100x60 без перфор. 1,0 (Оцинк.);915;373;230.0;239.0;9.0;0.0391304347826087;п.м;п.м;1.8237;1.8237;126117.0;131052.0;False;False;False
118007;ПП 150х45 без перфор. 1,0 (Оцинк.);ПП 150х45 без перфор. 1,0 (Оцинк.);1177;425;230.0;239.0;9.0;0.0391304347826087;п.м;п.м;1.8237;1.8237;126117.0;131052.0;False;False;False
69195;Ендова верхняя (ЕВ) 2м (Колор-поток);Ендова верхняя (ЕВ) 2м (Колор-поток);107;1163;875.0;909.0;34.0;0.038857142857142854;шт;шт;2.17;2.17;403226.0;418894.0;False;False;False
69202;Профиль из стандартной заготовки (0,313) 2м (Колор-поток);Профиль из стандартной заготовки (0,313) 2м (Колор-поток);1295;1172;875.0;909.0;34.0;0.038857142857142854;шт;шт;2.17;2.17;403226.0;418894.0;False;False;False
72433;Конек плоский 150 (КП150) 2м (Колор-поток);Конек плоский 150 (КП150) 2м (Колор-поток);341;1167;875.0;909.0;34.0;0.038857142857142854;шт;шт;2.17;2.17;403226.0;418894.0;False;False;False
119068;ПГС 245х65 без перфор. 1,5 П390 (Оцинк.);ПГС 245х65 без перфор. 1,5 П390 (Оцинк.);1015;908;651.0;676.0;25.0;0.03840245775729647;п.м;п.м;4.693;4.693;138717.0;144044.0;False;False;False
119109;ПС 245х65 без перфор. 1,5 П390 (Оцинк.);ПС 245х65 без перфор. 1,5 П390 (Оцинк.);1637;952;651.0;676.0;25.0;0.03840245775729647;п.м;п.м;4.5967;4.5967;141623.0;147062.0;False;False;False
109968;Откосный элемент 260 (ОЭк260) 3м (Колор-поток);Откосный элемент 260 (ОЭк260) 3м (Колор-поток);751;1220;1464.0;1520.0;56.0;0.03825136612021858;шт;шт;3.906;3.906;374808.0;389145.0;False;False;False
69219;Откос декоративный (ОДс) 3м (Колор-поток);Откос декоративный (ОДс) 3м (Колор-поток);747;1219;1464.0;1520.0;56.0;0.03825136612021858;шт;шт;3.906;3.906;374808.0;389145.0;False;False;False
69228;Планка откосная 250 (ОПс250) 3м (Колор-поток);Планка откосная 250 (ОПс250) 3м (Колор-поток);1124;1231;1464.0;1520.0;56.0;0.03825136612021858;шт;шт;3.906;3.906;374808.0;389145.0;False;False;False
69233;Профиль из стандартной заготовки (0,375) 3м (Колор-поток);Профиль из стандартной заготовки (0,375) 3м (Колор-поток);1299;1236;1464.0;1520.0;56.0;0.03825136612021858;шт;шт;3.906;3.906;374808.0;389145.0;False;False;False
69243;Угол откосный 240х132 (УО240х132) 3м (Колор-поток);Угол откосный 240х132 (УО240х132) 3м (Колор-поток);2019;1245;1464.0;1520.0;56.0;0.03825136612021858;шт;шт;3.906;3.906;374808.0;389145.0;False;False;False
86021;Направляющий профиль Г-образный 40 (НПГ 40) 1,5 П350 (Оцинк.);Направляющий профиль Г-образный 40 (НПГ 40) 1,5 П350 (Оцинк.);602;848;131.0;136.0;5.0;0.03816793893129771;п.м;п.м;0.8932;0.8932;146664.0;152262.0;False;False;False
2671;Профиль шляпный 20 (НПШ20) 0,7х3м (Оцинк.);Профиль шляпный 20 (НПШ20) 0,7х3м (Оцинк.);1311;1276;577.0;599.0;22.0;0.038128249566724434;шт;шт;2.352;2.352;245323.0;254677.0;False;False;False
63360;Лист плоский 0,7 (Колор-поток) не стандарт, не для гибки;Лист плоский 0,7 (Колор-поток) не стандарт, не для гибки;542;1399;981.0;1018.0;37.0;0.03771661569826707;м2;м2;5.018;5.018;195496.0;202870.0;False;False;False
46251;Вентиляция конька (Вк) (Колор-поток);Вентиляция конька (Вк) (Колор-поток);54;1348;504.0;523.0;19.0;0.037698412698412696;шт;шт;0.4;0.4;1260000.0;1307500.0;False;False;False
105956;Штакетник 20х80х20 (ШТ 20х80х20) 0,5 (Оцинк.);Штакетник 20х80х20 (ШТ 20х80х20) 0,5 (Оцинк.);2165;596;80.0;83.0;3.0;0.0375;п.м;п.м;0.543;0.543;147330.0;152855.0;False;False;False
119591;ПГС 105x45 без перфор. 1,2 П350 (Оцинк.);ПГС 105x45 без перфор. 1,2 П350 (Оцинк.);926;196;267.0;277.0;10.0;0.03745318352059925;п.м;п.м;1.9;1.9;140526.0;145789.0;False;False;False
69222;Планка начальная (НПс) 3м (Колор-поток);Планка начальная (НПс) 3м (Колор-поток);1109;1224;431.0;447.0;16.0;0.037122969837587005;шт;шт;0.868;0.868;496544.0;514977.0;False;False;False
118268;Кронштейн выравнивающий П-250 (КВП 250) (Оцинк.);Кронштейн выравнивающий П-250 (КВП 250) (Оцинк.);360;280;27.0;28.0;1.0;0.037037037037037035;шт;шт;0.223;0.223;121076.0;125561.0;False;False;False
26542;Кронштейн выравнивающий усиленный Г-95х240 (КВГУ 95х240) 1,5 П350 (Оцинк.);Кронштейн выравнивающий усиленный Г-95х240 (КВГУ 95х240) 1,5 П350 (Оцинк.);497;640;54.0;56.0;2.0;0.037037037037037035;шт;шт;0.39;0.39;138462.0;143590.0;False;False;False
69210;Аквилон (Акс) 3м (Колор-поток);Аквилон (Акс) 3м (Колор-поток);21;1211;690.0;715.0;25.0;0.036231884057971016;шт;шт;1.628;1.628;423833.0;439189.0;False;False;False
69217;Наличник (НЛс) 3м (Колор-поток);Наличник (НЛс) 3м (Колор-поток);588;1217;690.0;715.0;25.0;0.036231884057971016;шт;шт;1.628;1.628;423833.0;439189.0;False;False;False
69230;Профиль из стандартной заготовки (0,156) 3м (Колор-поток);Профиль из стандартной заготовки (0,156) 3м (Колор-поток);1287;1233;690.0;715.0;25.0;0.036231884057971016;шт;шт;1.628;1.628;423833.0;439189.0;False;False;False
3168;Уголок 25 (L25) 1,5 П350 (Оцинк.);Уголок 25 (L25) 1,5 П350 (Оцинк.);2052;867;83.0;86.0;3.0;0.03614457831325301;п.м;п.м;0.5406;0.5406;153533.0;159083.0;False;False;False
137904;Уголок гнутый 250x50x95x1,0 (Оцинк.);Уголок гнутый 250x50x95x1,0 (Оцинк.);2079;260;28.0;29.0;1.0;0.03571428571428571;шт;шт;0.212;0.212;132075.0;136792.0;False;False;False
26543;Кронштейн выравнивающий усиленный Г-95х250 (КВГУ 95х250) 1,5 П350 (Оцинк.);Кронштейн выравнивающий усиленный Г-95х250 (КВГУ 95х250) 1,5 П350 (Оцинк.);505;642;56.0;58.0;2.0;0.03571428571428571;шт;шт;0.4;0.4;140000.0;145000.0;False;False;False
1167;ПС 145х45 без перфор. 1,5 П350 (Оцинк.);ПС 145х45 без перфор. 1,5 П350 (Оцинк.);1536;776;429.0;444.0;15.0;0.03496503496503497;п.м;п.м;2.9522;2.9522;145315.0;150396.0;False;False;False
119060;ПГС 145x50 без перфор. 1,5 П390 (Оцинк.);ПГС 145x50 без перфор. 1,5 П390 (Оцинк.);939;900;429.0;444.0;15.0;0.03496503496503497;п.м;п.м;3.0007;3.0007;142967.0;147965.0;False;False;False
119078;ТПГС 145x50 с перфор. 1,5 П390 (Оцинк.);ТПГС 145x50 с перфор. 1,5 П390 (Оцинк.);1742;920;429.0;444.0;15.0;0.03496503496503497;п.м;п.м;2.7186;2.7186;144243.0;149286.0;False;False;False
119099;ПС 145х45 без перфор. 1,5 П390 (Оцинк.);ПС 145х45 без перфор. 1,5 П390 (Оцинк.);1538;942;429.0;444.0;15.0;0.03496503496503497;п.м;п.м;2.9522;2.9522;145315.0;150396.0;False;False;False
770;ПГС 145x50 без перфор. 1,5 П350 (Оцинк.);ПГС 145x50 без перфор. 1,5 П350 (Оцинк.);937;697;429.0;444.0;15.0;0.03496503496503497;п.м;п.м;3.0007;3.0007;142967.0;147965.0;False;False;False
89807;ТПГС 145x50 с перфор. 1,5 П350 (Оцинк.);ТПГС 145x50 с перфор. 1,5 П350 (Оцинк.);1741;736;429.0;444.0;15.0;0.03496503496503497;п.м;п.м;2.7186;2.7186;144243.0;149286.0;False;False;False
46256;Лестница 2,4м (Лст2,4) (Колор-поток);Лестница 2,4м (Лст2,4) (Колор-поток);532;1653;4273.0;4422.0;149.0;0.034870114673531474;шт;шт;9.33;9.33;457985.0;473955.0;False;False;False
133098;ПП 150х50 без перфор. 1,2 П350 (Оцинк.);ПП 150х50 без перфор. 1,2 П350 (Оцинк.);1192;224;316.0;327.0;11.0;0.03481012658227848;п.м;п.м;2.25;2.25;140444.0;145333.0;False;False;False
138127;ПZ 122х55х50х15 без перфор. 1,2 П350 (Оцинк.);ПZ 122х55х50х15 без перфор. 1,2 П350 (Оцинк.);767;160;316.0;327.0;11.0;0.03481012658227848;п.м;п.м;2.25;2.25;140444.0;145333.0;False;False;False
132761;ПГС 100x45х13 без перфор. 1,2 П350 (Оцинк.);ПГС 100x45х13 без перфор. 1,2 П350 (Оцинк.);898;190;259.0;268.0;9.0;0.03474903474903475;п.м;п.м;1.846;1.846;140303.0;145179.0;False;False;False
69203;Профиль из стандартной заготовки (0,417) 2м (Колор-поток);Профиль из стандартной заготовки (0,417) 2м (Колор-поток);1301;1173;1124.0;1163.0;39.0;0.03469750889679715;шт;шт;2.895;2.895;388256.0;401727.0;False;False;False
69206;Фартук нижний (ФН) 2м (Колор-поток);Фартук нижний (ФН) 2м (Колор-поток);2123;1176;1124.0;1163.0;39.0;0.03469750889679715;шт;шт;2.895;2.895;388256.0;401727.0;False;False;False
104960;Профиль шляпный 20х80х20 (НПШ 20х80х20) 1,5 П350 (Оцинк.);Профиль шляпный 20х80х20 (НПШ 20х80х20) 1,5 П350 (Оцинк.);1349;798;260.0;269.0;9.0;0.03461538461538462;п.м;п.м;1.7941;1.7941;144919.0;149936.0;False;False;False
119112;Профиль шляпный 20х80х20 (НПШ 20х80х20) 1,5 П390 (Оцинк.);Профиль шляпный 20х80х20 (НПШ 20х80х20) 1,5 П390 (Оцинк.);1351;956;260.0;269.0;9.0;0.03461538461538462;п.м;п.м;1.7941;1.7941;144919.0;149936.0;False;False;False
1187;ТПП 145х45 с перфор. 1,5 П350 (Оцинк.);ТПП 145х45 с перфор. 1,5 П350 (Оцинк.);1791;809;376.0;389.0;13.0;0.034574468085106384;п.м;п.м;2.3896;2.3896;142268.0;147187.0;False;False;False
119117;ТПП 145х45 с перфор. 1,5 П390 (Оцинк.);ТПП 145х45 с перфор. 1,5 П390 (Оцинк.);1793;962;376.0;389.0;13.0;0.034574468085106384;п.м;п.м;2.3896;2.3896;142268.0;147187.0;False;False;False
119131;ТПС 150х65 с перфор. 2,0 П390 (Оцинк.);ТПС 150х65 с перфор. 2,0 П390 (Оцинк.);1925;977;638.0;660.0;22.0;0.034482758620689655;п.м;п.м;4.225;4.225;139562.0;144374.0;False;False;False
1206;ТПС 150х65 с перфор. 2,0 П350 (Оцинк.);ТПС 150х65 с перфор. 2,0 П350 (Оцинк.);1923;834;638.0;660.0;22.0;0.034482758620689655;п.м;п.м;4.225;4.225;139562.0;144374.0;False;False;False
26535;Кронштейн выравнивающий усиленный Г-95х180 (КВГУ 95х180) 2,0 П350 (Оцинк.);Кронштейн выравнивающий усиленный Г-95х180 (КВГУ 95х180) 2,0 П350 (Оцинк.);477;635;58.0;60.0;2.0;0.034482758620689655;шт;шт;0.42;0.42;138095.0;142857.0;False;False;False
69214;Водоотлив 250 (Вс250) 3м (Колор-поток);Водоотлив 250 (Вс250) 3м (Колор-поток);67;1214;1247.0;1290.0;43.0;0.034482758620689655;шт;шт;3.255;3.255;383103.0;396313.0;False;False;False
69227;Планка откосная 180 (ОПс180) 3м (Колор-поток);Планка откосная 180 (ОПс180) 3м (Колор-поток);1120;1230;1247.0;1290.0;43.0;0.034482758620689655;шт;шт;3.255;3.255;383103.0;396313.0;False;False;False
69232;Профиль из стандартной заготовки (0,313) 3м (Колор-поток);Профиль из стандартной заготовки (0,313) 3м (Колор-поток);1297;1235;1247.0;1290.0;43.0;0.034482758620689655;шт;шт;3.255;3.255;383103.0;396313.0;False;False;False
69237;Угол наружный (УСНс) 3м (Колор-поток);Угол наружный (УСНс) 3м (Колор-поток);2004;1239;1247.0;1290.0;43.0;0.034482758620689655;шт;шт;3.255;3.255;383103.0;396313.0;False;False;False
69239;Угол откосный 180х132 (УО180х132) 3м (Колор-поток);Угол откосный 180х132 (УО180х132) 3м (Колор-поток);2010;1241;1247.0;1290.0;43.0;0.034482758620689655;шт;шт;3.255;3.255;383103.0;396313.0;False;False;False
69245;Угол откосный 240х70 (УО240х70) 3м (Колор-поток);Угол откосный 240х70 (УО240х70) 3м (Колор-поток);2023;1247;1247.0;1290.0;43.0;0.034482758620689655;шт;шт;3.255;3.255;383103.0;396313.0;False;False;False
119069;ПГС 245х65 без перфор. 2,0 П390 (Оцинк.);ПГС 245х65 без перфор. 2,0 П390 (Оцинк.);1021;909;879.0;909.0;30.0;0.034129692832764506;п.м;п.м;6.2159;6.2159;141412.0;146238.0;False;False;False
119082;ТПГС 245х65 с перфор. 2,0 П390 (Оцинк.);ТПГС 245х65 с перфор. 2,0 П390 (Оцинк.);1767;923;879.0;909.0;30.0;0.034129692832764506;п.м;п.м;5.8397;5.8397;141868.0;146709.0;False;False;False
1234;ПГС 245х65 без перфор. 2,0 П350 (Оцинк.);ПГС 245х65 без перфор. 2,0 П350 (Оцинк.);1019;713;879.0;909.0;30.0;0.034129692832764506;п.м;п.м;6.2159;6.2159;141412.0;146238.0;False;False;False
1235;ТПГС 245х65 с перфор. 2,0 П350 (Оцинк.);ТПГС 245х65 с перфор. 2,0 П350 (Оцинк.);1765;741;879.0;909.0;30.0;0.034129692832764506;п.м;п.м;5.8397;5.8397;141868.0;146709.0;False;False;False
119129;ТПС 150х45 с перфор. 2,0 П390 (Оцинк.);ТПС 150х45 с перфор. 2,0 П390 (Оцинк.);1909;975;557.0;576.0;19.0;0.03411131059245961;п.м;п.м;3.5979;3.5979;141381.0;146204.0;False;False;False
2939;ТПС 150х45 с перфор. 2,0 П350 (Оцинк.);ТПС 150х45 с перфор. 2,0 П350 (Оцинк.);1907;831;557.0;576.0;19.0;0.03411131059245961;п.м;п.м;3.5979;3.5979;141381.0;146204.0;False;False;False
1163;ПП 250х65 без перфор. 2,0 П350 (Оцинк.);ПП 250х65 без перфор. 2,0 П350 (Оцинк.);1279;772;821.0;849.0;28.0;0.0341047503045067;п.м;п.м;5.8162;5.8162;141157.0;145972.0;False;False;False
119073;ПГС-сигма 200х65x20 без перфор. 2,0 П390 (Оцинк.);ПГС-сигма 200х65x20 без перфор. 2,0 П390 (Оцинк.);1056;913;821.0;849.0;28.0;0.0341047503045067;п.м;п.м;5.824;5.824;140968.0;145776.0;False;False;False
119098;ПП 250х65 без перфор. 2,0 П390 (Оцинк.);ПП 250х65 без перфор. 2,0 П390 (Оцинк.);1281;940;821.0;849.0;28.0;0.0341047503045067;п.м;п.м;5.8162;5.8162;141157.0;145972.0;False;False;False
278;ПГС-сигма 200х65x20 без перфор. 2,0 П350 (Оцинк.);ПГС-сигма 200х65x20 без перфор. 2,0 П350 (Оцинк.);1054;721;821.0;849.0;28.0;0.0341047503045067;п.м;п.м;5.824;5.824;140968.0;145776.0;False;False;False
119086;ПП 145х45 без перфор. 2,0 П390 (Оцинк.);ПП 145х45 без перфор. 2,0 П390 (Оцинк.);1172;928;499.0;516.0;17.0;0.03406813627254509;п.м;п.м;3.543;3.543;140841.0;145639.0;False;False;False
119123;ТПП 220х45 с перфор. 1,5 П390 (Оцинк.);ТПП 220х45 с перфор. 1,5 П390 (Оцинк.);1861;968;499.0;516.0;17.0;0.03406813627254509;п.м;п.м;3.2671;3.2671;141552.0;146375.0;False;False;False
119132;ТПС 195х45 с перфор. 1,5 П390 (Оцинк.);ТПС 195х45 с перфор. 1,5 П390 (Оцинк.);1937;978;499.0;516.0;17.0;0.03406813627254509;п.м;п.м;3.2592;3.2592;141764.0;146594.0;False;False;False
1197;ТПП 220х45 с перфор. 1,5 П350 (Оцинк.);ТПП 220х45 с перфор. 1,5 П350 (Оцинк.);1859;821;499.0;516.0;17.0;0.03406813627254509;п.м;п.м;3.2671;3.2671;141552.0;146375.0;False;False;False
1208;ТПС 195х45 с перфор. 1,5 П350 (Оцинк.);ТПС 195х45 с перфор. 1,5 П350 (Оцинк.);1935;836;499.0;516.0;17.0;0.03406813627254509;п.м;п.м;3.2592;3.2592;141764.0;146594.0;False;False;False
88781;ПП 145х45 без перфор. 2,0 П350 (Оцинк.);ПП 145х45 без перфор. 2,0 П350 (Оцинк.);1171;748;499.0;516.0;17.0;0.03406813627254509;п.м;п.м;3.543;3.543;140841.0;145639.0;False;False;False
119041;ПZ 160 без перфор. 2,0 П390 (Оцинк.);ПZ 160 без перфор. 2,0 П390 (Оцинк.);789;879;676.0;699.0;23.0;0.034023668639053255;п.м;п.м;4.8755;4.8755;138652.0;143370.0;False;False;False
89728;ПZ 160 без перфор. 2,0 П350 (Оцинк.);ПZ 160 без перфор. 2,0 П350 (Оцинк.);788;657;676.0;699.0;23.0;0.034023668639053255;п.м;п.м;4.8755;4.8755;138652.0;143370.0;False;False;False
119114;Профиль шляпный 40 (ПШ 40) 1,5 П390 (Оцинк.);Профиль шляпный 40 (ПШ 40) 1,5 П390 (Оцинк.);1377;958;294.0;304.0;10.0;0.034013605442176874;п.м;п.м;2.0684;2.0684;142139.0;146974.0;False;False;False
60145;Профиль шляпный 40 (ПШ 40) 1,5 П350 (Оцинк.);Профиль шляпный 40 (ПШ 40) 1,5 П350 (Оцинк.);1375;802;294.0;304.0;10.0;0.034013605442176874;п.м;п.м;2.0684;2.0684;142139.0;146974.0;False;False;False
1146;ПП 145х45 без перфор. 1,5 П350 (Оцинк.);ПП 145х45 без перфор. 1,5 П350 (Оцинк.);1167;747;383.0;396.0;13.0;0.033942558746736295;п.м;п.м;2.6716;2.6716;143360.0;148226.0;False;False;False
119085;ПП 145х45 без перфор. 1,5 П390 (Оцинк.);ПП 145х45 без перфор. 1,5 П390 (Оцинк.);1169;927;383.0;396.0;13.0;0.033942558746736295;п.м;п.м;2.6716;2.6716;143360.0;148226.0;False;False;False
69242;Угол откосный 240х132 (УО240х132) 0,7х3м (Колор-поток);Угол откосный 240х132 (УО240х132) 0,7х3м (Колор-поток);2017;1244;1770.0;1830.0;60.0;0.03389830508474576;шт;шт;5.646;5.646;313496.0;324123.0;False;False;False
119092;ПП 195х45 без перфор. 2,0 П390 (Оцинк.);ПП 195х45 без перфор. 2,0 П390 (Оцинк.);1226;934;620.0;641.0;21.0;0.03387096774193549;п.м;п.м;4.3269;4.3269;143290.0;148143.0;False;False;False
88789;ПП 195х45 без перфор. 2,0 П350 (Оцинк.);ПП 195х45 без перфор. 2,0 П350 (Оцинк.);1225;760;620.0;641.0;21.0;0.03387096774193549;п.м;п.м;4.3269;4.3269;143290.0;148143.0;False;False;False
1189;ТПП 150х45 с перфор. 1,5 П350 (Оцинк.);ТПП 150х45 с перфор. 1,5 П350 (Оцинк.);1803;811;384.0;397.0;13.0;0.033854166666666664;п.м;п.м;2.4444;2.4444;142424.0;147246.0;False;False;False
119118;ТПП 150х45 с перфор. 1,5 П390 (Оцинк.);ТПП 150х45 с перфор. 1,5 П390 (Оцинк.);1805;963;384.0;397.0;13.0;0.033854166666666664;п.м;п.м;2.4444;2.4444;142424.0;147246.0;False;False;False
142227;ПZ 130х50х9 без перфор. 1,5 (Оцинк.);ПZ 130х50х9 без перфор. 1,5 (Оцинк.);768;161;384.0;397.0;13.0;0.033854166666666664;п.м.;п.м.;2.785;2.785;137882.0;142549.0;False;False;False
1162;ПП 250х65 без перфор. 1,5 П350 (Оцинк.);ПП 250х65 без перфор. 1,5 П350 (Оцинк.);1273;771;621.0;642.0;21.0;0.033816425120772944;п.м;п.м;4.3718;4.3718;142047.0;146850.0;False;False;False
119072;ПГС-сигма 200х65x20 без перфор. 1,5 П390 (Оцинк.);ПГС-сигма 200х65x20 без перфор. 1,5 П390 (Оцинк.);1050;912;621.0;642.0;21.0;0.033816425120772944;п.м;п.м;4.3953;4.3953;141287.0;146065.0;False;False;False
119097;ПП 250х65 без перфор. 1,5 П390 (Оцинк.);ПП 250х65 без перфор. 1,5 П390 (Оцинк.);1275;939;621.0;642.0;21.0;0.033816425120772944;п.м;п.м;4.3718;4.3718;142047.0;146850.0;False;False;False
271;ПГС-сигма 200х65x20 без перфор. 1,5 П350 (Оцинк.);ПГС-сигма 200х65x20 без перфор. 1,5 П350 (Оцинк.);1048;720;621.0;642.0;21.0;0.033816425120772944;п.м;п.м;4.3953;4.3953;141287.0;146065.0;False;False;False
69198;Конек плоский (КП) 2м (Колор-поток);Конек плоский (КП) 2м (Колор-поток);338;1166;1124.0;1162.0;38.0;0.033807829181494664;шт;шт;2.895;2.895;388256.0;401382.0;False;False;False
69205;Профиль пристенный (ПП) 2м (Колор-поток);Профиль пристенный (ПП) 2м (Колор-поток);1305;1175;1124.0;1162.0;38.0;0.033807829181494664;шт;шт;2.895;2.895;388256.0;401382.0;False;False;False
1183;ПС 245х65 без перфор. 2,0 П350 (Оцинк.);ПС 245х65 без перфор. 2,0 П350 (Оцинк.);1641;793;860.0;889.0;29.0;0.03372093023255814;п.м;п.м;6.0883;6.0883;141255.0;146018.0;False;False;False
119110;ПС 245х65 без перфор. 2,0 П390 (Оцинк.);ПС 245х65 без перфор. 2,0 П390 (Оцинк.);1643;953;860.0;889.0;29.0;0.03372093023255814;п.м;п.м;6.0883;6.0883;141255.0;146018.0;False;False;False
119044;ПZ 200 без перфор. 1,5 П390 (Оцинк.);ПZ 200 без перфор. 1,5 П390 (Оцинк.);808;882;564.0;583.0;19.0;0.03368794326241135;п.м;п.м;4.1446;4.1446;136081.0;140665.0;False;False;False
119135;ТПС 200х65 с перфор. 1,5 П390 (Оцинк.);ТПС 200х65 с перфор. 1,5 П390 (Оцинк.);1965;981;564.0;583.0;19.0;0.03368794326241135;п.м;п.м;3.792;3.792;139134.0;143821.0;False;False;False
1212;ТПС 200х65 с перфор. 1,5 П350 (Оцинк.);ТПС 200х65 с перфор. 1,5 П350 (Оцинк.);1963;841;564.0;583.0;19.0;0.03368794326241135;п.м;п.м;3.792;3.792;139134.0;143821.0;False;False;False
89735;ПZ 200 без перфор. 1,5 П350 (Оцинк.);ПZ 200 без перфор. 1,5 П350 (Оцинк.);807;664;564.0;583.0;19.0;0.03368794326241135;п.м;п.м;4.1446;4.1446;136081.0;140665.0;False;False;False
105349;Профиль шляпный 20х50х20 (НПШ 20х50х20) 1,5 П350 (Оцинк.);Профиль шляпный 20х50х20 (НПШ 20х50х20) 1,5 П350 (Оцинк.);1329;796;208.0;215.0;7.0;0.03365384615384615;п.м;п.м;1.4416;1.4416;144284.0;149140.0;False;False;False
119111;Профиль шляпный 20х50х20 (НПШ 20х50х20) 1,5 П390 (Оцинк.);Профиль шляпный 20х50х20 (НПШ 20х50х20) 1,5 П390 (Оцинк.);1331;955;208.0;215.0;7.0;0.03365384615384615;п.м;п.м;1.4416;1.4416;144284.0;149140.0;False;False;False
119090;ПП 170х45 без перфор. 2,0 П390 (Оцинк.);ПП 170х45 без перфор. 2,0 П390 (Оцинк.);1209;932;565.0;584.0;19.0;0.033628318584070796;п.м;п.м;3.9349;3.9349;143587.0;148415.0;False;False;False
88785;ПП 170х45 без перфор. 2,0 П350 (Оцинк.);ПП 170х45 без перфор. 2,0 П350 (Оцинк.);1208;756;565.0;584.0;19.0;0.033628318584070796;п.м;п.м;3.9349;3.9349;143587.0;148415.0;False;False;False
119075;ПГС-сигма 245х80x20 без перфор. 2,0 П390 (Оцинк.);ПГС-сигма 245х80x20 без перфор. 2,0 П390 (Оцинк.);1075;915;984.0;1017.0;33.0;0.03353658536585366;п.м;п.м;7.039;7.039;139793.0;144481.0;False;False;False
291;ПГС-сигма 245х80x20 без перфор. 2,0 П350 (Оцинк.);ПГС-сигма 245х80x20 без перфор. 2,0 П350 (Оцинк.);1073;726;984.0;1017.0;33.0;0.03353658536585366;п.м;п.м;7.039;7.039;139793.0;144481.0;False;False;False
119047;ПZ 220 без перфор. 2,0 П390 (Оцинк.);ПZ 220 без перфор. 2,0 П390 (Оцинк.);829;885;806.0;833.0;27.0;0.033498759305210915;п.м;п.м;5.8162;5.8162;138578.0;143221.0;False;False;False
119126;ТПП 250х65 с перфор. 2,0 П390 (Оцинк.);ТПП 250х65 с перфор. 2,0 П390 (Оцинк.);1879;971;806.0;833.0;27.0;0.033498759305210915;п.м;п.м;5.4399;5.4399;139122.0;143782.0;False;False;False
1199;ТПП 250х65 с перфор. 2,0 П350 (Оцинк.);ТПП 250х65 с перфор. 2,0 П350 (Оцинк.);1877;825;806.0;833.0;27.0;0.033498759305210915;п.м;п.м;5.4399;5.4399;139122.0;143782.0;False;False;False
89739;ПZ 220 без перфор. 2,0 П350 (Оцинк.);ПZ 220 без перфор. 2,0 П350 (Оцинк.);827;669;806.0;833.0;27.0;0.033498759305210915;п.м;п.м;5.8162;5.8162;138578.0;143221.0;False;False;False
1161;ПП 220х45 без перфор. 1,5 П350 (Оцинк.);ПП 220х45 без перфор. 1,5 П350 (Оцинк.);1257;767;508.0;525.0;17.0;0.03346456692913386;п.м;п.м;3.5491;3.5491;143135.0;147925.0;False;False;False
1175;ПС 195х45 без перфор. 1,5 П350 (Оцинк.);ПС 195х45 без перфор. 1,5 П350 (Оцинк.);1586;784;508.0;525.0;17.0;0.03346456692913386;п.м;п.м;3.5396;3.5396;143519.0;148322.0;False;False;False
119062;ПГС 145х70 без перфор. 1,5 П390 (Оцинк.);ПГС 145х70 без перфор. 1,5 П390 (Оцинк.);956;902;508.0;525.0;17.0;0.03346456692913386;п.м;п.м;3.5883;3.5883;141571.0;146309.0;False;False;False
119066;ПГС 200х45 без перфор. 1,5 П390 (Оцинк.);ПГС 200х45 без перфор. 1,5 П390 (Оцинк.);996;906;508.0;525.0;17.0;0.03346456692913386;п.м;п.м;3.615;3.615;140526.0;145228.0;False;False;False
119095;ПП 220х45 без перфор. 1,5 П390 (Оцинк.);ПП 220х45 без перфор. 1,5 П390 (Оцинк.);1259;937;508.0;525.0;17.0;0.03346456692913386;п.м;п.м;3.5491;3.5491;143135.0;147925.0;False;False;False
119104;ПС 195х45 без перфор. 1,5 П390 (Оцинк.);ПС 195х45 без перфор. 1,5 П390 (Оцинк.);1588;947;508.0;525.0;17.0;0.03346456692913386;п.м;п.м;3.5396;3.5396;143519.0;148322.0;False;False;False
46694;ПГС 200х45 без перфор. 1,5 П350 (Оцинк.);ПГС 200х45 без перфор. 1,5 П350 (Оцинк.);995;709;508.0;525.0;17.0;0.03346456692913386;п.м;п.м;3.615;3.615;140526.0;145228.0;False;False;False
7599;ПГС 145х70 без перфор. 1,5 П350 (Оцинк.);ПГС 145х70 без перфор. 1,5 П350 (Оцинк.);954;701;508.0;525.0;17.0;0.03346456692913386;п.м;п.м;3.5883;3.5883;141571.0;146309.0;False;False;False
119061;ПГС 145x50 без перфор. 2,0 П390 (Оцинк.);ПГС 145x50 без перфор. 2,0 П390 (Оцинк.);945;901;568.0;587.0;19.0;0.03345070422535211;п.м;п.м;3.9584;3.9584;143492.0;148292.0;False;False;False
119101;ПС 150х45 без перфор. 2,0 П390 (Оцинк.);ПС 150х45 без перфор. 2,0 П390 (Оцинк.);1558;944;568.0;587.0;19.0;0.03345070422535211;п.м;п.м;3.9727;3.9727;142976.0;147758.0;False;False;False
2938;ПС 150х45 без перфор. 2,0 П350 (Оцинк.);ПС 150х45 без перфор. 2,0 П350 (Оцинк.);1556;779;568.0;587.0;19.0;0.03345070422535211;п.м;п.м;3.9727;3.9727;142976.0;147758.0;False;False;False
7931;ПГС 145x50 без перфор. 2,0 П350 (Оцинк.);ПГС 145x50 без перфор. 2,0 П350 (Оцинк.);943;698;568.0;587.0;19.0;0.03345070422535211;п.м;п.м;3.9584;3.9584;143492.0;148292.0;False;False;False
119094;ПП 200х45 без перфор. 2,0 П390 (Оцинк.);ПП 200х45 без перфор. 2,0 П390 (Оцинк.);1243;936;628.0;649.0;21.0;0.03343949044585987;п.м;п.м;4.4052;4.4052;142559.0;147326.0;False;False;False
88787;ПП 200х45 без перфор. 2,0 П350 (Оцинк.);ПП 200х45 без перфор. 2,0 П350 (Оцинк.);1242;764;628.0;649.0;21.0;0.03343949044585987;п.м;п.м;4.4052;4.4052;142559.0;147326.0;False;False;False
119051;ПZ 350 без перфор. 2,0 П390 (Оцинк.);ПZ 350 без перфор. 2,0 П390 (Оцинк.);860;890;1228.0;1269.0;41.0;0.033387622149837134;п.м;п.м;8.9045;8.9045;137908.0;142512.0;False;False;False
89749;ПZ 350 без перфор. 2,0 П350 (Оцинк.);ПZ 350 без перфор. 2,0 П350 (Оцинк.);859;679;1228.0;1269.0;41.0;0.033387622149837134;п.м;п.м;8.9045;8.9045;137908.0;142512.0;False;False;False
119074;ПГС-сигма 245х80x20 без перфор. 1,5 П390 (Оцинк.);ПГС-сигма 245х80x20 без перфор. 1,5 П390 (Оцинк.);1069;914;750.0;775.0;25.0;0.03333333333333333;п.м;п.м;5.2806;5.2806;142029.0;146764.0;False;False;False
119124;ТПП 220х45 с перфор. 2,0 П390 (Оцинк.) по согласованию;ТПП 220х45 с перфор. 2,0 П390 (Оцинк.) по согласованию;1864;969;660.0;682.0;22.0;0.03333333333333333;п.м;п.м;4.3428;4.3428;139812.0;144472.0;False;False;False
119134;ТПС 200х45 с перфор. 2,0 П390 (Оцинк.);ТПС 200х45 с перфор. 2,0 П390 (Оцинк.);1955;980;660.0;682.0;22.0;0.03333333333333333;п.м;п.м;4.3817;4.3817;139598.0;144251.0;False;False;False
272;ПГС-сигма 245х80x20 без перфор. 1,5 П350 (Оцинк.);ПГС-сигма 245х80x20 без перфор. 1,5 П350 (Оцинк.);1067;725;750.0;775.0;25.0;0.03333333333333333;п.м;п.м;5.2806;5.2806;142029.0;146764.0;False;False;False
72513;ТПП 220х45 с перфор. 2,0 П350 (Оцинк.) по согласованию;ТПП 220х45 с перфор. 2,0 П350 (Оцинк.) по согласованию;1863;822;660.0;682.0;22.0;0.03333333333333333;п.м;п.м;4.3428;4.3428;139812.0;144472.0;False;False;False
119133;ТПС 200х45 с перфор. 1,5 П390 (Оцинк.);ТПС 200х45 с перфор. 1,5 П390 (Оцинк.);1949;979;511.0;528.0;17.0;0.033268101761252444;п.м;п.м;3.3219;3.3219;142697.0;147445.0;False;False;False
1210;ТПС 200х45 с перфор. 1,5 П350 (Оцинк.);ТПС 200х45 с перфор. 1,5 П350 (Оцинк.);1947;838;511.0;528.0;17.0;0.033268101761252444;п.м;п.м;3.3219;3.3219;142697.0;147445.0;False;False;False
119076;ПГС-сигма 300х80x20 без перфор. 1,5 П390 (Оцинк.);ПГС-сигма 300х80x20 без перфор. 1,5 П390 (Оцинк.);1088;916;842.0;870.0;28.0;0.0332541567695962;п.м;п.м;5.923;5.923;142158.0;146885.0;False;False;False
273;ПГС-сигма 300х80x20 без перфор. 1,5 П350 (Оцинк.);ПГС-сигма 300х80x20 без перфор. 1,5 П350 (Оцинк.);1086;730;842.0;870.0;28.0;0.0332541567695962;п.м;п.м;5.923;5.923;142158.0;146885.0;False;False;False
119065;ПГС 195х70 без перфор. 2,0 П390 (Оцинк.);ПГС 195х70 без перфор. 2,0 П390 (Оцинк.);985;905;783.0;809.0;26.0;0.033205619412515965;п.м;п.м;5.5889;5.5889;140099.0;144751.0;False;False;False
8079;ПГС 195х70 без перфор. 2,0 П350 (Оцинк.);ПГС 195х70 без перфор. 2,0 П350 (Оцинк.);983;706;783.0;809.0;26.0;0.033205619412515965;п.м;п.м;5.5889;5.5889;140099.0;144751.0;False;False;False
119048;ПZ 250 без перфор. 1,5 П390 (Оцинк.);ПZ 250 без перфор. 1,5 П390 (Оцинк.);833;886;693.0;716.0;23.0;0.03318903318903319;п.м.;п.м.;4.9437;4.9437;140178.0;144831.0;False;False;False
89742;ПZ 250 без перфор. 1,5 П350 (Оцинк.);ПZ 250 без перфор. 1,5 П350 (Оцинк.);832;671;693.0;716.0;23.0;0.03318903318903319;п.м.;п.м.;4.9437;4.9437;140178.0;144831.0;False;False;False
119039;ПZ 140 без перфор. 2,0 П390 (Оцинк.);ПZ 140 без перфор. 2,0 П390 (Оцинк.);776;877;633.0;654.0;21.0;0.03317535545023697;п.м;п.м;4.562;4.562;138755.0;143358.0;False;False;False
119138;ТПС 245х65 с перфор. 2,0 П390 (Оцинк.);ТПС 245х65 с перфор. 2,0 П390 (Оцинк.);1988;984;844.0;872.0;28.0;0.03317535545023697;п.м;п.м;5.7143;5.7143;139077.0;143691.0;False;False;False
1215;ТПС 245х65 с перфор. 2,0 П350 (Оцинк.);ТПС 245х65 с перфор. 2,0 П350 (Оцинк.);1986;845;844.0;872.0;28.0;0.03317535545023697;п.м;п.м;5.7143;5.7143;139077.0;143691.0;False;False;False
89724;ПZ 140 без перфор. 2,0 П350 (Оцинк.);ПZ 140 без перфор. 2,0 П350 (Оцинк.);775;653;633.0;654.0;21.0;0.03317535545023697;п.м;п.м;4.562;4.562;138755.0;143358.0;False;False;False
1149;ПП 150х45 без перфор. 1,5 П350 (Оцинк.);ПП 150х45 без перфор. 1,5 П350 (Оцинк.);1185;751;392.0;405.0;13.0;0.03316326530612245;п.м;п.м;2.7265;2.7265;143774.0;148542.0;False;False;False
119054;НПГС 100x60 без перфор. 1,5 П390 (Оцинк.);НПГС 100x60 без перфор. 1,5 П390 (Оцинк.);701;894;392.0;405.0;13.0;0.03316326530612245;п.м;п.м;2.703;2.703;145024.0;149834.0;False;False;False
119058;ПГС 100x60 без перфор. 1,5 П390 (Оцинк.);ПГС 100x60 без перфор. 1,5 П390 (Оцинк.);920;898;392.0;405.0;13.0;0.03316326530612245;п.м;п.м;2.703;2.703;145024.0;149834.0;False;False;False
119087;ПП 150х45 без перфор. 1,5 П390 (Оцинк.);ПП 150х45 без перфор. 1,5 П390 (Оцинк.);1187;929;392.0;405.0;13.0;0.03316326530612245;п.м;п.м;2.7265;2.7265;143774.0;148542.0;False;False;False
89871;ПГС 100x60 без перфор. 1,5 П350 (Оцинк.);ПГС 100x60 без перфор. 1,5 П350 (Оцинк.);919;694;392.0;405.0;13.0;0.03316326530612245;п.м;п.м;2.703;2.703;145024.0;149834.0;False;False;False
89881;НПГС 100x60 без перфор. 1,5 П350 (Оцинк.);НПГС 100x60 без перфор. 1,5 П350 (Оцинк.);699;688;392.0;405.0;13.0;0.03316326530612245;п.м;п.м;2.703;2.703;145024.0;149834.0;False;False;False
119055;НПГС 100x60 без перфор. 2,0 П390 (Оцинк.);НПГС 100x60 без перфор. 2,0 П390 (Оцинк.);707;895;513.0;530.0;17.0;0.03313840155945419;п.м;п.м;3.5665;3.5665;143838.0;148605.0;False;False;False
119059;ПГС 100x60 без перфор. 2,0 П390 (Оцинк.);ПГС 100x60 без перфор. 2,0 П390 (Оцинк.);923;899;513.0;530.0;17.0;0.03313840155945419;п.м;п.м;3.5665;3.5665;143838.0;148605.0;False;False;False
119088;ПП 150х45 без перфор. 2,0 П390 (Оцинк.);ПП 150х45 без перфор. 2,0 П390 (Оцинк.);1190;930;513.0;530.0;17.0;0.03313840155945419;п.м;п.м;3.6214;3.6214;141658.0;146352.0;False;False;False
88783;ПП 150х45 без перфор. 2,0 П350 (Оцинк.);ПП 150х45 без перфор. 2,0 П350 (Оцинк.);1189;752;513.0;530.0;17.0;0.03313840155945419;п.м;п.м;3.6214;3.6214;141658.0;146352.0;False;False;False
89872;ПГС 100x60 без перфор. 2,0 П350 (Оцинк.);ПГС 100x60 без перфор. 2,0 П350 (Оцинк.);922;695;513.0;530.0;17.0;0.03313840155945419;п.м;п.м;3.5665;3.5665;143838.0;148605.0;False;False;False
89882;НПГС 100x60 без перфор. 2,0 П350 (Оцинк.);НПГС 100x60 без перфор. 2,0 П350 (Оцинк.);705;689;513.0;530.0;17.0;0.03313840155945419;п.м;п.м;3.5665;3.5665;143838.0;148605.0;False;False;False
119130;ТПС 150х65 с перфор. 1,5 П390 (Оцинк.);ТПС 150х65 с перфор. 1,5 П390 (Оцинк.);1919;976;483.0;499.0;16.0;0.033126293995859216;п.м;п.м;3.2044;3.2044;139436.0;144055.0;False;False;False
1205;ТПС 150х65 с перфор. 1,5 П350 (Оцинк.);ТПС 150х65 с перфор. 1,5 П350 (Оцинк.);1917;833;483.0;499.0;16.0;0.033126293995859216;п.м;п.м;3.2044;3.2044;139436.0;144055.0;False;False;False
1180;ПС 200х65 без перфор. 1,5 П350 (Оцинк.);ПС 200х65 без перфор. 1,5 П350 (Оцинк.);1618;789;575.0;594.0;19.0;0.03304347826086956;п.м;п.м;4.0721;4.0721;141205.0;145871.0;False;False;False
119107;ПС 200х65 без перфор. 1,5 П390 (Оцинк.);ПС 200х65 без перфор. 1,5 П390 (Оцинк.);1620;950;575.0;594.0;19.0;0.03304347826086956;п.м;п.м;4.0721;4.0721;141205.0;145871.0;False;False;False
119040;ПZ 160 без перфор. 1,5 П390 (Оцинк.);ПZ 160 без перфор. 1,5 П390 (Оцинк.);786;878;515.0;532.0;17.0;0.03300970873786408;п.м;п.м;3.6745;3.6745;140155.0;144782.0;False;False;False
89727;ПZ 160 без перфор. 1,5 П350 (Оцинк.);ПZ 160 без перфор. 1,5 П350 (Оцинк.);785;656;515.0;532.0;17.0;0.03300970873786408;п.м;п.м;3.6745;3.6745;140155.0;144782.0;False;False;False
119038;ПZ 140 без перфор. 1,5 П390 (Оцинк.);ПZ 140 без перфор. 1,5 П390 (Оцинк.);773;876;485.0;501.0;16.0;0.032989690721649485;п.м;п.м;3.4394;3.4394;141013.0;145665.0;False;False;False
89723;ПZ 140 без перфор. 1,5 П350 (Оцинк.);ПZ 140 без перфор. 1,5 П350 (Оцинк.);772;652;485.0;501.0;16.0;0.032989690721649485;п.м;п.м;3.4394;3.4394;141013.0;145665.0;False;False;False
113370;Кассета фасадная 1 доборная (КФ1) 1,2 (Колор-поток);Кассета фасадная 1 доборная (КФ1) 1,2 (Колор-поток);206;1078;2577.0;2662.0;85.0;0.03298409002716337;м2;м2;9.13;9.13;282256.0;291566.0;False;False;False
68978;Кассета фасадная 2 доборная (КФ2) 1,2 (Колор-поток);Кассета фасадная 2 доборная (КФ2) 1,2 (Колор-поток);221;1105;2577.0;2662.0;85.0;0.03298409002716337;м2;м2;10.8;10.8;238611.0;246481.0;False;False;False
69193;Кассета фасадная 3 доборная (КФ3) 1,2 (Колор-поток);Кассета фасадная 3 доборная (КФ3) 1,2 (Колор-поток);237;1127;2577.0;2662.0;85.0;0.03298409002716337;м2;м2;10.8;10.8;238611.0;246481.0;False;False;False
71716;Кассета фасадная 4/17 доборная (КФ4/17) 1,2 (Колор-поток);Кассета фасадная 4/17 доборная (КФ4/17) 1,2 (Колор-поток);247;1143;2577.0;2662.0;85.0;0.03298409002716337;м2;м2;10.8;10.8;238611.0;246481.0;False;False;False
71743;Кассета фасадная 4/30 доборная (КФ4/30) 1,2 (Колор-поток);Кассета фасадная 4/30 доборная (КФ4/30) 1,2 (Колор-поток);257;1159;2577.0;2662.0;85.0;0.03298409002716337;м2;м2;10.8;10.8;238611.0;246481.0;False;False;False
851;Угол специальный 90 гр. 1,5 П350 (Оцинк.);Угол специальный 90 гр. 1,5 П350 (Оцинк.);2031;860;1668.0;1723.0;55.0;0.03297362110311751;п.м;п.м;11.852;11.852;140736.0;145376.0;False;False;False
119053;НПГС 100x50 без перфор. 2,0 П390 (Оцинк.);НПГС 100x50 без перфор. 2,0 П390 (Оцинк.);684;893;455.0;470.0;15.0;0.03296703296703297;п.м;п.м;3.253;3.253;139871.0;144482.0;False;False;False
119057;ПГС 100x50 без перфор. 2,0 П390 (Оцинк.);ПГС 100x50 без перфор. 2,0 П390 (Оцинк.);911;897;455.0;470.0;15.0;0.03296703296703297;п.м;п.м;3.253;3.253;139871.0;144482.0;False;False;False
119116;Профиль шляпный 61 (ПШ 61) 2,0 П390 (Оцинк.);Профиль шляпный 61 (ПШ 61) 2,0 П390 (Оцинк.);1395;960;455.0;470.0;15.0;0.03296703296703297;п.м;п.м;3.1981;3.1981;142272.0;146962.0;False;False;False
2666;Уголок 100 (L100) 2,0 П350 (Оцинк.);Уголок 100 (L100) 2,0 П350 (Оцинк.);2045;865;455.0;470.0;15.0;0.03296703296703297;п.м;п.м;3.0649;3.0649;148455.0;153349.0;False;False;False
2937;Профиль шляпный 61 (ПШ 61) 2,0 П350 (Оцинк.);Профиль шляпный 61 (ПШ 61) 2,0 П350 (Оцинк.);1393;805;455.0;470.0;15.0;0.03296703296703297;п.м;п.м;3.1981;3.1981;142272.0;146962.0;False;False;False
89866;ПГС 100x50 без перфор. 2,0 П350 (Оцинк.);ПГС 100x50 без перфор. 2,0 П350 (Оцинк.);910;692;455.0;470.0;15.0;0.03296703296703297;п.м;п.м;3.253;3.253;139871.0;144482.0;False;False;False
89877;НПГС 100x50 без перфор. 2,0 П350 (Оцинк.);НПГС 100x50 без перфор. 2,0 П350 (Оцинк.);682;686;455.0;470.0;15.0;0.03296703296703297;п.м;п.м;3.253;3.253;139871.0;144482.0;False;False;False
1152;ПП 170х45 без перфор. 1,5 П350 (Оцинк.);ПП 170х45 без перфор. 1,5 П350 (Оцинк.);1205;755;425.0;439.0;14.0;0.03294117647058824;п.м;п.м;2.9615;2.9615;143508.0;148236.0;False;False;False
119089;ПП 170х45 без перфор. 1,5 П390 (Оцинк.);ПП 170х45 без перфор. 1,5 П390 (Оцинк.);1207;931;425.0;439.0;14.0;0.03294117647058824;п.м;п.м;2.9615;2.9615;143508.0;148236.0;False;False;False
1214;ТПС 245х65 с перфор. 1,5 П350 (Оцинк.);ТПС 245х65 с перфор. 1,5 П350 (Оцинк.);1980;844;638.0;659.0;21.0;0.032915360501567396;п.м;п.м;4.3169;4.3169;139294.0;143879.0;False;False;False
119049;ПZ 250 без перфор. 2,0 П390 (Оцинк.);ПZ 250 без перфор. 2,0 П390 (Оцинк.);836;887;912.0;942.0;30.0;0.03289473684210526;п.м;п.м;6.5687;6.5687;138840.0;143407.0;False;False;False
89743;ПZ 250 без перфор. 2,0 П350 (Оцинк.);ПZ 250 без перфор. 2,0 П350 (Оцинк.);835;672;912.0;942.0;30.0;0.03289473684210526;п.м;п.м;6.5687;6.5687;138840.0;143407.0;False;False;False
1181;ПС 200х65 без перфор. 2,0 П350 (Оцинк.);ПС 200х65 без перфор. 2,0 П350 (Оцинк.);1624;790;761.0;786.0;25.0;0.0328515111695138;п.м;п.м;5.3831;5.3831;141368.0;146013.0;False;False;False
119108;ПС 200х65 без перфор. 2,0 П390 (Оцинк.);ПС 200х65 без перфор. 2,0 П390 (Оцинк.);1626;951;761.0;786.0;25.0;0.0328515111695138;п.м;п.м;5.3831;5.3831;141368.0;146013.0;False;False;False
119125;ТПП 250х65 с перфор. 1,5 П390 (Оцинк.);ТПП 250х65 с перфор. 1,5 П390 (Оцинк.);1873;970;610.0;630.0;20.0;0.03278688524590164;п.м;п.м;4.0897;4.0897;140052.0;144644.0;False;False;False
1198;ТПП 250х65 с перфор. 1,5 П350 (Оцинк.);ТПП 250х65 с перфор. 1,5 П350 (Оцинк.);1871;824;610.0;630.0;20.0;0.03278688524590164;п.м;п.м;4.0897;4.0897;140052.0;144644.0;False;False;False
70399;Лист плоский-штрипс 2,0 (Оцинк.);Лист плоский-штрипс 2,0 (Оцинк.);577;1431;1893.0;1955.0;62.0;0.032752245113576335;м2;м2;15.626;15.626;121144.0;125112.0;False;False;False
119063;ПГС 145х70 без перфор. 2,0 П390 (Оцинк.);ПГС 145х70 без перфор. 2,0 П390 (Оцинк.);962;903;673.0;695.0;22.0;0.03268945022288262;п.м;п.м;4.7423;4.7423;141914.0;146553.0;False;False;False
119067;ПГС 200х45 без перфор. 2,0 П390 (Оцинк.);ПГС 200х45 без перфор. 2,0 П390 (Оцинк.);1002;907;673.0;695.0;22.0;0.03268945022288262;п.м;п.м;4.766;4.766;141209.0;145825.0;False;False;False
119096;ПП 220х45 без перфор. 2,0 П390 (Оцинк.);ПП 220х45 без перфор. 2,0 П390 (Оцинк.);1262;938;673.0;695.0;22.0;0.03268945022288262;п.м;п.м;4.7188;4.7188;142621.0;147283.0;False;False;False
119106;ПС 200х45 без перфор. 2,0 П390 (Оцинк.);ПС 200х45 без перфор. 2,0 П390 (Оцинк.);1609;949;673.0;695.0;22.0;0.03268945022288262;п.м;п.м;4.7563;4.7563;141497.0;146122.0;False;False;False
88791;ПП 220х45 без перфор. 2,0 П350 (Оцинк.);ПП 220х45 без перфор. 2,0 П350 (Оцинк.);1261;768;673.0;695.0;22.0;0.03268945022288262;п.м;п.м;4.7188;4.7188;142621.0;147283.0;False;False;False
86030;Направляющий профиль Г-образный 60х81 (НПГ 60х81) 2,0 П350 (Оцинк.);Направляющий профиль Г-образный 60х81 (НПГ 60х81) 2,0 П350 (Оцинк.);653;858;306.0;316.0;10.0;0.032679738562091505;п.м;п.м;2.1399;2.1399;142997.0;147670.0;False;False;False
852;Угол специальный 90 гр. 2,0 П350 (Оцинк.);Угол специальный 90 гр. 2,0 П350 (Оцинк.);2035;861;2206.0;2278.0;72.0;0.032638259292837715;п.м;п.м;15.626;15.626;141175.0;145783.0;False;False;False
119046;ПZ 220 без перфор. 1,5 П390 (Оцинк.);ПZ 220 без перфор. 1,5 П390 (Оцинк.);825;884;614.0;634.0;20.0;0.03257328990228013;п.м;п.м;4.3796;4.3796;140195.0;144762.0;False;False;False
89738;ПZ 220 без перфор. 1,5 П350 (Оцинк.);ПZ 220 без перфор. 1,5 П350 (Оцинк.);824;668;614.0;634.0;20.0;0.03257328990228013;п.м;п.м;4.3796;4.3796;140195.0;144762.0;False;False;False
119128;ТПС 150х45 с перфор. 1,5 П390 (Оцинк.);ТПС 150х45 с перфор. 1,5 П390 (Оцинк.);1903;974;430.0;444.0;14.0;0.03255813953488372;п.м;п.м;2.7343;2.7343;143749.0;148429.0;False;False;False
1204;ТПС 150х45 с перфор. 1,5 П350 (Оцинк.);ТПС 150х45 с перфор. 1,5 П350 (Оцинк.);1901;830;430.0;444.0;14.0;0.03255813953488372;п.м;п.м;2.7343;2.7343;143749.0;148429.0;False;False;False
119077;ПГС-сигма 300х80x20 без перфор. 2,0 П390 (Оцинк.);ПГС-сигма 300х80x20 без перфор. 2,0 П390 (Оцинк.);1094;917;1106.0;1142.0;36.0;0.0325497287522604;п.м;п.м;7.862;7.862;140677.0;145256.0;False;False;False
290;ПГС-сигма 300х80x20 без перфор. 2,0 П350 (Оцинк.);ПГС-сигма 300х80x20 без перфор. 2,0 П350 (Оцинк.);1092;731;1106.0;1142.0;36.0;0.0325497287522604;п.м;п.м;7.862;7.862;140677.0;145256.0;False;False;False
1171;ПС 150х65 без перфор. 1,5 П350 (Оцинк.);ПС 150х65 без перфор. 1,5 П350 (Оцинк.);1566;781;492.0;508.0;16.0;0.032520325203252036;п.м;п.м;3.4848;3.4848;141185.0;145776.0;False;False;False
119103;ПС 150х65 без перфор. 1,5 П390 (Оцинк.);ПС 150х65 без перфор. 1,5 П390 (Оцинк.);1568;945;492.0;508.0;16.0;0.032520325203252036;п.м;п.м;3.4848;3.4848;141185.0;145776.0;False;False;False
126001;ТПП 200х45 с перфор. 2,0 П350 (Оцинк.);ТПП 200х45 с перфор. 2,0 П350 (Оцинк.);1845;818;617.0;637.0;20.0;0.03241491085899514;п.м;п.м;4.029;4.029;141143.0;145718.0;False;False;False
113368;Кассета угловая 1 (УКФ1) 1,2 (Колор-поток);Кассета угловая 1 (УКФ1) 1,2 (Колор-поток);162;1062;2626.0;2711.0;85.0;0.03236862147753237;м2;м2;9.13;9.13;287623.0;296933.0;False;False;False
58026;Кассета угловая 2 (УКФ2) 1,2 (Колор-поток);Кассета угловая 2 (УКФ2) 1,2 (Колор-поток);169;1087;2626.0;2711.0;85.0;0.03236862147753237;м2;м2;10.8;10.8;243148.0;251019.0;False;False;False
58031;Кассета угловая 3 (УКФ3) 1,2 (Колор-поток);Кассета угловая 3 (УКФ3) 1,2 (Колор-поток);174;1111;2626.0;2711.0;85.0;0.03236862147753237;м2;м2;10.8;10.8;243148.0;251019.0;False;False;False
71696;Кассета угловая 4/17 (УКФ4/17) 1,2 (Колор-поток);Кассета угловая 4/17 (УКФ4/17) 1,2 (Колор-поток);179;1133;2626.0;2711.0;85.0;0.03236862147753237;м2;м2;10.8;10.8;243148.0;251019.0;False;False;False
71723;Кассета угловая 4/30 (УКФ4/30) 1,2 (Колор-поток);Кассета угловая 4/30 (УКФ4/30) 1,2 (Колор-поток);184;1149;2626.0;2711.0;85.0;0.03236862147753237;м2;м2;10.8;10.8;243148.0;251019.0;False;False;False
119050;ПZ 300 без перфор. 2,0 П390 (Оцинк.);ПZ 300 без перфор. 2,0 П390 (Оцинк.);852;888;1115.0;1151.0;36.0;0.03228699551569507;п.м;п.м;8.1207;8.1207;137303.0;141737.0;False;False;False
89746;ПZ 300 без перфор. 2,0 П350 (Оцинк.);ПZ 300 без перфор. 2,0 П350 (Оцинк.);851;676;1115.0;1151.0;36.0;0.03228699551569507;п.м;п.м;8.1207;8.1207;137303.0;141737.0;False;False;False
1172;ПС 150х65 без перфор. 2,0 П350 (Оцинк.);ПС 150х65 без перфор. 2,0 П350 (Оцинк.);1572;782;651.0;672.0;21.0;0.03225806451612903;п.м;п.м;4.5996;4.5996;141534.0;146100.0;False;False;False
1182;ПС 245х65 без перфор. 1,5 П350 (Оцинк.);ПС 245х65 без перфор. 1,5 П350 (Оцинк.);1635;792;651.0;672.0;21.0;0.03225806451612903;п.м;п.м;4.5967;4.5967;141623.0;146192.0;False;False;False
119102;ПС 150х65 без перфор. 2,0 П390 (Оцинк.);ПС 150х65 без перфор. 2,0 П390 (Оцинк.);1574;946;651.0;672.0;21.0;0.03225806451612903;п.м;п.м;4.5996;4.5996;141534.0;146100.0;False;False;False
1232;ПГС 245х65 без перфор. 1,5 П350 (Оцинк.);ПГС 245х65 без перфор. 1,5 П350 (Оцинк.);1013;712;651.0;672.0;21.0;0.03225806451612903;п.м;п.м;4.693;4.693;138717.0;143192.0;False;False;False
132762;ПП 105х45 без перфор. 1,2 П350 (Оцинк.);ПП 105х45 без перфор. 1,2 П350 (Оцинк.);1144;220;248.0;256.0;8.0;0.03225806451612903;п.м;п.м;1.7629;1.7629;140677.0;145215.0;False;False;False
119070;ПГС 300х80 без перфор. 1,5 П390 (Оцинк.);ПГС 300х80 без перфор. 1,5 П390 (Оцинк.);1033;910;807.0;833.0;26.0;0.0322180916976456;п.м;п.м;5.688;5.688;141878.0;146449.0;False;False;False
119083;ТПГС 300х80 с перфор. 1,5 П390 (Оцинк.) по согласованию;ТПГС 300х80 с перфор. 1,5 П390 (Оцинк.) по согласованию;1770;924;807.0;833.0;26.0;0.0322180916976456;п.м;п.м;5.4059;5.4059;142173.0;146753.0;False;False;False
1236;ПГС 300х80 без перфор. 1,5 П350 (Оцинк.);ПГС 300х80 без перфор. 1,5 П350 (Оцинк.);1031;716;807.0;833.0;26.0;0.0322180916976456;п.м;п.м;5.688;5.688;141878.0;146449.0;False;False;False
85677;ТПГС 300х80 с перфор. 1,5 П350 (Оцинк.) по согласованию;ТПГС 300х80 с перфор. 1,5 П350 (Оцинк.) по согласованию;1769;742;807.0;833.0;26.0;0.0322180916976456;п.м;п.м;5.4059;5.4059;142173.0;146753.0;False;False;False
18856;Лист плоский нест обрезь 2,0 (Оцинк.);Лист плоский нест обрезь 2,0 (Оцинк.);566;1424;1894.0;1955.0;61.0;0.032206969376979935;м2;м2;15.626;15.626;121208.0;125112.0;False;False;False
63358;Лист плоский 2,0 (Оцинк.);Лист плоский 2,0 (Оцинк.);557;1417;1894.0;1955.0;61.0;0.032206969376979935;м2;м2;15.626;15.626;121208.0;125112.0;False;False;False
119136;ТПС 200х65 с перфор. 2,0 П390 (Оцинк.);ТПС 200х65 с перфор. 2,0 П390 (Оцинк.);1971;982;747.0;771.0;24.0;0.0321285140562249;п.м;п.м;5.0088;5.0088;139381.0;143859.0;False;False;False
1213;ТПС 200х65 с перфор. 2,0 П350 (Оцинк.);ТПС 200х65 с перфор. 2,0 П350 (Оцинк.);1969;842;747.0;771.0;24.0;0.0321285140562249;п.м;п.м;5.0088;5.0088;139381.0;143859.0;False;False;False
1155;ПП 195х45 без перфор. 1,5 П350 (Оцинк.);ПП 195х45 без перфор. 1,5 П350 (Оцинк.);1222;759;467.0;482.0;15.0;0.032119914346895075;п.м;п.м;3.2592;3.2592;143287.0;147889.0;False;False;False
119091;ПП 195х45 без перфор. 1,5 П390 (Оцинк.);ПП 195х45 без перфор. 1,5 П390 (Оцинк.);1224;933;467.0;482.0;15.0;0.032119914346895075;п.м;п.м;3.2592;3.2592;143287.0;147889.0;False;False;False
119121;ТПП 200х45 с перфор. 1,5 П390 (Оцинк.);ТПП 200х45 с перфор. 1,5 П390 (Оцинк.);1844;966;467.0;482.0;15.0;0.032119914346895075;п.м;п.м;3.032;3.032;141957.0;146517.0;False;False;False
1195;ТПП 200х45 с перфор. 1,5 П350 (Оцинк.);ТПП 200х45 с перфор. 1,5 П350 (Оцинк.);1842;817;467.0;482.0;15.0;0.032119914346895075;п.м;п.м;3.032;3.032;141957.0;146517.0;False;False;False
119064;ПГС 195х70 без перфор. 1,5 П390 (Оцинк.);ПГС 195х70 без перфор. 1,5 П390 (Оцинк.);979;904;592.0;611.0;19.0;0.03209459459459459;п.м;п.м;4.2229;4.2229;140188.0;144687.0;False;False;False
119079;ТПГС 195х70 с перфор. 1,5 П390 (Оцинк.);ТПГС 195х70 с перфор. 1,5 П390 (Оцинк.);1747;921;592.0;611.0;19.0;0.03209459459459459;п.м;п.м;3.9409;3.9409;140787.0;145305.0;False;False;False
8078;ПГС 195х70 без перфор. 1,5 П350 (Оцинк.);ПГС 195х70 без перфор. 1,5 П350 (Оцинк.);977;705;592.0;611.0;19.0;0.03209459459459459;п.м;п.м;4.2229;4.2229;140188.0;144687.0;False;False;False
91675;ТПГС 195х70 с перфор. 1,5 П350 (Оцинк.);ТПГС 195х70 с перфор. 1,5 П350 (Оцинк.);1746;738;592.0;611.0;19.0;0.03209459459459459;п.м;п.м;3.9409;3.9409;140787.0;145305.0;False;False;False
69196;Ендова нижняя (ЕН) 2м (Колор-поток);Ендова нижняя (ЕН) 2м (Колор-поток);110;1164;1621.0;1673.0;52.0;0.032078963602714373;шт;шт;4.34;4.34;373502.0;385484.0;False;False;False
69204;Профиль из стандартной заготовки (0,625) 2м (Колор-поток);Профиль из стандартной заготовки (0,625) 2м (Колор-поток);1303;1174;1621.0;1673.0;52.0;0.032078963602714373;шт;шт;4.34;4.34;373502.0;385484.0;False;False;False
89319;Конек плоский широкий 290 (КП290) 2м (Колор-поток);Конек плоский широкий 290 (КП290) 2м (Колор-поток);344;1168;1621.0;1673.0;52.0;0.032078963602714373;шт;шт;4.34;4.34;373502.0;385484.0;False;False;False
18855;Лист плоский нест обрезь 1,5 (Оцинк.);Лист плоский нест обрезь 1,5 (Оцинк.);565;1423;1434.0;1480.0;46.0;0.03207810320781032;м2;м2;11.852;11.852;120992.0;124873.0;False;False;False
63357;Лист плоский 1,5 (Оцинк.);Лист плоский 1,5 (Оцинк.);555;1416;1434.0;1480.0;46.0;0.03207810320781032;м2;м2;11.852;11.852;120992.0;124873.0;False;False;False
70398;Лист плоский-штрипс 1,5 (Оцинк.);Лист плоский-штрипс 1,5 (Оцинк.);576;1430;1434.0;1480.0;46.0;0.03207810320781032;м2;м2;11.852;11.852;120992.0;124873.0;False;False;False
119122;ТПП 200х65 с перфор. 1,5 П390 (Оцинк.);ТПП 200х65 с перфор. 1,5 П390 (Оцинк.);1849;967;530.0;547.0;17.0;0.03207547169811321;п.м;п.м;3.5021;3.5021;139998.0;144488.0;False;False;False
91674;ТПП 200х65 с перфор. 1,5 П350 (Оцинк.);ТПП 200х65 с перфор. 1,5 П350 (Оцинк.);1848;819;530.0;547.0;17.0;0.03207547169811321;п.м;п.м;3.5021;3.5021;139998.0;144488.0;False;False;False
107472;ПГС 100x50х14 без перфор. 1,2 (Оцинк.);ПГС 100x50х14 без перфор. 1,2 (Оцинк.);913;195;281.0;290.0;9.0;0.03202846975088968;п.м;п.м;1.996;1.996;140782.0;145291.0;False;False;False
119052;НПГС 100x50 без перфор. 1,5 П390 (Оцинк.);НПГС 100x50 без перфор. 1,5 П390 (Оцинк.);678;892;344.0;355.0;11.0;0.03197674418604651;п.м;п.м;2.4679;2.4679;139390.0;143847.0;False;False;False
119056;ПГС 100x50 без перфор. 1,5 П390 (Оцинк.);ПГС 100x50 без перфор. 1,5 П390 (Оцинк.);908;896;344.0;355.0;11.0;0.03197674418604651;п.м;п.м;2.4679;2.4679;139390.0;143847.0;False;False;False
119115;Профиль шляпный 61 (ПШ 61) 1,5 П390 (Оцинк.);Профиль шляпный 61 (ПШ 61) 1,5 П390 (Оцинк.);1389;959;344.0;355.0;11.0;0.03197674418604651;п.м;п.м;2.4209;2.4209;142096.0;146640.0;False;False;False
1246;Профиль шляпный 61 (ПШ 61) 1,5 П350 (Оцинк.);Профиль шляпный 61 (ПШ 61) 1,5 П350 (Оцинк.);1387;804;344.0;355.0;11.0;0.03197674418604651;п.м;п.м;2.4209;2.4209;142096.0;146640.0;False;False;False
2486;Уголок 100 (L100) 1,5 П350 (Оцинк.);Уголок 100 (L100) 1,5 П350 (Оцинк.);2041;864;344.0;355.0;11.0;0.03197674418604651;п.м;п.м;2.3034;2.3034;149344.0;154120.0;False;False;False
89859;ПГС 100x50 без перфор. 1,5 П350 (Оцинк.);ПГС 100x50 без перфор. 1,5 П350 (Оцинк.);907;691;344.0;355.0;11.0;0.03197674418604651;п.м;п.м;2.4679;2.4679;139390.0;143847.0;False;False;False
89876;НПГС 100x50 без перфор. 1,5 П350 (Оцинк.);НПГС 100x50 без перфор. 1,5 П350 (Оцинк.);676;685;344.0;355.0;11.0;0.03197674418604651;п.м;п.м;2.4679;2.4679;139390.0;143847.0;False;False;False
1170;ПС 150х45 без перфор. 1,5 П350 (Оцинк.);ПС 150х45 без перфор. 1,5 П350 (Оцинк.);1550;778;438.0;452.0;14.0;0.0319634703196347;п.м;п.м;3.0149;3.0149;145278.0;149922.0;False;False;False
119081;ТПГС 245х65 с перфор. 1,5 П390 (Оцинк.);ТПГС 245х65 с перфор. 1,5 П390 (Оцинк.);1761;922;657.0;678.0;21.0;0.0319634703196347;п.м;п.м;4.4109;4.4109;140518.0;145010.0;False;False;False
119100;ПС 150х45 без перфор. 1,5 П390 (Оцинк.);ПС 150х45 без перфор. 1,5 П390 (Оцинк.);1552;943;438.0;452.0;14.0;0.0319634703196347;п.м;п.м;3.0149;3.0149;145278.0;149922.0;False;False;False
1233;ТПГС 245х65 с перфор. 1,5 П350 (Оцинк.);ТПГС 245х65 с перфор. 1,5 П350 (Оцинк.);1759;740;657.0;678.0;21.0;0.0319634703196347;п.м;п.м;4.4109;4.4109;140518.0;145010.0;False;False;False
119043;ПZ 180 без перфор. 2,0 П390 (Оцинк.);ПZ 180 без перфор. 2,0 П390 (Оцинк.);798;881;720.0;743.0;23.0;0.03194444444444444;п.м;п.м;5.1891;5.1891;138752.0;143185.0;False;False;False
89732;ПZ 180 без перфор. 2,0 П350 (Оцинк.);ПZ 180 без перфор. 2,0 П350 (Оцинк.);797;661;720.0;743.0;23.0;0.03194444444444444;п.м;п.м;5.1891;5.1891;138752.0;143185.0;False;False;False
2208;"Панель фасадная ""1А"" (ПФ1А)";"Панель фасадная ""1А"" (ПФ1А)";866;1577;722.0;745.0;23.0;0.03185595567867036;м2;м2;4.155;4.155;173767.0;179302.0;False;False;False
2211;"Панель фасадная ""2А"" (ПФ2А)";"Панель фасадная ""2А"" (ПФ2А)";873;1580;722.0;745.0;23.0;0.03185595567867036;м2;м2;4.155;4.155;173767.0;179302.0;False;False;False
2258;"Панель фасадная ""3А"" (ПФ3А)";"Панель фасадная ""3А"" (ПФ3А)";880;1583;722.0;745.0;23.0;0.03185595567867036;м2;м2;4.155;4.155;173767.0;179302.0;False;False;False
119071;ПГС 300х80 без перфор. 2,0 П390 (Оцинк.);ПГС 300х80 без перфор. 2,0 П390 (Оцинк.);1039;911;1068.0;1102.0;34.0;0.031835205992509365;п.м;п.м;7.5485;7.5485;141485.0;145989.0;False;False;False
119084;ТПГС 300х80 с перфор. 2,0 П390 (Оцинк.) по согласованию;ТПГС 300х80 с перфор. 2,0 П390 (Оцинк.) по согласованию;1773;925;1068.0;1102.0;34.0;0.031835205992509365;п.м;п.м;7.1722;7.1722;141817.0;146332.0;False;False;False
1237;ПГС 300х80 без перфор. 2,0 П350 (Оцинк.);ПГС 300х80 без перфор. 2,0 П350 (Оцинк.);1037;717;1068.0;1102.0;34.0;0.031835205992509365;п.м;п.м;7.5485;7.5485;141485.0;145989.0;False;False;False
85676;ТПГС 300х80 с перфор. 2,0 П350 (Оцинк.) по согласованию;ТПГС 300х80 с перфор. 2,0 П350 (Оцинк.) по согласованию;1772;743;1068.0;1102.0;34.0;0.031835205992509365;п.м;п.м;7.1722;7.1722;141817.0;146332.0;False;False;False
26585;Направляющий профиль Г-образный 50 (НПГ 50) 2,0 П350 (Оцинк.);Направляющий профиль Г-образный 50 (НПГ 50) 2,0 П350 (Оцинк.);621;852;221.0;228.0;7.0;0.03167420814479638;п.м;п.м;1.5128;1.5128;146087.0;150714.0;False;False;False
72511;Уголок 50 (L50) 2,0 П350 (Оцинк.);Уголок 50 (L50) 2,0 П350 (Оцинк.);2059;870;221.0;228.0;7.0;0.03167420814479638;п.м;п.м;1.4972;1.4972;147609.0;152284.0;False;False;False
86026;Направляющий профиль Г-образный 60х44 (НПГ 60х44) 2,0 П350 (Оцинк.);Направляющий профиль Г-образный 60х44 (НПГ 60х44) 2,0 П350 (Оцинк.);637;855;221.0;228.0;7.0;0.03167420814479638;п.м;п.м;1.5599;1.5599;141676.0;146163.0;False;False;False
1158;ПП 200х45 без перфор. 1,5 П350 (Оцинк.);ПП 200х45 без перфор. 1,5 П350 (Оцинк.);1239;763;476.0;491.0;15.0;0.031512605042016806;п.м;п.м;3.3141;3.3141;143629.0;148155.0;False;False;False
119093;ПП 200х45 без перфор. 1,5 П390 (Оцинк.);ПП 200х45 без перфор. 1,5 П390 (Оцинк.);1241;935;476.0;491.0;15.0;0.031512605042016806;п.м;п.м;3.3141;3.3141;143629.0;148155.0;False;False;False
119045;ПZ 200 без перфор. 2,0 П390 (Оцинк.);ПZ 200 без перфор. 2,0 П390 (Оцинк.);811;883;764.0;788.0;24.0;0.031413612565445025;п.м;п.м;5.5026;5.5026;138843.0;143205.0;False;False;False
89736;ПZ 200 без перфор. 2,0 П350 (Оцинк.);ПZ 200 без перфор. 2,0 П350 (Оцинк.);810;665;764.0;788.0;24.0;0.031413612565445025;п.м;п.м;5.5026;5.5026;138843.0;143205.0;False;False;False
109092;ПП 100х50 без перфор. 1,2 (Оцинк.);ПП 100х50 без перфор. 1,2 (Оцинк.);1138;214;255.0;263.0;8.0;0.03137254901960784;п.м;п.м;1.811;1.811;140806.0;145224.0;False;False;False
105954;Штакетник 20х50х20 (ШТ 20х50х20) 0,5 (Оцинк.);Штакетник 20х50х20 (ШТ 20х50х20) 0,5 (Оцинк.);2158;594;64.0;66.0;2.0;0.03125;п.м;п.м;0.434;0.434;147465.0;152074.0;False;False;False
26537;Кронштейн выравнивающий усиленный Г-95х200 (КВГУ 95х200) 2,0 П350 (Оцинк.);Кронштейн выравнивающий усиленный Г-95х200 (КВГУ 95х200) 2,0 П350 (Оцинк.);485;637;64.0;66.0;2.0;0.03125;шт;шт;0.45;0.45;142222.0;146667.0;False;False;False
1191;ТПП 170х45 с перфор. 1,5 П350 (Оцинк.);ТПП 170х45 с перфор. 1,5 П350 (Оцинк.);1816;813;418.0;431.0;13.0;0.03110047846889952;п.м;п.м;2.6795;2.6795;142465.0;146896.0;False;False;False
119119;ТПП 170х45 с перфор. 1,5 П390 (Оцинк.);ТПП 170х45 с перфор. 1,5 П390 (Оцинк.);1818;964;418.0;431.0;13.0;0.03110047846889952;п.м;п.м;2.6795;2.6795;142465.0;146896.0;False;False;False
26548;Кронштейн выравнивающий усиленный Г-95х350 (КВГУ 95х350) 2,0 П350 (Оцинк.);Кронштейн выравнивающий усиленный Г-95х350 (КВГУ 95х350) 2,0 П350 (Оцинк.);527;647;97.0;100.0;3.0;0.030927835051546393;шт;шт;0.7;0.7;138571.0;142857.0;False;False;False
69215;Водоотлив 255 (ВО255) 0,7х3м (Колор-поток);Водоотлив 255 (ВО255) 0,7х3м (Колор-поток);71;1215;1489.0;1535.0;46.0;0.03089321692411014;шт;шт;4.705;4.705;316472.0;326249.0;False;False;False
69238;Угол откосный 180х132 (УО180х132) 0,7х3м (Колор-поток);Угол откосный 180х132 (УО180х132) 0,7х3м (Колор-поток);2008;1240;1489.0;1535.0;46.0;0.03089321692411014;шт;шт;4.705;4.705;316472.0;326249.0;False;False;False
69244;Угол откосный 240х70 (УО240х70) 0,7х3м (Колор-поток);Угол откосный 240х70 (УО240х70) 0,7х3м (Колор-поток);2021;1246;1489.0;1535.0;46.0;0.03089321692411014;шт;шт;4.705;4.705;316472.0;326249.0;False;False;False
113369;Кассета фасадная 1 (КФ1) 1,2 (Колор-поток);Кассета фасадная 1 (КФ1) 1,2 (Колор-поток);199;1072;2336.0;2408.0;72.0;0.030821917808219176;м2;м2;9.13;9.13;255860.0;263746.0;False;False;False
68975;Кассета фасадная 2 (КФ2) 1,2 (Колор-поток);Кассета фасадная 2 (КФ2) 1,2 (Колор-поток);214;1098;2336.0;2408.0;72.0;0.030821917808219176;м2;м2;10.8;10.8;216296.0;222963.0;False;False;False
69190;Кассета фасадная 3 (КФ3) 1,2 (Колор-поток);Кассета фасадная 3 (КФ3) 1,2 (Колор-поток);232;1122;2336.0;2408.0;72.0;0.030821917808219176;м2;м2;10.8;10.8;216296.0;222963.0;False;False;False
71706;Кассета фасадная 4/17 (КФ4/17) 1,2 (Колор-поток);Кассета фасадная 4/17 (КФ4/17) 1,2 (Колор-поток);242;1138;2336.0;2408.0;72.0;0.030821917808219176;м2;м2;10.8;10.8;216296.0;222963.0;False;False;False
71733;Кассета фасадная 4/30 (КФ4/30) 1,2 (Колор-поток);Кассета фасадная 4/30 (КФ4/30) 1,2 (Колор-поток);252;1154;2336.0;2408.0;72.0;0.030821917808219176;м2;м2;10.8;10.8;216296.0;222963.0;False;False;False
119127;ТПС 145х45 с перфор. 1,5 П390 (Оцинк.);ТПС 145х45 с перфор. 1,5 П390 (Оцинк.);1891;973;422.0;435.0;13.0;0.030805687203791468;п.м;п.м;2.6716;2.6716;144122.0;148562.0;False;False;False
1202;ТПС 145х45 с перфор. 1,5 П350 (Оцинк.);ТПС 145х45 с перфор. 1,5 П350 (Оцинк.);1889;828;422.0;435.0;13.0;0.030805687203791468;п.м;п.м;2.6716;2.6716;144122.0;148562.0;False;False;False
46253;Кронштейн лестничный кровельный (КкЛст) (Колор-поток);Кронштейн лестничный кровельный (КкЛст) (Колор-поток);530;1651;325.0;335.0;10.0;0.03076923076923077;шт;шт;0.26;0.26;1250000.0;1288462.0;False;False;False
1178;ПС 200х45 без перфор. 1,5 П350 (Оцинк.);ПС 200х45 без перфор. 1,5 П350 (Оцинк.);1601;786;522.0;538.0;16.0;0.03065134099616858;п.м;п.м;3.6022;3.6022;144911.0;149353.0;False;False;False
119105;ПС 200х45 без перфор. 1,5 П390 (Оцинк.);ПС 200х45 без перфор. 1,5 П390 (Оцинк.);1603;948;522.0;538.0;16.0;0.03065134099616858;п.м;п.м;3.6022;3.6022;144911.0;149353.0;False;False;False
118132;Направляющий профиль Г-образный 60х44 (НПГ 60х44) 1,0 (Оцинк.);Направляющий профиль Г-образный 60х44 (НПГ 60х44) 1,0 (Оцинк.);625;569;98.0;101.0;3.0;0.030612244897959183;п.м;п.м;0.7905;0.7905;123972.0;127767.0;False;False;False
119120;ТПП 195х45 с перфор. 1,5 П390 (Оцинк.);ТПП 195х45 с перфор. 1,5 П390 (Оцинк.);1831;965;459.0;473.0;14.0;0.030501089324618737;п.м;п.м;2.9772;2.9772;141832.0;146158.0;False;False;False
1193;ТПП 195х45 с перфор. 1,5 П350 (Оцинк.);ТПП 195х45 с перфор. 1,5 П350 (Оцинк.);1829;815;459.0;473.0;14.0;0.030501089324618737;п.м;п.м;2.9772;2.9772;141832.0;146158.0;False;False;False
119113;Профиль шляпный 28 (ПШ 28) 1,5 П390 (Оцинк.);Профиль шляпный 28 (ПШ 28) 1,5 П390 (Оцинк.);1363;957;232.0;239.0;7.0;0.03017241379310345;п.м;п.м;1.635;1.635;141896.0;146177.0;False;False;False
70455;Профиль шляпный 28 (ПШ 28) 1,5 П350 (Оцинк.);Профиль шляпный 28 (ПШ 28) 1,5 П350 (Оцинк.);1362;800;232.0;239.0;7.0;0.03017241379310345;п.м;п.м;1.635;1.635;141896.0;146177.0;False;False;False
86029;Направляющий профиль Г-образный 60х81 (НПГ 60х81) 1,5 П350 (Оцинк.);Направляющий профиль Г-образный 60х81 (НПГ 60х81) 1,5 П350 (Оцинк.);649;857;232.0;239.0;7.0;0.03017241379310345;п.м;п.м;1.6139;1.6139;143751.0;148088.0;False;False;False
122694;Наличник (НЛс) 3м (Колор-поток с двух сторон);Наличник (НЛс) 3м (Колор-поток с двух сторон);587;1259;962.0;991.0;29.0;0.030145530145530147;шт;шт;1.628;1.628;590909.0;608722.0;False;False;False
102137;ТПZ 200 с перфор. 1,2 (Оцинк.);ТПZ 200 с перфор. 1,2 (Оцинк.);1726;234;465.0;479.0;14.0;0.030107526881720432;п.м;п.м;3.1081;3.1081;139691.0;143897.0;False;False;False
69201;Профиль из стандартной заготовки (0,250) 2м (Колор-поток);Профиль из стандартной заготовки (0,250) 2м (Колор-поток);1291;1171;732.0;754.0;22.0;0.030054644808743168;шт;шт;1.736;1.736;421659.0;434332.0;False;False;False
69207;Фронтон (Ф) 2м (Колор-поток);Фронтон (Ф) 2м (Колор-поток);2133;1177;732.0;754.0;22.0;0.030054644808743168;шт;шт;1.736;1.736;421659.0;434332.0;False;False;False
1111;Направляющий профиль Г-образный 50 (НПГ 50) 1,5 П350 (Оцинк.);Направляющий профиль Г-образный 50 (НПГ 50) 1,5 П350 (Оцинк.);617;851;167.0;172.0;5.0;0.029940119760479042;п.м;п.м;1.136;1.136;147007.0;151408.0;False;False;False
72510;Уголок 50 (L50) 1,5 П350 (Оцинк.);Уголок 50 (L50) 1,5 П350 (Оцинк.);2057;869;167.0;172.0;5.0;0.029940119760479042;п.м;п.м;1.1282;1.1282;148023.0;152455.0;False;False;False
86025;Направляющий профиль Г-образный 60х44 (НПГ 60х44) 1,5 П350 (Оцинк.);Направляющий профиль Г-образный 60х44 (НПГ 60х44) 1,5 П350 (Оцинк.);633;854;167.0;172.0;5.0;0.029940119760479042;п.м;п.м;1.1752;1.1752;142103.0;146358.0;False;False;False
68976;Кассета фасадная 2 доборная (КФ2) 0,7 (Колор-поток);Кассета фасадная 2 доборная (КФ2) 0,7 (Колор-поток);217;1101;1692.0;1741.0;49.0;0.028959810874704492;м2;м2;6.3;6.3;268571.0;276349.0;False;False;False
69185;Кассета фасадная 1 доборная (КФ1) 0,7 (Колор-поток);Кассета фасадная 1 доборная (КФ1) 0,7 (Колор-поток);202;1075;1692.0;1741.0;49.0;0.028959810874704492;м2;м2;6.3;6.3;268571.0;276349.0;False;False;False
69191;Кассета фасадная 3 доборная (КФ3) 0,7 (Колор-поток);Кассета фасадная 3 доборная (КФ3) 0,7 (Колор-поток);235;1125;1692.0;1741.0;49.0;0.028959810874704492;м2;м2;6.3;6.3;268571.0;276349.0;False;False;False
71709;Кассета фасадная 4/17 доборная (КФ4/17) 0,7 (Колор-поток);Кассета фасадная 4/17 доборная (КФ4/17) 0,7 (Колор-поток);245;1141;1692.0;1741.0;49.0;0.028959810874704492;м2;м2;6.3;6.3;268571.0;276349.0;False;False;False
71736;Кассета фасадная 4/30 доборная (КФ4/30) 0,7 (Колор-поток);Кассета фасадная 4/30 доборная (КФ4/30) 0,7 (Колор-поток);255;1157;1692.0;1741.0;49.0;0.028959810874704492;м2;м2;6.3;6.3;268571.0;276349.0;False;False;False
86022;Направляющий профиль Г-образный 40 (НПГ 40) 2,0 П350 (Оцинк.);Направляющий профиль Г-образный 40 (НПГ 40) 2,0 П350 (Оцинк.);606;849;174.0;179.0;5.0;0.028735632183908046;п.м;п.м;1.1836;1.1836;147009.0;151234.0;False;False;False
83329;Кассета угловая 2 (УКФ2) 1,2 (Колор-поток с двух сторон);Кассета угловая 2 (УКФ2) 1,2 (Колор-поток с двух сторон);168;1086;2827.0;2908.0;81.0;0.02865228157056951;м2;м2;10.8;10.8;261759.0;269259.0;False;False;False
83337;Кассета фасадная 2 доборная (КФ2) 1,2 (Колор-поток с двух сторон);Кассета фасадная 2 доборная (КФ2) 1,2 (Колор-поток с двух сторон);220;1104;2827.0;2908.0;81.0;0.02865228157056951;м2;м2;10.8;10.8;261759.0;269259.0;False;False;False
83340;Кассета угловая 3 (УКФ3) 1,2 (Колор-поток с двух сторон);Кассета угловая 3 (УКФ3) 1,2 (Колор-поток с двух сторон);173;1110;2827.0;2908.0;81.0;0.02865228157056951;м2;м2;10.8;10.8;261759.0;269259.0;False;False;False
83346;Кассета фасадная 3 доборная (КФ3) 1,2 (Колор-поток с двух сторон);Кассета фасадная 3 доборная (КФ3) 1,2 (Колор-поток с двух сторон);236;1126;2827.0;2908.0;81.0;0.02865228157056951;м2;м2;10.8;10.8;261759.0;269259.0;False;False;False
83349;Кассета угловая 4/17 (УКФ4/17) 1,2 (Колор-поток с двух сторон);Кассета угловая 4/17 (УКФ4/17) 1,2 (Колор-поток с двух сторон);178;1132;2827.0;2908.0;81.0;0.02865228157056951;м2;м2;10.8;10.8;261759.0;269259.0;False;False;False
83355;Кассета фасадная 4/17 доборная (КФ4/17) 1,2 (Колор-поток с двух сторон);Кассета фасадная 4/17 доборная (КФ4/17) 1,2 (Колор-поток с двух сторон);246;1142;2827.0;2908.0;81.0;0.02865228157056951;м2;м2;10.8;10.8;261759.0;269259.0;False;False;False
83358;Кассета угловая 4/30 (УКФ4/30) 1,2 (Колор-поток с двух сторон);Кассета угловая 4/30 (УКФ4/30) 1,2 (Колор-поток с двух сторон);183;1148;2827.0;2908.0;81.0;0.02865228157056951;м2;м2;10.8;10.8;261759.0;269259.0;False;False;False
83364;Кассета фасадная 4/30 доборная (КФ4/30) 1,2 (Колор-поток с двух сторон);Кассета фасадная 4/30 доборная (КФ4/30) 1,2 (Колор-поток с двух сторон);256;1158;2827.0;2908.0;81.0;0.02865228157056951;м2;м2;10.8;10.8;261759.0;269259.0;False;False;False
26531;Кронштейн выравнивающий усиленный Г-95х130 (КВГУ 95х130) 1,5 П350 (Оцинк.);Кронштейн выравнивающий усиленный Г-95х130 (КВГУ 95х130) 1,5 П350 (Оцинк.);457;630;36.0;37.0;1.0;0.027777777777777776;шт;шт;0.25;0.25;144000.0;148000.0;False;False;False
69234;Профиль шляпный 20 (НПШ20) 0,7х3м (Колор-поток с лицевой стороны);Профиль шляпный 20 (НПШ20) 0,7х3м (Колор-поток с лицевой стороны);1310;1237;902.0;927.0;25.0;0.02771618625277162;шт;шт;2.352;2.352;383503.0;394133.0;False;False;False
116824;Лист плоский 0,7 (Колор-поток с двух сторон) не стандарт, не для гибки;Лист плоский 0,7 (Колор-поток с двух сторон) не стандарт, не для гибки;541;1398;1201.0;1234.0;33.0;0.027477102414654453;м2;м2;5.018;5.018;239338.0;245915.0;False;False;False
96844;Лист плоский 0,8 (Колор-поток) не стандарт, не для гибки;Лист плоский 0,8 (Колор-поток) не стандарт, не для гибки;546;1401;1059.0;1088.0;29.0;0.027384324834749764;м2;м2;6.16;6.16;171916.0;176623.0;False;False;False
69211;Водоотлив 180 (Вс180) 3м (Колор-поток);Водоотлив 180 (Вс180) 3м (Колор-поток);61;1212;1032.0;1060.0;28.0;0.027131782945736434;шт;шт;2.604;2.604;396313.0;407066.0;False;False;False
69218;Нащельник (Нс) 3м (Колор-поток);Нащельник (Нс) 3м (Колор-поток);656;1218;1032.0;1060.0;28.0;0.027131782945736434;шт;шт;2.604;2.604;396313.0;407066.0;False;False;False
69231;Профиль из стандартной заготовки (0,250) 3м (Колор-поток);Профиль из стандартной заготовки (0,250) 3м (Колор-поток);1293;1234;1032.0;1060.0;28.0;0.027131782945736434;шт;шт;2.604;2.604;396313.0;407066.0;False;False;False
69236;Угол внутренний (УСВс) 3м (Колор-поток);Угол внутренний (УСВс) 3м (Колор-поток);1999;1238;1032.0;1060.0;28.0;0.027131782945736434;шт;шт;2.604;2.604;396313.0;407066.0;False;False;False
69241;Угол откосный 180х70 (УО180х70) 3м (Колор-поток);Угол откосный 180х70 (УО180х70) 3м (Колор-поток);2014;1243;1032.0;1060.0;28.0;0.027131782945736434;шт;шт;2.604;2.604;396313.0;407066.0;False;False;False
69252;Уголок внутр. 125 (УВ125) 3м (Колор-поток);Уголок внутр. 125 (УВ125) 3м (Колор-поток);2068;1250;1032.0;1060.0;28.0;0.027131782945736434;шт;шт;2.604;2.604;396313.0;407066.0;False;False;False
69255;Уголок наруж. 125 (УН125) 3м (Колор-поток);Уголок наруж. 125 (УН125) 3м (Колор-поток);2084;1255;1032.0;1060.0;28.0;0.027131782945736434;шт;шт;2.604;2.604;396313.0;407066.0;False;False;False
105434;Профиль шляпный 20х50х20 (НПШ 20х50х20) 0,5;Профиль шляпный 20х50х20 (НПШ 20х50х20) 0,5;1312;263;74.0;76.0;2.0;0.02702702702702703;п.м;п.м;0.415;0.415;178313.0;183133.0;False;False;False
105958;Штакетник 20х50х20 (ШТ 20х50х20) 0,5;Штакетник 20х50х20 (ШТ 20х50х20) 0,5;2156;268;74.0;76.0;2.0;0.02702702702702703;п.м;п.м;0.415;0.415;178313.0;183133.0;False;False;False
1473;Кассета угловая 1 (УКФ1) 0,7 (Колор-поток);Кассета угловая 1 (УКФ1) 0,7 (Колор-поток);159;1059;1741.0;1788.0;47.0;0.026995979322228605;м2;м2;6.3;6.3;276349.0;283810.0;False;False;False
1475;Кассета угловая 2 (УКФ2) 0,7 (Колор-поток);Кассета угловая 2 (УКФ2) 0,7 (Колор-поток);165;1083;1741.0;1788.0;47.0;0.026995979322228605;м2;м2;6.3;6.3;276349.0;283810.0;False;False;False
1477;Кассета угловая горизонт. 1 (УГКФ1) 0,7 (Колор-поток);Кассета угловая горизонт. 1 (УГКФ1) 0,7 (Колор-поток);190;1065;1741.0;1788.0;47.0;0.026995979322228605;м2;м2;6.3;6.3;276349.0;283810.0;False;False;False
1479;Кассета угловая горизонт 2 (УГКФ2) 0,7 (Колор-поток);Кассета угловая горизонт 2 (УГКФ2) 0,7 (Колор-поток);187;1090;1741.0;1788.0;47.0;0.026995979322228605;м2;м2;6.3;6.3;276349.0;283810.0;False;False;False
57750;Кассета угловая 3 (УКФ3) 0,7 (Колор-поток);Кассета угловая 3 (УКФ3) 0,7 (Колор-поток);172;1109;1741.0;1788.0;47.0;0.026995979322228605;м2;м2;6.3;6.3;276349.0;283810.0;False;False;False
71691;Кассета угловая 4/17 (УКФ4/17) 0,7 (Колор-поток);Кассета угловая 4/17 (УКФ4/17) 0,7 (Колор-поток);177;1131;1741.0;1788.0;47.0;0.026995979322228605;м2;м2;6.3;6.3;276349.0;283810.0;False;False;False
71718;Кассета угловая 4/30 (УКФ4/30) 0,7 (Колор-поток);Кассета угловая 4/30 (УКФ4/30) 0,7 (Колор-поток);182;1147;1741.0;1788.0;47.0;0.026995979322228605;м2;м2;6.3;6.3;276349.0;283810.0;False;False;False
83323;Кассета фасадная 1 (КФ1) 1,2 (Колор-поток с двух сторон);Кассета фасадная 1 (КФ1) 1,2 (Колор-поток с двух сторон);198;1071;2585.0;2654.0;69.0;0.026692456479690523;м2;м2;11.538;11.538;224042.0;230023.0;False;False;False
83334;Кассета фасадная 2 (КФ2) 1,2 (Колор-поток с двух сторон);Кассета фасадная 2 (КФ2) 1,2 (Колор-поток с двух сторон);213;1097;2585.0;2654.0;69.0;0.026692456479690523;м2;м2;10.8;10.8;239352.0;245741.0;False;False;False
83343;Кассета фасадная 3 (КФ3) 1,2 (Колор-поток с двух сторон);Кассета фасадная 3 (КФ3) 1,2 (Колор-поток с двух сторон);231;1121;2585.0;2654.0;69.0;0.026692456479690523;м2;м2;10.8;10.8;239352.0;245741.0;False;False;False
83352;Кассета фасадная 4/17 (КФ4/17) 1,2 (Колор-поток с двух сторон);Кассета фасадная 4/17 (КФ4/17) 1,2 (Колор-поток с двух сторон);241;1137;2585.0;2654.0;69.0;0.026692456479690523;м2;м2;10.8;10.8;239352.0;245741.0;False;False;False
83361;Кассета фасадная 4/30 (КФ4/30) 1,2 (Колор-поток с двух сторон);Кассета фасадная 4/30 (КФ4/30) 1,2 (Колор-поток с двух сторон);251;1153;2585.0;2654.0;69.0;0.026692456479690523;м2;м2;10.8;10.8;239352.0;245741.0;False;False;False
26544;Кронштейн выравнивающий усиленный Г-95х250 (КВГУ 95х250) 2,0 П350 (Оцинк.);Кронштейн выравнивающий усиленный Г-95х250 (КВГУ 95х250) 2,0 П350 (Оцинк.);509;643;75.0;77.0;2.0;0.02666666666666667;шт;шт;0.53;0.53;141509.0;145283.0;False;False;False
43083;Лист плоский (Колор-поток с двух сторон) не стандарт, не для гибки;Лист плоский (Колор-поток с двух сторон) не стандарт, не для гибки;536;1396;1091.0;1120.0;29.0;0.026581118240146653;м2;м2;3.47;3.47;314409.0;322767.0;False;False;False
119981;ПП 100х30 без перфор. 1,0 (Оцинк.);ПП 100х30 без перфор. 1,0 (Оцинк.);1134;210;151.0;155.0;4.0;0.026490066225165563;п.м;п.м;1.2132;1.2132;124464.0;127761.0;False;False;False
63363;Лист плоский 2,0 (Колор-поток) не стандарт, не для гибки;Лист плоский 2,0 (Колор-поток) не стандарт, не для гибки;556;1408;2482.0;2547.0;65.0;0.026188557614826753;м2;м2;15.626;15.626;158838.0;162998.0;False;False;False
68973;Кассета фасадная 2 (КФ2) 0,7 (Колор-поток);Кассета фасадная 2 (КФ2) 0,7 (Колор-поток);210;1094;1566.0;1607.0;41.0;0.026181353767560665;м2;м2;6.3;6.3;248571.0;255079.0;False;False;False
69182;Кассета фасадная 1 (КФ1) 0,7 (Колор-поток);Кассета фасадная 1 (КФ1) 0,7 (Колор-поток);194;1068;1566.0;1607.0;41.0;0.026181353767560665;м2;м2;6.3;6.3;248571.0;255079.0;False;False;False
69188;Кассета фасадная 3 (КФ3) 0,7 (Колор-поток);Кассета фасадная 3 (КФ3) 0,7 (Колор-поток);230;1120;1566.0;1607.0;41.0;0.026181353767560665;м2;м2;6.3;6.3;248571.0;255079.0;False;False;False
71699;Кассета фасадная 4/17 (КФ4/17) 0,7 (Колор-поток);Кассета фасадная 4/17 (КФ4/17) 0,7 (Колор-поток);240;1136;1566.0;1607.0;41.0;0.026181353767560665;м2;м2;6.3;6.3;248571.0;255079.0;False;False;False
71726;Кассета фасадная 4/30 (КФ4/30) 0,7 (Колор-поток);Кассета фасадная 4/30 (КФ4/30) 0,7 (Колор-поток);250;1152;1566.0;1607.0;41.0;0.026181353767560665;м2;м2;6.3;6.3;248571.0;255079.0;False;False;False
70200;Лист 0,4х1,25 перфорированный 0,7 (Колор-поток);Лист 0,4х1,25 перфорированный 0,7 (Колор-поток);533;1395;629.0;645.0;16.0;0.025437201907790145;шт;шт;2.702;2.702;232791.0;238712.0;False;False;False
69249;Уголок наруж. 85 (УНс85) 3м (Колор-поток);Уголок наруж. 85 (УНс85) 3м (Колор-поток);2091;1257;837.0;858.0;21.0;0.025089605734767026;шт;шт;2.031;2.031;412112.0;422452.0;False;False;False
69212;Водоотлив 195 (ВО195) 0,7х3м (Колор-поток);Водоотлив 195 (ВО195) 0,7х3м (Колор-поток);64;1213;1236.0;1267.0;31.0;0.025080906148867314;шт;шт;3.764;3.764;328374.0;336610.0;False;False;False
69240;Угол откосный 180х70 (УО180х70) 0,7х3м (Колор-поток);Угол откосный 180х70 (УО180х70) 0,7х3м (Колор-поток);2012;1242;1236.0;1267.0;31.0;0.025080906148867314;шт;шт;3.764;3.764;328374.0;336610.0;False;False;False
69250;Уголок внутр. 125 (УВ125) 0,7х3м (Колор-поток);Уголок внутр. 125 (УВ125) 0,7х3м (Колор-поток);2065;1248;1236.0;1267.0;31.0;0.025080906148867314;шт;шт;3.764;3.764;328374.0;336610.0;False;False;False
69253;Уголок наруж. 125 (УН125) 0,7х3м (Колор-поток);Уголок наруж. 125 (УН125) 0,7х3м (Колор-поток);2081;1253;1236.0;1267.0;31.0;0.025080906148867314;шт;шт;3.764;3.764;328374.0;336610.0;False;False;False
26532;Кронштейн выравнивающий усиленный Г-95х150 (КВГУ 95х150) 1,5 П350 (Оцинк.);Кронштейн выравнивающий усиленный Г-95х150 (КВГУ 95х150) 1,5 П350 (Оцинк.);465;632;40.0;41.0;1.0;0.025;шт;шт;0.28;0.28;142857.0;146429.0;False;False;False
63362;Лист плоский 1,5 (Колор-поток) не стандарт, не для гибки;Лист плоский 1,5 (Колор-поток) не стандарт, не для гибки;554;1407;1953.0;2001.0;48.0;0.02457757296466974;м2;м2;11.852;11.852;164782.0;168832.0;False;False;False
89740;ПZ 220 без перфор. 2,5 П350 (Оцинк.);ПZ 220 без перфор. 2,5 П350 (Оцинк.);830;670;999.0;1023.0;24.0;0.024024024024024024;п.м;п.м;7.2292;7.2292;138190.0;141509.0;False;False;False
69248;Уголок внутр. 85 (УВс85) 3м (Колор-поток);Уголок внутр. 85 (УВс85) 3м (Колор-поток);2074;1252;837.0;857.0;20.0;0.023894862604540025;шт;шт;2.031;2.031;412112.0;421960.0;False;False;False
26529;Кронштейн выравнивающий усиленный Г-95х100 (КВГУ 95х100) 2,0 П350 (Оцинк.);Кронштейн выравнивающий усиленный Г-95х100 (КВГУ 95х100) 2,0 П350 (Оцинк.);453;629;42.0;43.0;1.0;0.023809523809523808;шт;шт;0.29;0.29;144828.0;148276.0;False;False;False
69220;Отлив верхний (Овс) 3м (Колор-поток);Отлив верхний (Овс) 3м (Колор-поток);753;1221;588.0;602.0;14.0;0.023809523809523808;шт;шт;1.302;1.302;451613.0;462366.0;False;False;False
69221;Планка крепежная (КПс) 3м (Колор-поток);Планка крепежная (КПс) 3м (Колор-поток);1105;1223;588.0;602.0;14.0;0.023809523809523808;шт;шт;1.302;1.302;451613.0;462366.0;False;False;False
88790;ПП 195х45 без перфор. 2,5 П350 (Оцинк.);ПП 195х45 без перфор. 2,5 П350 (Оцинк.);1227;761;759.0;777.0;18.0;0.023715415019762844;п.м;п.м;5.3866;5.3866;140905.0;144247.0;False;False;False
88784;ПП 150х45 без перфор. 2,5 П350 (Оцинк.);ПП 150х45 без перфор. 2,5 П350 (Оцинк.);1191;753;635.0;650.0;15.0;0.023622047244094488;п.м;п.м;4.5006;4.5006;141092.0;144425.0;False;False;False
88800;ПГС-сигма 245х80x20 без перфор. 2,5 П350 (Оцинк.);ПГС-сигма 245х80x20 без перфор. 2,5 П350 (Оцинк.);1076;727;1228.0;1257.0;29.0;0.023615635179153095;п.м;п.м;8.7033;8.7033;141096.0;144428.0;False;False;False
137914;НПГС 103x50 без перфор. 1,0 (Оцинк.);НПГС 103x50 без перфор. 1,0 (Оцинк.);710;149;212.0;217.0;5.0;0.02358490566037736;п.м;п.м;1.642;1.642;129111.0;132156.0;False;False;False
89576;Уголок 100х80 (L100х80) 3,0 П350 (Оцинк.);Уголок 100х80 (L100х80) 3,0 П350 (Оцинк.);2046;866;596.0;610.0;14.0;0.02348993288590604;п.м;п.м;4.236;4.236;140699.0;144004.0;False;False;False
89748;ПZ 300 без перфор. 3,0 П350 (Оцинк.);ПZ 300 без перфор. 3,0 П350 (Оцинк.);854;678;1664.0;1703.0;39.0;0.0234375;п.м;п.м;12.2341;12.2341;136013.0;139201.0;False;False;False
88801;ПГС-сигма 300х80x20 без перфор. 2,5 П350 (Оцинк.);ПГС-сигма 300х80x20 без перфор. 2,5 П350 (Оцинк.);1095;732;1366.0;1398.0;32.0;0.02342606149341142;п.м;п.м;9.7775;9.7775;139709.0;142981.0;False;False;False
89745;ПZ 250 без перфор. 3,0 П350 (Оцинк.);ПZ 250 без перфор. 3,0 П350 (Оцинк.);838;674;1366.0;1398.0;32.0;0.02342606149341142;п.м;п.м;9.905;9.905;137910.0;141141.0;False;False;False
88788;ПП 200х45 без перфор. 2,5 П350 (Оцинк.);ПП 200х45 без перфор. 2,5 П350 (Оцинк.);1244;765;773.0;791.0;18.0;0.02328589909443726;п.м;п.м;5.4807;5.4807;141040.0;144325.0;False;False;False
26546;Кронштейн выравнивающий усиленный Г-95х300 (КВГУ 95х300) 2,0 П350 (Оцинк.);Кронштейн выравнивающий усиленный Г-95х300 (КВГУ 95х300) 2,0 П350 (Оцинк.);519;645;86.0;88.0;2.0;0.023255813953488372;шт;шт;0.62;0.62;138710.0;141935.0;False;False;False
65206;ПГС-сигма 200х65x20 без перфор. 3,0 П350 (Оцинк.);ПГС-сигма 200х65x20 без перфор. 3,0 П350 (Оцинк.);1059;723;1164.0;1191.0;27.0;0.023195876288659795;п.м;п.м;8.61;8.61;135192.0;138328.0;False;False;False
88786;ПП 170х45 без перфор. 2,5 П350 (Оцинк.);ПП 170х45 без перфор. 2,5 П350 (Оцинк.);1210;757;690.0;706.0;16.0;0.02318840579710145;п.м;п.м;4.8927;4.8927;141026.0;144297.0;False;False;False
88794;ПГС 145x50 без перфор. 2,5 П350 (Оцинк.);ПГС 145x50 без перфор. 2,5 П350 (Оцинк.);946;699;690.0;706.0;16.0;0.02318840579710145;п.м;п.м;4.9083;4.9083;140578.0;143838.0;False;False;False
83317;Кассета угловая 1 (УКФ1) 0,7 (Колор-поток с двух сторон);Кассета угловая 1 (УКФ1) 0,7 (Колор-поток с двух сторон);158;1058;1942.0;1987.0;45.0;0.023171987641606592;м2;м2;6.3;6.3;308254.0;315397.0;False;False;False
83320;Кассета угловая горизонт. 1 (УГКФ1) 0,7 (Колор-поток с двух сторон);Кассета угловая горизонт. 1 (УГКФ1) 0,7 (Колор-поток с двух сторон);189;1064;1942.0;1987.0;45.0;0.023171987641606592;м2;м2;6.3;6.3;308254.0;315397.0;False;False;False
83324;Кассета фасадная 1 доборная (КФ1) 0,7 (Колор-поток с двух сторон);Кассета фасадная 1 доборная (КФ1) 0,7 (Колор-поток с двух сторон);201;1074;1942.0;1987.0;45.0;0.023171987641606592;м2;м2;6.3;6.3;308254.0;315397.0;False;False;False
83327;Кассета угловая 2 (УКФ2) 0,7 (Колор-поток с двух сторон);Кассета угловая 2 (УКФ2) 0,7 (Колор-поток с двух сторон);164;1082;1942.0;1987.0;45.0;0.023171987641606592;м2;м2;6.3;6.3;308254.0;315397.0;False;False;False
83330;Кассета угловая горизонт 2 (УГКФ2) 0,7 (Колор-поток с двух сторон);Кассета угловая горизонт 2 (УГКФ2) 0,7 (Колор-поток с двух сторон);186;1089;1942.0;1987.0;45.0;0.023171987641606592;м2;м2;6.3;6.3;308254.0;315397.0;False;False;False
83335;Кассета фасадная 2 доборная (КФ2) 0,7 (Колор-поток с двух сторон);Кассета фасадная 2 доборная (КФ2) 0,7 (Колор-поток с двух сторон);216;1100;1942.0;1987.0;45.0;0.023171987641606592;м2;м2;6.3;6.3;308254.0;315397.0;False;False;False
83338;Кассета угловая 3 (УКФ3) 0,7 (Колор-поток с двух сторон);Кассета угловая 3 (УКФ3) 0,7 (Колор-поток с двух сторон);171;1108;1942.0;1987.0;45.0;0.023171987641606592;м2;м2;6.3;6.3;308254.0;315397.0;False;False;False
83344;Кассета фасадная 3 доборная (КФ3) 0,7 (Колор-поток с двух сторон);Кассета фасадная 3 доборная (КФ3) 0,7 (Колор-поток с двух сторон);234;1124;1942.0;1987.0;45.0;0.023171987641606592;м2;м2;6.3;6.3;308254.0;315397.0;False;False;False
83347;Кассета угловая 4/17 (УКФ4/17) 0,7 (Колор-поток с двух сторон);Кассета угловая 4/17 (УКФ4/17) 0,7 (Колор-поток с двух сторон);176;1130;1942.0;1987.0;45.0;0.023171987641606592;м2;м2;6.3;6.3;308254.0;315397.0;False;False;False
83353;Кассета фасадная 4/17 доборная (КФ4/17) 0,7 (Колор-поток с двух сторон);Кассета фасадная 4/17 доборная (КФ4/17) 0,7 (Колор-поток с двух сторон);244;1140;1942.0;1987.0;45.0;0.023171987641606592;м2;м2;6.3;6.3;308254.0;315397.0;False;False;False
83356;Кассета угловая 4/30 (УКФ4/30) 0,7 (Колор-поток с двух сторон);Кассета угловая 4/30 (УКФ4/30) 0,7 (Колор-поток с двух сторон);181;1146;1942.0;1987.0;45.0;0.023171987641606592;м2;м2;6.3;6.3;308254.0;315397.0;False;False;False
83362;Кассета фасадная 4/30 доборная (КФ4/30) 0,7 (Колор-поток с двух сторон);Кассета фасадная 4/30 доборная (КФ4/30) 0,7 (Колор-поток с двух сторон);254;1156;1942.0;1987.0;45.0;0.023171987641606592;м2;м2;6.3;6.3;308254.0;315397.0;False;False;False
88793;ПП 250х65 без перфор. 2,5 П350 (Оцинк.);ПП 250х65 без перфор. 2,5 П350 (Оцинк.);1282;773;994.0;1017.0;23.0;0.023138832997987926;п.м;п.м;7.2449;7.2449;137200.0;140375.0;False;False;False
88799;ПГС-сигма 200х65x20 без перфор. 2,5 П350 (Оцинк.);ПГС-сигма 200х65x20 без перфор. 2,5 П350 (Оцинк.);1057;722;994.0;1017.0;23.0;0.023138832997987926;п.м;п.м;7.2292;7.2292;137498.0;140679.0;False;False;False
141939;ПZ 250х100х92х24 без перфор. 3,0 П350 (Оцинк.);ПZ 250х100х92х24 без перфор. 3,0 П350 (Оцинк.);840;179;1519.0;1554.0;35.0;0.02304147465437788;п.м;п.м;10.998;10.998;138116.0;141298.0;False;False;False
89725;ПZ 140 без перфор. 2,5 П350 (Оцинк.);ПZ 140 без перфор. 2,5 П350 (Оцинк.);777;654;783.0;801.0;18.0;0.022988505747126436;п.м;п.м;5.6611;5.6611;138312.0;141492.0;False;False;False
89751;ПZ 350 без перфор. 3,0 П350 (Оцинк.);ПZ 350 без перфор. 3,0 П350 (Оцинк.);862;681;1827.0;1869.0;42.0;0.022988505747126436;п.м;п.м;13.4105;13.4105;136237.0;139368.0;False;False;False
108251;Угол специальный 90 гр. 3,0 П350 (Оцинк.);Угол специальный 90 гр. 3,0 П350 (Оцинк.);2037;863;3307.0;3383.0;76.0;0.02298155427880254;п.м;п.м;23.532;23.532;140532.0;143762.0;False;False;False
89747;ПZ 300 без перфор. 2,5 П350 (Оцинк.);ПZ 300 без перфор. 2,5 П350 (Оцинк.);853;677;1393.0;1425.0;32.0;0.02297200287150036;п.м;п.м;10.1695;10.1695;136978.0;140125.0;False;False;False
106774;Лист плоский 3,0 (Оцинк.);Лист плоский 3,0 (Оцинк.);560;1419;2834.0;2899.0;65.0;0.022935779816513763;м2;м2;23.5;23.5;120596.0;123362.0;False;False;False
89750;ПZ 350 без перфор. 2,5 П350 (Оцинк.);ПZ 350 без перфор. 2,5 П350 (Оцинк.);861;680;1528.0;1563.0;35.0;0.022905759162303665;п.м;п.м;11.1496;11.1496;137045.0;140184.0;False;False;False
88797;ПГС 245х65 без перфор. 2,5 П350 (Оцинк.);ПГС 245х65 без перфор. 2,5 П350 (Оцинк.);1022;714;1093.0;1118.0;25.0;0.022872827081427266;п.м;п.м;7.731;7.731;141379.0;144613.0;False;False;False
69216;Водоотлив 255 (ВО255) 1,0х3м (Колор-поток);Водоотлив 255 (ВО255) 1,0х3м (Колор-поток);72;1216;1794.0;1835.0;41.0;0.022853957636566332;шт;шт;6.494;6.494;276255.0;282569.0;False;False;False
116324;Угол специальный 90 гр. 2,5 П350 (Оцинк.);Угол специальный 90 гр. 2,5 П350 (Оцинк.);2036;862;2761.0;2824.0;63.0;0.022817819630568635;п.м;п.м;19.532;19.532;141358.0;144583.0;False;False;False
141941;ПZ 250х100х92х24 без перфор. 2,5 П350 (Оцинк.);ПZ 250х100х92х24 без перфор. 2,5 П350 (Оцинк.);839;178;1271.0;1300.0;29.0;0.022816679779701022;п.м;п.м;9.202;9.202;138122.0;141274.0;False;False;False
119334;Лист плоский 2,5 (Оцинк.);Лист плоский 2,5 (Оцинк.);558;1418;2368.0;2422.0;54.0;0.022804054054054054;м2;м2;19.62;19.62;120693.0;123445.0;False;False;False
89744;ПZ 250 без перфор. 2,5 П350 (Оцинк.);ПZ 250 без перфор. 2,5 П350 (Оцинк.);837;673;1141.0;1167.0;26.0;0.022787028921998246;п.м;п.м;8.2328;8.2328;138592.0;141750.0;False;False;False
122732;ПZ 270х100х91х25 без перфор. 3,0 П350 (Оцинк.);ПZ 270х100х91х25 без перфор. 3,0 П350 (Оцинк.);846;675;1584.0;1620.0;36.0;0.022727272727272728;п.м;п.м;11.468;11.468;138123.0;141263.0;False;False;False
26534;Кронштейн выравнивающий усиленный Г-95х180 (КВГУ 95х180) 1,5 П350 (Оцинк.);Кронштейн выравнивающий усиленный Г-95х180 (КВГУ 95х180) 1,5 П350 (Оцинк.);473;634;44.0;45.0;1.0;0.022727272727272728;шт;шт;0.32;0.32;137500.0;140625.0;False;False;False
89729;ПZ 160 без перфор. 2,5 П350 (Оцинк.);ПZ 160 без перфор. 2,5 П350 (Оцинк.);790;658;837.0;856.0;19.0;0.022700119474313024;п.м;п.м;6.0531;6.0531;138276.0;141415.0;False;False;False
268;ПГС-сигма 300х80x20 без перфор. 3,0 П350 (Оцинк.);ПГС-сигма 300х80x20 без перфор. 3,0 П350 (Оцинк.);1098;733;1631.0;1668.0;37.0;0.022685469037400367;п.м;п.м;11.7322;11.7322;139019.0;142173.0;False;False;False
67914;ПГС-сигма 245х80x20 без перфор. 3,0 П350 (Оцинк.);ПГС-сигма 245х80x20 без перфор. 3,0 П350 (Оцинк.);1078;728;1455.0;1488.0;33.0;0.02268041237113402;п.м;п.м;10.3755;10.3755;140234.0;143415.0;False;False;False
88796;ПГС 195х70 без перфор. 2,5 П350 (Оцинк.);ПГС 195х70 без перфор. 2,5 П350 (Оцинк.);986;707;975.0;997.0;22.0;0.022564102564102566;п.м;п.м;6.9469;6.9469;140350.0;143517.0;False;False;False
88782;ПП 145х45 без перфор. 2,5 П350 (Оцинк.);ПП 145х45 без перфор. 2,5 П350 (Оцинк.);1173;749;621.0;635.0;14.0;0.02254428341384863;п.м;п.м;4.4065;4.4065;140928.0;144105.0;False;False;False
68974;Кассета фасадная 2 (КФ2) 1,0 (Колор-поток);Кассета фасадная 2 (КФ2) 1,0 (Колор-поток);212;1096;1823.0;1864.0;41.0;0.022490400438837082;м2;м2;9.15;9.15;199235.0;203716.0;False;False;False
69183;Кассета фасадная 1 (КФ1) 1,0 (Колор-поток);Кассета фасадная 1 (КФ1) 1,0 (Колор-поток);196;1070;1823.0;1864.0;41.0;0.022490400438837082;м2;м2;9.13;9.13;199671.0;204162.0;False;False;False
88798;ПГС 300х80 без перфор. 2,5 П350 (Оцинк.);ПГС 300х80 без перфор. 2,5 П350 (Оцинк.);1040;718;1334.0;1364.0;30.0;0.022488755622188907;п.м;п.м;9.3933;9.3933;142016.0;145210.0;False;False;False
89733;ПZ 180 без перфор. 2,5 П350 (Оцинк.);ПZ 180 без перфор. 2,5 П350 (Оцинк.);799;662;892.0;912.0;20.0;0.02242152466367713;п.м;п.м;6.4451;6.4451;138400.0;141503.0;False;False;False
116595;ТПГС 200х45 с перфор. 2,0 П350 (Оцинк.);ТПГС 200х45 с перфор. 2,0 П350 (Оцинк.);1749;248;673.0;688.0;15.0;0.022288261515601784;п.м;п.м;4.39;4.39;141163.0;144309.0;False;False;False
137099;ТПZ 250х78х67х15 с перфор. 1,0 (Оцинк.);ТПZ 250х78х67х15 с перфор. 1,0 (Оцинк.);1733;241;405.0;414.0;9.0;0.022222222222222223;п.м;п.м;2.938;2.938;129557.0;132436.0;False;False;False
89737;ПZ 200 без перфор. 2,5 П350 (Оцинк.);ПZ 200 без перфор. 2,5 П350 (Оцинк.);812;666;946.0;967.0;21.0;0.022198731501057084;п.м;п.м;6.8372;6.8372;138361.0;141432.0;False;False;False
69229;Профиль из стандартной заготовки (0,125) 3м (Колор-поток);Профиль из стандартной заготовки (0,125) 3м (Колор-поток);1285;1232;588.0;601.0;13.0;0.022108843537414966;шт;шт;1.302;1.302;451613.0;461598.0;False;False;False
69246;Уголок внутр. 50 (УВс50) 3м (Колор-поток);Уголок внутр. 50 (УВс50) 3м (Колор-поток);2070;1251;588.0;601.0;13.0;0.022108843537414966;шт;шт;1.302;1.302;451613.0;461598.0;False;False;False
69247;Уголок наруж. 50 (УНс50) 3м (Колор-поток);Уголок наруж. 50 (УНс50) 3м (Колор-поток);2087;1256;588.0;601.0;13.0;0.022108843537414966;шт;шт;1.302;1.302;451613.0;461598.0;False;False;False
100811;Кассета фасадная 2 (КФ2) 0,5 (H0,325хL0,555);Кассета фасадная 2 (КФ2) 0,5 (H0,325хL0,555);207;1091;1139.0;1164.0;25.0;0.021949078138718173;м2;м2;4.6071;4.6071;247229.0;252655.0;False;False;False
95952;Кассета фасадная 3 (КФ3) 0,5 (H0,580хL0,580);Кассета фасадная 3 (КФ3) 0,5 (H0,580хL0,580);226;1116;1139.0;1164.0;25.0;0.021949078138718173;м2;м2;3.8635;3.8635;294811.0;301281.0;False;False;False
95956;Кассета фасадная 3 (КФ3) 0,5 (H0,325хL0,580);Кассета фасадная 3 (КФ3) 0,5 (H0,325хL0,580);222;1112;1139.0;1164.0;25.0;0.021949078138718173;м2;м2;4.0795;4.0795;279198.0;285326.0;False;False;False
95957;Кассета фасадная 3 (КФ3) 0,5 (H0,325хL1,205);Кассета фасадная 3 (КФ3) 0,5 (H0,325хL1,205);224;1114;1139.0;1164.0;25.0;0.021949078138718173;м2;м2;3.9247;3.9247;290211.0;296581.0;False;False;False
69226;Планка начальная КФ-3 (ПНКФ3) 0,7х3м (Колор-поток);Планка начальная КФ-3 (ПНКФ3) 0,7х3м (Колор-поток);1118;1229;690.0;705.0;15.0;0.021739130434782608;шт;шт;1.882;1.882;366631.0;374601.0;False;False;False
88792;ПП 220х45 без перфор. 2,5 П350 (Оцинк.);ПП 220х45 без перфор. 2,5 П350 (Оцинк.);1263;769;829.0;847.0;18.0;0.021712907117008445;п.м;п.м;5.8728;5.8728;141159.0;144224.0;False;False;False
88795;ПГС 145х70 без перфор. 2,5 П350 (Оцинк.);ПГС 145х70 без перфор. 2,5 П350 (Оцинк.);963;703;829.0;847.0;18.0;0.021712907117008445;п.м;п.м;5.8884;5.8884;140785.0;143842.0;False;False;False
105435;Профиль шляпный 20х80х20 (НПШ 20х50х20) 0,5;Профиль шляпный 20х80х20 (НПШ 20х50х20) 0,5;1332;265;93.0;95.0;2.0;0.021505376344086023;п.м;п.м;0.519;0.519;179191.0;183044.0;False;False;False
105960;Штакетник 20х80х20 (ШТ 20х80х20) 0,5;Штакетник 20х80х20 (ШТ 20х80х20) 0,5;2163;271;93.0;95.0;2.0;0.021505376344086023;п.м;п.м;0.519;0.519;179191.0;183044.0;False;False;False
137788;ПП 105х45 без перфор. 1,0 (Оцинк.);ПП 105х45 без перфор. 1,0 (Оцинк.);1143;219;186.0;190.0;4.0;0.021505376344086023;п.м;п.м;1.435;1.435;129617.0;132404.0;False;False;False
26530;Кронштейн выравнивающий усиленный Г-95х130 (КВГУ 95х130) 2,0 П350 (Оцинк.);Кронштейн выравнивающий усиленный Г-95х130 (КВГУ 95х130) 2,0 П350 (Оцинк.);461;631;47.0;48.0;1.0;0.02127659574468085;шт;шт;0.34;0.34;138235.0;141176.0;False;False;False
69199;Конек фасонный (КФ) 2м (Колор-поток);Конек фасонный (КФ) 2м (Колор-поток);347;1169;1248.0;1274.0;26.0;0.020833333333333332;шт;шт;2.771;2.771;450379.0;459762.0;False;False;False
74368;Планка завершающая (Зп) 3м (Колор-поток);Планка завершающая (Зп) 3м (Колор-поток);1101;1222;625.0;638.0;13.0;0.0208;шт;шт;1.302;1.302;480031.0;490015.0;False;False;False
119777;Держатель ящиков короткий (Колор-поток);Держатель ящиков короткий (Колор-поток);93;1352;243.0;248.0;5.0;0.0205761316872428;шт;шт;0.285;0.285;852632.0;870175.0;False;False;False
83321;Кассета фасадная 1 (КФ1) 0,7 (Колор-поток с двух сторон);Кассета фасадная 1 (КФ1) 0,7 (Колор-поток с двух сторон);193;1067;1816.0;1853.0;37.0;0.020374449339207047;м2;м2;6.3;6.3;288254.0;294127.0;False;False;False
83332;Кассета фасадная 2 (КФ2) 0,7 (Колор-поток с двух сторон);Кассета фасадная 2 (КФ2) 0,7 (Колор-поток с двух сторон);209;1093;1816.0;1853.0;37.0;0.020374449339207047;м2;м2;6.3;6.3;288254.0;294127.0;False;False;False
83341;Кассета фасадная 3 (КФ3) 0,7 (Колор-поток с двух сторон);Кассета фасадная 3 (КФ3) 0,7 (Колор-поток с двух сторон);229;1119;1816.0;1853.0;37.0;0.020374449339207047;м2;м2;6.3;6.3;288254.0;294127.0;False;False;False
83350;Кассета фасадная 4/17 (КФ4/17) 0,7 (Колор-поток с двух сторон);Кассета фасадная 4/17 (КФ4/17) 0,7 (Колор-поток с двух сторон);239;1135;1816.0;1853.0;37.0;0.020374449339207047;м2;м2;6.3;6.3;288254.0;294127.0;False;False;False
83359;Кассета фасадная 4/30 (КФ4/30) 0,7 (Колор-поток с двух сторон);Кассета фасадная 4/30 (КФ4/30) 0,7 (Колор-поток с двух сторон);249;1151;1816.0;1853.0;37.0;0.020374449339207047;м2;м2;6.3;6.3;288254.0;294127.0;False;False;False
69197;Карниз (К) 2м (Колор-поток);Карниз (К) 2м (Колор-поток);153;1165;639.0;652.0;13.0;0.02034428794992175;шт;шт;1.445;1.445;442215.0;451211.0;False;False;False
69200;Профиль из стандартной заготовки (0,209) 2м (Колор-поток);Профиль из стандартной заготовки (0,209) 2м (Колор-поток);1289;1170;639.0;652.0;13.0;0.02034428794992175;шт;шт;1.445;1.445;442215.0;451211.0;False;False;False
69208;Фронтон фальц 45 (Ф45) 2м (Колор-поток);Фронтон фальц 45 (Ф45) 2м (Колор-поток);2137;1178;639.0;652.0;13.0;0.02034428794992175;шт;шт;1.445;1.445;442215.0;451211.0;False;False;False
122695;Угол наружный (УСНс) 3м (Колор-поток с двух сторон);Угол наружный (УСНс) 3м (Колор-поток с двух сторон);2003;1263;1779.0;1815.0;36.0;0.02023608768971332;шт;шт;3.255;3.255;546544.0;557604.0;False;False;False
69225;Планка начальная КФ-2 (ПНКФ2) 3м (Колор-поток);Планка начальная КФ-2 (ПНКФ2) 3м (Колор-поток);1115;1227;644.0;657.0;13.0;0.020186335403726708;шт;шт;1.458;1.458;441701.0;450617.0;False;False;False
2249;Фальц Classic (ФК1);Фальц Classic (ФК1);2100;1734;695.0;709.0;14.0;0.02014388489208633;м2;м2;3.8321;3.8321;181363.0;185016.0;False;False;False
2250;Фальц Elegant (ФК2);Фальц Elegant (ФК2);2106;1736;695.0;709.0;14.0;0.02014388489208633;м2;м2;3.8321;3.8321;181363.0;185016.0;False;False;False
2251;Фальц Pragmatic (ФК3);Фальц Pragmatic (ФК3);2112;1738;695.0;709.0;14.0;0.02014388489208633;м2;м2;3.804;3.804;182701.0;186381.0;False;False;False
2252;Фальц Standart (ФК4);Фальц Standart (ФК4);2118;1740;695.0;709.0;14.0;0.02014388489208633;м2;м2;3.6892;3.6892;188390.0;192184.0;False;False;False
123894;ТПП 180х65 с перфор. 1,0 (Оцинк.);ТПП 180х65 с перфор. 1,0 (Оцинк.);1819;256;298.0;304.0;6.0;0.020134228187919462;п.м;п.м;2.049;2.049;133184.0;135865.0;False;False;False
83779;СпецПрофиль (Колор-поток с двух сторон) по согласованию;СпецПрофиль (Колор-поток с двух сторон) по согласованию;1685;1366;1888.0;1926.0;38.0;0.020127118644067795;п.м;п.м;3.472;3.472;543779.0;554724.0;False;False;False
88919;СпецПрофиль 0,7 (Колор-поток с двух сторон) по согласованию;СпецПрофиль 0,7 (Колор-поток с двух сторон) по согласованию;1689;1370;2145.0;2188.0;43.0;0.020046620046620046;п.м;п.м;5.018;5.018;427461.0;436030.0;False;False;False
69251;Уголок внутр. 125 (УВ125) 1,0х3м (Колор-поток);Уголок внутр. 125 (УВ125) 1,0х3м (Колор-поток);2066;1249;1549.0;1580.0;31.0;0.020012911555842477;шт;шт;5.629;5.629;275182.0;280689.0;False;False;False
69254;Уголок наруж. 125 (УН125) 1,0х3м (Колор-поток);Уголок наруж. 125 (УН125) 1,0х3м (Колор-поток);2082;1254;1549.0;1580.0;31.0;0.020012911555842477;шт;шт;5.629;5.629;275182.0;280689.0;False;False;False
107251;СпецПрофиль 2,0 (Колор-поток с двух сторон) по согласованию;СпецПрофиль 2,0 (Колор-поток с двух сторон) по согласованию;1702;1383;4680.0;4773.0;93.0;0.01987179487179487;п.м;п.м;15.626;15.626;299501.0;305452.0;False;False;False
106773;Лист плоский 3,0 (Колор-поток) не стандарт, не для гибки;Лист плоский 3,0 (Колор-поток) не стандарт, не для гибки;559;1409;3525.0;3595.0;70.0;0.019858156028368795;м2;м2;23.5;23.5;150000.0;152979.0;False;False;False
119511;СпецПрофиль 1,0 (Колор-поток с двух сторон) по согласованию;СпецПрофиль 1,0 (Колор-поток с двух сторон) по согласованию;1694;1375;2519.0;2569.0;50.0;0.019849146486701073;п.м;п.м;6.926;6.926;363702.0;370921.0;False;False;False
124863;СпецПрофиль 1,2 (Колор-поток с двух сторон) по согласованию;СпецПрофиль 1,2 (Колор-поток с двух сторон) по согласованию;1697;1378;3227.0;3291.0;64.0;0.019832661915091417;п.м;п.м;9.23;9.23;349621.0;356555.0;False;False;False
69223;Планка начальная КФ-2 (ПНКФ2) 0,7х3м (Колор-поток);Планка начальная КФ-2 (ПНКФ2) 0,7х3м (Колор-поток);1113;1225;757.0;772.0;15.0;0.019815059445178335;шт;шт;2.108;2.108;359108.0;366224.0;False;False;False
119780;Держатель ящиков длинный (Колор-поток);Держатель ящиков длинный (Колор-поток);92;1351;259.0;264.0;5.0;0.019305019305019305;шт;шт;0.346;0.346;748555.0;763006.0;False;False;False
72517;Планка снегозадержателя 2 (ПСз/2) 2м;Планка снегозадержателя 2 (ПСз/2) 2м;1127;1657;571.0;582.0;11.0;0.01926444833625219;шт;шт;1.611;1.611;354438.0;361266.0;False;False;False
56500;Лист плоский 1,5 (Колор-поток с двух сторон) не стандарт, не для гибки;Лист плоский 1,5 (Колор-поток с двух сторон) не стандарт, не для гибки;553;1406;2250.0;2293.0;43.0;0.01911111111111111;м2;м2;11.852;11.852;189841.0;193469.0;False;False;False
26533;Кронштейн выравнивающий усиленный Г-95х150 (КВГУ 95х150) 2,0 П350 (Оцинк.);Кронштейн выравнивающий усиленный Г-95х150 (КВГУ 95х150) 2,0 П350 (Оцинк.);469;633;53.0;54.0;1.0;0.018867924528301886;шт;шт;0.37;0.37;143243.0;145946.0;False;False;False
94583;Профиль шляпный 28 (ПШ 28) 0,8 (Оцинк.);Профиль шляпный 28 (ПШ 28) 0,8 (Оцинк.);1354;230;111.0;113.0;2.0;0.018018018018018018;п.м;п.м;0.855;0.855;129825.0;132164.0;False;False;False
83322;Кассета фасадная 1 (КФ1) 1,0 (Колор-поток с двух сторон);Кассета фасадная 1 (КФ1) 1,0 (Колор-поток с двух сторон);195;1069;2073.0;2110.0;37.0;0.017848528702363725;м2;м2;9.13;9.13;227054.0;231106.0;False;False;False
83333;Кассета фасадная 2 (КФ2) 1,0 (Колор-поток с двух сторон);Кассета фасадная 2 (КФ2) 1,0 (Колор-поток с двух сторон);211;1095;2073.0;2110.0;37.0;0.017848528702363725;м2;м2;9.15;9.15;226557.0;230601.0;False;False;False
72324;Лист плоский 0,8 (Колор-поток с двух сторон) не стандарт, не для гибки;Лист плоский 0,8 (Колор-поток с двух сторон) не стандарт, не для гибки;545;1400;1394.0;1417.0;23.0;0.01649928263988522;м2;м2;6.16;6.16;226299.0;230032.0;False;False;False
46257;Поручень Лестницы (ПрЛст) (Колор-поток);Поручень Лестницы (ПрЛст) (Колор-поток);1133;1654;552.0;561.0;9.0;0.016304347826086956;шт;шт;1.795;1.795;307521.0;312535.0;False;False;False
126334;ПГС-сигма 300х80x20 без перфор. 2,5 П390 (Оцинк.);ПГС-сигма 300х80x20 без перфор. 2,5 П390 (Оцинк.);1096;918;1599.0;1573.0;-26.0;-0.016260162601626018;п.м;п.м;9.7775;9.7775;163539.0;160880.0;False;False;False
137892;НПГС 100x57 без перфор. 1,5 П350 (Оцинк.);НПГС 100x57 без перфор. 1,5 П350 (Оцинк.);685;147;383.0;389.0;6.0;0.015665796344647518;п.м;п.м;2.7;2.7;141852.0;144074.0;False;False;False
137912;НПГС 100x57 без перфор. 1,5 П390 (Оцинк.);НПГС 100x57 без перфор. 1,5 П390 (Оцинк.);687;148;383.0;389.0;6.0;0.015665796344647518;п.м;п.м;2.7;2.7;141852.0;144074.0;False;False;False
123664;ТПП 110х45 с перфор. 1,5 П350 (Оцинк.);ТПП 110х45 с перфор. 1,5 П350 (Оцинк.);1780;252;325.0;330.0;5.0;0.015384615384615385;п.м;п.м;2.0995;2.0995;140598.0;142761.0;False;False;False
132530;ТПП 110х45 с перфор. 1,5 П390 (Оцинк.);ТПП 110х45 с перфор. 1,5 П390 (Оцинк.);1781;253;325.0;330.0;5.0;0.015384615384615385;п.м;п.м;2.0995;2.0995;140598.0;142761.0;False;False;False
132555;ПП 110х45 без перфор. 1,5 П390 (Оцинк.);ПП 110х45 без перфор. 1,5 П390 (Оцинк.);1155;223;325.0;330.0;5.0;0.015384615384615385;п.м;п.м;2.311;2.311;140632.0;142795.0;False;False;False
137297;ТПП 150х65 с перфор. 1,5 П350 (Оцинк.);ТПП 150х65 с перфор. 1,5 П350 (Оцинк.);1806;255;456.0;463.0;7.0;0.015350877192982455;п.м;п.м;2.962;2.962;139574.0;141717.0;False;False;False
26545;Кронштейн выравнивающий усиленный Г-95х300 (КВГУ 95х300) 1,5 П350 (Оцинк.);Кронштейн выравнивающий усиленный Г-95х300 (КВГУ 95х300) 1,5 П350 (Оцинк.);515;644;66.0;67.0;1.0;0.015151515151515152;шт;шт;0.46;0.46;143478.0;145652.0;False;False;False
69235;Профиль шляпный 20 (НПШ20) 0,7х3м (Колор-поток с двух сторон);Профиль шляпный 20 (НПШ20) 0,7х3м (Колор-поток с двух сторон);1309;1262;1124.0;1141.0;17.0;0.015124555160142349;шт;шт;2.352;2.352;477891.0;485119.0;False;False;False
132773;ПГС 100x45х15 без перфор. 1,5 П390 (Оцинк.);ПГС 100x45х15 без перфор. 1,5 П390 (Оцинк.);900;192;333.0;338.0;5.0;0.015015015015015015;п.м;п.м;2.37;2.37;140506.0;142616.0;False;False;False
137023;ПГС 100x45х13 без перфор. 1,5 П350 (Оцинк.);ПГС 100x45х13 без перфор. 1,5 П350 (Оцинк.);899;191;333.0;338.0;5.0;0.015015015015015015;п.м;п.м;2.37;2.37;140506.0;142616.0;False;False;False
137805;НПГС 100x47 без перфор. 1,5 П350 (Оцинк.);НПГС 100x47 без перфор. 1,5 П350 (Оцинк.);664;146;333.0;338.0;5.0;0.015015015015015015;п.м;п.м;2.37;2.37;140506.0;142616.0;False;False;False
26540;Кронштейн выравнивающий усиленный Г-95х220 (КВГУ 95х220) 2,0 П350 (Оцинк.);Кронштейн выравнивающий усиленный Г-95х220 (КВГУ 95х220) 2,0 П350 (Оцинк.);493;639;67.0;68.0;1.0;0.014925373134328358;шт;шт;0.49;0.49;136735.0;138776.0;False;False;False
119617;ПZ 262х65х60х14 без перфор. 2,0 П350 (Оцинк.);ПZ 262х65х60х14 без перфор. 2,0 П350 (Оцинк.);844;183;879.0;892.0;13.0;0.01478953356086462;п.м.;п.м.;6.2394;6.2394;140879.0;142962.0;False;False;False
138131;ПZ 200х78х72х20 без перфор. 2,0 П350 (Оцинк.);ПZ 200х78х72х20 без перфор. 2,0 П350 (Оцинк.);819;176;821.0;833.0;12.0;0.014616321559074299;п.м.;п.м.;5.821;5.821;141041.0;143103.0;False;False;False
138292;ПП 220х80 без перфор. 2,0 П350 (Оцинк.);ПП 220х80 без перфор. 2,0 П350 (Оцинк.);1264;229;821.0;833.0;12.0;0.014616321559074299;п.м;п.м;5.821;5.821;141041.0;143103.0;False;False;False
119042;ПZ 180 без перфор. 1,5 П390 (Оцинк.);ПZ 180 без перфор. 1,5 П390 (Оцинк.);795;880;550.0;558.0;8.0;0.014545454545454545;п.м;п.м;3.9095;3.9095;140683.0;142729.0;False;False;False
89731;ПZ 180 без перфор. 1,5 П350 (Оцинк.);ПZ 180 без перфор. 1,5 П350 (Оцинк.);794;660;550.0;558.0;8.0;0.014545454545454545;п.м;п.м;3.9095;3.9095;140683.0;142729.0;False;False;False
119952;ПZ 100х50 без перфор. 1,5 П350 (Оцинк.);ПZ 100х50 без перфор. 1,5 П350 (Оцинк.);757;155;344.0;349.0;5.0;0.014534883720930232;п.м.;п.м.;2.441;2.441;140926.0;142974.0;False;False;False
119958;ПZ 105 без перфор. 1,5 П350 (Оцинк.);ПZ 105 без перфор. 1,5 П350 (Оцинк.);765;158;344.0;349.0;5.0;0.014534883720930232;п.м;п.м;2.441;2.441;140926.0;142974.0;False;False;False
132392;ТПГС 105x45 с перфор. 1,5 П390 (Оцинк.);ТПГС 105x45 с перфор. 1,5 П390 (Оцинк.);1738;244;344.0;349.0;5.0;0.014534883720930232;п.м;п.м;2.2325;2.2325;140719.0;142764.0;False;False;False
132554;ПГС 105x45 без перфор. 1,5 П390 (Оцинк.);ПГС 105x45 без перфор. 1,5 П390 (Оцинк.);927;197;344.0;349.0;5.0;0.014534883720930232;п.м;п.м;2.441;2.441;140926.0;142974.0;False;False;False
136803;ПП 100х56 без перфор. 1,5 П390 (Оцинк.);ПП 100х56 без перфор. 1,5 П390 (Оцинк.);1140;216;344.0;349.0;5.0;0.014534883720930232;п.м;п.м;2.4209;2.4209;142096.0;144161.0;False;False;False
94569;ТПZ 105 с перфор. 1,5 П350 (Оцинк.);ТПZ 105 с перфор. 1,5 П350 (Оцинк.);1724;232;344.0;349.0;5.0;0.014534883720930232;п.м;п.м;2.159;2.159;140878.0;142926.0;False;False;False
94570;ПП 105х45 без перфор. 1,5 (Оцинк.);ПП 105х45 без перфор. 1,5 (Оцинк.);1145;221;344.0;349.0;5.0;0.014534883720930232;п.м;п.м;2.444;2.444;140753.0;142799.0;False;False;False
107471;ПГС 150x45х15 без перфор. 2,0 (Оцинк.);ПГС 150x45х15 без перфор. 2,0 (Оцинк.);965;199;557.0;565.0;8.0;0.01436265709156194;п.м;п.м;3.945;3.945;141191.0;143219.0;False;False;False
137858;ТПП 200х50 с перфор. 1,5 П350 (Оцинк.);ТПП 200х50 с перфор. 1,5 П350 (Оцинк.);1846;258;492.0;499.0;7.0;0.014227642276422764;п.м;п.м;3.214;3.214;141088.0;143095.0;False;False;False
132570;ПZ 280х80х72х18,5 без перфор. 2,0 П390 (Оцинк.);ПZ 280х80х72х18,5 без перфор. 2,0 П390 (Оцинк.);847;185;992.0;1006.0;14.0;0.014112903225806451;п.м.;п.м.;7.055;7.055;140609.0;142594.0;False;False;False
114545;ТПZ 250 с перфор. 2,0 (Оцинк.);ТПZ 250 с перфор. 2,0 (Оцинк.);1732;240;929.0;942.0;13.0;0.013993541442411194;п.м;п.м;6.1903;6.1903;141445.0;143425.0;False;False;False
116134;ТПZ 300 с перфор. 1,5 (Оцинк.);ТПZ 300 с перфор. 1,5 (Оцинк.);1734;242;859.0;871.0;12.0;0.013969732246798603;п.м;п.м;5.8218;5.8218;140791.0;142758.0;False;False;False
136902;ПZ 300 без перфор. 1,5 П350 (Оцинк.);ПZ 300 без перфор. 1,5 П350 (Оцинк.);849;187;859.0;871.0;12.0;0.013969732246798603;п.м;п.м;6.104;6.104;140727.0;142693.0;False;False;False
105734;ТПZ 200 с перфор. 1,5 (Оцинк.);ТПZ 200 с перфор. 1,5 (Оцинк.);1727;235;575.0;583.0;8.0;0.01391304347826087;п.м;п.м;3.8626;3.8626;138736.0;140666.0;False;False;False
137293;ТПГС 195х65 с перфор. 1,5 П350 (Оцинк.);ТПГС 195х65 с перфор. 1,5 П350 (Оцинк.);1744;246;575.0;583.0;8.0;0.01391304347826087;п.м;п.м;3.807;3.807;141553.0;143523.0;False;False;False
137296;ПГС 195х65 без перфор. 1,5 П350 (Оцинк.);ПГС 195х65 без перфор. 1,5 П350 (Оцинк.);969;203;575.0;583.0;8.0;0.01391304347826087;п.м;п.м;4.089;4.089;140621.0;142578.0;False;False;False
120064;ПZ 100х41х41х15 без перфор. 2,0 П350 (Оцинк.);ПZ 100х41х41х15 без перфор. 2,0 П350 (Оцинк.);756;154;433.0;439.0;6.0;0.013856812933025405;п.м.;п.м.;3.057;3.057;141642.0;143605.0;False;False;False
125580;ТПZ 200х47х41х20 с перфор. 2.0 П350 (Оцинк.);ТПZ 200х47х41х20 с перфор. 2.0 П350 (Оцинк.);1728;236;651.0;660.0;9.0;0.013824884792626729;п.м;п.м;4.249;4.249;140820.0;142767.0;False;False;False
137803;НПГС 103x50 без перфор. 1,5 П350 (Оцинк.);НПГС 103x50 без перфор. 1,5 П350 (Оцинк.);712;150;363.0;368.0;5.0;0.013774104683195593;п.м;п.м;2.578;2.578;140807.0;142746.0;False;False;False
132523;ПZ 105х45х50х16 без перфор. 1,5 П390 (Оцинк.);ПZ 105х45х50х16 без перфор. 1,5 П390 (Оцинк.);766;159;365.0;370.0;5.0;0.0136986301369863;п.м;п.м;2.595;2.595;140655.0;142582.0;False;False;False
26541;Кронштейн выравнивающий усиленный Г-95х240 (КВГУ 95х240) 2,0 П350 (Оцинк.);Кронштейн выравнивающий усиленный Г-95х240 (КВГУ 95х240) 2,0 П350 (Оцинк.);501;641;73.0;74.0;1.0;0.0136986301369863;шт;шт;0.52;0.52;140385.0;142308.0;False;False;False
108082;ПZ 198х54х64х16 без перфор. 2,0 (Оцинк.);ПZ 198х54х64х16 без перфор. 2,0 (Оцинк.);802;168;731.0;741.0;10.0;0.013679890560875513;п.м.;п.м.;5.176;5.176;141229.0;143161.0;False;False;False
115515;ПП 100х40 без перфор. 1,5 (Оцинк.);ПП 100х40 без перфор. 1,5 (Оцинк.);1136;212;294.0;298.0;4.0;0.013605442176870748;п.м;п.м;2.15;2.15;136744.0;138605.0;False;False;False
132568;ПГС 160х65х17,5 без перфор. 1,5 П390 (Оцинк.);ПГС 160х65х17,5 без перфор. 1,5 П390 (Оцинк.);967;201;517.0;524.0;7.0;0.013539651837524178;п.м;п.м;3.674;3.674;140719.0;142624.0;False;False;False
108061;ПZ 200х60х16 без перфор. 2,0 (Оцинк.);ПZ 200х60х16 без перфор. 2,0 (Оцинк.);818;175;739.0;749.0;10.0;0.013531799729364006;п.м.;п.м.;5.235;5.235;141165.0;143075.0;False;False;False
107466;ПZ 150х54х46х15 без перфор. 1,5 (Оцинк.);ПZ 150х54х46х15 без перфор. 1,5 (Оцинк.);781;165;444.0;450.0;6.0;0.013513513513513514;п.м.;п.м.;3.156;3.156;140684.0;142586.0;False;False;False
107467;ПZ 150х50х15 без перфор. 1,5 (Оцинк.);ПZ 150х50х15 без перфор. 1,5 (Оцинк.);778;162;444.0;450.0;6.0;0.013513513513513514;п.м.;п.м.;3.156;3.156;140684.0;142586.0;False;False;False
120063;ПZ 200х90х85х22 без перфор. 2,0 П350 (Оцинк.);ПZ 200х90х85х22 без перфор. 2,0 П350 (Оцинк.);820;177;888.0;900.0;12.0;0.013513513513513514;п.м.;п.м.;6.302;6.302;140908.0;142812.0;False;False;False
137007;ПГС 240x70х19 без перфор. 2,0 П350 (Оцинк.);ПГС 240x70х19 без перфор. 2,0 П350 (Оцинк.);1005;206;888.0;900.0;12.0;0.013513513513513514;п.м;п.м;6.302;6.302;140908.0;142812.0;False;False;False
26547;Кронштейн выравнивающий усиленный Г-95х350 (КВГУ 95х350) 1,5 П350 (Оцинк.);Кронштейн выравнивающий усиленный Г-95х350 (КВГУ 95х350) 1,5 П350 (Оцинк.);523;646;74.0;75.0;1.0;0.013513513513513514;шт;шт;0.52;0.52;142308.0;144231.0;False;False;False
119080;ТПГС 200х45 с перфор. 2,0 П390 (Оцинк.);ТПГС 200х45 с перфор. 2,0 П390 (Оцинк.);1750;249;673.0;682.0;9.0;0.01337295690936107;п.м;п.м;4.39;4.39;141163.0;143051.0;False;False;False
137909;НПГС 103x60 без перфор. 2,0 П350 (Оцинк.);НПГС 103x60 без перфор. 2,0 П350 (Оцинк.);715;152;524.0;531.0;7.0;0.013358778625954198;п.м;п.м;3.723;3.723;140747.0;142627.0;False;False;False
138101;НПГС 103x60 без перфор. 2,0 П390 (Оцинк.);НПГС 103x60 без перфор. 2,0 П390 (Оцинк.);716;153;524.0;531.0;7.0;0.013358778625954198;п.м;п.м;3.723;3.723;140747.0;142627.0;False;False;False
132569;ПZ 250х75х67х18,5 без перфор. 2,0 П390 (Оцинк.);ПZ 250х75х67х18,5 без перфор. 2,0 П390 (Оцинк.);842;181;905.0;917.0;12.0;0.013259668508287293;п.м.;п.м.;6.427;6.427;140812.0;142679.0;False;False;False
141948;ПZ 250х74х63х17 без перфор. 2,0 П350 (Оцинк.);ПZ 250х74х63х17 без перфор. 2,0 П350 (Оцинк.);841;180;905.0;917.0;12.0;0.013259668508287293;п.м;п.м;6.427;6.427;140812.0;142679.0;False;False;False
108052;ТПZ 200х50х15 с перфор. 1,5 (Оцинк.);ТПZ 200х50х15 с перфор. 1,5 (Оцинк.);1731;239;530.0;537.0;7.0;0.013207547169811321;п.м;п.м;3.481;3.481;140847.0;142707.0;False;False;False
138129;ПZ 300х54х46х15 без перфор. 2,0 П350 (Оцинк.);ПZ 300х54х46х15 без перфор. 2,0 П350 (Оцинк.);856;188;910.0;922.0;12.0;0.013186813186813187;п.м.;п.м.;6.467;6.467;140714.0;142570.0;False;False;False
128081;ТПZ 150х50х15 с перфор. 2.0 П350 (Оцинк.);ТПZ 150х50х15 с перфор. 2.0 П350 (Оцинк.);1725;233;607.0;615.0;8.0;0.013179571663920923;п.м;п.м;3.935;3.935;140745.0;142600.0;False;False;False
137126;ТПП 195х65 с перфор. 1,5 П350 (Оцинк.);ТПП 195х65 с перфор. 1,5 П350 (Оцинк.);1832;257;534.0;541.0;7.0;0.013108614232209739;п.м;п.м;3.51;3.51;140737.0;142582.0;False;False;False
129290;ПГС 200х70 без перфор. 1,5 П350 (Оцинк.);ПГС 200х70 без перфор. 1,5 П350 (Оцинк.);1004;205;611.0;619.0;8.0;0.01309328968903437;п.м;п.м;4.3378;4.3378;140855.0;142699.0;False;False;False
122001;ТПГС 240x65х13 с перфор. 2,0 П350 (Оцинк.);ТПГС 240x65х13 с перфор. 2,0 П350 (Оцинк.);1751;250;844.0;855.0;11.0;0.013033175355450236;п.м;п.м;5.62;5.62;140748.0;143254.0;False;False;False
30216;ПП 200х65 без перфор. 1,5 П350 (Оцинк.);ПП 200х65 без перфор. 1,5 П350 (Оцинк.);1245;227;540.0;547.0;7.0;0.012962962962962963;п.м;п.м;3.837;3.837;140735.0;142559.0;False;False;False
107469;ПП 156х50 без перфор. 2,0 (Оцинк.);ПП 156х50 без перфор. 2,0 (Оцинк.);1193;226;546.0;553.0;7.0;0.01282051282051282;п.м;п.м;3.867;3.867;141195.0;143005.0;False;False;False
107464;ПZ 198х54х64х16 без перфор. 1,5 (Оцинк.);ПZ 198х54х64х16 без перфор. 1,5 (Оцинк.);801;167;557.0;564.0;7.0;0.012567324955116697;п.м.;п.м.;3.956;3.956;140799.0;142568.0;False;False;False
107970;ПZ 198х52х67х15 без перфор. 1,5 (Оцинк.);ПZ 198х52х67х15 без перфор. 1,5 (Оцинк.);800;166;557.0;564.0;7.0;0.012567324955116697;п.м;п.м;3.956;3.956;140799.0;142568.0;False;False;False
137025;ПП 105х45 без перфор. 1,5 П350 (Оцинк.);ПП 105х45 без перфор. 1,5 П350 (Оцинк.);1146;222;319.0;323.0;4.0;0.012539184952978056;п.м;п.м;2.266;2.266;140777.0;142542.0;False;False;False
137159;ПZ 100х50х15 без перфор. 2,0 П350 (Оцинк.);ПZ 100х50х15 без перфор. 2,0 П350 (Оцинк.);758;156;480.0;486.0;6.0;0.0125;п.м.;п.м.;3.417;3.417;140474.0;142230.0;False;False;False
107465;ПZ 200х60х16 без перфор. 1,5 (Оцинк.);ПZ 200х60х16 без перфор. 1,5 (Оцинк.);817;174;563.0;570.0;7.0;0.012433392539964476;п.м.;п.м.;4.0;4.0;140750.0;142500.0;False;False;False
107967;ПZ 200х55х65х15 без перфор. 1,5 (Оцинк.);ПZ 200х55х65х15 без перфор. 1,5 (Оцинк.);814;171;563.0;570.0;7.0;0.012433392539964476;п.м;п.м;4.0;4.0;140750.0;142500.0;False;False;False
107968;ПZ 200х60х15 без перфор. 1,5 (Оцинк.);ПZ 200х60х15 без перфор. 1,5 (Оцинк.);815;172;563.0;570.0;7.0;0.012433392539964476;п.м;п.м;4.0;4.0;140750.0;142500.0;False;False;False
137294;ТПГС 145x65 с перфор. 1,5 П350 (Оцинк.);ТПГС 145x65 с перфор. 1,5 П350 (Оцинк.);1743;245;486.0;492.0;6.0;0.012345679012345678;п.м;п.м;3.17;3.17;141825.0;143575.0;False;False;False
112396;ТПZ 300 с перфор. 2,0 (Оцинк.);ТПZ 300 с перфор. 2,0 (Оцинк.);1735;243;1137.0;1151.0;14.0;0.012313104661389622;п.м;п.м;7.744;7.744;139965.0;141688.0;False;False;False
134413;ПГС 150x41х15 без перфор. 1,5 (Оцинк.);ПГС 150x41х15 без перфор. 1,5 (Оцинк.);964;198;411.0;416.0;5.0;0.012165450121654502;п.м;п.м;2.915;2.915;140995.0;142710.0;False;False;False
107468;ПZ 150х50х15 без перфор. 2,0 (Оцинк.);ПZ 150х50х15 без перфор. 2,0 (Оцинк.);779;163;580.0;587.0;7.0;0.01206896551724138;п.м.;п.м.;4.102;4.102;141394.0;143101.0;False;False;False
128017;НПГ 45х55х1,5 П390 (Оцинк.);НПГ 45х55х1,5 П390 (Оцинк.);663;145;167.0;169.0;2.0;0.011976047904191617;п.м;п.м;1.1282;1.1282;148023.0;149796.0;False;False;False
108062;ПZ 150х54х40х15 без перфор. 1,5 (Оцинк.);ПZ 150х54х40х15 без перфор. 1,5 (Оцинк.);780;164;434.0;439.0;5.0;0.01152073732718894;п.м.;п.м.;3.082;3.082;140818.0;142440.0;False;False;False
116753;ПZ 200х50х13 с перфор. 1,5 (Оцинк.);ПZ 200х50х13 с перфор. 1,5 (Оцинк.);813;170;522.0;528.0;6.0;0.011494252873563218;п.м;п.м;3.7038;3.7038;140936.0;142556.0;False;False;False
128128;ТПZ 200х50х13 с перфор. 1,5 П350 (Оцинк.);ТПZ 200х50х13 с перфор. 1,5 П350 (Оцинк.);1729;237;522.0;528.0;6.0;0.011494252873563218;п.м;п.м;3.4335;3.4335;140510.0;142125.0;False;False;False
129632;ТПZ 200х50х13 с перфор. 1,5 П390 (Оцинк.);ТПZ 200х50х13 с перфор. 1,5 П390 (Оцинк.);1730;238;522.0;528.0;6.0;0.011494252873563218;п.м;п.м;3.4335;3.4335;140510.0;142125.0;False;False;False
105955;Штакетник 20х50х20 (ШТ 20х50х20) 0,7 (Оцинк.);Штакетник 20х50х20 (ШТ 20х50х20) 0,7 (Оцинк.);2162;595;89.0;90.0;1.0;0.011235955056179775;п.м;п.м;0.627;0.627;141946.0;143541.0;False;False;False
137918;Планка начальная КФ-3 (ПНКФ3) 0,7х3м (Колор-поток с двух сторон);Планка начальная КФ-3 (ПНКФ3) 0,7х3м (Колор-поток с двух сторон);1117;1228;866.0;875.0;9.0;0.010392609699769052;шт;шт;1.882;1.882;460149.0;464931.0;False;False;False
137101;НПГС 103x60 без перфор. 1,5 П350 (Оцинк.);НПГС 103x60 без перфор. 1,5 П350 (Оцинк.);713;151;397.0;401.0;4.0;0.010075566750629723;п.м;п.м;2.815;2.815;141030.0;142451.0;False;False;False
134415;ПП 105х40 без перфор. 2,0 П350 (Оцинк.);ПП 105х40 без перфор. 2,0 П350 (Оцинк.);1141;218;398.0;402.0;4.0;0.010050251256281407;п.м;п.м;2.822;2.822;141035.0;142452.0;False;False;False
122475;Планка крепежная (КПс) 3м (Колор-поток с двух сторон);Планка крепежная (КПс) 3м (Колор-поток с двух сторон);1104;1261;765.0;772.0;7.0;0.009150326797385621;шт;шт;1.302;1.302;587558.0;592934.0;False;False;False
105957;Штакетник 20х80х20 (ШТ 20х80х20) 0,7 (Оцинк.);Штакетник 20х80х20 (ШТ 20х80х20) 0,7 (Оцинк.);2169;597;112.0;113.0;1.0;0.008928571428571428;п.м;п.м;0.784;0.784;142857.0;144133.0;False;False;False
120880;ПГС 100x50 без перфор. 2,5 П350 (Оцинк.);ПГС 100x50 без перфор. 2,5 П350 (Оцинк.);912;194;568.0;571.0;3.0;0.00528169014084507;п.м;п.м;4.042;4.042;140524.0;141267.0;False;False;False
120883;ПГС 200х50 без перфор. 2,5 П350 (Оцинк.);ПГС 200х50 без перфор. 2,5 П350 (Оцинк.);1003;204;872.0;876.0;4.0;0.0045871559633027525;п.м;п.м;6.2;6.2;140645.0;141290.0;False;False;False
119619;ПZ 302х90х82х22 без перфор. 2,5 П350 (Оцинк.);ПZ 302х90х82х22 без перфор. 2,5 П350 (Оцинк.);857;189;1366.0;1372.0;6.0;0.004392386530014641;п.м.;п.м.;9.7707;9.7707;139806.0;140420.0;False;False;False
132770;ПГС 160х40х14 без перфор. 2,5 П350 (Оцинк.);ПГС 160х40х14 без перфор. 2,5 П350 (Оцинк.);966;200;690.0;693.0;3.0;0.004347826086956522;п.м;п.м;4.787;4.787;144140.0;144767.0;False;False;False
117980;ПГС-сигма 200х65x20 без перфор. 3,0 (Оцинк.);ПГС-сигма 200х65x20 без перфор. 3,0 (Оцинк.);1058;208;1164.0;1169.0;5.0;0.00429553264604811;п.м;п.м;8.61;8.61;135192.0;135772.0;False;False;False
119442;ПZ 300 (90x82x25,5) без перфор. 3,0 П350 (Оцинк.);ПZ 300 (90x82x25,5) без перфор. 3,0 П350 (Оцинк.);848;186;1653.0;1660.0;7.0;0.004234724742891712;п.м;п.м;11.75;11.75;140681.0;141277.0;False;False;False
117985;ПГС-сигма 245х80x20 без перфор. 3,0 (Оцинк.);ПГС-сигма 245х80x20 без перфор. 3,0 (Оцинк.);1077;209;1455.0;1461.0;6.0;0.004123711340206186;п.м;п.м;10.3755;10.3755;140234.0;140812.0;False;False;False
107470;ПZ 198х60х16 без перфор. 3,0 (Оцинк.);ПZ 198х60х16 без перфор. 3,0 (Оцинк.);803;169;1082.0;1086.0;4.0;0.0036968576709796672;п.м.;п.м.;7.685;7.685;140794.0;141314.0;False;False;False
107969;ПZ 200х60х15 без перфор. 3,0 (Оцинк.);ПZ 200х60х15 без перфор. 3,0 (Оцинк.);816;173;1082.0;1086.0;4.0;0.0036968576709796672;п.м;п.м;7.685;7.685;140794.0;141314.0;False;False;False
132771;ПГС 180х68х20 без перфор. 3,0 П350 (Оцинк.);ПГС 180х68х20 без перфор. 3,0 П350 (Оцинк.);968;202;1082.0;1086.0;4.0;0.0036968576709796672;п.м;п.м;7.684;7.684;140812.0;141333.0;False;False;False
120881;ПГС 250х70 без перфор. 2,5 П350 (Оцинк.);ПГС 250х70 без перфор. 2,5 П350 (Оцинк.);1023;207;1132.0;1136.0;4.0;0.0035335689045936395;п.м;п.м;8.044;8.044;140726.0;141223.0;False;False;False
132772;ПZ 250х75х67х20,5 без перфор. 2,5 П350 (Оцинк.);ПZ 250х75х67х20,5 без перфор. 2,5 П350 (Оцинк.);843;182;1132.0;1136.0;4.0;0.0035335689045936395;п.м.;п.м.;8.044;8.044;140726.0;141223.0;False;False;False
119414;ПС 200х50 без перфор. 2,5 П350 (Оцинк.);ПС 200х50 без перфор. 2,5 П350 (Оцинк.);1610;231;867.0;870.0;3.0;0.0034602076124567475;п.м;п.м;6.16;6.16;140747.0;141234.0;False;False;False
137144;ПZ 100х65х55х16 без перфор. 2,5 П350 (Оцинк.);ПZ 100х65х55х16 без перфор. 2,5 П350 (Оцинк.);759;157;635.0;637.0;2.0;0.0031496062992125984;п.м;п.м;4.512;4.512;140736.0;141179.0;False;False;False
120876;ПП 100х50 без перфор. 2,5 П350 (Оцинк.);ПП 100х50 без перфор. 2,5 П350 (Оцинк.);1139;215;528.0;529.0;1.0;0.001893939393939394;п.м;п.м;3.747;3.747;140913.0;141180.0;False;False;False
